query_date,query_route_no,query_route_id,opr_ymd,ride_ctpv_cd,goff_ctpv_cd,clcln_bzmn_id,vr_card_no,card_se_cd,clcln_bzmn_trfc_mns_cd,rte_id,ride_dt,ride_sttn_id,goff_dt,goff_sttn_id,trnf_cnt,users_type_cd,utztn_nope,utztn_dstnc,brdg_hr,msv_intrpl_yn
20251123,M7731,41016902,20251123,41,11,08,41_10007046,2,570,41016902,20251123120352,4177448,20251123123225,4111588,0,01,1,22120,1713,N
20251123,M7731,41016902,20251123,41,11,08,41_10007046,2,570,41016902,20251123163713,4177448,20251123170504,4111588,0,01,1,22120,1671,N
20251123,M7731,41016902,20251123,41,11,08,41_10013774,1,570,41016902,20251123201744,4177637,20251123211537,4111588,0,01,1,25830,3473,N
20251123,M7731,41016902,20251123,41,11,08,41_10020981,2,570,41016902,20251123203607,4177637,20251123211319,4111588,0,01,1,25830,2232,N
20251123,M7731,41016902,20251123,41,11,08,41_10071688,2,570,41016902,20251123201019,4177532,20251123204000,4111588,0,01,1,22980,1781,N
20251123,M7731,41016902,20251123,41,11,08,41_10078392,2,570,41016902,20251123150434,4177448,20251123153305,4116130,0,01,1,24380,1711,N
20251123,M7731,41016902,20251123,41,11,08,41_10078392,2,570,41016902,20251123163707,4177448,20251123170504,4116130,0,01,1,24380,1677,N
20251123,M7731,41016902,20251123,41,11,08,41_10094792,1,570,41016902,20251123114033,4106836,20251123121053,4116126,1,01,1,25350,1820,N
20251123,M7731,41016902,20251123,41,11,08,41_10141286,2,570,41016902,20251123104331,4177448,20251123112847,4116126,0,01,1,23140,2716,N
20251123,M7731,41016902,20251123,41,11,08,41_10147714,2,570,41016902,20251123144012,4106836,20251123150610,4111588,1,01,1,24330,1558,N
20251123,M7731,41016902,20251123,41,41,08,41_10176927,2,570,41016902,20251123075224,4177637,20251123080136,4177448,0,01,1,3710,552,N
20251123,M7731,41016902,20251123,41,11,08,41_10203109,2,570,41016902,20251123233101,4177637,20251123235221,4116126,0,01,1,26850,1280,N
20251123,M7731,41016902,20251123,41,11,08,41_10206011,2,570,41016902,20251123140721,4177448,20251123142649,4111588,0,01,1,22120,1168,N
20251123,M7731,41016902,20251123,41,11,08,41_10249924,2,570,41016902,20251123214545,4107446,20251123221130,4111588,0,01,1,27870,1545,N
20251123,M7731,41016902,20251123,41,11,08,41_10264972,2,570,41016902,20251123141134,4177448,20251123143640,4116130,0,01,1,24380,1506,N
20251123,M7731,41016902,20251123,41,11,08,41_10265147,2,570,41016902,20251123213333,4177448,20251123221134,4111588,0,01,1,22120,2281,N
20251123,M7731,41016902,20251123,41,11,08,41_10281252,1,570,41016902,20251123140920,4177448,20251123143426,4116126,0,01,1,23140,1506,N
20251123,M7731,41016902,20251123,41,11,08,41_10286765,2,570,41016902,20251123140721,4177448,20251123143227,4116130,0,01,1,24380,1506,N
20251123,M7731,41016902,20251123,41,11,08,41_10333395,2,570,41016902,20251123141703,4177532,20251123144921,4111588,0,01,1,22980,1938,N
20251123,M7731,41016902,20251123,41,11,08,41_10333560,2,570,41016902,20251123173336,4106836,20251123180205,4111588,0,01,1,24330,1709,N
20251123,M7731,41016902,20251123,41,11,08,41_10360103,1,570,41016902,20251123080000,4177448,20251123084035,4111598,0,01,1,25410,2435,N
20251123,M7731,41016902,20251123,41,11,08,41_10377946,2,570,41016902,20251123182514,4177532,20251123190344,4111588,0,01,1,22980,2310,N
20251123,M7731,41016902,20251123,41,11,08,41_10388291,2,570,41016902,20251123075006,4110935,20251123083156,4111588,0,01,1,28710,2510,N
20251123,M7731,41016902,20251123,41,11,08,41_10396861,2,570,41016902,20251123203239,4177448,20251123205542,4111588,0,01,1,22120,1383,N
20251123,M7731,41016902,20251123,41,11,08,41_10399389,2,570,41016902,20251123211358,4106836,20251123214857,4111588,1,01,1,24330,2099,N
20251123,M7731,41016902,20251123,41,11,08,41_10441325,2,570,41016902,20251123160653,4177448,20251123165052,4111588,0,01,1,22120,2639,N
20251123,M7731,41016902,20251123,41,11,08,41_10449147,2,570,41016902,20251123080421,4106836,20251123085312,4111588,0,01,1,24330,2931,N
20251123,M7731,41016902,20251123,41,11,08,41_10533222,2,570,41016902,20251123193623,4177532,20251123200900,4111588,0,01,1,22980,1957,N
20251123,M7731,41016902,20251123,41,11,08,41_10539679,1,570,41016902,20251123111259,4106836,20251123115228,4116130,1,01,1,26590,2369,N
20251123,M7731,41016902,20251123,41,11,08,41_10572034,2,570,41016902,20251123203737,4106836,20251123210918,4111588,0,01,1,24330,1901,N
20251123,M7731,41016902,20251123,41,11,08,41_10605313,1,570,41016902,20251123075130,4110935,20251123081613,4111588,0,01,1,28710,1483,N
20251123,M7731,41016902,20251123,41,11,08,41_10619129,2,570,41016902,20251123220108,4106836,20251123223545,4111588,0,01,1,24330,2077,N
20251123,M7731,41016902,20251123,41,11,08,41_1063789,2,570,41016902,20251123155808,4177448,20251123163051,4111588,0,01,1,22120,1963,N
20251123,M7731,41016902,20251123,41,11,08,41_10641311,2,570,41016902,20251123132210,4177532,20251123140315,4111588,0,01,1,22980,2465,N
20251123,M7731,41016902,20251123,41,11,08,41_10642277,2,570,41016902,20251123154209,4177448,20251123161711,4111588,0,01,1,22120,2102,N
20251123,M7731,41016902,20251123,41,41,08,41_10674725,2,570,41016902,20251123164519,4123056,20251123165142,4106837,2,01,1,1940,383,N
20251123,M7731,41016902,20251123,41,11,08,41_10681062,2,570,41016902,20251123124332,4106836,20251123131551,4116126,0,01,1,25350,1939,N
20251123,M7731,41016902,20251123,41,11,08,41_10688458,2,570,41016902,20251123183459,4177532,20251123190850,4111588,0,01,1,22980,2031,N
20251123,M7731,41016902,20251123,41,11,08,41_10691519,1,570,41016902,20251123155733,4177532,20251123163225,4111588,0,01,1,22980,2092,N
20251123,M7731,41016902,20251123,41,11,08,41_10704737,2,570,41016902,20251123222222,4106836,20251123230553,4116126,0,01,1,25350,2611,N
20251123,M7731,41016902,20251123,41,11,08,41_1073019,2,570,41016902,20251123131922,4177532,20251123140923,4111588,0,01,1,22980,3001,N
20251123,M7731,41016902,20251123,41,11,08,41_10746355,2,570,41016902,20251123153012,4177637,20251123160044,4111588,0,01,1,25830,1832,N
20251123,M7731,41016902,20251123,41,11,08,41_10753710,2,570,41016902,20251123184928,4106836,20251123192315,4111588,0,01,1,24330,2027,N
20251123,M7731,41016902,20251123,41,11,08,41_10753710,2,570,41016902,20251123203057,4106836,20251123213113,4111588,0,01,1,24330,3616,N
20251123,M7731,41016902,20251123,41,11,08,41_10760359,1,570,41016902,20251123153341,4106836,20251123162745,4116126,0,01,1,25350,3244,N
20251123,M7731,41016902,20251123,41,11,08,41_10760359,1,570,41016902,20251123182411,4106836,20251123191221,4116126,0,01,1,25350,2890,N
20251123,M7731,41016902,20251123,41,11,08,41_10760359,1,570,41016902,20251123203125,4106836,20251123211417,4116126,0,01,1,25350,2572,N
20251123,M7731,41016902,20251123,41,11,08,41_10760359,1,570,41016902,20251123222448,4106836,20251123231410,4116126,0,01,1,25350,2962,N
20251123,M7731,41016902,20251123,41,11,08,41_10769380,2,570,41016902,20251123082933,4177637,20251123090024,4111588,0,01,1,25830,1851,N
20251123,M7731,41016902,20251123,41,11,08,41_10806966,1,570,41016902,20251123145650,4177532,20251123153516,4116126,0,01,1,24000,2306,N
20251123,M7731,41016902,20251123,41,11,08,41_10806966,1,570,41016902,20251123203626,4177532,20251123210842,4116126,0,01,1,24000,1936,N
20251123,M7731,41016902,20251123,41,11,08,41_10821192,2,570,41016902,20251123101046,4177448,20251123105111,4116126,0,01,1,23140,2425,N
20251123,M7731,41016902,20251123,41,11,08,41_10842947,2,570,41016902,20251123064810,4177448,20251123072556,4116130,0,01,1,24380,2266,N
20251123,M7731,41016902,20251123,41,11,08,41_10842947,2,570,41016902,20251123101046,4177448,20251123104031,4111588,0,01,1,22120,1785,N
20251123,M7731,41016902,20251123,41,11,08,41_10887895,1,570,41016902,20251123145715,4177532,20251123152626,4111588,0,01,1,22980,1751,N
20251123,M7731,41016902,20251123,41,11,08,41_10887895,1,570,41016902,20251123201745,4177532,20251123205632,4111588,0,01,1,22980,2327,N
20251123,M7731,41016902,20251123,41,11,08,41_108889,2,570,41016902,20251123075137,4106836,20251123082622,4111598,0,01,1,27620,2085,N
20251123,M7731,41016902,20251123,41,11,08,41_10918912,2,570,41016902,20251123113449,4106836,20251123120607,4116130,0,01,1,26590,1878,N
20251123,M7731,41016902,20251123,41,11,08,41_10922515,2,570,41016902,20251123134954,4177532,20251123141935,4111588,0,01,1,22980,1781,N
20251123,M7731,41016902,20251123,41,11,08,41_10967814,2,570,41016902,20251123135051,4177448,20251123142327,4111588,0,01,1,22120,1956,N
20251123,M7731,41016902,20251123,41,11,08,41_10994300,2,570,41016902,20251123110002,4177532,20251123112943,4111588,0,01,1,22980,1781,N
20251123,M7731,41016902,20251123,41,11,08,41_10994300,2,570,41016902,20251123123153,4177532,20251123130042,4111588,0,01,1,22980,1729,N
20251123,M7731,41016902,20251123,41,11,08,41_11018719,2,570,41016902,20251123123551,4177448,20251123130210,4111588,0,01,1,22120,1579,N
20251123,M7731,41016902,20251123,41,11,08,41_11057940,2,570,41016902,20251123191303,4177448,20251123194336,4116126,0,01,1,23140,1833,N
20251123,M7731,41016902,20251123,41,11,08,41_11070146,2,570,41016902,20251123145937,4106836,20251123152855,4116130,1,01,1,26590,1758,N
20251123,M7731,41016902,20251123,41,11,08,41_11071776,2,570,41016902,20251123120857,4177532,20251123124539,4111588,0,01,1,22980,2202,N
20251123,M7731,41016902,20251123,41,11,08,41_11085244,2,570,41016902,20251123184039,4106836,20251123192350,4116126,1,01,1,25350,2591,N
20251123,M7731,41016902,20251123,41,11,08,41_11107075,2,570,41016902,20251123083105,4177637,20251123085320,4111588,0,01,1,25830,1335,N
20251123,M7731,41016902,20251123,41,11,08,41_11107177,2,570,41016902,20251123181158,4177532,20251123184411,4111588,0,01,1,22980,1933,N
20251123,M7731,41016902,20251123,41,11,08,41_11108919,1,570,41016902,20251123084147,4106836,20251123090402,4111588,0,01,1,24330,1335,N
20251123,M7731,41016902,20251123,41,11,08,41_11123367,1,570,41016902,20251123181354,4177448,20251123184701,4111588,0,01,1,22120,1987,N
20251123,M7731,41016902,20251123,41,11,08,41_11162943,2,570,41016902,20251123083105,4177637,20251123085320,4116130,0,01,1,28090,1335,N
20251123,M7731,41016902,20251123,41,11,08,41_11162943,2,570,41016902,20251123192443,4106836,20251123194845,4116130,0,01,1,26590,1442,N
20251123,M7731,41016902,20251123,41,41,08,41_11189824,1,570,41016902,20251123213049,4106837,20251123214538,4110934,0,01,1,4440,889,N
20251123,M7731,41016902,20251123,41,11,08,41_11192554,2,570,41016902,20251123110418,4177637,20251123112916,4111588,0,01,1,25830,1498,N
20251123,M7731,41016902,20251123,41,41,08,41_11198638,1,570,41016902,20251123173147,4102447,20251123174732,4177511,0,01,1,3800,945,N
20251123,M7731,41016902,20251123,41,11,08,41_11199032,1,570,41016902,20251123181123,4177448,20251123185050,4111588,0,01,1,22120,2367,N
20251123,M7731,41016902,20251123,41,11,08,41_11326656,2,570,41016902,20251123213601,4177532,20251123225310,4111588,0,01,1,22980,4629,N
20251123,M7731,41016902,20251123,41,11,08,41_11480811,1,570,41016902,20251123104456,4110868,20251123111105,4111588,0,01,1,26980,1569,N
20251123,M7731,41016902,20251123,41,41,08,41_11482526,2,570,41016902,20251123182402,4177533,20251123183802,4110869,0,01,1,4000,840,N
20251123,M7731,41016902,20251123,41,11,08,41_11490457,1,570,41016902,20251123191940,4106836,20251123194619,4111599,0,01,1,28270,1599,N
20251123,M7731,41016902,20251123,41,41,08,41_1150258,1,570,41016902,20251123060426,4177637,20251123061320,4106836,0,01,1,1500,534,N
20251123,M7731,41016902,20251123,41,11,08,41_11511370,1,570,41016902,20251123103842,4177532,20251123112929,4111588,0,01,1,22980,3047,N
20251123,M7731,41016902,20251123,41,11,08,41_11529250,2,570,41016902,20251123183120,4177532,20251123190824,4111588,0,01,1,22980,2224,N
20251123,M7731,41016902,20251123,41,11,08,41_11552644,2,570,41016902,20251123141002,4106836,20251123145025,4111588,0,01,1,24330,2423,N
20251123,M7731,41016902,20251123,41,11,08,41_11561280,2,570,41016902,20251123154120,4177532,20251123163258,4111588,0,01,1,22980,3098,N
20251123,M7731,41016902,20251123,41,11,08,41_11562285,2,570,41016902,20251123141014,4106836,20251123144855,4111588,0,01,1,24330,2321,N
20251123,M7731,41016902,20251123,41,11,08,41_11613594,1,570,41016902,20251123222303,4177448,20251123224942,4111588,0,01,2,22120,1599,N
20251123,M7731,41016902,20251123,41,41,08,41_11634344,2,570,41016902,20251123090251,4177637,20251123091628,4177448,0,01,1,3710,817,N
20251123,M7731,41016902,20251123,41,11,08,41_11641521,2,570,41016902,20251123100159,4106836,20251123104126,4116130,0,01,1,26590,2367,N
20251123,M7731,41016902,20251123,41,11,08,41_1177146,2,570,41016902,20251123213240,4106836,20251123221016,4111588,0,01,1,24330,2256,N
20251123,M7731,41016902,20251123,41,11,08,41_11790616,2,570,41016902,20251123151719,4106836,20251123154317,4111588,0,01,1,24330,1558,N
20251123,M7731,41016902,20251123,41,11,08,41_11810461,2,570,41016902,20251123100634,4106836,20251123104918,4111588,0,01,1,24330,2564,N
20251123,M7731,41016902,20251123,41,11,08,41_11822939,2,570,41016902,20251123113956,4177448,20251123121533,4116126,0,01,1,23140,2137,N
20251123,M7731,41016902,20251123,41,11,08,41_11832347,1,570,41016902,20251123113427,4177448,20251123121004,4116126,0,01,1,23140,2137,N
20251123,M7731,41016902,20251123,41,41,08,41_11835885,2,570,41016902,20251123080448,4110935,20251123083630,4177448,0,01,1,6590,1902,N
20251123,M7731,41016902,20251123,41,11,08,41_11836575,2,570,41016902,20251123113116,4177448,20251123115531,4111588,0,01,1,22120,1455,N
20251123,M7731,41016902,20251123,41,11,08,41_11893773,2,570,41016902,20251123115242,4177448,20251123121423,4111588,0,01,1,22120,1301,N
20251123,M7731,41016902,20251123,41,11,08,41_11913204,2,570,41016902,20251123185144,4106836,20251123192130,4111588,1,01,1,24330,1786,N
20251123,M7731,41016902,20251123,41,11,08,41_1195026,1,570,41016902,20251123073650,4106836,20251123080859,4111588,0,01,1,24330,1929,N
20251123,M7731,41016902,20251123,41,11,08,41_1195026,1,570,41016902,20251123123110,4106836,20251123130555,4111588,0,01,1,24330,2085,N
20251123,M7731,41016902,20251123,41,41,08,41_1197441,2,570,41016902,20251123153305,4123056,20251123154227,4106837,2,01,1,1940,562,N
20251123,M7731,41016902,20251123,41,11,08,41_1197680,1,570,41016902,20251123223939,4177448,20251123234655,4111588,0,01,1,22120,4036,N
20251123,M7731,41016902,20251123,41,11,08,41_11982740,2,570,41016902,20251123153303,4106836,20251123160626,4111588,0,01,1,24330,2003,N
20251123,M7731,41016902,20251123,41,11,08,41_12019919,1,570,41016902,20251123130224,4177448,20251123133911,4116126,0,01,1,23140,2207,N
20251123,M7731,41016902,20251123,41,11,08,41_12048964,2,570,41016902,20251123124035,4106836,20251123132106,4111588,1,01,1,24330,2431,N
20251123,M7731,41016902,20251123,41,11,08,41_12048964,2,570,41016902,20251123142528,4106836,20251123151027,4111588,1,01,1,24330,2699,N
20251123,M7731,41016902,20251123,41,11,08,41_12053760,2,570,41016902,20251123075039,4177510,20251123082213,4111588,0,01,1,29500,1894,N
20251123,M7731,41016902,20251123,41,11,08,41_12069551,1,570,41016902,20251123231340,4106836,20251123234124,4116126,0,01,1,25350,1664,N
20251123,M7731,41016902,20251123,41,11,08,41_12088358,2,570,41016902,20251123061729,4106836,20251123064352,4116126,0,01,1,25350,1583,N
20251123,M7731,41016902,20251123,41,11,08,41_12163392,2,570,41016902,20251123211246,4177532,20251123213904,4111588,0,01,1,22980,1578,N
20251123,M7731,41016902,20251123,41,11,08,41_12204946,1,570,41016902,20251123121648,4177510,20251123125153,4111588,0,01,1,29500,2105,N
20251123,M7731,41016902,20251123,41,11,08,41_12239173,1,570,41016902,20251123201935,4177510,20251123205333,4111588,0,01,1,29500,2038,N
20251123,M7731,41016902,20251123,41,11,08,41_12246804,1,570,41016902,20251123191539,4177448,20251123193721,4111588,0,01,1,22120,1302,N
20251123,M7731,41016902,20251123,41,11,08,41_12274508,2,570,41016902,20251123211235,4177448,20251123214633,4116126,0,01,1,23140,2038,N
20251123,M7731,41016902,20251123,41,11,08,41_12346740,1,570,41016902,20251123103332,4177448,20251123105708,4111588,0,01,1,22120,1416,N
20251123,M7731,41016902,20251123,41,11,08,41_12349468,2,570,41016902,20251123200152,4177637,20251123203130,4111598,0,01,1,29120,1778,N
20251123,M7731,41016902,20251123,41,11,08,41_12363661,1,570,41016902,20251123131621,4177448,20251123134426,4111588,0,01,1,22120,1685,N
20251123,M7731,41016902,20251123,41,11,08,41_12378143,2,570,41016902,20251123170315,4106836,20251123174312,4111588,0,01,1,24330,2397,N
20251123,M7731,41016902,20251123,41,11,08,41_12380352,2,570,41016902,20251123182455,4177532,20251123185326,4111588,0,01,1,22980,1711,N
20251123,M7731,41016902,20251123,41,11,08,41_12407531,2,570,41016902,20251123210546,4106836,20251123215313,4116126,0,01,1,25350,2847,N
20251123,M7731,41016902,20251123,41,11,08,41_12407531,2,570,41016902,20251123225329,4106836,20251123234044,4116126,0,01,1,25350,2835,N
20251123,M7731,41016902,20251123,41,11,08,41_12413731,1,570,41016902,20251123111640,4177637,20251123115002,4111588,0,01,1,25830,2002,N
20251123,M7731,41016902,20251123,41,41,08,41_12455812,2,570,41016902,20251123091351,4106837,20251123094116,4110934,0,01,1,4440,1645,N
20251123,M7731,41016902,20251123,41,11,08,41_12508104,2,570,41016902,20251123140136,4177637,20251123152748,4109162,0,01,1,30880,5172,N
20251123,M7731,41016902,20251123,41,11,08,41_12525191,2,570,41016902,20251123124812,4177532,20251123133035,4111588,0,01,1,22980,2543,N
20251123,M7731,41016902,20251123,41,11,08,41_12546279,2,570,41016902,20251123161319,4106836,20251123165906,4111588,0,01,1,24330,2747,N
20251123,M7731,41016902,20251123,41,11,08,41_12621555,2,570,41016902,20251123175713,4177448,20251123183301,4116126,0,01,1,23140,2148,N
20251123,M7731,41016902,20251123,41,11,08,41_12630311,1,570,41016902,20251123224829,4106836,20251123231919,4116130,0,01,1,26590,1850,N
20251123,M7731,41016902,20251123,41,11,08,41_12637127,2,570,41016902,20251123164941,4177637,20251123172848,4111598,0,01,1,29120,2347,N
20251123,M7731,41016902,20251123,41,11,08,41_12643809,1,570,41016902,20251123140050,4106836,20251123144159,4111588,1,01,1,24330,2469,N
20251123,M7731,41016902,20251123,41,11,08,41_12649785,2,570,41016902,20251123164941,4177637,20251123172436,4111599,0,01,1,29770,2095,N
20251123,M7731,41016902,20251123,41,11,08,41_12655726,2,570,41016902,20251123161439,4177448,20251123165200,4111588,0,01,1,22120,2241,N
20251123,M7731,41016902,20251123,41,11,08,41_12685586,2,570,41016902,20251123174300,4177448,20251123182021,4111588,0,01,1,22120,2241,N
20251123,M7731,41016902,20251123,41,11,08,41_12699552,2,570,41016902,20251123161234,4106836,20251123164903,4116126,0,01,1,25350,2189,N
20251123,M7731,41016902,20251123,41,11,08,41_12713773,2,570,41016902,20251123114625,4177448,20251123122825,4116126,1,01,1,23140,2520,N
20251123,M7731,41016902,20251123,41,11,08,41_12715824,2,570,41016902,20251123122047,4177448,20251123125052,4111588,0,01,1,22120,1805,N
20251123,M7731,41016902,20251123,41,11,08,41_12795105,2,570,41016902,20251123122503,4177448,20251123130636,4116126,0,01,1,23140,2493,N
20251123,M7731,41016902,20251123,41,11,08,41_12809763,2,570,41016902,20251123154012,4106836,20251123162132,4111588,0,01,1,24330,2480,N
20251123,M7731,41016902,20251123,41,11,08,41_12810761,1,570,41016902,20251123190703,4106836,20251123194300,4116130,0,01,1,26590,2157,N
20251123,M7731,41016902,20251123,41,11,08,41_12830081,2,570,41016902,20251123150747,4106836,20251123155209,4111588,0,01,1,24330,2662,N
20251123,M7731,41016902,20251123,41,11,08,41_12845513,2,570,41016902,20251123103458,4177637,20251123111436,4111588,0,01,1,25830,2378,N
20251123,M7731,41016902,20251123,41,11,08,41_12913192,2,570,41016902,20251123122919,4177532,20251123131056,4116126,0,01,1,24000,2497,N
20251123,M7731,41016902,20251123,41,11,08,41_12936539,2,570,41016902,20251123162245,4177532,20251123165807,4111588,0,01,1,22980,2122,N
20251123,M7731,41016902,20251123,41,11,08,41_12939501,2,570,41016902,20251123183415,4106836,20251123192705,4111588,0,01,1,24330,3170,N
20251123,M7731,41016902,20251123,41,11,08,41_1295057,2,570,41016902,20251123201318,4177510,20251123203804,4111588,0,01,1,29500,1486,N
20251123,M7731,41016902,20251123,41,11,08,41_12971859,1,570,41016902,20251123183638,4106836,20251123190816,4116126,0,01,1,25350,1898,N
20251123,M7731,41016902,20251123,41,11,08,41_12978244,1,570,41016902,20251123161928,4177532,20251123164905,4116126,0,01,1,24000,1777,N
20251123,M7731,41016902,20251123,41,11,08,41_12985204,2,570,41016902,20251123214059,4106836,20251123220707,4111588,0,01,1,24330,1568,N
20251123,M7731,41016902,20251123,41,11,08,41_13042933,1,570,41016902,20251123160733,4177532,20251123163331,4111588,0,01,1,22980,1558,N
20251123,M7731,41016902,20251123,41,11,08,41_13127965,1,570,41016902,20251123112322,4177532,20251123115508,4111588,0,01,1,22980,1906,N
20251123,M7731,41016902,20251123,41,11,08,41_13136778,1,570,41016902,20251123141341,4110935,20251123144815,4111588,0,01,1,28710,2074,N
20251123,M7731,41016902,20251123,41,11,08,41_13165236,2,570,41016902,20251123130319,4177448,20251123133535,4111588,0,01,1,22120,1936,N
20251123,M7731,41016902,20251123,41,11,08,41_13173703,2,570,41016902,20251123070250,4177448,20251123073321,4111588,0,01,1,22120,1831,N
20251123,M7731,41016902,20251123,41,11,08,41_13189605,2,570,41016902,20251123130207,4177448,20251123134418,4116130,0,01,1,24380,2531,N
20251123,M7731,41016902,20251123,41,11,08,41_131945,1,570,41016902,20251123182256,4177532,20251123190440,4111588,0,01,1,22980,2504,N
20251123,M7731,41016902,20251123,41,11,08,41_13210464,2,570,41016902,20251123151659,4106836,20251123160219,4111588,0,01,1,24330,2720,N
20251123,M7731,41016902,20251123,41,11,08,41_13221452,2,570,41016902,20251123103150,4106836,20251123110155,4111588,0,01,1,24330,1805,N
20251123,M7731,41016902,20251123,41,11,08,41_1323694,2,570,41016902,20251123182742,4106836,20251123190358,4111588,1,01,1,24330,2176,N
20251123,M7731,41016902,20251123,41,11,08,41_13268424,2,570,41016902,20251123101955,4177448,20251123105814,4111588,0,01,1,22120,2299,N
20251123,M7731,41016902,20251123,41,11,08,41_13269454,1,570,41016902,20251123070939,4106836,20251123075303,4116126,0,01,1,25350,2604,N
20251123,M7731,41016902,20251123,41,41,08,41_13271589,2,570,41016902,20251123071649,4177637,20251123072207,4177448,0,01,1,3710,318,N
20251123,M7731,41016902,20251123,41,11,08,41_13273768,1,570,41016902,20251123112746,4106836,20251123115827,4111588,0,01,1,24330,1841,N
20251123,M7731,41016902,20251123,41,11,08,41_13313363,2,570,41016902,20251123183223,4177448,20251123190901,4111588,0,01,1,22120,2198,N
20251123,M7731,41016902,20251123,41,11,08,41_13351795,2,570,41016902,20251123193710,4177532,20251123201108,4116126,0,01,1,24000,2038,N
20251123,M7731,41016902,20251123,41,11,08,41_13367767,1,570,41016902,20251123183540,4106836,20251123191311,4111588,0,01,1,24330,2251,N
20251123,M7731,41016902,20251123,41,41,08,41_13381063,2,570,41016902,20251123211038,4177533,20251123211807,4110869,0,01,1,4000,449,N
20251123,M7731,41016902,20251123,41,11,08,41_1338293,2,570,41016902,20251123100608,4177510,20251123103717,4111588,0,01,1,29500,1869,N
20251123,M7731,41016902,20251123,41,11,08,41_13387273,2,570,41016902,20251123150605,4177637,20251123153925,4116126,0,01,1,26850,2000,N
20251123,M7731,41016902,20251123,41,11,08,41_13391345,1,570,41016902,20251123181201,4106836,20251123184915,4116126,0,01,1,25350,2234,N
20251123,M7731,41016902,20251123,41,11,08,41_13416316,2,570,41016902,20251123093418,4177532,20251123100123,4111588,0,01,1,22980,1625,N
20251123,M7731,41016902,20251123,41,11,08,41_13428552,2,570,41016902,20251123194021,4177532,20251123201252,4111588,0,01,1,22980,1951,N
20251123,M7731,41016902,20251123,41,41,08,41_13465413,2,570,41016902,20251123132751,4123056,20251123133118,4102447,3,01,1,3320,207,N
20251123,M7731,41016902,20251123,41,11,08,41_13535382,2,570,41016902,20251123080256,4177637,20251123083130,4111588,0,01,1,25830,1714,N
20251123,M7731,41016902,20251123,41,11,08,41_13552389,2,570,41016902,20251123060116,4106836,20251123062224,4116130,0,01,1,26590,1268,N
20251123,M7731,41016902,20251123,41,11,08,41_13554680,2,570,41016902,20251123094643,4106836,20251123101337,4116126,0,01,1,25350,1614,N
20251123,M7731,41016902,20251123,41,11,08,41_13573974,2,570,41016902,20251123214904,4177532,20251123221039,4111588,0,01,1,22980,1295,N
20251123,M7731,41016902,20251123,41,11,08,41_13593257,2,570,41016902,20251123135938,4177448,20251123142155,4111588,0,01,1,22120,1337,N
20251123,M7731,41016902,20251123,41,11,08,41_13619175,2,570,41016902,20251123222730,4106836,20251123231923,4116126,0,01,1,25350,3113,N
20251123,M7731,41016902,20251123,41,11,08,41_13621192,2,570,41016902,20251123183034,4177532,20251123185826,4116126,0,01,1,24000,1672,N
20251123,M7731,41016902,20251123,41,11,08,41_13627721,2,570,41016902,20251123081635,4177637,20251123084504,4111588,0,01,1,25830,1709,N
20251123,M7731,41016902,20251123,41,11,08,41_13631670,2,570,41016902,20251123181929,4177448,20251123184704,4116126,0,01,1,23140,1655,N
20251123,M7731,41016902,20251123,41,11,08,41_13677173,2,570,41016902,20251123180800,4177532,20251123184320,4111588,0,01,1,22980,2120,N
20251123,M7731,41016902,20251123,41,11,08,41_13681365,1,570,41016902,20251123170922,4177532,20251123180403,4111588,0,01,1,22980,3281,N
20251123,M7731,41016902,20251123,41,11,08,41_13692449,2,570,41016902,20251123182935,4177532,20251123191911,4111588,0,01,1,22980,2976,N
20251123,M7731,41016902,20251123,41,11,08,41_1369886,2,570,41016902,20251123085518,4106836,20251123092425,4116126,0,01,1,25350,1747,N
20251123,M7731,41016902,20251123,41,11,08,41_1369886,2,570,41016902,20251123123541,4106836,20251123130209,4116126,0,01,1,25350,1588,N
20251123,M7731,41016902,20251123,41,11,08,41_13739575,2,570,41016902,20251123151811,4177448,20251123160138,4111588,0,01,1,22120,2607,N
20251123,M7731,41016902,20251123,41,11,08,41_1374889,2,570,41016902,20251123195314,4177532,20251123201309,4111588,0,01,1,22980,1195,N
20251123,M7731,41016902,20251123,41,11,08,41_13857119,2,570,41016902,20251123110633,4106836,20251123121100,4111588,0,01,1,24330,3867,N
20251123,M7731,41016902,20251123,41,41,08,41_13914821,1,570,41016902,20251123220202,4123056,20251123220623,4106837,0,01,1,1940,261,N
20251123,M7731,41016902,20251123,41,11,08,41_13920998,2,570,41016902,20251123090131,4177637,20251123094910,4111588,0,01,1,25830,2859,N
20251123,M7731,41016902,20251123,41,11,08,41_13941892,2,570,41016902,20251123121448,4106836,20251123130120,4111588,0,01,1,24330,2792,N
20251123,M7731,41016902,20251123,41,11,08,41_13948321,2,570,41016902,20251123213404,4106836,20251123223233,4116130,0,01,1,26590,3509,N
20251123,M7731,41016902,20251123,41,11,08,41_13996122,2,570,41016902,20251123193105,4177448,20251123201738,4116126,0,01,1,23140,2793,N
20251123,M7731,41016902,20251123,41,11,08,41_1400646,1,570,41016902,20251123150558,4177448,20251123154333,4116126,0,01,1,23140,2255,N
20251123,M7731,41016902,20251123,41,11,08,41_14018192,2,570,41016902,20251123101109,4177448,20251123104232,4111588,0,01,1,22120,1883,N
20251123,M7731,41016902,20251123,41,11,08,41_14037423,1,570,41016902,20251123144437,4177532,20251123152051,4116126,0,01,1,24000,2174,N
20251123,M7731,41016902,20251123,41,11,08,41_14052061,2,570,41016902,20251123105003,4177448,20251123112410,4116130,0,01,1,24380,2047,N
20251123,M7731,41016902,20251123,41,11,08,41_14079793,2,570,41016902,20251123085656,4177637,20251123093351,4116126,0,01,1,26850,2215,N
20251123,M7731,41016902,20251123,41,11,08,41_14084678,2,570,41016902,20251123083609,4177637,20251123091304,4116126,0,01,1,26850,2215,N
20251123,M7731,41016902,20251123,41,11,08,41_14087,2,570,41016902,20251123182501,4106836,20251123190157,4111588,0,01,1,24330,2216,N
20251123,M7731,41016902,20251123,41,11,08,41_14095438,2,570,41016902,20251123190543,4106836,20251123194804,4116126,0,01,2,25350,2541,N
20251123,M7731,41016902,20251123,41,11,08,41_14103837,2,570,41016902,20251123142456,4106836,20251123153859,4111588,1,01,1,24330,4443,N
20251123,M7731,41016902,20251123,41,11,08,41_1410896,2,570,41016902,20251123090142,4106836,20251123093429,4116130,1,01,1,26590,1967,N
20251123,M7731,41016902,20251123,41,11,08,41_14115222,2,570,41016902,20251123153302,4177532,20251123161040,4116126,0,01,1,24000,2258,N
20251123,M7731,41016902,20251123,41,11,08,41_14122636,2,570,41016902,20251123111207,4106836,20251123115228,4111588,1,01,1,24330,2421,N
20251123,M7731,41016902,20251123,41,11,08,41_14147533,2,570,41016902,20251123113109,4177448,20251123120724,4116130,0,01,1,24380,2175,N
20251123,M7731,41016902,20251123,41,11,08,41_14147533,2,570,41016902,20251123182239,4177448,20251123190656,4111599,0,01,1,26060,2657,N
20251123,M7731,41016902,20251123,41,11,08,41_14155627,2,570,41016902,20251123174713,4177637,20251123182413,4111588,0,01,1,25830,2220,N
20251123,M7731,41016902,20251123,41,11,08,41_14183714,2,570,41016902,20251123113526,4177448,20251123121141,4116126,0,01,1,23140,2175,N
20251123,M7731,41016902,20251123,41,11,08,41_14183714,2,570,41016902,20251123181129,4177448,20251123185546,4116126,0,01,1,23140,2657,N
20251123,M7731,41016902,20251123,41,11,08,41_14199397,2,570,41016902,20251123154119,4177532,20251123161857,4116126,0,01,1,24000,2258,N
20251123,M7731,41016902,20251123,41,11,08,41_14213124,2,570,41016902,20251123141308,4177532,20251123145008,4111588,0,01,1,22980,2220,N
20251123,M7731,41016902,20251123,41,41,08,41_14217985,2,570,41016902,20251123114335,4110935,20251123123358,4177532,0,01,1,5730,3023,N
20251123,M7731,41016902,20251123,41,11,08,41_14246315,2,570,41016902,20251123141308,4177532,20251123144440,4111588,0,01,1,22980,1892,N
20251123,M7731,41016902,20251123,41,11,08,41_14258108,2,570,41016902,20251123175740,4177532,20251123182030,4111588,0,01,1,22980,1370,N
20251123,M7731,41016902,20251123,41,11,08,41_14264325,2,570,41016902,20251123122549,4106836,20251123131510,4116130,1,01,1,26590,2961,N
20251123,M7731,41016902,20251123,41,11,08,41_1427934,2,570,41016902,20251123125646,4106836,20251123133259,4111588,1,01,1,24330,2173,N
20251123,M7731,41016902,20251123,41,11,08,41_14298946,2,570,41016902,20251123170820,4177532,20251123174807,4111588,0,01,1,22980,2387,N
20251123,M7731,41016902,20251123,41,11,08,41_14371012,2,570,41016902,20251123150827,4177532,20251123161027,4116126,0,01,1,24000,3720,N
20251123,M7731,41016902,20251123,41,11,08,41_14416180,2,570,41016902,20251123202425,4177532,20251123210227,4111588,0,01,1,22980,2282,N
20251123,M7731,41016902,20251123,41,11,08,41_14436895,2,570,41016902,20251123121228,4106836,20251123130124,4116126,1,01,1,25350,2936,N
20251123,M7731,41016902,20251123,41,11,08,41_1447783,1,570,41016902,20251123184905,4177532,20251123192032,4111588,0,01,1,22980,1887,N
20251123,M7731,41016902,20251123,41,41,08,41_14478817,2,570,41016902,20251123061016,4107446,20251123061828,4177637,0,01,1,2040,492,N
20251123,M7731,41016902,20251123,41,11,08,41_14498426,1,570,41016902,20251123174109,4177532,20251123181911,4111588,0,01,1,22980,2282,N
20251123,M7731,41016902,20251123,41,11,08,41_1455132,2,570,41016902,20251123082037,4177448,20251123085156,4111588,0,01,1,22120,1879,N
20251123,M7731,41016902,20251123,41,11,08,41_1455932,2,570,41016902,20251123165619,4106836,20251123173920,4111588,0,01,1,24330,2581,N
20251123,M7731,41016902,20251123,41,11,08,41_14602707,2,570,41016902,20251123210329,4177637,20251123213850,4111588,0,01,1,25830,2121,N
20251123,M7731,41016902,20251123,41,11,08,41_14608388,1,570,41016902,20251123150231,4106836,20251123153056,4111588,0,01,1,24330,1705,N
20251123,M7731,41016902,20251123,41,11,08,41_14632116,1,570,41016902,20251123144942,4177637,20251123151805,4111588,0,01,1,25830,1703,N
20251123,M7731,41016902,20251123,41,11,08,41_14649959,2,570,41016902,20251123090625,4177448,20251123093923,4111588,0,01,1,22120,1978,N
20251123,M7731,41016902,20251123,41,11,08,41_1467069,1,570,41016902,20251123100105,4106836,20251123104033,4111588,0,01,1,24330,2368,N
20251123,M7731,41016902,20251123,41,11,08,41_14680610,1,570,41016902,20251123144942,4177637,20251123151805,4111588,0,01,1,25830,1703,N
20251123,M7731,41016902,20251123,41,11,08,41_14736802,2,570,41016902,20251123094720,4177510,20251123102441,4116126,0,01,1,30520,2241,N
20251123,M7731,41016902,20251123,41,11,08,41_14744258,2,570,41016902,20251123181904,4177448,20251123184504,4116126,0,01,1,23140,1560,N
20251123,M7731,41016902,20251123,41,11,08,41_14769328,1,570,41016902,20251123181916,4177448,20251123185622,4111588,0,01,1,22120,2226,N
20251123,M7731,41016902,20251123,41,11,08,41_14771894,2,570,41016902,20251123110816,4106836,20251123114120,4116126,0,01,1,25350,1984,N
20251123,M7731,41016902,20251123,41,11,08,41_14782267,1,570,41016902,20251123185252,4106836,20251123192929,4111588,0,01,1,24330,2197,N
20251123,M7731,41016902,20251123,41,11,08,41_14812804,2,570,41016902,20251123113119,4177532,20251123120612,4116126,0,01,1,24000,2093,N
20251123,M7731,41016902,20251123,41,11,08,41_1481976,2,570,41016902,20251123122213,4177448,20251123130202,4111599,0,01,1,26060,2389,N
20251123,M7731,41016902,20251123,41,11,08,41_14820285,2,570,41016902,20251123121405,4106836,20251123124505,4111599,0,01,1,28270,1860,N
20251123,M7731,41016902,20251123,41,11,08,41_14826020,2,570,41016902,20251123071317,4177637,20251123075407,4111588,0,01,1,25830,2450,N
20251123,M7731,41016902,20251123,41,11,08,41_14829625,2,570,41016902,20251123112636,4177532,20251123121211,4116126,0,01,1,24000,2735,N
20251123,M7731,41016902,20251123,41,11,08,41_14838762,1,570,41016902,20251123053506,4177448,20251123060851,4116126,0,01,1,23140,2025,N
20251123,M7731,41016902,20251123,41,11,08,41_14844690,2,570,41016902,20251123164910,4177510,20251123172609,4111588,0,01,1,29500,2219,N
20251123,M7731,41016902,20251123,41,11,08,41_14856044,2,570,41016902,20251123113829,4177532,20251123121205,4111588,0,01,1,22980,2016,N
20251123,M7731,41016902,20251123,41,41,08,41_14869359,2,570,41016902,20251123071238,4177637,20251123072050,4177448,0,01,1,3710,492,N
20251123,M7731,41016902,20251123,41,11,08,41_14875631,1,570,41016902,20251123163517,4177448,20251123170955,4116126,0,01,1,23140,2078,N
20251123,M7731,41016902,20251123,41,41,08,41_14911565,1,570,41016902,20251123162356,4110935,20251123163150,4106836,0,01,1,4380,474,N
20251123,M7731,41016902,20251123,41,11,08,41_14917264,1,570,41016902,20251123134611,4106836,20251123142527,4111588,0,01,1,24330,2356,N
20251123,M7731,41016902,20251123,41,11,08,41_14921156,2,570,41016902,20251123164332,4177532,20251123171503,4111588,0,01,1,22980,1891,N
20251123,M7731,41016902,20251123,41,11,08,41_1493228,2,570,41016902,20251123202748,4177510,20251123210751,4111588,0,01,1,29500,2403,N
20251123,M7731,41016902,20251123,41,11,08,41_1503028,2,570,41016902,20251123133254,4177448,20251123140053,4116126,0,01,1,23140,1679,N
20251123,M7731,41016902,20251123,41,11,08,41_15056048,2,570,41016902,20251123072030,4177448,20251123075539,4116126,0,01,1,23140,2109,N
20251123,M7731,41016902,20251123,41,11,08,41_15080190,1,570,41016902,20251123210631,4177448,20251123214228,4111588,0,01,1,22120,2157,N
20251123,M7731,41016902,20251123,41,11,08,41_15083075,1,570,41016902,20251123170410,4106836,20251123173108,4111588,0,01,1,24330,1618,N
20251123,M7731,41016902,20251123,41,11,08,41_15109206,1,570,41016902,20251123231255,4106836,20251123234754,4111588,0,01,1,24330,2099,N
20251123,M7731,41016902,20251123,41,11,08,41_15109856,2,570,41016902,20251123202538,4177448,20251123204948,4111588,0,01,1,22120,1450,N
20251123,M7731,41016902,20251123,41,11,08,41_15110994,2,570,41016902,20251123121554,4106836,20251123130253,4111588,0,01,1,24330,2819,N
20251123,M7731,41016902,20251123,41,11,08,41_15191108,2,570,41016902,20251123122723,4177532,20251123125153,4111588,0,01,1,22980,1470,N
20251123,M7731,41016902,20251123,41,11,08,41_15200955,2,570,41016902,20251124000114,4177532,20251124002942,4111588,0,01,1,22980,1708,N
20251123,M7731,41016902,20251123,41,11,08,41_15209077,2,570,41016902,20251123144203,4177532,20251123151025,4111588,0,01,1,22980,1702,N
20251123,M7731,41016902,20251123,41,11,08,41_15218767,2,570,41016902,20251123163012,4106836,20251123170234,4116126,1,01,1,25350,1942,N
20251123,M7731,41016902,20251123,41,11,08,41_15266050,1,570,41016902,20251123144203,4177532,20251123151025,4111588,0,01,1,22980,1702,N
20251123,M7731,41016902,20251123,41,11,08,41_15317495,1,570,41016902,20251123210143,4177448,20251123212713,4111588,0,01,1,22120,1530,N
20251123,M7731,41016902,20251123,41,11,08,41_15317495,1,570,41016902,20251123213302,4177448,20251123215924,4111588,0,01,1,22120,1582,N
20251123,M7731,41016902,20251123,41,11,08,41_15324417,2,570,41016902,20251123132206,4106836,20251123135627,4116130,0,01,1,26590,2061,N
20251123,M7731,41016902,20251123,41,11,08,41_15324417,2,570,41016902,20251123150437,4106836,20251123153906,4116130,0,01,1,26590,2069,N
20251123,M7731,41016902,20251123,41,11,08,41_15332184,2,570,41016902,20251123122903,4177637,20251123130149,4116126,0,01,1,26850,1966,N
20251123,M7731,41016902,20251123,41,11,08,41_15352159,1,570,41016902,20251123082549,4177448,20251123085119,4111588,0,01,1,22120,1530,N
20251123,M7731,41016902,20251123,41,11,08,41_15371712,1,570,41016902,20251123102328,4106836,20251123105807,4116126,1,01,1,25350,2079,N
20251123,M7731,41016902,20251123,41,11,08,41_15425267,2,570,41016902,20251123094632,4177532,20251123101754,4111588,0,01,1,22980,1882,N
20251123,M7731,41016902,20251123,41,11,08,41_15425267,2,570,41016902,20251123134622,4177532,20251123142211,4116126,0,01,1,24000,2149,N
20251123,M7731,41016902,20251123,41,11,08,41_15432711,2,570,41016902,20251123154951,4106836,20251123161832,4111588,0,01,1,24330,1721,N
20251123,M7731,41016902,20251123,41,11,08,41_15444892,1,570,41016902,20251123135003,4177532,20251123145434,4116126,0,01,1,24000,3871,N
20251123,M7731,41016902,20251123,41,11,08,41_15465545,1,570,41016902,20251123134424,4177637,20251123135920,4111588,0,01,1,25830,896,N
20251123,M7731,41016902,20251123,41,41,08,41_15516745,2,570,41016902,20251123124111,4107446,20251123132315,4177448,0,01,1,5750,2524,N
20251123,M7731,41016902,20251123,41,11,08,41_15567248,2,570,41016902,20251123141632,4177532,20251123144858,4111588,0,01,1,22980,1946,N
20251123,M7731,41016902,20251123,41,11,08,41_1557455,1,570,41016902,20251123132910,4177448,20251123142818,4111588,0,01,1,22120,3548,N
20251123,M7731,41016902,20251123,41,11,08,41_15590425,2,570,41016902,20251123204726,4177637,20251123212707,4111588,0,01,1,25830,2381,N
20251123,M7731,41016902,20251123,41,11,08,41_15598573,1,570,41016902,20251123141632,4177532,20251123145155,4111588,0,01,1,22980,2123,N
20251123,M7731,41016902,20251123,41,11,08,41_15611457,2,570,41016902,20251123163814,4106836,20251123171447,4111588,0,01,1,24330,2193,N
20251123,M7731,41016902,20251123,41,11,08,41_15620785,2,570,41016902,20251123180752,4106836,20251123184234,4111588,0,01,1,24330,2082,N
20251123,M7731,41016902,20251123,41,11,08,41_15646107,2,570,41016902,20251123210548,4106836,20251123214825,4116126,0,01,2,25350,2557,N
20251123,M7731,41016902,20251123,41,11,08,41_15651860,2,570,41016902,20251123165821,4177448,20251123174427,4111588,0,01,1,22120,2766,N
20251123,M7731,41016902,20251123,41,11,08,41_15659629,2,570,41016902,20251123182946,4177532,20251123185938,4111588,0,01,1,22980,1792,N
20251123,M7731,41016902,20251123,41,11,08,41_15679279,1,570,41016902,20251123182901,4177532,20251123190809,4111588,0,01,2,22980,2348,N
20251123,M7731,41016902,20251123,41,11,08,41_15699065,1,570,41016902,20251123120400,4106836,20251123122946,4111588,0,01,1,24330,1546,N
20251123,M7731,41016902,20251123,41,11,08,41_15710346,2,570,41016902,20251123092714,4106836,20251123100056,4111588,0,01,1,24330,2022,N
20251123,M7731,41016902,20251123,41,11,08,41_15748701,2,570,41016902,20251123084535,4177448,20251123091336,4111588,0,01,1,22120,1681,N
20251123,M7731,41016902,20251123,41,11,08,41_15748752,1,570,41016902,20251123201057,4106836,20251123204545,4116126,0,01,1,25350,2088,N
20251123,M7731,41016902,20251123,41,11,08,41_15766262,2,570,41016902,20251123141402,4106836,20251123144932,4116130,0,01,1,26590,2130,N
20251123,M7731,41016902,20251123,41,11,08,41_15767278,1,570,41016902,20251123163752,4177448,20251123170553,4111588,0,01,1,22120,1681,N
20251123,M7731,41016902,20251123,41,11,08,41_15768132,1,570,41016902,20251123180154,4177532,20251123182457,4111588,0,01,1,22980,1383,N
20251123,M7731,41016902,20251123,41,11,08,41_15773361,2,570,41016902,20251123140839,4106836,20251123145026,4111588,0,01,1,24330,2507,N
20251123,M7731,41016902,20251123,41,11,08,41_15773361,2,570,41016902,20251123191208,4106836,20251123195008,4111588,0,01,1,24330,2280,N
20251123,M7731,41016902,20251123,41,11,08,41_15777560,2,570,41016902,20251123133216,4177532,20251123135322,4111588,0,01,1,22980,1266,N
20251123,M7731,41016902,20251123,41,11,08,41_15782704,2,570,41016902,20251123053734,4177510,20251123063135,4111588,0,01,1,29500,3241,N
20251123,M7731,41016902,20251123,41,11,08,41_15798414,1,570,41016902,20251123051056,4177448,20251123055727,4111588,0,01,1,22120,2791,N
20251123,M7731,41016902,20251123,41,11,08,41_15800842,2,570,41016902,20251123215230,4177448,20251123223153,4111588,1,01,1,22120,2363,N
20251123,M7731,41016902,20251123,41,11,08,41_15845290,1,570,41016902,20251123150741,4106836,20251123154015,4111588,0,01,1,24330,1954,N
20251123,M7731,41016902,20251123,41,11,08,41_15891764,2,570,41016902,20251123153918,4106836,20251123161852,4111588,0,01,1,24330,2374,N
20251123,M7731,41016902,20251123,41,11,08,41_15897201,2,570,41016902,20251123132330,4106836,20251123142021,4111588,1,01,1,24330,3411,N
20251123,M7731,41016902,20251123,41,11,08,41_15897346,1,570,41016902,20251123065344,4177637,20251123074235,4116126,0,01,1,26850,2931,N
20251123,M7731,41016902,20251123,41,11,08,41_1589885,2,570,41016902,20251123121805,4177532,20251123124604,4116126,0,01,1,24000,1679,N
20251123,M7731,41016902,20251123,41,11,08,41_15950719,1,570,41016902,20251123095209,4106836,20251123110017,4111588,0,01,1,24330,4088,N
20251123,M7731,41016902,20251123,41,11,08,41_16014232,2,570,41016902,20251123155149,4106836,20251123164129,4111588,0,01,1,24330,2980,N
20251123,M7731,41016902,20251123,41,11,08,41_16089831,2,570,41016902,20251123142013,4106836,20251123145536,4111588,1,01,1,24330,2123,N
20251123,M7731,41016902,20251123,41,41,08,41_16093595,2,570,41016902,20251123133301,4107446,20251123135149,4177448,0,01,1,5750,1128,N
20251123,M7731,41016902,20251123,41,41,08,41_16093595,2,570,41016902,20251123235105,4123056,20251124001013,4107447,0,01,1,5480,1148,N
20251123,M7731,41016902,20251123,41,11,08,41_1609995,2,570,41016902,20251123130734,4177448,20251123133506,4111588,0,01,1,22120,1652,N
20251123,M7731,41016902,20251123,41,11,08,41_16140000,2,570,41016902,20251123150314,4106836,20251123155127,4111588,0,01,1,24330,2893,N
20251123,M7731,41016902,20251123,41,11,08,41_16143636,2,570,41016902,20251123155426,4106836,20251123163158,4111588,1,01,1,24330,2252,N
20251123,M7731,41016902,20251123,41,11,08,41_16150783,2,570,41016902,20251123192340,4177532,20251123201110,4109162,0,01,1,28030,2850,N
20251123,M7731,41016902,20251123,41,11,08,41_16226064,1,570,41016902,20251123112232,4177448,20251123120035,4116126,2,01,1,23140,2283,N
20251123,M7731,41016902,20251123,41,11,08,41_16236073,2,570,41016902,20251123072951,4106836,20251123075231,4116126,0,01,1,25350,1360,N
20251123,M7731,41016902,20251123,41,11,08,41_16297356,1,570,41016902,20251123054458,4106836,20251123060701,4111588,0,01,1,24330,1323,N
20251123,M7731,41016902,20251123,41,11,08,41_16304818,2,570,41016902,20251123100942,4106836,20251123103958,4111588,0,01,1,24330,1816,N
20251123,M7731,41016902,20251123,41,11,08,41_16328390,2,570,41016902,20251123223029,4177448,20251123225349,4111588,0,01,1,22120,1400,N
20251123,M7731,41016902,20251123,41,11,08,41_16368936,1,570,41016902,20251123131246,4177532,20251123133924,4116126,0,01,1,24000,1598,N
20251123,M7731,41016902,20251123,41,11,08,41_1642499,1,570,41016902,20251123135024,4177448,20251123142434,4116126,0,01,1,23140,2050,N
20251123,M7731,41016902,20251123,41,11,08,41_16428980,1,570,41016902,20251123110941,4177532,20251123120617,4111588,0,01,1,22980,3396,N
20251123,M7731,41016902,20251123,41,11,08,41_16507786,2,570,41016902,20251123170129,4106836,20251123174708,4111588,0,01,1,24330,2739,N
20251123,M7731,41016902,20251123,41,11,08,41_16507786,2,570,41016902,20251123195329,4106836,20251123203302,4111588,0,01,1,24330,2373,N
20251123,M7731,41016902,20251123,41,41,08,41_1651086,2,570,41016902,20251123211220,4123056,20251123211910,4102447,2,01,1,3320,410,N
20251123,M7731,41016902,20251123,41,11,08,41_16520468,2,570,41016902,20251123150540,4177637,20251123153604,4116126,0,01,1,26850,1824,N
20251123,M7731,41016902,20251123,41,11,08,41_16522297,2,570,41016902,20251123150542,4177637,20251123153526,4111588,0,01,1,25830,1784,N
20251123,M7731,41016902,20251123,41,11,08,41_16530179,2,570,41016902,20251123182929,4177532,20251123190050,4111588,0,01,1,22980,1881,N
20251123,M7731,41016902,20251123,41,11,08,41_1656347,1,570,41016902,20251123160538,4177448,20251123163837,4116126,0,01,1,23140,1979,N
20251123,M7731,41016902,20251123,41,11,08,41_16584402,2,570,41016902,20251123123433,4106836,20251123130014,4111588,1,01,1,24330,1541,N
20251123,M7731,41016902,20251123,41,11,08,41_16584917,2,570,41016902,20251123182929,4177532,20251123190526,4111588,0,01,1,22980,2157,N
20251123,M7731,41016902,20251123,41,11,08,41_1661928,2,570,41016902,20251123145208,4106836,20251123152618,4116126,0,01,1,25350,2050,N
20251123,M7731,41016902,20251123,41,11,08,41_16622267,2,570,41016902,20251123123221,4177448,20251123130642,4116130,0,01,1,24380,2061,N
20251123,M7731,41016902,20251123,41,11,08,41_16644611,2,570,41016902,20251123123954,4177448,20251123131415,4111588,0,01,1,22120,2061,N
20251123,M7731,41016902,20251123,41,11,08,41_16694812,1,570,41016902,20251123151838,4177532,20251123155218,4116126,0,01,1,24000,2020,N
20251123,M7731,41016902,20251123,41,11,08,41_16717458,2,570,41016902,20251123192353,4177532,20251123195307,4111588,0,01,1,22980,1754,N
20251123,M7731,41016902,20251123,41,11,08,41_16729203,2,570,41016902,20251123083307,4177448,20251123091158,4111588,0,01,1,22120,2331,N
20251123,M7731,41016902,20251123,41,11,08,41_16729203,2,570,41016902,20251123175652,4177448,20251123182444,4116126,0,01,1,23140,1672,N
20251123,M7731,41016902,20251123,41,11,08,41_16734315,2,570,41016902,20251123132313,4177448,20251123134253,4111588,0,01,1,22120,1180,N
20251123,M7731,41016902,20251123,41,11,08,41_16782826,1,570,41016902,20251123192032,4106836,20251123195412,4111588,0,01,1,24330,2020,N
20251123,M7731,41016902,20251123,41,41,08,41_16797861,2,570,41016902,20251123154112,4123056,20251123160522,4177511,2,01,1,7120,1450,N
20251123,M7731,41016902,20251123,41,11,08,41_16805698,2,570,41016902,20251123120712,4177637,20251123123557,4116126,0,01,1,26850,1725,N
20251123,M7731,41016902,20251123,41,11,08,41_16824345,2,570,41016902,20251123151652,4107446,20251123155449,4111588,0,01,1,27870,2277,N
20251123,M7731,41016902,20251123,41,11,08,41_1683272,2,570,41016902,20251123211025,4177532,20251123214324,4116126,0,01,1,24000,1979,N
20251123,M7731,41016902,20251123,41,11,08,41_1683853,1,570,41016902,20251123132017,4177448,20251123135427,4116126,0,01,1,23140,2050,N
20251123,M7731,41016902,20251123,41,11,08,41_16912189,2,570,41016902,20251123133102,4106836,20251123141451,4111588,1,01,1,24330,2629,N
20251123,M7731,41016902,20251123,41,11,08,41_17006264,1,570,41016902,20251123203404,4177637,20251123210847,4111588,0,01,1,25830,2083,N
20251123,M7731,41016902,20251123,41,11,08,41_17006264,1,570,41016902,20251123220948,4177637,20251123230225,4111588,0,01,1,25830,3157,N
20251123,M7731,41016902,20251123,41,11,08,41_17009907,2,570,41016902,20251123092409,4110868,20251123093928,4111588,0,01,1,26980,919,N
20251123,M7731,41016902,20251123,41,11,08,41_17024313,2,570,41016902,20251123094537,4106836,20251123105858,4111588,0,01,1,24330,4401,N
20251123,M7731,41016902,20251123,41,11,08,41_17033209,1,570,41016902,20251123143353,4177532,20251123144634,4111588,0,01,1,22980,761,N
20251123,M7731,41016902,20251123,41,41,08,41_17098935,2,570,41016902,20251123093230,4110868,20251123094010,4177532,0,01,1,4000,460,N
20251123,M7731,41016902,20251123,41,11,08,41_17104990,2,570,41016902,20251123185452,4177532,20251123192422,4111588,0,01,1,22980,1770,N
20251123,M7731,41016902,20251123,41,11,08,41_17178340,1,570,41016902,20251123100819,4177448,20251123110455,4111588,0,01,1,22120,3396,N
20251123,M7731,41016902,20251123,41,11,08,41_17181360,2,570,41016902,20251123144301,4177637,20251123153224,4111588,0,01,1,25830,2963,N
20251123,M7731,41016902,20251123,41,11,08,41_17250769,2,570,41016902,20251123184352,4177532,20251123191011,4116126,0,01,1,24000,1579,N
20251123,M7731,41016902,20251123,41,11,08,41_17278416,1,570,41016902,20251123184204,4177532,20251123191531,4111588,0,01,1,22980,2007,N
20251123,M7731,41016902,20251123,41,11,08,41_17312090,2,570,41016902,20251123133115,4177448,20251123142650,4116126,0,01,1,23140,3335,N
20251123,M7731,41016902,20251123,41,11,08,41_1734799,2,570,41016902,20251123075300,4177448,20251123082117,4116130,0,01,1,24380,1697,N
20251123,M7731,41016902,20251123,41,11,08,41_17354873,1,570,41016902,20251123091815,4177448,20251123095156,4111588,0,01,1,22120,2021,N
20251123,M7731,41016902,20251123,41,11,08,41_17368397,2,570,41016902,20251123091815,4177448,20251123094736,4116126,0,01,1,23140,1761,N
20251123,M7731,41016902,20251123,41,11,08,41_17368397,2,570,41016902,20251123134433,4177448,20251123141337,4116126,0,01,1,23140,1744,N
20251123,M7731,41016902,20251123,41,11,08,41_17378451,2,570,41016902,20251123122908,4106836,20251123132552,4111588,0,01,1,24330,3404,N
20251123,M7731,41016902,20251123,41,11,08,41_17445681,2,570,41016902,20251123182920,4177532,20251123191222,4111588,0,01,1,22980,2582,N
20251123,M7731,41016902,20251123,41,11,08,41_17449045,2,570,41016902,20251123182917,4177532,20251123185404,4111588,0,01,1,22980,1487,N
20251123,M7731,41016902,20251123,41,11,08,41_17471820,2,570,41016902,20251123083418,4107446,20251123090131,4116126,0,01,1,28890,1633,N
20251123,M7731,41016902,20251123,41,41,08,41_1748368,2,570,41016902,20251123112433,4106837,20251123113801,4107447,0,01,1,3540,808,N
20251123,M7731,41016902,20251123,41,11,08,41_17493998,2,570,41016902,20251123144352,4177532,20251123151559,4116126,0,01,1,24000,1927,N
20251123,M7731,41016902,20251123,41,11,08,41_17507856,1,570,41016902,20251123164537,4106836,20251123173416,4111588,1,01,1,24330,2919,N
20251123,M7731,41016902,20251123,41,11,08,41_17539179,1,570,41016902,20251123191456,4177448,20251123200420,4111599,0,01,1,26060,2964,N
20251123,M7731,41016902,20251123,41,11,08,41_17592207,2,570,41016902,20251123214242,4106836,20251123223632,4111588,0,01,1,24330,3230,N
20251123,M7731,41016902,20251123,41,11,08,41_17641325,1,570,41016902,20251123202056,4177532,20251123205543,4111588,0,01,1,22980,2087,N
20251123,M7731,41016902,20251123,41,11,08,41_17678192,2,570,41016902,20251123171837,4106836,20251123174851,4111588,0,01,1,24330,1814,N
20251123,M7731,41016902,20251123,41,11,08,41_17757044,2,570,41016902,20251123140259,4177532,20251123144251,4116126,0,01,1,24000,2392,N
20251123,M7731,41016902,20251123,41,11,08,41_17759109,1,570,41016902,20251123140738,4177532,20251123143906,4111588,0,01,1,22980,1888,N
20251123,M7731,41016902,20251123,41,11,08,41_17791579,2,570,41016902,20251123170127,4177532,20251123173931,4111588,0,01,1,22980,2284,N
20251123,M7731,41016902,20251123,41,11,08,41_17797246,2,570,41016902,20251123145625,4177532,20251123155630,4111588,0,01,1,22980,3605,N
20251123,M7731,41016902,20251123,41,11,08,41_17801089,2,570,41016902,20251123121250,4177637,20251123123907,4116126,0,01,1,26850,1577,N
20251123,M7731,41016902,20251123,41,11,08,41_17805752,2,570,41016902,20251123121250,4177637,20251123123907,4116126,0,01,1,26850,1577,N
20251123,M7731,41016902,20251123,41,41,08,41_17865102,2,570,41016902,20251123093052,4177637,20251123093619,4177448,0,01,1,3710,327,N
20251123,M7731,41016902,20251123,41,11,08,41_17889897,1,570,41016902,20251123134549,4177510,20251123142830,4111588,0,01,2,29500,2561,N
20251123,M7731,41016902,20251123,41,11,08,41_17898410,2,570,41016902,20251123111858,4106836,20251123114928,4111588,0,01,1,24330,1830,N
20251123,M7731,41016902,20251123,41,11,08,41_1793158,2,570,41016902,20251123075300,4177448,20251123081425,4111588,0,01,1,22120,1285,N
20251123,M7731,41016902,20251123,41,11,08,41_1793158,2,570,41016902,20251123084857,4177448,20251123092147,4111588,0,01,1,22120,1970,N
20251123,M7731,41016902,20251123,41,11,08,41_18056931,2,570,41016902,20251123211001,4177637,20251123220834,4111588,0,01,1,25830,3513,N
20251123,M7731,41016902,20251123,41,11,08,41_18063541,2,570,41016902,20251123164236,4177532,20251123173826,4111588,0,01,1,22980,3350,N
20251123,M7731,41016902,20251123,41,11,08,41_18102302,2,570,41016902,20251123160218,4177532,20251123164239,4111588,0,01,1,22980,2421,N
20251123,M7731,41016902,20251123,41,41,08,41_18117330,2,570,41016902,20251123180543,4123056,20251123181327,4102447,2,01,1,3320,464,N
20251123,M7731,41016902,20251123,41,11,08,41_18133082,2,570,41016902,20251123152202,4106836,20251123162054,4111588,0,01,1,24330,3532,N
20251123,M7731,41016902,20251123,41,11,08,41_18136081,2,570,41016902,20251124001135,4107446,20251124004912,4111588,0,01,1,27870,2257,N
20251123,M7731,41016902,20251123,41,11,08,41_18153565,2,570,41016902,20251123090549,4110935,20251123094831,4111588,0,01,1,28710,2562,N
20251123,M7731,41016902,20251123,41,11,08,41_18156274,1,570,41016902,20251123063802,4177448,20251123072344,4116130,0,01,1,24380,2742,N
20251123,M7731,41016902,20251123,41,11,08,41_18180956,2,570,41016902,20251123203047,4106836,20251123210431,4111588,0,01,1,24330,2024,N
20251123,M7731,41016902,20251123,41,11,08,41_1819556,2,570,41016902,20251123120815,4106836,20251123130207,4116126,1,01,1,25350,3232,N
20251123,M7731,41016902,20251123,41,11,08,41_1820017,2,570,41016902,20251123153827,4177448,20251123160921,4111588,0,01,1,22120,1854,N
20251123,M7731,41016902,20251123,41,41,08,41_18254395,2,570,41016902,20251123101644,4107446,20251123104318,4177448,0,01,1,5750,1594,N
20251123,M7731,41016902,20251123,41,41,08,41_18271607,1,570,41016902,20251123102357,4107446,20251123105031,4177448,0,01,1,5750,1594,N
20251123,M7731,41016902,20251123,41,41,08,41_18283365,2,570,41016902,20251123182410,4177533,20251123184159,4107447,0,01,1,4900,1069,N
20251123,M7731,41016902,20251123,41,41,08,41_18334771,2,570,41016902,20251123133043,4123056,20251123135729,4107447,0,01,1,5480,1606,N
20251123,M7731,41016902,20251123,41,11,08,41_18337091,1,570,41016902,20251123124252,4106836,20251123132949,4116126,0,01,1,25350,2817,N
20251123,M7731,41016902,20251123,41,11,08,41_18337091,1,570,41016902,20251123201453,4106836,20251123205426,4116126,0,01,1,25350,2373,N
20251123,M7731,41016902,20251123,41,11,08,41_18343203,2,570,41016902,20251123220120,4106836,20251123223220,4111588,0,01,1,24330,1860,N
20251123,M7731,41016902,20251123,41,11,08,41_18427071,2,570,41016902,20251123180716,4177532,20251123183028,4111588,0,01,1,22980,1392,N
20251123,M7731,41016902,20251123,41,11,08,41_18433039,2,570,41016902,20251123171716,4177532,20251123174941,4111588,0,01,1,22980,1945,N
20251123,M7731,41016902,20251123,41,11,08,41_18444647,2,570,41016902,20251123122625,4107446,20251123130638,4111588,0,01,1,27870,2413,N
20251123,M7731,41016902,20251123,41,11,08,41_18444647,2,570,41016902,20251123202435,4107446,20251123210059,4111588,0,01,1,27870,2184,N
20251123,M7731,41016902,20251123,41,11,08,41_18461963,2,570,41016902,20251123203441,4106836,20251123210915,4111588,1,01,1,24330,2074,N
20251123,M7731,41016902,20251123,41,11,08,41_18504551,2,570,41016902,20251123123648,4177532,20251123125049,4111588,0,01,1,22980,841,N
20251123,M7731,41016902,20251123,41,11,08,41_18506266,2,570,41016902,20251123153307,4177637,20251123154717,4111588,0,01,1,25830,850,N
20251123,M7731,41016902,20251123,41,11,08,41_18568501,1,570,41016902,20251123180511,4177532,20251123181916,4111588,0,01,1,22980,845,N
20251123,M7731,41016902,20251123,41,11,08,41_18590857,2,570,41016902,20251123104653,4177448,20251123112537,4116126,0,01,1,23140,2324,N
20251123,M7731,41016902,20251123,41,11,08,41_1860448,2,570,41016902,20251123183540,4177448,20251123185939,4111588,0,01,1,22120,1439,N
20251123,M7731,41016902,20251123,41,11,08,41_1863548,1,570,41016902,20251123153310,4177448,20251123155758,4111588,0,01,1,22120,1488,N
20251123,M7731,41016902,20251123,41,41,08,41_18645104,2,570,41016902,20251123064752,4110868,20251123065429,4106836,0,01,1,2650,397,N
20251123,M7731,41016902,20251123,41,11,08,41_18658756,1,570,41016902,20251123220143,4106836,20251123225351,4111588,0,01,1,24330,3128,N
20251123,M7731,41016902,20251123,41,11,08,41_18695389,2,570,41016902,20251123160240,4177448,20251123162815,4111588,0,01,1,22120,1535,N
20251123,M7731,41016902,20251123,41,11,08,41_18707427,2,570,41016902,20251123103139,4177448,20251123105748,4116130,0,01,1,24380,1569,N
20251123,M7731,41016902,20251123,41,11,08,41_18707427,2,570,41016902,20251123111218,4177448,20251123113639,4111588,0,01,1,22120,1461,N
20251123,M7731,41016902,20251123,41,11,08,41_18746227,2,570,41016902,20251123102048,4177532,20251123104509,4111588,0,01,1,22980,1461,N
20251123,M7731,41016902,20251123,41,41,08,41_18775127,2,570,41016902,20251123060142,4106836,20251123061213,4177532,0,01,1,1350,631,N
20251123,M7731,41016902,20251123,41,41,08,41_18812063,2,570,41016902,20251123163545,4106836,20251123164415,4177448,0,01,1,2210,510,N
20251123,M7731,41016902,20251123,41,11,08,41_18828197,2,570,41016902,20251123134547,4177510,20251123141319,4116130,0,01,2,31760,1652,N
20251123,M7731,41016902,20251123,41,11,08,41_18854977,2,570,41016902,20251123201354,4106836,20251123210226,4116126,0,01,1,25350,2912,N
20251123,M7731,41016902,20251123,41,11,08,41_18886166,2,570,41016902,20251123202706,4106836,20251123211558,4111588,0,01,1,24330,2932,N
20251123,M7731,41016902,20251123,41,11,08,41_18893331,1,570,41016902,20251123172643,4177532,20251123175421,4111588,0,01,1,22980,1658,N
20251123,M7731,41016902,20251123,41,11,08,41_18903884,2,570,41016902,20251123131415,4177532,20251123134457,4116126,0,01,1,24000,1842,N
20251123,M7731,41016902,20251123,41,11,08,41_18926910,2,570,41016902,20251123143354,4177532,20251123150433,4111588,0,01,1,22980,1839,N
20251123,M7731,41016902,20251123,41,11,08,41_18932752,2,570,41016902,20251123201637,4177532,20251123204727,4111588,0,01,1,22980,1850,N
20251123,M7731,41016902,20251123,41,11,08,41_1893718,2,570,41016902,20251123151913,4177532,20251123154904,4111588,0,01,1,22980,1791,N
20251123,M7731,41016902,20251123,41,11,08,41_18938798,2,570,41016902,20251123143124,4177637,20251123150206,4111588,0,01,1,25830,1842,N
20251123,M7731,41016902,20251123,41,11,08,41_18966526,2,570,41016902,20251123105749,4177448,20251123112251,4111588,0,01,1,22120,1502,N
20251123,M7731,41016902,20251123,41,11,08,41_18972187,2,570,41016902,20251123102444,4177448,20251123105523,4116126,0,01,1,23140,1839,N
20251123,M7731,41016902,20251123,41,11,08,41_18998682,2,570,41016902,20251123143124,4177532,20251123150203,4111588,0,01,1,22980,1839,N
20251123,M7731,41016902,20251123,41,11,08,41_19084104,2,570,41016902,20251123181553,4106836,20251123184034,4111588,0,01,1,24330,1481,N
20251123,M7731,41016902,20251123,41,11,08,41_19153301,1,570,41016902,20251123185302,4177532,20251123192916,4111588,0,01,1,22980,2174,N
20251123,M7731,41016902,20251123,41,11,08,41_19179335,2,570,41016902,20251123130003,4106836,20251123134623,4111588,1,01,1,24330,2780,N
20251123,M7731,41016902,20251123,41,11,08,41_19202806,1,570,41016902,20251123073752,4106836,20251123082140,4111588,1,01,1,24330,2628,N
20251123,M7731,41016902,20251123,41,11,08,41_19203438,2,570,41016902,20251123075758,4177448,20251123082125,4111588,0,01,1,22120,1407,N
20251123,M7731,41016902,20251123,41,11,08,41_19213498,2,570,41016902,20251123181149,4177532,20251123184911,4116126,0,01,1,24000,2242,N
20251123,M7731,41016902,20251123,41,11,08,41_19237456,2,570,41016902,20251123180756,4177532,20251123184518,4116126,0,01,1,24000,2242,N
20251123,M7731,41016902,20251123,41,11,08,41_19242342,1,570,41016902,20251123180756,4177532,20251123185259,4111588,0,01,1,22980,2703,N
20251123,M7731,41016902,20251123,41,11,08,41_19265071,2,570,41016902,20251123073048,4106836,20251123081256,4111588,1,01,1,24330,2528,N
20251123,M7731,41016902,20251123,41,11,08,41_19266585,1,570,41016902,20251123162930,4177448,20251123165535,4111588,0,01,1,22120,1565,N
20251123,M7731,41016902,20251123,41,11,08,41_19275649,2,570,41016902,20251123101510,4177448,20251123103430,4111588,0,01,1,22120,1160,N
20251123,M7731,41016902,20251123,41,11,08,41_1927723,2,570,41016902,20251123234306,4106836,20251124003006,4111588,0,01,1,24330,2820,N
20251123,M7731,41016902,20251123,41,11,08,41_19290028,2,570,41016902,20251123160639,4177532,20251123164314,4111588,0,01,1,22980,2195,N
20251123,M7731,41016902,20251123,41,11,08,41_19290054,2,570,41016902,20251123162636,4177448,20251123170327,4116126,0,01,1,23140,2211,N
20251123,M7731,41016902,20251123,41,11,08,41_19311720,1,570,41016902,20251123113327,4177532,20251123121000,4111588,0,01,1,22980,2193,N
20251123,M7731,41016902,20251123,41,11,08,41_19326325,2,570,41016902,20251123143813,4177532,20251123150044,4111588,0,01,1,22980,1351,N
20251123,M7731,41016902,20251123,41,11,08,41_19345912,2,570,41016902,20251123161033,4177448,20251123164056,4111588,0,01,1,22120,1823,N
20251123,M7731,41016902,20251123,41,11,08,41_19348379,2,570,41016902,20251123165454,4177637,20251123172718,4111588,0,01,1,25830,1944,N
20251123,M7731,41016902,20251123,41,11,08,41_19364676,2,570,41016902,20251123113258,4177532,20251123115911,4111588,0,01,1,22980,1573,N
20251123,M7731,41016902,20251123,41,11,08,41_19372113,2,570,41016902,20251123131318,4177448,20251123134011,4116130,0,01,1,24380,1613,N
20251123,M7731,41016902,20251123,41,11,08,41_19378657,2,570,41016902,20251123102853,4106836,20251123110538,4111588,1,01,1,24330,2205,N
20251123,M7731,41016902,20251123,41,11,08,41_19446976,2,570,41016902,20251123143107,4177532,20251123145642,4111588,0,01,1,22980,1535,N
20251123,M7731,41016902,20251123,41,11,08,41_19471289,2,570,41016902,20251123130708,4177448,20251123133708,4111588,0,01,1,22120,1800,N
20251123,M7731,41016902,20251123,41,11,08,41_1956233,2,570,41016902,20251123152137,4106836,20251123161848,4111588,0,01,1,24330,3431,N
20251123,M7731,41016902,20251123,41,11,08,41_19591876,2,570,41016902,20251123140607,4106836,20251123144826,4111588,0,01,1,24330,2539,N
20251123,M7731,41016902,20251123,41,11,08,41_19613773,2,570,41016902,20251123134043,4106836,20251123142229,4116126,0,01,1,25350,2506,N
20251123,M7731,41016902,20251123,41,11,08,41_19632774,2,570,41016902,20251123163937,4106836,20251123172458,4111588,0,01,1,24330,2721,N
20251123,M7731,41016902,20251123,41,11,08,41_19632774,2,570,41016902,20251123183929,4106836,20251123190956,4111588,0,01,1,24330,1827,N
20251123,M7731,41016902,20251123,41,11,08,41_19667233,2,570,41016902,20251123174206,4177510,20251123180900,4116126,0,01,1,30520,1614,N
20251123,M7731,41016902,20251123,41,11,08,41_1966906,2,570,41016902,20251123160456,4177448,20251123170220,4116126,0,01,1,23140,3444,N
20251123,M7731,41016902,20251123,41,11,08,41_19742934,2,570,41016902,20251123175248,4106836,20251123183857,4116126,0,01,1,25350,2769,N
20251123,M7731,41016902,20251123,41,11,08,41_19765737,1,570,41016902,20251123103017,4177448,20251123110247,4111588,0,01,1,22120,1950,N
20251123,M7731,41016902,20251123,41,11,08,41_19765737,1,570,41016902,20251123173122,4177448,20251123181501,4111588,0,01,1,22120,2619,N
20251123,M7731,41016902,20251123,41,11,08,41_19773802,2,570,41016902,20251123163122,4177448,20251123171109,4111588,0,01,1,22120,2387,N
20251123,M7731,41016902,20251123,41,11,08,41_19862738,2,570,41016902,20251123142003,4106836,20251123145732,4116126,0,01,1,25350,2249,N
20251123,M7731,41016902,20251123,41,11,08,41_19902184,2,570,41016902,20251123183346,4106836,20251123190607,4116130,0,01,1,26590,1941,N
20251123,M7731,41016902,20251123,41,11,08,41_19903767,1,570,41016902,20251123135004,4177637,20251123142749,4116126,0,01,1,26850,2265,N
20251123,M7731,41016902,20251123,41,11,08,41_19914596,1,570,41016902,20251123123925,4106836,20251123131822,4111588,0,01,1,24330,2337,N
20251123,M7731,41016902,20251123,41,11,08,41_19967908,2,570,41016902,20251123173156,4177532,20251123181138,4109162,0,01,1,28030,2382,N
20251123,M7731,41016902,20251123,41,11,08,41_19985995,2,570,41016902,20251123090426,4177448,20251123093547,4111588,0,01,1,22120,1881,N
20251123,M7731,41016902,20251123,41,11,08,41_19993138,2,570,41016902,20251123173909,4177532,20251123181851,4116126,0,01,1,24000,2382,N
20251123,M7731,41016902,20251123,41,11,08,41_20047750,1,570,41016902,20251123115450,4177532,20251123123920,4116126,0,01,1,24000,2670,N
20251123,M7731,41016902,20251123,41,11,08,41_20062982,1,570,41016902,20251123210316,4177637,20251123214753,4111588,0,01,1,25830,2677,N
20251123,M7731,41016902,20251123,41,11,08,41_20104705,2,570,41016902,20251123152802,4106836,20251123160019,4111588,0,01,1,24330,1937,N
20251123,M7731,41016902,20251123,41,11,08,41_20130932,2,570,41016902,20251123083701,4177637,20251123091547,4111588,0,01,1,25830,2326,N
20251123,M7731,41016902,20251123,41,11,08,41_20151586,2,570,41016902,20251123123041,4177532,20251123131235,4116126,0,01,1,24000,2514,N
20251123,M7731,41016902,20251123,41,11,08,41_20151586,2,570,41016902,20251123170701,4177532,20251123173551,4116130,0,01,1,25240,1730,N
20251123,M7731,41016902,20251123,41,11,08,41_20162668,1,570,41016902,20251123213045,4106836,20251123221254,4116126,0,01,1,25350,2529,N
20251123,M7731,41016902,20251123,41,11,08,41_20185754,2,570,41016902,20251123130847,4177532,20251123133641,4111588,0,01,1,22980,1674,N
20251123,M7731,41016902,20251123,41,11,08,41_20224880,2,570,41016902,20251123091130,4177532,20251123094401,4111588,0,01,1,22980,1951,N
20251123,M7731,41016902,20251123,41,41,08,41_20266558,1,570,41016902,20251123130423,4177637,20251123131735,4177448,0,01,1,3710,792,N
20251123,M7731,41016902,20251123,41,11,08,41_20307316,2,570,41016902,20251123180155,4177532,20251123182921,4116126,0,01,1,24000,1646,N
20251123,M7731,41016902,20251123,41,11,08,41_20318329,2,570,41016902,20251123154124,4177532,20251123162020,4111588,0,01,1,22980,2336,N
20251123,M7731,41016902,20251123,41,11,08,41_20328733,2,570,41016902,20251123161654,4177637,20251123164356,4111588,0,01,1,25830,1622,N
20251123,M7731,41016902,20251123,41,11,08,41_20336429,2,570,41016902,20251123211718,4177448,20251123214938,4109162,0,01,1,27170,1940,N
20251123,M7731,41016902,20251123,41,11,08,41_20340137,1,570,41016902,20251123140006,4177637,20251123142817,4116130,0,01,1,28090,1691,N
20251123,M7731,41016902,20251123,41,11,08,41_20349679,2,570,41016902,20251123213828,4177448,20251123220648,4111588,0,01,1,22120,1700,N
20251123,M7731,41016902,20251123,41,11,08,41_20353000,2,570,41016902,20251123162539,4177637,20251123165241,4111588,0,01,1,25830,1622,N
20251123,M7731,41016902,20251123,41,11,08,41_20391474,2,570,41016902,20251123212645,4177448,20251123215905,4109162,0,01,1,27170,1940,N
20251123,M7731,41016902,20251123,41,11,08,41_20399413,1,570,41016902,20251123115146,4177532,20251123121943,4116126,0,01,1,24000,1677,N
20251123,M7731,41016902,20251123,41,11,08,41_20401809,2,570,41016902,20251123084556,4177448,20251123093532,4111588,0,01,1,22120,2976,N
20251123,M7731,41016902,20251123,41,11,08,41_20439718,1,570,41016902,20251123120205,4110935,20251123122331,4111588,0,01,1,28710,1286,N
20251123,M7731,41016902,20251123,41,11,08,41_20504680,1,570,41016902,20251123212459,4177448,20251123214917,4111588,0,01,1,22120,1458,N
20251123,M7731,41016902,20251123,41,11,08,41_20520763,2,570,41016902,20251123123207,4177448,20251123131529,4116130,0,01,1,24380,2602,N
20251123,M7731,41016902,20251123,41,11,08,41_20533595,2,570,41016902,20251123162642,4177532,20251123165948,4111588,0,01,1,22980,1986,N
20251123,M7731,41016902,20251123,41,11,08,41_20562229,1,570,41016902,20251123123223,4177448,20251123131240,4116126,0,01,1,23140,2417,N
20251123,M7731,41016902,20251123,41,11,08,41_2056830,2,570,41016902,20251123201249,4106836,20251123204747,4111588,0,01,1,24330,2098,N
20251123,M7731,41016902,20251123,41,11,08,41_20569608,2,570,41016902,20251123211259,4106836,20251123215213,4116126,0,01,1,25350,2354,N
20251123,M7731,41016902,20251123,41,11,08,41_20574112,1,570,41016902,20251123212459,4177532,20251123220751,4111588,0,01,1,22980,2572,N
20251123,M7731,41016902,20251123,41,11,08,41_20589570,2,570,41016902,20251123201216,4106836,20251123204446,4111588,0,01,1,24330,1950,N
20251123,M7731,41016902,20251123,41,11,08,41_20621215,1,570,41016902,20251123095104,4177637,20251123101927,4116126,0,01,1,26850,1703,N
20251123,M7731,41016902,20251123,41,11,08,41_20625345,2,570,41016902,20251123230944,4110935,20251123233708,4111588,0,01,1,28710,1644,N
20251123,M7731,41016902,20251123,41,11,08,41_20625345,2,570,41016902,20251123235010,4110935,20251124001734,4111588,0,01,1,28710,1644,N
20251123,M7731,41016902,20251123,41,11,08,41_20642954,1,570,41016902,20251123230440,4177448,20251123233839,4111588,0,01,1,22120,2039,N
20251123,M7731,41016902,20251123,41,11,08,41_20661069,2,570,41016902,20251123193809,4106836,20251123202245,4111588,0,01,1,24330,2676,N
20251123,M7731,41016902,20251123,41,11,08,41_20661097,2,570,41016902,20251123095104,4177637,20251123101957,4111588,0,01,1,25830,1733,N
20251123,M7731,41016902,20251123,41,11,08,41_20667234,1,570,41016902,20251123201926,4177532,20251123205524,4111588,0,01,1,22980,2158,N
20251123,M7731,41016902,20251123,41,11,08,41_20669585,2,570,41016902,20251123211716,4177532,20251123214703,4116126,0,01,1,24000,1787,N
20251123,M7731,41016902,20251123,41,11,08,41_20689461,2,570,41016902,20251123104000,4177448,20251123110405,4111588,0,01,1,22120,1445,N
20251123,M7731,41016902,20251123,41,11,08,41_20690388,2,570,41016902,20251123082041,4110935,20251123085509,4111588,0,01,1,28710,2068,N
20251123,M7731,41016902,20251123,41,11,08,41_20693427,2,570,41016902,20251123132042,4177448,20251123140115,4116126,0,01,1,23140,2433,N
20251123,M7731,41016902,20251123,41,11,08,41_20700208,2,570,41016902,20251123085311,4106836,20251123092811,4116126,0,01,1,25350,2100,N
20251123,M7731,41016902,20251123,41,11,08,41_20702864,1,570,41016902,20251123183248,4106836,20251123191235,4111588,0,01,1,24330,2387,N
20251123,M7731,41016902,20251123,41,11,08,41_20715918,2,570,41016902,20251123202811,4106836,20251123205705,4116130,1,01,1,26590,1734,N
20251123,M7731,41016902,20251123,41,11,08,41_20742426,2,570,41016902,20251123130320,4177532,20251123133708,4111588,0,01,1,22980,2028,N
20251123,M7731,41016902,20251123,41,11,08,41_20745459,2,570,41016902,20251123155336,4177637,20251123163048,4111588,0,01,1,25830,2232,N
20251123,M7731,41016902,20251123,41,11,08,41_20748740,2,570,41016902,20251123182506,4106836,20251123191139,4116126,0,01,1,25350,2793,N
20251123,M7731,41016902,20251123,41,11,08,41_2075272,1,570,41016902,20251123105032,4106836,20251123113735,4116126,1,01,1,25350,2823,N
20251123,M7731,41016902,20251123,41,11,08,41_2075272,1,570,41016902,20251123171035,4106836,20251123174545,4116126,0,01,1,25350,2110,N
20251123,M7731,41016902,20251123,41,11,08,41_20761611,1,570,41016902,20251123234000,4177448,20251124002353,4116126,0,01,1,23140,2633,N
20251123,M7731,41016902,20251123,41,11,08,41_20816213,1,570,41016902,20251123111711,4106836,20251123115434,4111588,0,01,1,24330,2243,N
20251123,M7731,41016902,20251123,41,11,08,41_2084928,1,570,41016902,20251123125007,4177637,20251123133145,4111588,0,01,1,25830,2498,N
20251123,M7731,41016902,20251123,41,11,08,41_20879376,2,570,41016902,20251123125337,4106836,20251123133759,4116126,0,01,1,25350,2662,N
20251123,M7731,41016902,20251123,41,11,08,41_20884598,1,570,41016902,20251123163759,4177532,20251123171042,4111588,0,01,1,22980,1963,N
20251123,M7731,41016902,20251123,41,11,08,41_2090959,2,570,41016902,20251123202041,4177448,20251123205101,4111588,0,01,1,22120,1820,N
20251123,M7731,41016902,20251123,41,11,08,41_20914028,2,570,41016902,20251123122217,4106836,20251123131151,4111588,0,01,1,24330,2974,N
20251123,M7731,41016902,20251123,41,11,08,41_20918631,2,570,41016902,20251123150703,4177532,20251123153644,4111588,0,01,1,22980,1781,N
20251123,M7731,41016902,20251123,41,11,08,41_2095174,2,570,41016902,20251123112548,4177510,20251123121915,4111588,0,01,1,29500,3207,N
20251123,M7731,41016902,20251123,41,11,08,41_2098833,2,570,41016902,20251123201746,4177510,20251123211127,4111588,0,01,1,29500,3221,N
20251123,M7731,41016902,20251123,41,11,08,41_21019169,2,570,41016902,20251123172022,4177448,20251123175452,4116126,0,01,1,23140,2070,N
20251123,M7731,41016902,20251123,41,11,08,41_21019169,2,570,41016902,20251123181007,4177448,20251123184600,4116126,0,01,1,23140,2153,N
20251123,M7731,41016902,20251123,41,11,08,41_21029419,2,570,41016902,20251123200520,4177510,20251123210112,4111588,0,01,1,29500,3352,N
20251123,M7731,41016902,20251123,41,11,08,41_21062049,2,570,41016902,20251123122723,4110935,20251123131133,4111588,0,01,1,28710,2650,N
20251123,M7731,41016902,20251123,41,11,08,41_21065045,1,570,41016902,20251123204052,4177532,20251123211456,4111588,0,01,1,22980,2044,N
20251123,M7731,41016902,20251123,41,11,08,41_2107862,2,570,41016902,20251123095757,4107446,20251123101342,4111588,0,01,1,27870,945,N
20251123,M7731,41016902,20251123,41,11,08,41_21125812,2,570,41016902,20251123172510,4177448,20251123175426,4111588,0,01,1,22120,1756,N
20251123,M7731,41016902,20251123,41,11,08,41_21133520,2,570,41016902,20251123185105,4106836,20251123192651,4111588,0,01,1,24330,2146,N
20251123,M7731,41016902,20251123,41,11,08,41_21146563,2,570,41016902,20251123151658,4177532,20251123154412,4111588,0,01,1,22980,1634,N
20251123,M7731,41016902,20251123,41,11,08,41_21156934,2,570,41016902,20251123223421,4106836,20251123230418,4116126,0,01,1,25350,1797,N
20251123,M7731,41016902,20251123,41,11,08,41_2117714,1,570,41016902,20251123122502,4106836,20251123124444,4116130,0,01,1,26590,1182,N
20251123,M7731,41016902,20251123,41,41,08,41_21180900,2,570,41016902,20251123073803,4110935,20251123075925,4177448,0,01,1,6590,1282,N
20251123,M7731,41016902,20251123,41,41,08,41_21180900,2,570,41016902,20251123090216,4110935,20251123092528,4177448,0,01,1,6590,1392,N
20251123,M7731,41016902,20251123,41,11,08,41_21185282,2,570,41016902,20251123073029,4110868,20251123080401,4111588,0,01,1,26980,2012,N
20251123,M7731,41016902,20251123,41,11,08,41_21211435,2,570,41016902,20251123170843,4177532,20251123174532,4111588,0,01,1,22980,2209,N
20251123,M7731,41016902,20251123,41,11,08,41_21242299,2,570,41016902,20251123162155,4106836,20251123171206,4116126,0,01,1,25350,3011,N
20251123,M7731,41016902,20251123,41,11,08,41_21242299,2,570,41016902,20251123192933,4106836,20251123202237,4116126,0,01,1,25350,3184,N
20251123,M7731,41016902,20251123,41,11,08,41_21247119,2,570,41016902,20251123093941,4177448,20251123102108,4111588,0,01,1,22120,2487,N
20251123,M7731,41016902,20251123,41,11,08,41_2136678,2,570,41016902,20251123170336,4106836,20251123173913,4111588,1,01,1,24330,2137,N
20251123,M7731,41016902,20251123,41,11,08,41_2141980,2,570,41016902,20251123140225,4177448,20251123143908,4111588,0,01,1,22120,2203,N
20251123,M7731,41016902,20251123,41,41,08,41_21424180,2,570,41016902,20251123153428,4107446,20251123155001,4177448,0,01,1,5750,933,N
20251123,M7731,41016902,20251123,41,11,08,41_21450320,1,570,41016902,20251123142756,4106836,20251123151509,4111588,0,01,1,24330,2833,N
20251123,M7731,41016902,20251123,41,11,08,41_21484254,2,570,41016902,20251123153056,4177637,20251123160425,4111588,0,01,2,25830,2009,N
20251123,M7731,41016902,20251123,41,11,08,41_21488526,1,570,41016902,20251123094717,4177637,20251123102803,4111588,0,01,1,25830,2446,N
20251123,M7731,41016902,20251123,41,11,08,41_21510478,1,570,41016902,20251123065000,4106836,20251123072901,4111588,0,01,1,24330,2341,N
20251123,M7731,41016902,20251123,41,11,08,41_21517800,2,570,41016902,20251123173113,4177448,20251123180449,4111588,0,01,1,22120,2016,N
20251123,M7731,41016902,20251123,41,11,08,41_21520923,2,570,41016902,20251123100946,4106836,20251123110404,4109162,0,01,1,29380,3258,N
20251123,M7731,41016902,20251123,41,11,08,41_21530028,1,570,41016902,20251123122524,4106836,20251123130008,4111588,0,01,1,24330,2084,N
20251123,M7731,41016902,20251123,41,11,08,41_21652821,1,570,41016902,20251123094442,4107446,20251123101530,4111588,0,01,1,27870,1848,N
20251123,M7731,41016902,20251123,41,11,08,41_21660006,2,570,41016902,20251123190824,4106836,20251123193921,4111598,0,01,1,27620,1857,N
20251123,M7731,41016902,20251123,41,11,08,41_21702752,2,570,41016902,20251123151431,4177532,20251123154521,4111588,0,01,1,22980,1850,N
20251123,M7731,41016902,20251123,41,11,08,41_21763376,2,570,41016902,20251123152443,4177532,20251123160446,4111588,0,01,1,22980,2403,N
20251123,M7731,41016902,20251123,41,41,08,41_21764656,2,570,41016902,20251123161738,4102447,20251123162508,4107447,0,01,1,2160,450,N
20251123,M7731,41016902,20251123,41,11,08,41_21863464,2,570,41016902,20251123151814,4177637,20251123155128,4111588,0,01,1,25830,1994,N
20251123,M7731,41016902,20251123,41,11,08,41_21873192,1,570,41016902,20251123222134,4177532,20251123224917,4111588,0,01,1,22980,1663,N
20251123,M7731,41016902,20251123,41,41,08,41_21877259,2,570,41016902,20251123191016,4177533,20251123191540,4106837,0,01,1,1360,324,N
20251123,M7731,41016902,20251123,41,11,08,41_21900938,1,570,41016902,20251123181851,4177448,20251123190048,4111588,0,01,1,22120,2517,N
20251123,M7731,41016902,20251123,41,11,08,41_21959294,2,570,41016902,20251123120717,4106836,20251123124449,4116126,1,01,1,25350,2252,N
20251123,M7731,41016902,20251123,41,11,08,41_21987695,1,570,41016902,20251123124246,4177532,20251123132227,4116130,0,01,1,25240,2381,N
20251123,M7731,41016902,20251123,41,11,08,41_22004061,2,570,41016902,20251123155647,4177532,20251123163207,4111588,0,01,1,22980,2120,N
20251123,M7731,41016902,20251123,41,11,08,41_22007497,2,570,41016902,20251123092248,4177448,20251123095259,4116126,0,01,1,23140,1811,N
20251123,M7731,41016902,20251123,41,41,08,41_22040253,2,570,41016902,20251123181532,4106836,20251123182436,4177448,0,01,1,2210,544,N
20251123,M7731,41016902,20251123,41,11,08,41_22066227,2,570,41016902,20251123145641,4177510,20251123152921,4111588,0,01,1,29500,1960,N
20251123,M7731,41016902,20251123,41,11,08,41_2206906,2,570,41016902,20251123110110,4177448,20251123113046,4116126,0,01,1,23140,1776,N
20251123,M7731,41016902,20251123,41,11,08,41_22097105,2,570,41016902,20251123155638,4177532,20251123164248,4111588,0,01,1,22980,2770,N
20251123,M7731,41016902,20251123,41,11,08,41_22112891,2,570,41016902,20251123130431,4177532,20251123133110,4111588,0,01,1,22980,1599,N
20251123,M7731,41016902,20251123,41,11,08,41_2212407,1,570,41016902,20251123174303,4106836,20251123181933,4111588,0,01,1,24330,2190,N
20251123,M7731,41016902,20251123,41,41,08,41_22136405,2,570,41016902,20251123090317,4123056,20251123091115,4102447,2,01,1,3320,478,N
20251123,M7731,41016902,20251123,41,11,08,41_22170571,2,570,41016902,20251123120953,4177532,20251123124349,4111588,0,01,1,22980,2036,N
20251123,M7731,41016902,20251123,41,41,08,41_22170614,2,570,41016902,20251123080447,4110935,20251123083920,4177448,0,01,1,6590,2073,N
20251123,M7731,41016902,20251123,41,41,08,41_22170614,2,570,41016902,20251123103940,4110935,20251123112137,4177448,0,01,1,6590,2517,N
20251123,M7731,41016902,20251123,41,11,08,41_22180755,2,570,41016902,20251123114711,4177448,20251123121156,4111588,0,01,1,22120,1485,N
20251123,M7731,41016902,20251123,41,11,08,41_22213094,2,570,41016902,20251123170745,4177532,20251123174215,4111588,0,01,1,22980,2070,N
20251123,M7731,41016902,20251123,41,11,08,41_22216606,2,570,41016902,20251123142447,4106836,20251123150154,4111588,1,01,1,24330,2227,N
20251123,M7731,41016902,20251123,41,11,08,41_2222562,1,570,41016902,20251123203639,4177448,20251123205907,4111588,0,01,1,22120,1348,N
20251123,M7731,41016902,20251123,41,11,08,41_22235582,2,570,41016902,20251123163110,4106836,20251123170840,4111588,1,01,1,24330,2250,N
20251123,M7731,41016902,20251123,41,11,08,41_22279505,2,570,41016902,20251123144127,4106836,20251123151636,4111588,0,01,1,24330,2109,N
20251123,M7731,41016902,20251123,41,11,08,41_22296575,2,570,41016902,20251123182742,4177532,20251123190155,4111588,0,01,1,22980,2053,N
20251123,M7731,41016902,20251123,41,11,08,41_22345467,2,570,41016902,20251123081434,4177532,20251123090135,4111588,0,01,1,22980,2821,N
20251123,M7731,41016902,20251123,41,11,08,41_22372232,2,570,41016902,20251123193817,4106836,20251123201244,4111588,0,01,1,24330,2067,N
20251123,M7731,41016902,20251123,41,11,08,41_22373269,1,570,41016902,20251123081017,4177532,20251123085718,4111588,0,01,1,22980,2821,N
20251123,M7731,41016902,20251123,41,41,08,41_22490863,2,570,41016902,20251123091034,4177637,20251123092056,4177448,0,01,1,3710,622,N
20251123,M7731,41016902,20251123,41,11,08,41_22504193,2,570,41016902,20251123195527,4177637,20251123202903,4111588,0,01,1,25830,2016,N
20251123,M7731,41016902,20251123,41,11,08,41_22506549,2,570,41016902,20251123083945,4107446,20251123092449,4116126,0,01,1,28890,2704,N
20251123,M7731,41016902,20251123,41,11,08,41_22560568,1,570,41016902,20251123141312,4177532,20251123143911,4116126,0,01,1,24000,1559,N
20251123,M7731,41016902,20251123,41,11,08,41_2259586,2,570,41016902,20251123113331,4106836,20251123121942,4111588,0,01,1,24330,2771,N
20251123,M7731,41016902,20251123,41,11,08,41_22671120,2,570,41016902,20251123092605,4106836,20251123100806,4116126,1,01,1,25350,2521,N
20251123,M7731,41016902,20251123,41,11,08,41_22694389,2,570,41016902,20251123080001,4106836,20251123091147,4111588,0,01,1,24330,4306,N
20251123,M7731,41016902,20251123,41,11,08,41_22712636,1,570,41016902,20251123063026,4177448,20251123071432,4111588,0,01,1,22120,2646,N
20251123,M7731,41016902,20251123,41,41,08,41_22713436,2,570,41016902,20251123090625,4106837,20251123091505,4102447,0,01,1,1380,520,N
20251123,M7731,41016902,20251123,41,11,08,41_22720705,1,570,41016902,20251123150426,4177532,20251123153335,4111588,0,01,1,22980,1749,N
20251123,M7731,41016902,20251123,41,11,08,41_22722322,2,570,41016902,20251123130655,4106836,20251123133359,4111588,0,01,1,24330,1624,N
20251123,M7731,41016902,20251123,41,11,08,41_2274444,2,570,41016902,20251123135739,4106836,20251123144350,4111588,0,01,1,24330,2771,N
20251123,M7731,41016902,20251123,41,11,08,41_22753842,2,570,41016902,20251123141508,4177637,20251123145938,4116126,0,01,1,26850,2670,N
20251123,M7731,41016902,20251123,41,11,08,41_22765764,1,570,41016902,20251123150608,4106836,20251123154335,4111588,0,01,1,24330,2247,N
20251123,M7731,41016902,20251123,41,11,08,41_22821399,2,570,41016902,20251123165055,4177448,20251123172300,4111588,0,01,1,22120,1925,N
20251123,M7731,41016902,20251123,41,11,08,41_22821399,2,570,41016902,20251123204159,4106836,20251123212445,4111588,1,01,1,24330,2566,N
20251123,M7731,41016902,20251123,41,11,08,41_22832274,1,570,41016902,20251123181547,4177532,20251123185238,4111588,0,01,1,22980,2211,N
20251123,M7731,41016902,20251123,41,11,08,41_22850612,1,570,41016902,20251123180842,4177532,20251123185336,4111588,0,01,1,22980,2694,N
20251123,M7731,41016902,20251123,41,11,08,41_22855073,1,570,41016902,20251123163016,4177532,20251123171510,4111588,0,01,1,22980,2694,N
20251123,M7731,41016902,20251123,41,11,08,41_22867878,2,570,41016902,20251123182254,4106836,20251123190519,4111588,0,01,2,24330,2545,N
20251123,M7731,41016902,20251123,41,11,08,41_22883564,2,570,41016902,20251123173040,4106836,20251123181138,4116126,0,01,1,25350,2458,N
20251123,M7731,41016902,20251123,41,11,08,41_22894091,2,570,41016902,20251123093532,4107446,20251123100659,4116130,0,01,1,30130,1887,N
20251123,M7731,41016902,20251123,41,11,08,41_22957820,1,570,41016902,20251123204728,4177532,20251123212917,4111588,0,01,1,22980,2509,N
20251123,M7731,41016902,20251123,41,11,08,41_22959984,2,570,41016902,20251123121754,4106836,20251123133014,4116126,0,01,1,25350,4340,N
20251123,M7731,41016902,20251123,41,41,08,41_22995936,2,570,41016902,20251123094110,4177637,20251123095029,4177448,0,01,1,3710,559,N
20251123,M7731,41016902,20251123,41,11,08,41_23012215,2,570,41016902,20251123070432,4177448,20251123080311,4116126,0,01,1,23140,3519,N
20251123,M7731,41016902,20251123,41,11,08,41_23012215,2,570,41016902,20251123080954,4177448,20251123084106,4116126,0,01,1,23140,1872,N
20251123,M7731,41016902,20251123,41,11,08,41_23012215,2,570,41016902,20251123091040,4177448,20251123094552,4116126,0,01,1,23140,2112,N
20251123,M7731,41016902,20251123,41,11,08,41_23036078,2,570,41016902,20251123091040,4177448,20251123095202,4111588,0,01,1,22120,2482,N
20251123,M7731,41016902,20251123,41,11,08,41_23065140,2,570,41016902,20251123223355,4106836,20251123230232,4111588,0,01,1,24330,1717,N
20251123,M7731,41016902,20251123,41,11,08,41_23130240,2,570,41016902,20251123173523,4177532,20251123180624,4111588,0,01,1,22980,1861,N
20251123,M7731,41016902,20251123,41,11,08,41_23130818,2,570,41016902,20251123173523,4177532,20251123181739,4116126,0,01,1,24000,2536,N
20251123,M7731,41016902,20251123,41,11,08,41_23134997,2,570,41016902,20251123173523,4177510,20251123181739,4116126,0,01,1,30520,2536,N
20251123,M7731,41016902,20251123,41,11,08,41_23197777,2,570,41016902,20251123195853,4177532,20251123202621,4111588,0,01,1,22980,1648,N
20251123,M7731,41016902,20251123,41,11,08,41_23203727,2,570,41016902,20251123152911,4177637,20251123160249,4111588,0,01,1,25830,2018,N
20251123,M7731,41016902,20251123,41,41,08,41_23245070,2,570,41016902,20251123122515,4107446,20251123124556,4177532,0,01,1,4890,1241,N
20251123,M7731,41016902,20251123,41,41,08,41_23245070,2,570,41016902,20251123125255,4107446,20251123131336,4177532,0,01,1,4890,1241,N
20251123,M7731,41016902,20251123,41,11,08,41_23257115,2,570,41016902,20251123180817,4177532,20251123183752,4111588,0,01,1,22980,1775,N
20251123,M7731,41016902,20251123,41,41,08,41_23268568,2,570,41016902,20251123144249,4106837,20251123145933,4110934,0,01,1,4440,1004,N
20251123,M7731,41016902,20251123,41,11,08,41_23294296,1,570,41016902,20251123194845,4106836,20251123202043,4116126,0,01,1,25350,1918,N
20251123,M7731,41016902,20251123,41,11,08,41_23308730,1,570,41016902,20251123215426,4177532,20251123223550,4111588,0,01,1,22980,2484,N
20251123,M7731,41016902,20251123,41,11,08,41_23355773,2,570,41016902,20251123214932,4177448,20251123223056,4116126,0,01,1,23140,2484,N
20251123,M7731,41016902,20251123,41,11,08,41_23373787,2,570,41016902,20251123070707,4177448,20251123073757,4111588,0,01,1,22120,1850,N
20251123,M7731,41016902,20251123,41,11,08,41_2338579,2,570,41016902,20251123211532,4106836,20251123222059,4111588,0,01,1,24330,3927,N
20251123,M7731,41016902,20251123,41,11,08,41_2341956,2,570,41016902,20251123091920,4177532,20251123094857,4111588,0,01,1,22980,1777,N
20251123,M7731,41016902,20251123,41,11,08,41_23420875,2,570,41016902,20251123182357,4106836,20251123185220,4111588,0,01,1,24330,1703,N
20251123,M7731,41016902,20251123,41,11,08,41_23443979,2,570,41016902,20251123164031,4177637,20251123170014,4116130,0,01,1,28090,1183,N
20251123,M7731,41016902,20251123,41,11,08,41_23462512,2,570,41016902,20251123104927,4106836,20251123113101,4116126,0,01,1,25350,2494,N
20251123,M7731,41016902,20251123,41,11,08,41_23462512,2,570,41016902,20251123130040,4106836,20251123134439,4116126,0,01,1,25350,2639,N
20251123,M7731,41016902,20251123,41,11,08,41_23480838,2,570,41016902,20251123101109,4106836,20251123104350,4111588,0,01,1,24330,1961,N
20251123,M7731,41016902,20251123,41,11,08,41_23489062,2,570,41016902,20251123113952,4177448,20251123115948,4116126,0,01,1,23140,1196,N
20251123,M7731,41016902,20251123,41,11,08,41_23493320,1,570,41016902,20251123162311,4177637,20251123164254,4116130,0,01,1,28090,1183,N
20251123,M7731,41016902,20251123,41,11,08,41_23595134,2,570,41016902,20251123211003,4177532,20251123213702,4111588,0,01,1,22980,1619,N
20251123,M7731,41016902,20251123,41,11,08,41_2361705,1,570,41016902,20251123204956,4106836,20251123212351,4116126,0,01,1,25350,2035,N
20251123,M7731,41016902,20251123,41,11,08,41_23624909,2,570,41016902,20251123144452,4177532,20251123150816,4116126,0,01,1,24000,1404,N
20251123,M7731,41016902,20251123,41,11,08,41_23661778,2,570,41016902,20251123170638,4177532,20251123173344,4111588,0,01,1,22980,1626,N
20251123,M7731,41016902,20251123,41,11,08,41_23671015,2,570,41016902,20251123223621,4106836,20251123225853,4111588,0,01,1,24330,1352,N
20251123,M7731,41016902,20251123,41,11,08,41_23688616,1,570,41016902,20251123143502,4177532,20251123145826,4111588,0,01,1,22980,1404,N
20251123,M7731,41016902,20251123,41,41,08,41_23772270,1,570,41016902,20251123160001,4110935,20251123162737,4177448,0,01,1,6590,1656,N
20251123,M7731,41016902,20251123,41,11,08,41_23779443,2,570,41016902,20251123201809,4106836,20251123210124,4111588,0,01,1,24330,2595,N
20251123,M7731,41016902,20251123,41,11,08,41_23798003,2,570,41016902,20251123124203,4106836,20251123131756,4111588,0,01,1,24330,2153,N
20251123,M7731,41016902,20251123,41,11,08,41_23807203,1,570,41016902,20251123151427,4177532,20251123154942,4111588,0,01,1,22980,2115,N
20251123,M7731,41016902,20251123,41,11,08,41_23816420,2,570,41016902,20251123121025,4110935,20251123124159,4111588,0,01,1,28710,1894,N
20251123,M7731,41016902,20251123,41,11,08,41_23820787,1,570,41016902,20251123193111,4177448,20251123200626,4111598,0,01,1,25410,2115,N
20251123,M7731,41016902,20251123,41,11,08,41_23832843,2,570,41016902,20251123153515,4177532,20251123161214,4116126,0,01,1,24000,2219,N
20251123,M7731,41016902,20251123,41,41,08,41_23890532,2,570,41016902,20251123121047,4110935,20251123122307,4106836,0,01,1,4380,740,N
20251123,M7731,41016902,20251123,41,11,08,41_23903377,2,570,41016902,20251123211524,4177448,20251123214640,4111588,0,01,1,22120,1876,N
20251123,M7731,41016902,20251123,41,11,08,41_23903570,2,570,41016902,20251123122922,4177448,20251123130637,4111588,0,01,1,22120,2235,N
20251123,M7731,41016902,20251123,41,11,08,41_23928883,2,570,41016902,20251123142735,4177637,20251123152333,4111588,0,01,1,25830,3358,N
20251123,M7731,41016902,20251123,41,11,08,41_23970577,2,570,41016902,20251123100949,4106836,20251123105254,4111588,0,01,1,24330,2585,N
20251123,M7731,41016902,20251123,41,11,08,41_23970577,2,570,41016902,20251123111619,4106836,20251123115707,4111588,0,01,1,24330,2448,N
20251123,M7731,41016902,20251123,41,41,08,41_24041318,2,570,41016902,20251123140659,4177510,20251123143706,4177448,0,01,1,7380,1807,N
20251123,M7731,41016902,20251123,41,11,08,41_24044310,2,570,41016902,20251123134601,4177448,20251123141608,4116126,0,01,1,23140,1807,N
20251123,M7731,41016902,20251123,41,11,08,41_2405592,2,570,41016902,20251123091917,4106836,20251123100848,4111588,1,01,1,24330,2971,N
20251123,M7731,41016902,20251123,41,41,08,41_24062057,2,570,41016902,20251123172026,4123056,20251123172903,4102447,2,01,1,3320,517,N
20251123,M7731,41016902,20251123,41,11,08,41_24127728,2,570,41016902,20251123220615,4177448,20251123223214,4111588,0,01,1,22120,1559,N
20251123,M7731,41016902,20251123,41,11,08,41_24152770,2,570,41016902,20251123095440,4177637,20251123102704,4111588,0,01,1,25830,1944,N
20251123,M7731,41016902,20251123,41,11,08,41_24152983,2,570,41016902,20251123221828,4177448,20251123224618,4116126,0,01,1,23140,1670,N
20251123,M7731,41016902,20251123,41,11,08,41_24172499,2,570,41016902,20251123191720,4106836,20251123194117,4116126,0,01,1,25350,1437,N
20251123,M7731,41016902,20251123,41,11,08,41_24199035,1,570,41016902,20251123123848,4177637,20251123130707,4111588,0,01,1,25830,1699,N
20251123,M7731,41016902,20251123,41,11,08,41_24249256,2,570,41016902,20251123154950,4177532,20251123161735,4111588,0,01,1,22980,1665,N
20251123,M7731,41016902,20251123,41,11,08,41_24290571,2,570,41016902,20251123171046,4106836,20251123174528,4116126,0,01,1,25350,2082,N
20251123,M7731,41016902,20251123,41,11,08,41_24295903,2,570,41016902,20251123091024,4106836,20251123094541,4111588,0,01,1,24330,2117,N
20251123,M7731,41016902,20251123,41,11,08,41_24317484,2,570,41016902,20251123175030,4177532,20251123184456,4111588,0,01,1,22980,3266,N
20251123,M7731,41016902,20251123,41,11,08,41_24380652,1,570,41016902,20251123174531,4177532,20251123183957,4111588,0,01,1,22980,3266,N
20251123,M7731,41016902,20251123,41,11,08,41_24388164,1,570,41016902,20251123152422,4106836,20251123160024,4111588,0,01,1,24330,2162,N
20251123,M7731,41016902,20251123,41,11,08,41_24404955,2,570,41016902,20251123072234,4177448,20251123082643,4111588,0,01,1,22120,3849,N
20251123,M7731,41016902,20251123,41,11,08,41_24418287,2,570,41016902,20251123071604,4106836,20251123081010,4111588,0,01,1,24330,3246,N
20251123,M7731,41016902,20251123,41,11,08,41_24418287,2,570,41016902,20251123144240,4177532,20251123151836,4111588,0,01,1,22980,2156,N
20251123,M7731,41016902,20251123,41,11,08,41_24439669,2,570,41016902,20251123170430,4177637,20251123174051,4111588,0,01,1,25830,2181,N
20251123,M7731,41016902,20251123,41,11,08,41_24460145,2,570,41016902,20251123202420,4177448,20251123205040,4111588,0,01,1,22120,1580,N
20251123,M7731,41016902,20251123,41,41,08,41_24460399,2,570,41016902,20251123062659,4107446,20251123064532,4177532,0,01,1,4890,1113,N
20251123,M7731,41016902,20251123,41,41,08,41_24460399,2,570,41016902,20251123070309,4107446,20251123072001,4177532,0,01,1,4890,1012,N
20251123,M7731,41016902,20251123,41,11,08,41_24497778,2,570,41016902,20251123144236,4177532,20251123151116,4116126,0,01,1,24000,1720,N
20251123,M7731,41016902,20251123,41,11,08,41_24524375,2,570,41016902,20251123124230,4106836,20251123130837,4111588,0,01,1,24330,1567,N
20251123,M7731,41016902,20251123,41,11,08,41_24527738,2,570,41016902,20251123115005,4177510,20251123121510,4111588,0,01,1,29500,1505,N
20251123,M7731,41016902,20251123,41,11,08,41_24548089,2,570,41016902,20251123115718,4177532,20251123122223,4116126,0,01,1,24000,1505,N
20251123,M7731,41016902,20251123,41,11,08,41_2457562,1,570,41016902,20251123124651,4177637,20251123130034,4116126,0,01,1,26850,823,N
20251123,M7731,41016902,20251123,41,11,08,41_24578036,1,570,41016902,20251123125104,4177532,20251123131441,4111588,0,01,1,22980,1417,N
20251123,M7731,41016902,20251123,41,11,08,41_24586765,2,570,41016902,20251123171922,4106836,20251123175255,4111588,0,01,1,24330,2013,N
20251123,M7731,41016902,20251123,41,11,08,41_24602435,2,570,41016902,20251123201715,4177532,20251123204953,4111588,0,01,1,22980,1958,N
20251123,M7731,41016902,20251123,41,11,08,41_24635464,2,570,41016902,20251123205038,4177448,20251123211320,4111588,0,01,1,22120,1362,N
20251123,M7731,41016902,20251123,41,11,08,41_2463755,2,570,41016902,20251123173643,4106836,20251123175311,4116126,0,01,1,25350,988,N
20251123,M7731,41016902,20251123,41,11,08,41_24652883,1,570,41016902,20251123150600,4177637,20251123154211,4111599,0,01,1,29770,2171,N
20251123,M7731,41016902,20251123,41,11,08,41_24658838,2,570,41016902,20251123175358,4177448,20251123182018,4116126,0,01,1,23140,1580,N
20251123,M7731,41016902,20251123,41,11,08,41_24668310,1,570,41016902,20251123100643,4177510,20251123105537,4111588,0,01,1,29500,2934,N
20251123,M7731,41016902,20251123,41,11,08,41_24669770,2,570,41016902,20251123150600,4177637,20251123154432,4116126,0,01,1,26850,2312,N
20251123,M7731,41016902,20251123,41,11,08,41_24692285,2,570,41016902,20251123200528,4106836,20251123203806,4116126,0,01,1,25350,1958,N
20251123,M7731,41016902,20251123,41,11,08,41_24696994,2,570,41016902,20251123100048,4177510,20251123104942,4111588,0,01,1,29500,2934,N
20251123,M7731,41016902,20251123,41,11,08,41_24718583,2,570,41016902,20251123121642,4177448,20251123124527,4111588,0,01,1,22120,1725,N
20251123,M7731,41016902,20251123,41,11,08,41_24727877,2,570,41016902,20251123121642,4177448,20251123125049,4116126,0,01,1,23140,2047,N
20251123,M7731,41016902,20251123,41,11,08,41_24815405,2,570,41016902,20251123090652,4110935,20251123101114,4111588,0,01,1,28710,3862,N
20251123,M7731,41016902,20251123,41,11,08,41_24817758,2,570,41016902,20251123090652,4110935,20251123102422,4111588,0,01,1,28710,4650,N
20251123,M7731,41016902,20251123,41,41,08,41_24849584,2,570,41016902,20251123094025,4177637,20251123094452,4177448,0,01,1,3710,267,N
20251123,M7731,41016902,20251123,41,11,08,41_24871054,2,570,41016902,20251123143928,4177532,20251123152250,4116126,0,01,1,24000,2602,N
20251123,M7731,41016902,20251123,41,11,08,41_24883004,1,570,41016902,20251123160251,4177532,20251123162732,4111588,0,01,1,22980,1481,N
20251123,M7731,41016902,20251123,41,11,08,41_24887992,2,570,41016902,20251123120824,4106836,20251123130528,4111588,0,01,1,24330,3424,N
20251123,M7731,41016902,20251123,41,11,08,41_24899373,1,570,41016902,20251123070653,4110935,20251123082423,4111588,0,01,1,28710,4650,N
20251123,M7731,41016902,20251123,41,11,08,41_24967325,1,570,41016902,20251123204024,4177448,20251123210501,4111588,0,01,1,22120,1477,N
20251123,M7731,41016902,20251123,41,11,08,41_24980483,2,570,41016902,20251123121604,4177532,20251123125157,4111588,0,01,1,22980,2153,N
20251123,M7731,41016902,20251123,41,11,08,41_24985117,1,570,41016902,20251123121550,4177532,20251123125143,4111588,0,01,1,22980,2153,N
20251123,M7731,41016902,20251123,41,11,08,41_24985117,1,570,41016902,20251123212155,4177532,20251123220023,4111588,0,01,1,22980,2308,N
20251123,M7731,41016902,20251123,41,11,08,41_25015133,1,570,41016902,20251123121445,4177637,20251123132045,4111588,0,01,1,25830,3960,N
20251123,M7731,41016902,20251123,41,11,08,41_25035334,2,570,41016902,20251123183646,4177532,20251123190536,4111588,0,01,1,22980,1730,N
20251123,M7731,41016902,20251123,41,11,08,41_25050028,2,570,41016902,20251123171718,4177532,20251123174707,4111588,0,01,1,22980,1789,N
20251123,M7731,41016902,20251123,41,11,08,41_25053395,2,570,41016902,20251123171718,4177532,20251123181533,4111599,0,01,1,26920,3495,N
20251123,M7731,41016902,20251123,41,41,08,41_25062375,2,570,41016902,20251123120106,4123056,20251123120932,4102447,2,01,1,3320,506,N
20251123,M7731,41016902,20251123,41,11,08,41_25062375,2,570,41016902,20251123170030,4177637,20251123174721,4111588,0,01,1,25830,2811,N
20251123,M7731,41016902,20251123,41,11,08,41_25078184,2,570,41016902,20251123131038,4106836,20251123134313,4111588,0,01,1,24330,1955,N
20251123,M7731,41016902,20251123,41,11,08,41_25174114,2,570,41016902,20251123135131,4106836,20251123142710,4111588,0,01,1,24330,2139,N
20251123,M7731,41016902,20251123,41,11,08,41_25190978,1,570,41016902,20251123215115,4177532,20251123222855,4116126,0,01,1,24000,2260,N
20251123,M7731,41016902,20251123,41,11,08,41_25211584,1,570,41016902,20251123175424,4177532,20251123184027,4116126,0,01,1,24000,2763,N
20251123,M7731,41016902,20251123,41,11,08,41_25217228,2,570,41016902,20251123175424,4177532,20251123184027,4116126,0,01,1,24000,2763,N
20251123,M7731,41016902,20251123,41,11,08,41_2528664,2,570,41016902,20251123213924,4177448,20251123220957,4111588,0,01,1,22120,1833,N
20251123,M7731,41016902,20251123,41,11,08,41_25294085,2,570,41016902,20251123175424,4177532,20251123184027,4116130,0,01,1,25240,2763,N
20251123,M7731,41016902,20251123,41,11,08,41_25320198,2,570,41016902,20251123132000,4106836,20251123134828,4116126,0,01,1,25350,1708,N
20251123,M7731,41016902,20251123,41,11,08,41_25330286,2,570,41016902,20251123132011,4106836,20251123134516,4111588,0,01,1,24330,1505,N
20251123,M7731,41016902,20251123,41,11,08,41_25343280,2,570,41016902,20251123210539,4106836,20251123214411,4111588,0,01,1,24330,2312,N
20251123,M7731,41016902,20251123,41,11,08,41_25349205,2,570,41016902,20251123112844,4106836,20251123121800,4111588,0,01,1,24330,2956,N
20251123,M7731,41016902,20251123,41,11,08,41_25350106,2,570,41016902,20251123163201,4177532,20251123170723,4116130,0,01,1,25240,2122,N
20251123,M7731,41016902,20251123,41,11,08,41_25419963,2,570,41016902,20251123174300,4177448,20251123182434,4116126,0,01,1,23140,2494,N
20251123,M7731,41016902,20251123,41,11,08,41_25444933,2,570,41016902,20251123211039,4106836,20251123215320,4109162,0,01,1,29380,2561,N
20251123,M7731,41016902,20251123,41,11,08,41_25451055,2,570,41016902,20251123172318,4177448,20251123180452,4116126,0,01,1,23140,2494,N
20251123,M7731,41016902,20251123,41,11,08,41_25452720,1,570,41016902,20251123174120,4177448,20251123182318,4109162,0,01,1,27170,2518,N
20251123,M7731,41016902,20251123,41,11,08,41_25454593,2,570,41016902,20251123183649,4106836,20251123193304,4111588,0,01,1,24330,3375,N
20251123,M7731,41016902,20251123,41,11,08,41_25460840,2,570,41016902,20251123115111,4177532,20251123123439,4116126,0,01,1,24000,2608,N
20251123,M7731,41016902,20251123,41,11,08,41_25461159,1,570,41016902,20251123115314,4177532,20251123123642,4116130,0,01,1,25240,2608,N
20251123,M7731,41016902,20251123,41,11,08,41_25466668,2,570,41016902,20251123115111,4177532,20251123123800,4111588,0,01,1,22980,2809,N
20251123,M7731,41016902,20251123,41,11,08,41_25473516,2,570,41016902,20251123192446,4106836,20251123195613,4116126,0,01,1,25350,1887,N
20251123,M7731,41016902,20251123,41,11,08,41_25474324,2,570,41016902,20251123173526,4106836,20251123182600,4116130,0,01,1,26590,3034,N
20251123,M7731,41016902,20251123,41,11,08,41_25474324,2,570,41016902,20251123210118,4106836,20251123215941,4116130,0,01,1,26590,3503,N
20251123,M7731,41016902,20251123,41,11,08,41_25491617,2,570,41016902,20251123055048,4106836,20251123062100,4116126,1,01,1,25350,1812,N
20251123,M7731,41016902,20251123,41,11,08,41_25498835,2,570,41016902,20251123143454,4106836,20251123152102,4116126,0,01,2,25350,2768,N
20251123,M7731,41016902,20251123,41,11,08,41_25592673,2,570,41016902,20251123190338,4177532,20251123192602,4111588,0,01,1,22980,1344,N
20251123,M7731,41016902,20251123,41,11,08,41_25611616,1,570,41016902,20251123222826,4107446,20251123230309,4111588,0,01,1,27870,2083,N
20251123,M7731,41016902,20251123,41,11,08,41_25634053,1,570,41016902,20251123142436,4177532,20251123145242,4116130,0,01,1,25240,1686,N
20251123,M7731,41016902,20251123,41,11,08,41_25655330,2,570,41016902,20251123163250,4177448,20251123165714,4116126,0,01,1,23140,1464,N
20251123,M7731,41016902,20251123,41,11,08,41_25656926,2,570,41016902,20251123110247,4177532,20251123113042,4111588,0,01,1,22980,1675,N
20251123,M7731,41016902,20251123,41,11,08,41_25713315,1,570,41016902,20251123061049,4177448,20251123063036,4111588,0,01,1,22120,1187,N
20251123,M7731,41016902,20251123,41,11,08,41_25728052,2,570,41016902,20251123154747,4177532,20251123161510,4111588,0,01,1,22980,1643,N
20251123,M7731,41016902,20251123,41,11,08,41_25733299,2,570,41016902,20251123184444,4177637,20251123190926,4116126,0,01,1,26850,1482,N
20251123,M7731,41016902,20251123,41,11,08,41_25811950,2,570,41016902,20251123080721,4177532,20251123084008,4111588,0,01,1,22980,1967,N
20251123,M7731,41016902,20251123,41,11,08,41_25863660,2,570,41016902,20251124000516,4177448,20251124003729,4116130,0,01,1,24380,1933,N
20251123,M7731,41016902,20251123,41,11,08,41_25902621,1,570,41016902,20251123194117,4177448,20251123200849,4111588,0,01,1,22120,1652,N
20251123,M7731,41016902,20251123,41,11,08,41_25903206,2,570,41016902,20251123091305,4110935,20251123094347,4111588,0,01,1,28710,1842,N
20251123,M7731,41016902,20251123,41,11,08,41_25922512,1,570,41016902,20251123201427,4106836,20251123204411,4111588,0,01,1,24330,1784,N
20251123,M7731,41016902,20251123,41,11,08,41_25928142,2,570,41016902,20251123174046,4177448,20251123175924,4111588,0,01,1,22120,1118,N
20251123,M7731,41016902,20251123,41,11,08,41_25954921,2,570,41016902,20251123174209,4177448,20251123180342,4111588,0,01,1,22120,1293,N
20251123,M7731,41016902,20251123,41,11,08,41_25959072,2,570,41016902,20251123090418,4177448,20251123094053,4111588,0,01,1,22120,2195,N
20251123,M7731,41016902,20251123,41,11,08,41_25964762,1,570,41016902,20251123171318,4177532,20251123175206,4111588,0,01,1,22980,2328,N
20251123,M7731,41016902,20251123,41,41,08,41_25993636,2,570,41016902,20251123224036,4123056,20251123224942,4102447,2,01,1,3320,546,N
20251123,M7731,41016902,20251123,41,11,08,41_26026006,2,570,41016902,20251123142949,4106836,20251123145822,4111588,0,01,1,24330,1713,N
20251123,M7731,41016902,20251123,41,41,08,41_26062746,2,570,41016902,20251123122208,4106837,20251123122804,4107447,1,01,1,3540,356,N
20251123,M7731,41016902,20251123,41,41,08,41_26062746,2,570,41016902,20251123230142,4107446,20251123230617,4106836,0,01,1,3540,275,N
20251123,M7731,41016902,20251123,41,41,08,41_2606371,2,570,41016902,20251123123629,4102447,20251123124152,4110934,0,01,1,3060,323,N
20251123,M7731,41016902,20251123,41,11,08,41_2607648,2,570,41016902,20251123132437,4177510,20251123135250,4116126,0,01,1,30520,1693,N
20251123,M7731,41016902,20251123,41,11,08,41_26101033,1,570,41016902,20251123122831,4177448,20251123125838,4111588,0,01,1,22120,1807,N
20251123,M7731,41016902,20251123,41,11,08,41_26105859,2,570,41016902,20251123123043,4177448,20251123131841,4116130,0,01,1,24380,2878,N
20251123,M7731,41016902,20251123,41,11,08,41_26115761,2,570,41016902,20251123185552,4177448,20251123194439,4116126,0,01,1,23140,2927,N
20251123,M7731,41016902,20251123,41,11,08,41_26118578,2,570,41016902,20251123194414,4177448,20251123200902,4111588,0,01,1,22120,1488,N
20251123,M7731,41016902,20251123,41,11,08,41_26124351,2,570,41016902,20251123185340,4177448,20251123191843,4111588,0,01,1,22120,1503,N
20251123,M7731,41016902,20251123,41,11,08,41_26125704,2,570,41016902,20251123180404,4177510,20251123185326,4111588,0,01,1,29500,2962,N
20251123,M7731,41016902,20251123,41,11,08,41_26144723,2,570,41016902,20251123123055,4177448,20251123125024,4111588,0,01,1,22120,1169,N
20251123,M7731,41016902,20251123,41,11,08,41_26173920,2,570,41016902,20251123140543,4177532,20251123143031,4111588,0,01,1,22980,1488,N
20251123,M7731,41016902,20251123,41,11,08,41_26185103,1,570,41016902,20251123185315,4177448,20251123191634,4111588,0,01,1,22120,1399,N
20251123,M7731,41016902,20251123,41,11,08,41_26231420,2,570,41016902,20251123214456,4106836,20251123222631,4111588,0,01,1,24330,2495,N
20251123,M7731,41016902,20251123,41,41,08,41_26241234,2,570,41016902,20251123211058,4123056,20251123214529,4110934,2,01,1,6380,2071,N
20251123,M7731,41016902,20251123,41,11,08,41_26258681,2,570,41016902,20251123190153,4177532,20251123195540,4111588,0,01,1,22980,3227,N
20251123,M7731,41016902,20251123,41,11,08,41_26258972,2,570,41016902,20251123190532,4106836,20251123194614,4116126,0,01,1,25350,2442,N
20251123,M7731,41016902,20251123,41,11,08,41_26259527,1,570,41016902,20251123190725,4106836,20251123194002,4116130,0,01,1,26590,1957,N
20251123,M7731,41016902,20251123,41,11,08,41_26259527,1,570,41016902,20251123210132,4106836,20251123213555,4116130,0,01,1,26590,2063,N
20251123,M7731,41016902,20251123,41,11,08,41_26263454,2,570,41016902,20251123150142,4177448,20251123153121,4111588,0,01,1,22120,1779,N
20251123,M7731,41016902,20251123,41,11,08,41_2647973,2,570,41016902,20251123170045,4177637,20251123173209,4116126,0,01,1,26850,1884,N
20251123,M7731,41016902,20251123,41,11,08,41_2663376,1,570,41016902,20251123141101,4177532,20251123143800,4116126,0,01,1,24000,1619,N
20251123,M7731,41016902,20251123,41,11,08,41_2663376,1,570,41016902,20251123182254,4177532,20251123185222,4116126,0,01,1,24000,1768,N
20251123,M7731,41016902,20251123,41,11,08,41_2674055,1,570,41016902,20251123115758,4107446,20251123123909,4111588,0,01,1,27870,2471,N
20251123,M7731,41016902,20251123,41,11,08,41_2688342,2,570,41016902,20251123172815,4177532,20251123175807,4111588,0,01,1,22980,1792,N
20251123,M7731,41016902,20251123,41,11,08,41_2697862,2,570,41016902,20251123153539,4177448,20251123160215,4116126,0,01,1,23140,1596,N
20251123,M7731,41016902,20251123,41,11,08,41_2723883,2,570,41016902,20251123141325,4110935,20251123145010,4111588,0,01,1,28710,2205,N
20251123,M7731,41016902,20251123,41,11,08,41_2726398,2,570,41016902,20251123144552,4177637,20251123152454,4111588,0,01,1,25830,2342,N
20251123,M7731,41016902,20251123,41,11,08,41_274541,2,570,41016902,20251123134540,4106836,20251123143114,4111588,1,01,1,24330,2734,N
20251123,M7731,41016902,20251123,41,11,08,41_274541,2,570,41016902,20251123182554,4106836,20251123185700,4111588,0,01,1,24330,1866,N
20251123,M7731,41016902,20251123,41,11,08,41_2762602,2,570,41016902,20251123144842,4177448,20251123151335,4111588,0,01,1,22120,1493,N
20251123,M7731,41016902,20251123,41,41,08,41_2769821,2,570,41016902,20251123062329,4110935,20251123064421,4177532,0,01,1,5730,1252,N
20251123,M7731,41016902,20251123,41,41,08,41_2769821,2,570,41016902,20251123141313,4177533,20251123144958,4110934,0,01,1,5800,2205,N
20251123,M7731,41016902,20251123,41,11,08,41_2861199,1,570,41016902,20251123174227,4106836,20251123181648,4111588,0,01,1,24330,2061,N
20251123,M7731,41016902,20251123,41,11,08,41_2910835,2,570,41016902,20251123212844,4177448,20251123215404,4111588,0,01,1,22120,1520,N
20251123,M7731,41016902,20251123,41,11,08,41_2913788,2,570,41016902,20251123120706,4177637,20251123125059,4116126,0,01,1,26850,2633,N
20251123,M7731,41016902,20251123,41,11,08,41_2927214,2,570,41016902,20251123221041,4106836,20251123223824,4111588,0,01,1,24330,1663,N
20251123,M7731,41016902,20251123,41,11,08,41_2967626,1,570,41016902,20251123160504,4177532,20251123163804,4116126,0,01,1,24000,1980,N
20251123,M7731,41016902,20251123,41,41,08,41_2979750,2,570,41016902,20251123101016,4110935,20251123101742,4177637,0,01,1,2880,446,N
20251123,M7731,41016902,20251123,41,11,08,41_2994388,1,570,41016902,20251123161047,4177532,20251123165159,4111588,0,01,1,22980,2472,N
20251123,M7731,41016902,20251123,41,11,08,41_3035632,1,570,41016902,20251123171242,4106836,20251123175751,4111588,0,01,1,24330,2709,N
20251123,M7731,41016902,20251123,41,11,08,41_3060707,2,570,41016902,20251123135015,4110935,20251123141459,4111588,0,01,1,28710,1484,N
20251123,M7731,41016902,20251123,41,11,08,41_3062674,2,570,41016902,20251123201252,4106836,20251123210208,4111588,0,01,1,24330,2956,N
20251123,M7731,41016902,20251123,41,11,08,41_310642,1,570,41016902,20251123133923,4106836,20251123142146,4116126,1,01,1,25350,2543,N
20251123,M7731,41016902,20251123,41,11,08,41_310642,1,570,41016902,20251123203808,4106836,20251123210510,4116130,0,01,1,26590,1622,N
20251123,M7731,41016902,20251123,41,11,08,41_313292,1,570,41016902,20251123180341,4106836,20251123184036,4111588,0,01,1,24330,2215,N
20251123,M7731,41016902,20251123,41,11,08,41_31347,2,570,41016902,20251123172328,4106836,20251123175827,4116126,0,01,1,25350,2099,N
20251123,M7731,41016902,20251123,41,11,08,41_3161171,2,570,41016902,20251123125510,4106836,20251123132449,4116126,1,01,1,25350,1779,N
20251123,M7731,41016902,20251123,41,41,08,41_3162571,1,570,41016902,20251123182702,4123056,20251123190226,4110934,0,01,1,6380,2124,N
20251123,M7731,41016902,20251123,41,11,08,41_3193673,1,570,41016902,20251123102212,4106836,20251123105158,4116126,1,01,1,25350,1786,N
20251123,M7731,41016902,20251123,41,11,08,41_320087,2,570,41016902,20251123180159,4177532,20251123182730,4111588,0,01,1,22980,1531,N
20251123,M7731,41016902,20251123,41,11,08,41_3214198,1,570,41016902,20251123200128,4106836,20251123203843,4111588,0,01,1,24330,2235,N
20251123,M7731,41016902,20251123,41,11,08,41_3241383,2,570,41016902,20251123155645,4177532,20251123161924,4116126,0,01,1,24000,1359,N
20251123,M7731,41016902,20251123,41,11,08,41_3287990,1,570,41016902,20251123214954,4106836,20251123223129,4116126,0,01,1,25350,2495,N
20251123,M7731,41016902,20251123,41,11,08,41_3293602,2,570,41016902,20251123162303,4106836,20251123165346,4111588,0,01,1,24330,1843,N
20251123,M7731,41016902,20251123,41,11,08,41_3301900,2,570,41016902,20251123140305,4177448,20251123142622,4111588,0,01,1,22120,1397,N
20251123,M7731,41016902,20251123,41,11,08,41_3322244,2,570,41016902,20251123173953,4177510,20251123183438,4111588,0,01,1,29500,3285,N
20251123,M7731,41016902,20251123,41,11,08,41_3340721,2,570,41016902,20251123202021,4177532,20251123204442,4111588,0,01,1,22980,1461,N
20251123,M7731,41016902,20251123,41,11,08,41_3342561,2,570,41016902,20251123115430,4177448,20251123122546,4111588,0,01,1,22120,1876,N
20251123,M7731,41016902,20251123,41,11,08,41_3384632,2,570,41016902,20251123140305,4177448,20251123143858,4116126,0,01,1,23140,2153,N
20251123,M7731,41016902,20251123,41,41,08,41_3405231,2,570,41016902,20251123203235,4106837,20251123205148,4110934,0,01,1,4440,1153,N
20251123,M7731,41016902,20251123,41,41,08,41_3406629,2,570,41016902,20251124001845,4123056,20251124003229,4107447,2,01,1,5480,824,N
20251123,M7731,41016902,20251123,41,41,08,41_3411070,2,570,41016902,20251123234148,4107446,20251123235845,4177448,0,01,1,5750,1017,N
20251123,M7731,41016902,20251123,41,11,08,41_341912,1,570,41016902,20251123084716,4177448,20251123091241,4111588,0,01,1,22120,1525,N
20251123,M7731,41016902,20251123,41,11,08,41_3439947,2,570,41016902,20251123201821,4106836,20251123205924,4111588,0,01,1,24330,2463,N
20251123,M7731,41016902,20251123,41,11,08,41_3464398,2,570,41016902,20251123164715,4106836,20251123173121,4116126,1,01,1,25350,2646,N
20251123,M7731,41016902,20251123,41,11,08,41_3469212,2,570,41016902,20251123235329,4107446,20251124002501,4111588,0,01,1,27870,1892,N
20251123,M7731,41016902,20251123,41,41,08,41_3524698,1,570,41016902,20251123171852,4177533,20251123173619,4107447,0,01,1,4900,1047,N
20251123,M7731,41016902,20251123,41,11,08,41_3532171,1,570,41016902,20251123165442,4177532,20251123171811,4116126,0,01,1,24000,1409,N
20251123,M7731,41016902,20251123,41,11,08,41_353915,1,570,41016902,20251123180021,4177532,20251123182552,4111588,0,01,1,22980,1531,N
20251123,M7731,41016902,20251123,41,11,08,41_3548781,2,570,41016902,20251123115128,4177448,20251123121629,4111588,0,01,1,22120,1501,N
20251123,M7731,41016902,20251123,41,11,08,41_3548781,2,570,41016902,20251123143756,4177448,20251123152138,4111588,0,01,1,22120,2622,N
20251123,M7731,41016902,20251123,41,11,08,41_3565771,2,570,41016902,20251123104821,4177637,20251123112039,4111588,0,01,1,25830,1938,N
20251123,M7731,41016902,20251123,41,11,08,41_3600749,2,570,41016902,20251123152757,4177448,20251123155752,4111588,0,01,1,22120,1795,N
20251123,M7731,41016902,20251123,41,11,08,41_3613374,2,570,41016902,20251123172734,4110935,20251123182116,4111588,0,01,1,28710,3222,N
20251123,M7731,41016902,20251123,41,11,08,41_3619770,2,570,41016902,20251123123235,4177532,20251123132755,4116126,0,01,1,24000,3320,N
20251123,M7731,41016902,20251123,41,11,08,41_3619770,2,570,41016902,20251123153041,4177532,20251123162651,4116126,0,01,1,24000,3370,N
20251123,M7731,41016902,20251123,41,11,08,41_3625743,2,570,41016902,20251123152757,4177532,20251123160721,4111588,0,01,1,22980,2364,N
20251123,M7731,41016902,20251123,41,11,08,41_3646002,2,570,41016902,20251123102052,4106836,20251123112545,4116126,0,01,1,25350,3893,N
20251123,M7731,41016902,20251123,41,11,08,41_3646072,1,570,41016902,20251123142706,4106836,20251123152551,4111588,1,01,1,24330,3525,N
20251123,M7731,41016902,20251123,41,11,08,41_3687827,2,570,41016902,20251123152903,4177448,20251123162513,4116126,0,01,1,23140,3370,N
20251123,M7731,41016902,20251123,41,11,08,41_3715453,2,570,41016902,20251123071330,4106836,20251123075925,4111588,0,01,1,24330,2755,N
20251123,M7731,41016902,20251123,41,41,08,41_3733916,2,570,41016902,20251123223240,4106837,20251123224603,4110934,0,01,1,4440,803,N
20251123,M7731,41016902,20251123,41,11,08,41_3752571,1,570,41016902,20251123112623,4177532,20251123115115,4111588,0,01,1,22980,1492,N
20251123,M7731,41016902,20251123,41,11,08,41_3761088,2,570,41016902,20251123155332,4177532,20251123164222,4111588,0,01,1,22980,2930,N
20251123,M7731,41016902,20251123,41,11,08,41_3789899,2,570,41016902,20251123162222,4177532,20251123165956,4111588,0,01,1,22980,2254,N
20251123,M7731,41016902,20251123,41,11,08,41_3790818,2,570,41016902,20251123143221,4106836,20251123152213,4111588,0,01,1,24330,2992,N
20251123,M7731,41016902,20251123,41,11,08,41_3818077,1,570,41016902,20251123102404,4177637,20251123110331,4111588,0,01,1,25830,2367,N
20251123,M7731,41016902,20251123,41,11,08,41_3825980,2,570,41016902,20251123164618,4106836,20251123171511,4116126,0,01,1,25350,1733,N
20251123,M7731,41016902,20251123,41,11,08,41_3832101,2,570,41016902,20251123162918,4177532,20251123165904,4116126,0,01,1,24000,1786,N
20251123,M7731,41016902,20251123,41,11,08,41_3856727,2,570,41016902,20251123161537,4177532,20251123164523,4116126,0,01,1,24000,1786,N
20251123,M7731,41016902,20251123,41,11,08,41_3864731,2,570,41016902,20251123171014,4177448,20251123173121,4111588,0,01,1,22120,1267,N
20251123,M7731,41016902,20251123,41,11,08,41_3865489,2,570,41016902,20251123153749,4110935,20251123161006,4111588,0,01,1,28710,1937,N
20251123,M7731,41016902,20251123,41,11,08,41_3868074,2,570,41016902,20251123164618,4106836,20251123172705,4111588,0,01,1,24330,2447,N
20251123,M7731,41016902,20251123,41,11,08,41_3868906,2,570,41016902,20251123174508,4106836,20251123181946,4111588,1,01,1,24330,2078,N
20251123,M7731,41016902,20251123,41,11,08,41_3892843,2,570,41016902,20251123131025,4177448,20251123133409,4111588,0,01,1,22120,1424,N
20251123,M7731,41016902,20251123,41,11,08,41_389324,2,570,41016902,20251123172417,4106836,20251123180156,4116126,0,01,1,25350,2259,N
20251123,M7731,41016902,20251123,41,11,08,41_389324,2,570,41016902,20251123203708,4106836,20251123212520,4116126,0,01,1,25350,2892,N
20251123,M7731,41016902,20251123,41,11,08,41_3902910,1,570,41016902,20251123141658,4106836,20251123145341,4111588,0,01,1,24330,2203,N
20251123,M7731,41016902,20251123,41,41,08,41_3933302,2,570,41016902,20251123223410,4123056,20251123224755,4102447,0,01,1,3320,825,N
20251123,M7731,41016902,20251123,41,11,08,41_3936268,2,570,41016902,20251123220155,4106836,20251123224338,4116126,0,01,1,25350,2503,N
20251123,M7731,41016902,20251123,41,41,08,41_4006943,2,570,41016902,20251123192922,4123056,20251123194045,4102447,0,01,1,3320,683,N
20251123,M7731,41016902,20251123,41,41,08,41_4032500,2,570,41016902,20251123190252,4123056,20251123193819,4107447,0,01,1,5480,2127,N
20251123,M7731,41016902,20251123,41,11,08,41_4040501,2,570,41016902,20251123184243,4177532,20251123190911,4116126,0,01,1,24000,1588,N
20251123,M7731,41016902,20251123,41,11,08,41_4086377,2,570,41016902,20251123173334,4177532,20251123180508,4111588,0,01,1,22980,1894,N
20251123,M7731,41016902,20251123,41,11,08,41_4103048,2,570,41016902,20251123101038,4177637,20251123110331,4116126,0,01,1,26850,3173,N
20251123,M7731,41016902,20251123,41,11,08,41_4114642,1,570,41016902,20251123074646,4106836,20251123082402,4111588,0,01,1,24330,2236,N
20251123,M7731,41016902,20251123,41,11,08,41_4126430,1,570,41016902,20251123183148,4177532,20251123190922,4111588,0,01,1,22980,2254,N
20251123,M7731,41016902,20251123,41,11,08,41_4132597,1,570,41016902,20251123183148,4177532,20251123190345,4111588,0,01,1,22980,1917,N
20251123,M7731,41016902,20251123,41,11,08,41_4151344,2,570,41016902,20251123185011,4177532,20251123192404,4111588,0,01,1,22980,2033,N
20251123,M7731,41016902,20251123,41,11,08,41_4157074,2,570,41016902,20251123183222,4106836,20251123191855,4116126,0,01,1,25350,2793,N
20251123,M7731,41016902,20251123,41,11,08,41_4229199,1,570,41016902,20251123231442,4106836,20251124001330,4111588,1,01,1,24330,3528,N
20251123,M7731,41016902,20251123,41,11,08,41_4244800,2,570,41016902,20251123155458,4177532,20251123163041,4116126,0,01,1,24000,2143,N
20251123,M7731,41016902,20251123,41,11,08,41_4252412,1,570,41016902,20251123202710,4106836,20251123210757,4111598,0,01,1,27620,2447,N
20251123,M7731,41016902,20251123,41,11,08,41_4265099,2,570,41016902,20251123190523,4106836,20251123194120,4116126,0,01,1,25350,2157,N
20251123,M7731,41016902,20251123,41,11,08,41_4269223,2,570,41016902,20251123163649,4106836,20251123171652,4111588,0,01,1,24330,2403,N
20251123,M7731,41016902,20251123,41,11,08,41_4277348,2,570,41016902,20251123105045,4106836,20251123112906,4116126,1,01,1,25350,2301,N
20251123,M7731,41016902,20251123,41,11,08,41_428024,2,570,41016902,20251123121823,4177532,20251123125204,4111588,0,01,1,22980,2021,N
20251123,M7731,41016902,20251123,41,41,08,41_4290625,2,570,41016902,20251123191500,4123056,20251123192550,4102447,2,01,1,3320,650,N
20251123,M7731,41016902,20251123,41,11,08,41_4301061,1,570,41016902,20251123131523,4177532,20251123134215,4116126,0,01,1,24000,1612,N
20251123,M7731,41016902,20251123,41,11,08,41_4457779,2,570,41016902,20251123100843,4106836,20251123103040,4111588,0,01,1,24330,1317,N
20251123,M7731,41016902,20251123,41,11,08,41_4473764,2,570,41016902,20251123103603,4177532,20251123112454,4111588,0,01,1,22980,2931,N
20251123,M7731,41016902,20251123,41,11,08,41_4517929,2,570,41016902,20251123142201,4177532,20251123150428,4111588,0,01,1,22980,2547,N
20251123,M7731,41016902,20251123,41,11,08,41_4546524,2,570,41016902,20251123190428,4106836,20251123194604,4116130,0,01,1,26590,2496,N
20251123,M7731,41016902,20251123,41,11,08,41_4568884,2,570,41016902,20251123151415,4177532,20251123154954,4111588,0,01,1,22980,2139,N
20251123,M7731,41016902,20251123,41,11,08,41_4575728,2,570,41016902,20251123110035,4106836,20251123121040,4111588,0,01,1,24330,4205,N
20251123,M7731,41016902,20251123,41,41,08,41_4611035,1,570,41016902,20251123183921,4123056,20251123190035,4107447,0,01,1,5480,1274,N
20251123,M7731,41016902,20251123,41,11,08,41_4619794,2,570,41016902,20251123115308,4177532,20251123123737,4116126,0,01,1,24000,2669,N
20251123,M7731,41016902,20251123,41,41,08,41_4628069,2,570,41016902,20251123094934,4107447,20251123095731,4110934,0,01,1,900,477,N
20251123,M7731,41016902,20251123,41,11,08,41_4637217,2,570,41016902,20251123082607,4106836,20251123091623,4116126,0,01,1,25350,3016,N
20251123,M7731,41016902,20251123,41,11,08,41_4637217,2,570,41016902,20251123151126,4106836,20251123155125,4116126,0,01,1,25350,2399,N
20251123,M7731,41016902,20251123,41,11,08,41_4670872,1,570,41016902,20251123134352,4177532,20251123142807,4116126,0,01,1,24000,2655,N
20251123,M7731,41016902,20251123,41,11,08,41_4718182,1,570,41016902,20251123132259,4177448,20251123135743,4111588,0,01,1,22120,2084,N
20251123,M7731,41016902,20251123,41,11,08,41_4765134,2,570,41016902,20251123221653,4106836,20251123225441,4111588,0,01,1,24330,2268,N
20251123,M7731,41016902,20251123,41,11,08,41_4804848,2,570,41016902,20251123174535,4106836,20251123182042,4116126,0,01,1,25350,2107,N
20251123,M7731,41016902,20251123,41,11,08,41_4823712,1,570,41016902,20251123123333,4177637,20251123130445,4111588,0,01,1,25830,1872,N
20251123,M7731,41016902,20251123,41,11,08,41_4825902,1,570,41016902,20251123151109,4177448,20251123154111,4111588,0,01,1,22120,1802,N
20251123,M7731,41016902,20251123,41,11,08,41_4853380,1,570,41016902,20251123103102,4177637,20251123110107,4111588,0,01,1,25830,1805,N
20251123,M7731,41016902,20251123,41,11,08,41_4856435,1,570,41016902,20251123163421,4177532,20251123170739,4111588,0,01,1,22980,1998,N
20251123,M7731,41016902,20251123,41,11,08,41_4896324,2,570,41016902,20251123132143,4106836,20251123141136,4111588,0,01,1,24330,2993,N
20251123,M7731,41016902,20251123,41,11,08,41_4957095,2,570,41016902,20251123102155,4107446,20251123104652,4111588,0,01,1,27870,1497,N
20251123,M7731,41016902,20251123,41,11,08,41_4957095,2,570,41016902,20251124001327,4107446,20251124003701,4111588,0,01,1,27870,1414,N
20251123,M7731,41016902,20251123,41,11,08,41_4958783,2,570,41016902,20251123184839,4177532,20251123191717,4111588,0,01,1,22980,1718,N
20251123,M7731,41016902,20251123,41,11,08,41_4989787,2,570,41016902,20251123104437,4106836,20251123110838,4116126,0,01,1,25350,1441,N
20251123,M7731,41016902,20251123,41,11,08,41_4990678,2,570,41016902,20251123183123,4177532,20251123190119,4111588,0,01,1,22980,1796,N
20251123,M7731,41016902,20251123,41,11,08,41_5003320,2,570,41016902,20251123123331,4177532,20251123130642,4111588,0,01,1,22980,1991,N
20251123,M7731,41016902,20251123,41,11,08,41_501554,2,570,41016902,20251123185351,4106836,20251123194029,4116130,1,01,1,26590,2798,N
20251123,M7731,41016902,20251123,41,11,08,41_5035358,2,570,41016902,20251123193415,4177532,20251123201044,4111588,0,01,1,22980,2189,N
20251123,M7731,41016902,20251123,41,11,08,41_5049227,1,570,41016902,20251123193112,4177532,20251123200939,4116126,0,01,1,24000,2307,N
20251123,M7731,41016902,20251123,41,11,08,41_5050011,2,570,41016902,20251123154110,4177532,20251123161632,4111588,0,01,1,22980,2122,N
20251123,M7731,41016902,20251123,41,11,08,41_5059956,1,570,41016902,20251123192741,4177532,20251123200608,4116126,0,01,1,24000,2307,N
20251123,M7731,41016902,20251123,41,11,08,41_5111214,1,570,41016902,20251123110225,4106836,20251123113657,4111588,1,01,1,24330,2072,N
20251123,M7731,41016902,20251123,41,11,08,41_511918,1,570,41016902,20251123120646,4177532,20251123124951,4116126,0,01,1,24000,2585,N
20251123,M7731,41016902,20251123,41,11,08,41_5148202,2,570,41016902,20251123204143,4177448,20251123211332,4111588,0,01,1,22120,1909,N
20251123,M7731,41016902,20251123,41,11,08,41_5198383,1,570,41016902,20251123130041,4177448,20251123133534,4116130,0,01,1,24380,2093,N
20251123,M7731,41016902,20251123,41,11,08,41_520187,2,570,41016902,20251123213019,4106836,20251123221606,4111588,0,01,1,24330,2747,N
20251123,M7731,41016902,20251123,41,11,08,41_5218521,2,570,41016902,20251123143241,4106836,20251123145502,4111588,0,01,1,24330,1341,N
20251123,M7731,41016902,20251123,41,11,08,41_5236162,2,570,41016902,20251123134022,4177510,20251123140400,4111588,0,01,1,29500,1418,N
20251123,M7731,41016902,20251123,41,11,08,41_5250397,2,570,41016902,20251123174404,4177448,20251123183054,4116126,0,01,1,23140,2810,N
20251123,M7731,41016902,20251123,41,11,08,41_5275505,2,570,41016902,20251123091201,4106836,20251123093531,4116130,0,01,1,26590,1410,N
20251123,M7731,41016902,20251123,41,11,08,41_5279670,2,570,41016902,20251123170620,4177532,20251123174221,4116126,0,01,1,24000,2161,N
20251123,M7731,41016902,20251123,41,11,08,41_5279670,2,570,41016902,20251123184525,4177532,20251123192832,4116126,0,01,1,24000,2587,N
20251123,M7731,41016902,20251123,41,11,08,41_5279670,2,570,41016902,20251123215110,4177532,20251123223138,4116126,0,01,1,24000,2428,N
20251123,M7731,41016902,20251123,41,11,08,41_5293845,2,570,41016902,20251123175331,4177448,20251123182031,4109162,0,01,1,27170,1620,N
20251123,M7731,41016902,20251123,41,11,08,41_5307954,2,570,41016902,20251123141303,4177532,20251123144945,4111588,0,01,1,22980,2202,N
20251123,M7731,41016902,20251123,41,11,08,41_5371016,2,570,41016902,20251123154402,4177448,20251123162225,4111588,0,01,1,22120,2303,N
20251123,M7731,41016902,20251123,41,11,08,41_543398,2,570,41016902,20251123120830,4177532,20251123125814,4109162,0,01,1,28030,2984,N
20251123,M7731,41016902,20251123,41,11,08,41_5441404,2,570,41016902,20251123163444,4177532,20251123170348,4111588,0,01,1,22980,1744,N
20251123,M7731,41016902,20251123,41,11,08,41_545082,2,570,41016902,20251123213249,4177448,20251123220942,4111588,0,01,1,22120,2213,N
20251123,M7731,41016902,20251123,41,11,08,41_5463438,2,570,41016902,20251123145044,4177637,20251123150845,4111588,0,01,1,25830,1081,N
20251123,M7731,41016902,20251123,41,11,08,41_5494402,2,570,41016902,20251123162345,4177532,20251123165315,4111588,0,01,1,22980,1770,N
20251123,M7731,41016902,20251123,41,11,08,41_5511535,2,570,41016902,20251123231822,4177448,20251123233959,4111588,0,01,1,22120,1297,N
20251123,M7731,41016902,20251123,41,11,08,41_55169,1,570,41016902,20251123151634,4177532,20251123155720,4116126,0,01,1,24000,2446,N
20251123,M7731,41016902,20251123,41,11,08,41_5519734,2,570,41016902,20251123165420,4106836,20251123172221,4111588,0,01,1,24330,1681,N
20251123,M7731,41016902,20251123,41,11,08,41_5554372,2,570,41016902,20251123194556,4177532,20251123201646,4116126,0,01,1,24000,1850,N
20251123,M7731,41016902,20251123,41,11,08,41_5562410,1,570,41016902,20251123120846,4177448,20251123123752,4116130,0,01,1,24380,1746,N
20251123,M7731,41016902,20251123,41,11,08,41_5575078,2,570,41016902,20251123195658,4177532,20251123202806,4111588,0,01,1,22980,1868,N
20251123,M7731,41016902,20251123,41,11,08,41_5582762,2,570,41016902,20251123090436,4106836,20251123100627,4111588,0,01,1,24330,3711,N
20251123,M7731,41016902,20251123,41,11,08,41_5584745,2,570,41016902,20251123090436,4106836,20251123095259,4111588,0,01,1,24330,2903,N
20251123,M7731,41016902,20251123,41,11,08,41_5590892,2,570,41016902,20251123100738,4177448,20251123103813,4111588,0,01,1,22120,1835,N
20251123,M7731,41016902,20251123,41,11,08,41_561155,2,570,41016902,20251123120217,4177532,20251123124227,4111588,0,01,1,22980,2410,N
20251123,M7731,41016902,20251123,41,11,08,41_561462,2,570,41016902,20251123212717,4106836,20251123221120,4116126,0,01,1,25350,2643,N
20251123,M7731,41016902,20251123,41,11,08,41_5662903,2,570,41016902,20251123203212,4106836,20251123213529,4109162,0,01,1,29380,3797,N
20251123,M7731,41016902,20251123,41,41,08,41_5672964,2,570,41016902,20251123181434,4177510,20251123182717,4177637,0,01,1,3670,763,N
20251123,M7731,41016902,20251123,41,11,08,41_5720841,1,570,41016902,20251123130314,4177532,20251123132730,4111588,0,01,1,22980,1456,N
20251123,M7731,41016902,20251123,41,11,08,41_5735483,2,570,41016902,20251123121835,4177532,20251123130036,4111588,0,01,1,22980,2521,N
20251123,M7731,41016902,20251123,41,11,08,41_5762041,1,570,41016902,20251123120311,4177532,20251123124934,4111588,0,01,1,22980,2783,N
20251123,M7731,41016902,20251123,41,11,08,41_5766154,2,570,41016902,20251123210206,4106836,20251123213354,4111588,1,01,1,24330,1908,N
20251123,M7731,41016902,20251123,41,11,08,41_5816152,1,570,41016902,20251123172825,4106836,20251123180935,4111588,0,01,1,24330,2470,N
20251123,M7731,41016902,20251123,41,11,08,41_5817826,2,570,41016902,20251123155801,4177448,20251123163933,4111588,0,01,1,22120,2492,N
20251123,M7731,41016902,20251123,41,11,08,41_5853051,2,570,41016902,20251123164847,4177448,20251123173358,4111588,0,01,1,22120,2711,N
20251123,M7731,41016902,20251123,41,11,08,41_5884978,2,570,41016902,20251123143616,4177532,20251123152117,4111588,0,01,1,22980,2701,N
20251123,M7731,41016902,20251123,41,11,08,41_5889439,1,570,41016902,20251123181533,4177532,20251123185600,4111588,0,01,1,22980,2427,N
20251123,M7731,41016902,20251123,41,11,08,41_5891035,2,570,41016902,20251123081034,4177448,20251123084641,4111588,0,01,1,22120,2167,N
20251123,M7731,41016902,20251123,41,11,08,41_5902156,2,570,41016902,20251123141510,4106836,20251123144842,4116126,0,01,1,25350,2012,N
20251123,M7731,41016902,20251123,41,11,08,41_5942030,2,570,41016902,20251123095105,4177637,20251123101427,4116126,0,01,1,26850,1402,N
20251123,M7731,41016902,20251123,41,11,08,41_5942030,2,570,41016902,20251123211239,4106836,20251123215117,4116126,0,01,1,25350,2318,N
20251123,M7731,41016902,20251123,41,11,08,41_5951916,1,570,41016902,20251123132344,4177448,20251123135013,4116126,0,01,1,23140,1589,N
20251123,M7731,41016902,20251123,41,11,08,41_5965155,2,570,41016902,20251123122509,4106836,20251123131533,4111588,0,01,1,24330,3024,N
20251123,M7731,41016902,20251123,41,11,08,41_5968233,1,570,41016902,20251123175237,4177532,20251123181229,4111588,0,01,1,22980,1192,N
20251123,M7731,41016902,20251123,41,11,08,41_5994064,2,570,41016902,20251123182115,4177532,20251123183627,4111588,0,01,1,22980,912,N
20251123,M7731,41016902,20251123,41,11,08,41_6002659,2,570,41016902,20251123180154,4177532,20251123183850,4111588,0,01,1,22980,2216,N
20251123,M7731,41016902,20251123,41,11,08,41_6016405,2,570,41016902,20251123115230,4177448,20251123123149,4116126,0,01,1,23140,2359,N
20251123,M7731,41016902,20251123,41,11,08,41_6055624,2,570,41016902,20251123180825,4177532,20251123184114,4111588,0,01,1,22980,1969,N
20251123,M7731,41016902,20251123,41,11,08,41_612754,2,570,41016902,20251123081328,4110935,20251123092446,4111588,0,01,1,28710,4278,N
20251123,M7731,41016902,20251123,41,11,08,41_6131496,2,570,41016902,20251123202834,4106836,20251123210822,4111588,1,01,1,24330,2388,N
20251123,M7731,41016902,20251123,41,41,08,41_61450,1,570,41016902,20251123233121,4123056,20251123234026,4106837,1,01,1,1940,545,N
20251123,M7731,41016902,20251123,41,11,08,41_6155474,2,570,41016902,20251123171629,4106836,20251123175002,4111588,0,01,1,24330,2013,N
20251123,M7731,41016902,20251123,41,11,08,41_6168057,2,570,41016902,20251123150753,4177532,20251123153915,4111588,0,01,1,22980,1882,N
20251123,M7731,41016902,20251123,41,11,08,41_6177689,2,570,41016902,20251123122105,4106836,20251123125130,4111588,0,01,1,24330,1825,N
20251123,M7731,41016902,20251123,41,11,08,41_619454,2,570,41016902,20251123133020,4177448,20251123140119,4116126,0,01,1,23140,1859,N
20251123,M7731,41016902,20251123,41,11,08,41_6201544,2,570,41016902,20251123130411,4177532,20251123133003,4111588,0,01,1,22980,1552,N
20251123,M7731,41016902,20251123,41,11,08,41_6232692,2,570,41016902,20251123135058,4106836,20251123142537,4111588,0,01,1,24330,2079,N
20251123,M7731,41016902,20251123,41,11,08,41_6247122,1,570,41016902,20251123131802,4177532,20251123135250,4116126,0,01,1,24000,2088,N
20251123,M7731,41016902,20251123,41,11,08,41_6324245,2,570,41016902,20251123122658,4110935,20251123125255,4111588,0,01,1,28710,1557,N
20251123,M7731,41016902,20251123,41,11,08,41_6367265,1,570,41016902,20251123124404,4106836,20251123131558,4111588,0,01,1,24330,1914,N
20251123,M7731,41016902,20251123,41,11,08,41_6377479,2,570,41016902,20251123192615,4177532,20251123195110,4111588,0,01,1,22980,1495,N
20251123,M7731,41016902,20251123,41,11,08,41_6392743,2,570,41016902,20251123171320,4177532,20251123173934,4116126,0,01,1,24000,1574,N
20251123,M7731,41016902,20251123,41,11,08,41_6431529,2,570,41016902,20251123130434,4106836,20251123133507,4111588,1,01,1,24330,1833,N
20251123,M7731,41016902,20251123,41,11,08,41_643891,1,570,41016902,20251123170616,4177532,20251123173440,4111588,0,01,1,22980,1704,N
20251123,M7731,41016902,20251123,41,11,08,41_644236,2,570,41016902,20251123135102,4177448,20251123142201,4111588,0,01,1,22120,1859,N
20251123,M7731,41016902,20251123,41,11,08,41_6475732,2,570,41016902,20251123115430,4106836,20251123125431,4111588,1,01,1,24330,3601,N
20251123,M7731,41016902,20251123,41,11,08,41_6501764,2,570,41016902,20251123142502,4106836,20251123145701,4111588,1,01,1,24330,1919,N
20251123,M7731,41016902,20251123,41,11,08,41_6514087,2,570,41016902,20251123212748,4177448,20251123215005,4111588,0,01,1,22120,1337,N
20251123,M7731,41016902,20251123,41,11,08,41_6514087,2,570,41016902,20251123220848,4177448,20251123224245,4111588,0,01,1,22120,2037,N
20251123,M7731,41016902,20251123,41,11,08,41_6523684,2,570,41016902,20251123141516,4177532,20251123145214,4111588,0,01,1,22980,2218,N
20251123,M7731,41016902,20251123,41,11,08,41_6540385,2,570,41016902,20251123193803,4177532,20251123200508,4111588,0,01,1,22980,1625,N
20251123,M7731,41016902,20251123,41,11,08,41_6543493,2,570,41016902,20251123144644,4177637,20251123152531,4111598,0,01,1,29120,2327,N
20251123,M7731,41016902,20251123,41,11,08,41_6545086,1,570,41016902,20251123175813,4177532,20251123182440,4111588,0,01,1,22980,1587,N
20251123,M7731,41016902,20251123,41,11,08,41_6554923,2,570,41016902,20251123220848,4177448,20251123224745,4116126,0,01,1,23140,2337,N
20251123,M7731,41016902,20251123,41,11,08,41_6564199,2,570,41016902,20251123173540,4106836,20251123181517,4111588,0,01,1,24330,2377,N
20251123,M7731,41016902,20251123,41,11,08,41_6595598,2,570,41016902,20251123193803,4177532,20251123200742,4111588,0,01,1,22980,1779,N
20251123,M7731,41016902,20251123,41,11,08,41_6605392,1,570,41016902,20251123150748,4106836,20251123154629,4116126,0,01,2,25350,2321,N
20251123,M7731,41016902,20251123,41,11,08,41_6621606,1,570,41016902,20251123162415,4177532,20251123165355,4111588,0,01,1,22980,1780,N
20251123,M7731,41016902,20251123,41,41,08,41_6624741,2,570,41016902,20251123113143,4177533,20251123114745,4110934,0,01,1,5800,962,N
20251123,M7731,41016902,20251123,41,41,08,41_6624741,2,570,41016902,20251123171434,4177533,20251123173517,4110934,0,01,1,5800,1243,N
20251123,M7731,41016902,20251123,41,11,08,41_6644359,2,570,41016902,20251123111205,4106836,20251123113502,4111598,1,01,1,27620,1377,N
20251123,M7731,41016902,20251123,41,11,08,41_6668598,2,570,41016902,20251123151242,4106836,20251123155454,4111588,0,01,1,24330,2532,N
20251123,M7731,41016902,20251123,41,11,08,41_6689734,2,570,41016902,20251123201204,4106836,20251123203822,4116130,0,01,1,26590,1578,N
20251123,M7731,41016902,20251123,41,11,08,41_6691673,2,570,41016902,20251123151312,4106836,20251123160754,4116126,0,01,1,25350,3282,N
20251123,M7731,41016902,20251123,41,11,08,41_6706739,2,570,41016902,20251123170217,4106836,20251123174129,4111588,0,01,1,24330,2352,N
20251123,M7731,41016902,20251123,41,11,08,41_6713390,1,570,41016902,20251123133920,4177448,20251123140217,4116126,0,01,1,23140,1377,N
20251123,M7731,41016902,20251123,41,11,08,41_6718942,2,570,41016902,20251123192155,4177448,20251123195814,4111588,0,01,1,22120,2179,N
20251123,M7731,41016902,20251123,41,11,08,41_674435,2,570,41016902,20251123230303,4106836,20251123232832,4111588,0,01,1,24330,1529,N
20251123,M7731,41016902,20251123,41,11,08,41_674928,2,570,41016902,20251123160751,4177532,20251123164026,4111588,0,01,1,22980,1955,N
20251123,M7731,41016902,20251123,41,11,08,41_6749290,2,570,41016902,20251123161459,4177532,20251123164511,4111588,0,01,1,22980,1812,N
20251123,M7731,41016902,20251123,41,11,08,41_6749290,2,570,41016902,20251123180329,4177532,20251123183235,4111588,0,01,1,22980,1746,N
20251123,M7731,41016902,20251123,41,11,08,41_6762088,2,570,41016902,20251123132303,4177448,20251123135013,4111588,0,01,1,22120,1630,N
20251123,M7731,41016902,20251123,41,11,08,41_677626,2,570,41016902,20251123081409,4110935,20251123090734,4111588,0,01,1,28710,3205,N
20251123,M7731,41016902,20251123,41,11,08,41_6815638,2,570,41016902,20251123154107,4177532,20251123161603,4111588,0,01,1,22980,2096,N
20251123,M7731,41016902,20251123,41,11,08,41_6842785,2,570,41016902,20251123211915,4177448,20251123221835,4111588,0,01,1,22120,3560,N
20251123,M7731,41016902,20251123,41,11,08,41_6854638,2,570,41016902,20251123161533,4106836,20251123164529,4116126,0,01,1,25350,1796,N
20251123,M7731,41016902,20251123,41,11,08,41_6866069,2,570,41016902,20251123124635,4110935,20251123132413,4111588,0,01,1,28710,2258,N
20251123,M7731,41016902,20251123,41,11,08,41_6882554,2,570,41016902,20251123154107,4177532,20251123161614,4116130,0,01,1,25240,2107,N
20251123,M7731,41016902,20251123,41,11,08,41_6897579,2,570,41016902,20251123142653,4177448,20251123144921,4111588,0,01,1,22120,1348,N
20251123,M7731,41016902,20251123,41,11,08,41_6945346,2,570,41016902,20251123112541,4177510,20251123120609,4111588,0,01,1,29500,2428,N
20251123,M7731,41016902,20251123,41,11,08,41_695256,2,570,41016902,20251123145514,4106836,20251123154306,4116126,0,01,1,25350,2872,N
20251123,M7731,41016902,20251123,41,41,08,41_6965744,2,570,41016902,20251123163924,4106837,20251123164724,4102447,0,01,1,1380,480,N
20251123,M7731,41016902,20251123,41,11,08,41_6976050,2,570,41016902,20251123203400,4177532,20251123211105,4111588,0,01,1,22980,2225,N
20251123,M7731,41016902,20251123,41,11,08,41_7050368,1,570,41016902,20251123203741,4177448,20251123211541,4111588,0,01,1,22120,2280,N
20251123,M7731,41016902,20251123,41,11,08,41_7087498,2,570,41016902,20251123144959,4107446,20251123152557,4116130,0,01,1,30130,2158,N
20251123,M7731,41016902,20251123,41,11,08,41_7087560,2,570,41016902,20251123073941,4106836,20251123082244,4111588,0,01,1,24330,2583,N
20251123,M7731,41016902,20251123,41,11,08,41_7101582,2,570,41016902,20251123083845,4106836,20251123091712,4116126,0,01,1,25350,2307,N
20251123,M7731,41016902,20251123,41,11,08,41_7101582,2,570,41016902,20251123145931,4106836,20251123154825,4116126,0,01,1,25350,2934,N
20251123,M7731,41016902,20251123,41,11,08,41_7154192,2,570,41016902,20251123183046,4177532,20251123185639,4111588,0,01,1,22980,1553,N
20251123,M7731,41016902,20251123,41,11,08,41_7214287,2,570,41016902,20251123085820,4110868,20251123095547,4111588,0,01,1,26980,3447,N
20251123,M7731,41016902,20251123,41,11,08,41_7214287,2,570,41016902,20251123163353,4110868,20251123172054,4111588,0,01,1,26980,2821,N
20251123,M7731,41016902,20251123,41,11,08,41_7248435,2,570,41016902,20251123173709,4106836,20251123181305,4116126,0,01,1,25350,2156,N
20251123,M7731,41016902,20251123,41,11,08,41_7248636,2,570,41016902,20251123162241,4177448,20251123165703,4116126,0,01,1,23140,2062,N
20251123,M7731,41016902,20251123,41,11,08,41_7248636,2,570,41016902,20251123200300,4177448,20251123204019,4116126,0,01,1,23140,2239,N
20251123,M7731,41016902,20251123,41,11,08,41_7258173,2,570,41016902,20251123200300,4177448,20251123204019,4111588,0,01,1,22120,2239,N
20251123,M7731,41016902,20251123,41,11,08,41_7328554,2,570,41016902,20251123141105,4177532,20251123143709,4116126,0,01,1,24000,1564,N
20251123,M7731,41016902,20251123,41,11,08,41_7344277,2,570,41016902,20251123120230,4106836,20251123123315,4111588,0,01,1,24330,1845,N
20251123,M7731,41016902,20251123,41,11,08,41_7352175,1,570,41016902,20251123160122,4177532,20251123161301,4111588,0,01,1,22980,699,N
20251123,M7731,41016902,20251123,41,11,08,41_735991,2,570,41016902,20251123134210,4177637,20251123144255,4116126,0,01,1,26850,3645,N
20251123,M7731,41016902,20251123,41,11,08,41_7385106,2,570,41016902,20251123181323,4177448,20251123182902,4111588,0,01,1,22120,939,N
20251123,M7731,41016902,20251123,41,11,08,41_7390112,2,570,41016902,20251123141105,4177532,20251123143412,4111588,0,01,1,22980,1387,N
20251123,M7731,41016902,20251123,41,11,08,41_7415574,1,570,41016902,20251123111919,4106836,20251123114925,4111588,0,01,1,24330,1806,N
20251123,M7731,41016902,20251123,41,11,08,41_7433372,2,570,41016902,20251123110117,4177448,20251123113548,4116126,0,01,1,23140,2071,N
20251123,M7731,41016902,20251123,41,11,08,41_7463062,2,570,41016902,20251123171721,4177532,20251123175007,4111588,0,01,1,22980,1966,N
20251123,M7731,41016902,20251123,41,11,08,41_7518794,1,570,41016902,20251123153719,4106836,20251123161807,4116126,1,01,1,25350,2448,N
20251123,M7731,41016902,20251123,41,11,08,41_7547338,2,570,41016902,20251123144351,4106836,20251123153801,4116130,0,01,1,26590,3250,N
20251123,M7731,41016902,20251123,41,11,08,41_7559490,2,570,41016902,20251123214346,4177448,20251123220927,4111588,0,01,1,22120,1541,N
20251123,M7731,41016902,20251123,41,11,08,41_7560269,2,570,41016902,20251123155618,4177532,20251123162141,4111588,0,01,1,22980,1523,N
20251123,M7731,41016902,20251123,41,11,08,41_756308,1,570,41016902,20251123134210,4177637,20251123143058,4111588,0,01,1,25830,2928,N
20251123,M7731,41016902,20251123,41,11,08,41_7591797,1,570,41016902,20251123214329,4177448,20251123221900,4116130,0,01,1,24380,2131,N
20251123,M7731,41016902,20251123,41,11,08,41_7595951,2,570,41016902,20251123220420,4177532,20251123222816,4111588,0,01,1,22980,1436,N
20251123,M7731,41016902,20251123,41,11,08,41_7601648,2,570,41016902,20251123233552,4177448,20251124003007,4116126,0,01,1,23140,3255,N
20251123,M7731,41016902,20251123,41,11,08,41_7606209,2,570,41016902,20251123211715,4106836,20251123215035,4111588,0,01,1,24330,2000,N
20251123,M7731,41016902,20251123,41,11,08,41_7646059,2,570,41016902,20251123071225,4177637,20251123074738,4111588,0,01,1,25830,2113,N
20251123,M7731,41016902,20251123,41,11,08,41_7715374,2,570,41016902,20251123112939,4107446,20251123121347,4111588,0,01,1,27870,2648,N
20251123,M7731,41016902,20251123,41,11,08,41_7720870,2,570,41016902,20251123230650,4106836,20251123234226,4111588,3,01,1,24330,2136,N
20251123,M7731,41016902,20251123,41,11,08,41_7742612,2,570,41016902,20251123065406,4106836,20251123073431,4111588,1,01,1,24330,2425,N
20251123,M7731,41016902,20251123,41,11,08,41_7749923,2,570,41016902,20251123094347,4177448,20251123100538,4111588,0,01,1,22120,1311,N
20251123,M7731,41016902,20251123,41,11,08,41_7793288,2,570,41016902,20251123161428,4177532,20251123163956,4111588,0,01,1,22980,1528,N
20251123,M7731,41016902,20251123,41,11,08,41_7796478,2,570,41016902,20251123064647,4106836,20251123074001,4116126,1,01,1,25350,3194,N
20251123,M7731,41016902,20251123,41,11,08,41_7814303,2,570,41016902,20251123130654,4177448,20251123134109,4111588,0,01,1,22120,2055,N
20251123,M7731,41016902,20251123,41,11,08,41_7852989,2,570,41016902,20251123161035,4177637,20251123165118,4111588,0,01,1,25830,2443,N
20251123,M7731,41016902,20251123,41,11,08,41_7891545,2,570,41016902,20251123130654,4177448,20251123134404,4116126,0,01,1,23140,2230,N
20251123,M7731,41016902,20251123,41,11,08,41_7893587,1,570,41016902,20251123161035,4177637,20251123165138,4116130,0,01,1,28090,2463,N
20251123,M7731,41016902,20251123,41,11,08,41_7915310,1,570,41016902,20251123091438,4177448,20251123095438,4111588,0,01,1,22120,2400,N
20251123,M7731,41016902,20251123,41,11,08,41_8018313,1,570,41016902,20251123180950,4106836,20251123190051,4111588,0,01,1,24330,3061,N
20251123,M7731,41016902,20251123,41,41,08,41_8035768,2,570,41016902,20251123123805,4106837,20251123131519,4177511,1,01,1,5180,2234,N
20251123,M7731,41016902,20251123,41,11,08,41_8036004,2,570,41016902,20251123175533,4177532,20251123182955,4111588,0,01,1,22980,2062,N
20251123,M7731,41016902,20251123,41,41,08,41_8039330,2,570,41016902,20251124001753,4123056,20251124010048,4110934,0,01,1,6380,2575,N
20251123,M7731,41016902,20251123,41,11,08,41_8046466,2,570,41016902,20251123065042,4107446,20251123073925,4111588,0,01,1,27870,2923,N
20251123,M7731,41016902,20251123,41,11,08,41_8046474,2,570,41016902,20251123182304,4177448,20251123185242,4116126,0,01,1,23140,1778,N
20251123,M7731,41016902,20251123,41,11,08,41_8063712,2,570,41016902,20251123175401,4177532,20251123182343,4111588,0,01,1,22980,1782,N
20251123,M7731,41016902,20251123,41,11,08,41_8065964,1,570,41016902,20251123054636,4177637,20251123065009,4111588,0,01,1,25830,3813,N
20251123,M7731,41016902,20251123,41,11,08,41_8069433,2,570,41016902,20251123182325,4177448,20251123185322,4116130,0,01,1,24380,1797,N
20251123,M7731,41016902,20251123,41,11,08,41_8072515,1,570,41016902,20251123182304,4177532,20251123185415,4111588,0,01,1,22980,1871,N
20251123,M7731,41016902,20251123,41,11,08,41_8072515,1,570,41016902,20251123204235,4106836,20251123211916,4111588,0,01,1,24330,2201,N
20251123,M7731,41016902,20251123,41,11,08,41_8072984,1,570,41016902,20251123140003,4106836,20251123145104,4111588,1,01,1,24330,3061,N
20251123,M7731,41016902,20251123,41,11,08,41_8073556,1,570,41016902,20251123183301,4177532,20251123185709,4111588,0,01,1,22980,1448,N
20251123,M7731,41016902,20251123,41,11,08,41_8093380,2,570,41016902,20251124002138,4110935,20251124011415,4116130,0,01,1,30970,3157,N
20251123,M7731,41016902,20251123,41,11,08,41_8104429,1,570,41016902,20251123170554,4177532,20251123173938,4111588,0,01,1,22980,2024,N
20251123,M7731,41016902,20251123,41,11,08,41_8109761,2,570,41016902,20251123221158,4177448,20251123223738,4111588,0,01,1,22120,1540,N
20251123,M7731,41016902,20251123,41,11,08,41_8111010,2,570,41016902,20251123152922,4106836,20251123160414,4111588,1,01,1,24330,2092,N
20251123,M7731,41016902,20251123,41,11,08,41_8117012,2,570,41016902,20251123152330,4177448,20251123154731,4111588,0,01,1,22120,1441,N
20251123,M7731,41016902,20251123,41,11,08,41_8221612,2,570,41016902,20251123130956,4106836,20251123135905,4111588,1,01,1,24330,2949,N
20251123,M7731,41016902,20251123,41,11,08,41_8272362,2,570,41016902,20251123125713,4106836,20251123140552,4116126,1,01,1,25350,4119,N
20251123,M7731,41016902,20251123,41,11,08,41_8275129,2,570,41016902,20251123160950,4106836,20251123171829,4116126,0,01,1,25350,4119,N
20251123,M7731,41016902,20251123,41,11,08,41_8279378,2,570,41016902,20251123173142,4106836,20251123181038,4111588,0,01,1,24330,2336,N
20251123,M7731,41016902,20251123,41,11,08,41_8279429,2,570,41016902,20251123150459,4106836,20251123154450,4111588,1,01,1,24330,2391,N
20251123,M7731,41016902,20251123,41,11,08,41_8279511,2,570,41016902,20251123151626,4177532,20251123160217,4116126,0,01,1,24000,2751,N
20251123,M7731,41016902,20251123,41,11,08,41_8304808,2,570,41016902,20251123131144,4106836,20251123134216,4111588,1,01,1,24330,1832,N
20251123,M7731,41016902,20251123,41,41,08,41_834087,1,570,41016902,20251123143129,4177637,20251123143638,4177448,0,01,1,3710,309,N
20251123,M7731,41016902,20251123,41,11,08,41_8371266,2,570,41016902,20251123131044,4106836,20251123133659,4116130,1,01,1,26590,1575,N
20251123,M7731,41016902,20251123,41,11,08,41_8385210,2,570,41016902,20251123144406,4177532,20251123151008,4111588,0,01,1,22980,1562,N
20251123,M7731,41016902,20251123,41,11,08,41_8401088,2,570,41016902,20251123184138,4177448,20251123191255,4116126,0,01,1,23140,1877,N
20251123,M7731,41016902,20251123,41,11,08,41_8401545,2,570,41016902,20251123162203,4177448,20251123165308,4116126,0,01,1,23140,1865,N
20251123,M7731,41016902,20251123,41,11,08,41_8415943,2,570,41016902,20251123230835,4177532,20251123235913,4116126,0,01,1,24000,3038,N
20251123,M7731,41016902,20251123,41,41,08,41_842683,1,570,41016902,20251123073331,4110935,20251123075248,4177448,0,01,1,6590,1157,N
20251123,M7731,41016902,20251123,41,41,08,41_842683,1,570,41016902,20251123184433,4123056,20251123190851,4110934,1,01,1,6380,1458,N
20251123,M7731,41016902,20251123,41,11,08,41_8440096,2,570,41016902,20251123152103,4106836,20251123160320,4111588,0,01,1,24330,2537,N
20251123,M7731,41016902,20251123,41,11,08,41_8444783,2,570,41016902,20251123134446,4177532,20251123141021,4111588,0,01,1,22980,1535,N
20251123,M7731,41016902,20251123,41,11,08,41_8455917,2,570,41016902,20251123154802,4106836,20251123163019,4111588,1,01,1,24330,2537,N
20251123,M7731,41016902,20251123,41,11,08,41_8461535,2,570,41016902,20251123142909,4107446,20251123152300,4116126,0,01,1,28890,3231,N
20251123,M7731,41016902,20251123,41,11,08,41_8470777,2,570,41016902,20251123134606,4177532,20251123141353,4111588,0,01,1,22980,1667,N
20251123,M7731,41016902,20251123,41,11,08,41_8481457,1,570,41016902,20251123134245,4177532,20251123141032,4111588,0,01,1,22980,1667,N
20251123,M7731,41016902,20251123,41,11,08,41_8481762,2,570,41016902,20251123212720,4106836,20251123222152,4116130,1,01,1,26590,3272,N
20251123,M7731,41016902,20251123,41,11,08,41_8501507,2,570,41016902,20251123141002,4177532,20251123143954,4111588,0,01,1,22980,1792,N
20251123,M7731,41016902,20251123,41,11,08,41_8503978,2,570,41016902,20251123200259,4177448,20251123203107,4111588,0,01,1,22120,1688,N
20251123,M7731,41016902,20251123,41,11,08,41_8512068,2,570,41016902,20251123080440,4106836,20251123083511,4111588,1,01,1,24330,1831,N
20251123,M7731,41016902,20251123,41,11,08,41_8524352,2,570,41016902,20251123141223,4177532,20251123144538,4116126,0,01,1,24000,1995,N
20251123,M7731,41016902,20251123,41,11,08,41_8524352,2,570,41016902,20251123164710,4177532,20251123172658,4116126,0,01,1,24000,2388,N
20251123,M7731,41016902,20251123,41,11,08,41_8529436,2,570,41016902,20251123213850,4177448,20251123220835,4116126,0,01,1,23140,1785,N
20251123,M7731,41016902,20251123,41,11,08,41_8553321,1,570,41016902,20251123082620,4107446,20251123091718,4111588,0,01,1,27870,3058,N
20251123,M7731,41016902,20251123,41,11,08,41_8599603,1,570,41016902,20251123213817,4177637,20251123220802,4116126,0,01,1,26850,1785,N
20251123,M7731,41016902,20251123,41,11,08,41_8664529,2,570,41016902,20251123144303,4106836,20251123152630,4111588,1,01,1,24330,2607,N
20251123,M7731,41016902,20251123,41,11,08,41_873416,2,570,41016902,20251123180113,4106836,20251123184343,4111588,1,01,1,24330,2550,N
20251123,M7731,41016902,20251123,41,11,08,41_8744437,2,570,41016902,20251123172833,4177532,20251123174932,4111588,0,01,1,22980,1259,N
20251123,M7731,41016902,20251123,41,11,08,41_8747150,2,570,41016902,20251123134232,4106836,20251123142040,4111588,0,01,1,24330,2288,N
20251123,M7731,41016902,20251123,41,11,08,41_8784040,2,570,41016902,20251123172836,4177532,20251123174935,4111588,0,01,1,22980,1259,N
20251123,M7731,41016902,20251123,41,11,08,41_8872746,2,570,41016902,20251123101205,4106836,20251123104953,4111588,0,01,1,24330,2268,N
20251123,M7731,41016902,20251123,41,11,08,41_8873771,2,570,41016902,20251123212236,4177448,20251123214547,4111588,0,01,1,22120,1391,N
20251123,M7731,41016902,20251123,41,11,08,41_8906699,1,570,41016902,20251123103026,4177510,20251123105652,4111588,0,01,1,29500,1586,N
20251123,M7731,41016902,20251123,41,11,08,41_8952804,1,570,41016902,20251123113223,4177637,20251123120022,4111588,0,01,1,25830,1679,N
20251123,M7731,41016902,20251123,41,11,08,41_896316,2,570,41016902,20251123091359,4177637,20251123100113,4111588,0,01,1,25830,2834,N
20251123,M7731,41016902,20251123,41,11,08,41_896316,2,570,41016902,20251123162813,4177637,20251123165954,4111588,0,01,1,25830,1901,N
20251123,M7731,41016902,20251123,41,11,08,41_8981744,2,570,41016902,20251123182811,4106836,20251123185749,4116126,0,01,1,25350,1778,N
20251123,M7731,41016902,20251123,41,11,08,41_9009732,1,570,41016902,20251123062327,4177637,20251123070637,4111588,0,01,1,25830,2590,N
20251123,M7731,41016902,20251123,41,11,08,41_9009732,1,570,41016902,20251123114830,4177637,20251123124044,4111588,0,01,1,25830,3134,N
20251123,M7731,41016902,20251123,41,11,08,41_9026883,2,570,41016902,20251123125205,4106836,20251123131941,4116126,1,01,1,25350,1656,N
20251123,M7731,41016902,20251123,41,11,08,41_9032275,2,570,41016902,20251123062327,4177510,20251123065304,4111588,0,01,1,29500,1777,N
20251123,M7731,41016902,20251123,41,11,08,41_9034363,2,570,41016902,20251123222629,4177448,20251123232124,4111588,0,01,1,22120,3295,N
20251123,M7731,41016902,20251123,41,11,08,41_9078050,2,570,41016902,20251123114911,4177448,20251123124007,4111588,0,01,1,22120,3056,N
20251123,M7731,41016902,20251123,41,11,08,41_9102703,1,570,41016902,20251123093616,4177510,20251123100601,4111588,0,01,1,29500,1785,N
20251123,M7731,41016902,20251123,41,11,08,41_9103132,2,570,41016902,20251123210617,4177637,20251123214214,4109162,0,01,1,30880,2157,N
20251123,M7731,41016902,20251123,41,11,08,41_9125043,2,570,41016902,20251123161227,4177637,20251123164851,4111588,0,01,1,25830,2184,N
20251123,M7731,41016902,20251123,41,11,08,41_9143088,1,570,41016902,20251123053400,4177448,20251123060420,4111588,0,01,1,22120,1820,N
20251123,M7731,41016902,20251123,41,41,08,41_9157476,2,570,41016902,20251123222128,4177533,20251123222742,4106837,0,01,1,1360,374,N
20251123,M7731,41016902,20251123,41,11,08,41_9164390,2,570,41016902,20251123094513,4177510,20251123101236,4116130,0,01,1,31760,1643,N
20251123,M7731,41016902,20251123,41,11,08,41_9212169,2,570,41016902,20251123183448,4177532,20251123185118,4111588,0,01,1,22980,990,N
20251123,M7731,41016902,20251123,41,11,08,41_9218703,2,570,41016902,20251123142643,4177532,20251123144313,4111588,0,01,1,22980,990,N
20251123,M7731,41016902,20251123,41,11,08,41_9225064,2,570,41016902,20251123142503,4177532,20251123144141,4116126,0,01,1,24000,998,N
20251123,M7731,41016902,20251123,41,11,08,41_9225064,2,570,41016902,20251123201029,4177532,20251123203608,4116126,0,01,1,24000,1539,N
20251123,M7731,41016902,20251123,41,11,08,41_9255237,2,570,41016902,20251123201448,4177532,20251123204014,4111588,0,01,1,22980,1526,N
20251123,M7731,41016902,20251123,41,41,08,41_9297532,2,570,41016902,20251123172618,4177533,20251123173256,4106837,0,01,1,1360,398,N
20251123,M7731,41016902,20251123,41,41,08,41_9316249,2,570,41016902,20251123081016,4106837,20251123081756,4107447,0,01,1,3540,460,N
20251123,M7731,41016902,20251123,41,11,08,41_9385691,2,570,41016902,20251123121240,4177532,20251123125124,4111588,0,01,1,22980,2324,N
20251123,M7731,41016902,20251123,41,11,08,41_9385846,2,570,41016902,20251123220555,4177448,20251123223440,4111588,0,01,1,22120,1725,N
20251123,M7731,41016902,20251123,41,11,08,41_9393413,2,570,41016902,20251123151644,4177532,20251123160347,4111588,0,01,1,22980,2823,N
20251123,M7731,41016902,20251123,41,11,08,41_9425596,2,570,41016902,20251123153913,4177448,20251123160924,4111588,0,01,1,22120,1811,N
20251123,M7731,41016902,20251123,41,11,08,41_9442070,2,570,41016902,20251123221039,4177532,20251123224253,4111588,0,01,1,22980,1934,N
20251123,M7731,41016902,20251123,41,11,08,41_945647,2,570,41016902,20251123160833,4177532,20251123163657,4111588,0,01,1,22980,1704,N
20251123,M7731,41016902,20251123,41,11,08,41_9485218,2,570,41016902,20251123153911,4177532,20251123163204,4111588,0,01,1,22980,3173,N
20251123,M7731,41016902,20251123,41,11,08,41_9511091,2,570,41016902,20251123133809,4106836,20251123142904,4111588,0,01,1,24330,3055,N
20251123,M7731,41016902,20251123,41,11,08,41_9531382,1,570,41016902,20251123170649,4177532,20251123173852,4116126,0,01,1,24000,1923,N
20251123,M7731,41016902,20251123,41,11,08,41_9544287,2,570,41016902,20251123160705,4177637,20251123163814,4111588,0,01,1,25830,1869,N
20251123,M7731,41016902,20251123,41,11,08,41_9555552,1,570,41016902,20251123201953,4177532,20251123204958,4111588,0,01,1,22980,1805,N
20251123,M7731,41016902,20251123,41,41,08,41_9572562,2,570,41016902,20251123152925,4123056,20251123154045,4102447,0,01,1,3320,680,N
20251123,M7731,41016902,20251123,41,11,08,41_9588203,2,570,41016902,20251123081915,4177448,20251123091441,4116130,0,01,1,24380,3326,N
20251123,M7731,41016902,20251123,41,11,08,41_9588203,2,570,41016902,20251123140310,4177448,20251123145356,4116130,0,01,1,24380,3046,N
20251123,M7731,41016902,20251123,41,11,08,41_9592196,2,570,41016902,20251123171244,4177448,20251123173646,4111588,0,01,1,22120,1442,N
20251123,M7731,41016902,20251123,41,11,08,41_9627848,1,570,41016902,20251123212935,4177510,20251123220038,4111588,0,01,1,29500,1863,N
20251123,M7731,41016902,20251123,41,11,08,41_9720048,1,570,41016902,20251123183022,4177532,20251123190252,4111588,0,01,1,22980,1950,N
20251123,M7731,41016902,20251123,41,11,08,41_9751616,2,570,41016902,20251123121845,4177532,20251123125220,4111588,0,01,1,22980,2015,N
20251123,M7731,41016902,20251123,41,11,08,41_9789864,2,570,41016902,20251123143200,4106836,20251123151004,4116126,0,01,1,25350,2284,N
20251123,M7731,41016902,20251123,41,11,08,41_9807383,2,570,41016902,20251123175649,4177532,20251123182424,4111588,0,01,1,22980,1655,N
20251123,M7731,41016902,20251123,41,11,08,41_9811334,1,570,41016902,20251123103455,4177637,20251123110317,4116130,0,01,1,28090,1702,N
20251123,M7731,41016902,20251123,41,11,08,41_9811334,1,570,41016902,20251123184304,4106836,20251123191009,4116130,1,01,1,26590,1625,N
20251123,M7731,41016902,20251123,41,11,08,41_9812676,2,570,41016902,20251123124040,4106836,20251123132037,4111588,1,01,1,24330,2397,N
20251123,M7731,41016902,20251123,41,11,08,41_9815309,1,570,41016902,20251123175026,4177532,20251123181801,4111588,0,01,1,22980,1655,N
20251123,M7731,41016902,20251123,41,11,08,41_9828270,2,570,41016902,20251123064657,4177532,20251123070820,4111588,0,01,1,22980,1283,N
20251123,M7731,41016902,20251123,41,11,08,41_9840798,1,570,41016902,20251123214133,4177532,20251123220514,4116126,0,01,1,24000,1421,N
20251123,M7731,41016902,20251123,41,11,08,41_9916219,2,570,41016902,20251123214634,4177532,20251123220744,4111588,0,01,1,22980,1270,N
20251123,M7731,41016902,20251123,41,11,08,41_991856,2,570,41016902,20251123102834,4177532,20251123110320,4111588,0,01,1,22980,2086,N
