query_date,query_route_no,query_route_id,opr_ymd,ride_ctpv_cd,goff_ctpv_cd,clcln_bzmn_id,vr_card_no,card_se_cd,clcln_bzmn_trfc_mns_cd,rte_id,ride_dt,ride_sttn_id,goff_dt,goff_sttn_id,trnf_cnt,users_type_cd,utztn_nope,utztn_dstnc,brdg_hr,msv_intrpl_yn
20251030,M7731,41016902,20251030,41,11,08,41_10003935,1,570,41016902,20251030211230,4177532,20251030215523,4111588,0,01,3,22980,2573,N
20251030,M7731,41016902,20251030,41,41,08,41_1002270,2,570,41016902,20251030083519,4106836,20251030084312,4177532,2,01,2,1350,473,N
20251030,M7731,41016902,20251030,41,11,08,41_10031009,2,570,41016902,20251030192426,4106836,20251030200233,4116126,0,01,3,25350,2287,N
20251030,M7731,41016902,20251030,41,11,08,41_1003238,2,570,41016902,20251030053300,4177510,20251030062230,4116130,0,01,2,31760,2970,N
20251030,M7731,41016902,20251030,41,41,08,41_10039719,2,570,41016902,20251030080205,4177637,20251030081042,4177448,0,01,3,3710,517,N
20251030,M7731,41016902,20251030,41,11,08,41_10066432,2,570,41016902,20251030212650,4106836,20251030220138,4111588,1,01,4,24330,2088,N
20251030,M7731,41016902,20251030,41,11,08,41_10085652,2,570,41016902,20251030162404,4177532,20251030165212,4111588,0,01,4,22980,1688,N
20251030,M7731,41016902,20251030,41,11,08,41_10090601,2,570,41016902,20251030052251,4110935,20251030055652,4116130,0,01,3,30970,2041,N
20251030,M7731,41016902,20251030,41,11,08,41_10101877,1,570,41016902,20251030162222,4177448,20251030170547,4111588,0,01,1,22120,2605,N
20251030,M7731,41016902,20251030,41,11,08,41_10154400,2,570,41016902,20251030152334,4107446,20251030155450,4111588,0,01,2,27870,1876,N
20251030,M7731,41016902,20251030,41,11,08,41_10181291,2,570,41016902,20251030180943,4106836,20251030184430,4116126,0,01,2,25350,2087,N
20251030,M7731,41016902,20251030,41,41,08,41_10213603,2,570,41016902,20251030073029,4110868,20251030074926,4177532,0,01,1,4000,1137,N
20251030,M7731,41016902,20251030,41,41,08,41_10213603,2,570,41016902,20251030102615,4110868,20251030104303,4177532,0,01,3,4000,1008,N
20251030,M7731,41016902,20251030,41,41,08,41_10213603,2,570,41016902,20251030182223,4177533,20251030184057,4110869,0,01,1,4000,1114,N
20251030,M7731,41016902,20251030,41,11,08,41_10261784,2,570,41016902,20251030110502,4106836,20251030113231,4111588,0,01,2,24330,1649,N
20251030,M7731,41016902,20251030,41,11,08,41_10303463,2,570,41016902,20251030172336,4177637,20251030174750,4116126,0,01,4,26850,1454,N
20251030,M7731,41016902,20251030,41,11,08,41_10307618,1,570,41016902,20251030164351,4177532,20251030171610,4111588,0,01,4,22980,1939,N
20251030,M7731,41016902,20251030,41,11,08,41_10316118,2,570,41016902,20251030141448,4177448,20251030144252,4116126,0,01,3,23140,1684,N
20251030,M7731,41016902,20251030,41,11,08,41_10321831,1,570,41016902,20251030141025,4177532,20251030144406,4111588,0,01,4,22980,2021,N
20251030,M7731,41016902,20251030,41,11,08,41_10326704,2,570,41016902,20251030141025,4177532,20251030143652,4116126,0,01,2,24000,1587,N
20251030,M7731,41016902,20251030,41,11,08,41_10336205,1,570,41016902,20251030152446,4177532,20251030155124,4116126,0,01,1,24000,1598,N
20251030,M7731,41016902,20251030,41,11,08,41_10343451,2,570,41016902,20251030114418,4106836,20251030121522,4111588,0,01,3,24330,1864,N
20251030,M7731,41016902,20251030,41,11,08,41_10343451,2,570,41016902,20251030221253,4106836,20251030225604,4111588,0,01,2,24330,2591,N
20251030,M7731,41016902,20251030,41,11,08,41_10353558,2,570,41016902,20251030141236,4177532,20251030143903,4116126,0,01,3,24000,1587,N
20251030,M7731,41016902,20251030,41,11,08,41_10377527,2,570,41016902,20251030141025,4177448,20251030143829,4111588,0,01,4,22120,1684,N
20251030,M7731,41016902,20251030,41,11,08,41_10388764,1,570,41016902,20251030141025,4177448,20251030143853,4116130,0,01,1,24380,1708,N
20251030,M7731,41016902,20251030,41,11,08,41_10389322,2,570,41016902,20251030191226,4106836,20251030194833,4116126,1,01,3,25350,2167,N
20251030,M7731,41016902,20251030,41,11,08,41_10435480,2,570,41016902,20251030151359,4106836,20251030152416,4116126,0,01,2,25350,617,N
20251030,M7731,41016902,20251030,41,41,08,41_10446610,1,570,41016902,20251030193937,4123056,20251030195020,4102447,2,01,1,3320,643,N
20251030,M7731,41016902,20251030,41,11,08,41_10450028,1,570,41016902,20251030061505,4177448,20251030062501,4111588,0,01,2,22120,596,N
20251030,M7731,41016902,20251030,41,11,08,41_10473945,2,570,41016902,20251030152952,4177510,20251030154013,4111588,0,01,1,29500,621,N
20251030,M7731,41016902,20251030,41,11,08,41_10504927,2,570,41016902,20251030124725,4177532,20251030131959,4116126,0,01,1,24000,1954,N
20251030,M7731,41016902,20251030,41,11,08,41_105319,2,570,41016902,20251030170732,4177448,20251030173151,4111588,0,01,1,22120,1459,N
20251030,M7731,41016902,20251030,41,11,08,41_10537699,1,570,41016902,20251030125221,4177532,20251030131939,4111588,0,01,1,22980,1638,N
20251030,M7731,41016902,20251030,41,11,08,41_1056032,1,570,41016902,20251030173030,4106836,20251030182546,4111599,0,01,4,28270,3316,N
20251030,M7731,41016902,20251030,41,41,08,41_10596944,1,570,41016902,20251030080758,4107446,20251030082604,4177532,0,01,1,4890,1086,N
20251030,M7731,41016902,20251030,41,41,08,41_10596944,1,570,41016902,20251030170917,4123056,20251030172424,4107447,0,01,3,5480,907,N
20251030,M7731,41016902,20251030,41,41,08,41_10596944,1,570,41016902,20251030172940,4123056,20251030174447,4107447,0,01,2,5480,907,N
20251030,M7731,41016902,20251030,41,11,08,41_10605595,1,570,41016902,20251030113915,4106836,20251030121450,4111588,0,01,3,24330,2135,N
20251030,M7731,41016902,20251030,41,11,08,41_10609164,2,570,41016902,20251030062715,4177532,20251030070252,4111588,0,01,1,22980,2137,N
20251030,M7731,41016902,20251030,41,11,08,41_10610236,1,570,41016902,20251030161010,4177532,20251030164127,4111588,0,01,4,22980,1877,N
20251030,M7731,41016902,20251030,41,11,08,41_10613149,2,570,41016902,20251030173818,4106836,20251030180932,4116126,0,01,1,25350,1874,N
20251030,M7731,41016902,20251030,41,11,08,41_1063333,2,570,41016902,20251030101846,4177532,20251030105829,4111588,0,01,1,22980,2383,N
20251030,M7731,41016902,20251030,41,11,08,41_10657078,2,570,41016902,20251030190854,4106836,20251030194434,4111588,0,01,4,24330,2140,N
20251030,M7731,41016902,20251030,41,11,08,41_10657078,2,570,41016902,20251030232132,4106836,20251030235128,4111588,0,01,4,24330,1796,N
20251030,M7731,41016902,20251030,41,11,08,41_10675145,2,570,41016902,20251030062602,4177637,20251030070556,4111588,0,01,3,25830,2394,N
20251030,M7731,41016902,20251030,41,11,08,41_10678752,2,570,41016902,20251030113301,4106836,20251030121448,4111588,0,01,1,24330,2507,N
20251030,M7731,41016902,20251030,41,11,08,41_1079155,1,570,41016902,20251030181723,4106836,20251030185616,4109162,1,01,2,29380,2333,N
20251030,M7731,41016902,20251030,41,11,08,41_10810609,1,570,41016902,20251030180745,4106836,20251030183246,4109162,0,01,1,29380,1501,N
20251030,M7731,41016902,20251030,41,11,08,41_10843389,2,570,41016902,20251030113118,4177510,20251030120018,4111588,0,01,1,29500,1740,N
20251030,M7731,41016902,20251030,41,11,08,41_10852584,1,570,41016902,20251030092933,4106836,20251030095727,4116130,0,01,1,26590,1674,N
20251030,M7731,41016902,20251030,41,11,08,41_10905957,2,570,41016902,20251030155655,4177448,20251030163721,4116126,0,01,3,23140,2426,N
20251030,M7731,41016902,20251030,41,11,08,41_10905957,2,570,41016902,20251030222910,4177448,20251030232128,4116126,0,01,2,23140,3138,N
20251030,M7731,41016902,20251030,41,11,08,41_10909456,1,570,41016902,20251030102549,4177448,20251030111451,4111588,0,01,4,22120,2942,N
20251030,M7731,41016902,20251030,41,11,08,41_10926497,2,570,41016902,20251030223254,4106836,20251030232111,4111588,0,01,4,24330,2897,N
20251030,M7731,41016902,20251030,41,11,08,41_10947951,2,570,41016902,20251030212546,4106836,20251030215616,4111588,0,01,1,24330,1830,N
20251030,M7731,41016902,20251030,41,11,08,41_10950866,2,570,41016902,20251030071342,4177637,20251030075147,4116126,0,01,2,26850,2285,N
20251030,M7731,41016902,20251030,41,11,08,41_11040406,1,570,41016902,20251030061153,4177448,20251030072812,4111588,0,01,3,22120,4579,N
20251030,M7731,41016902,20251030,41,11,08,41_11052806,2,570,41016902,20251030091128,4177510,20251030100623,4116126,0,01,4,30520,3295,N
20251030,M7731,41016902,20251030,41,11,08,41_11080262,2,570,41016902,20251030181022,4106836,20251030185911,4116126,0,01,2,25350,2929,N
20251030,M7731,41016902,20251030,41,11,08,41_11113035,1,570,41016902,20251030102400,4106836,20251030112622,4111588,0,01,3,24330,3742,N
20251030,M7731,41016902,20251030,41,11,08,41_11156451,2,570,41016902,20251030123358,4177532,20251030131537,4111588,0,01,3,22980,2499,N
20251030,M7731,41016902,20251030,41,11,08,41_11174757,2,570,41016902,20251030154533,4177532,20251030162247,4116126,0,01,1,24000,2234,N
20251030,M7731,41016902,20251030,41,11,08,41_11196722,2,570,41016902,20251030065401,4177448,20251030072009,4111588,0,01,1,22120,1568,N
20251030,M7731,41016902,20251030,41,11,08,41_11213372,2,570,41016902,20251030180837,4177532,20251030185406,4116126,0,01,2,24000,2729,N
20251030,M7731,41016902,20251030,41,11,08,41_11232381,1,570,41016902,20251030181040,4177532,20251030190026,4111588,0,01,2,22980,2986,N
20251030,M7731,41016902,20251030,41,11,08,41_11249086,2,570,41016902,20251030073731,4106836,20251030082526,4116126,0,01,3,25350,2875,N
20251030,M7731,41016902,20251030,41,11,08,41_11249086,2,570,41016902,20251030101853,4106836,20251030110349,4116126,0,01,3,25350,2696,N
20251030,M7731,41016902,20251030,41,11,08,41_11261237,2,570,41016902,20251030141809,4106836,20251030145307,4111588,0,01,4,24330,2098,N
20251030,M7731,41016902,20251030,41,11,08,41_11261615,2,570,41016902,20251030135133,4177532,20251030144459,4109162,0,01,1,28030,3206,N
20251030,M7731,41016902,20251030,41,11,08,41_11267887,2,570,41016902,20251030073533,4106836,20251030081359,4111588,0,01,3,24330,2306,N
20251030,M7731,41016902,20251030,41,11,08,41_11331634,1,570,41016902,20251030055738,4110935,20251030063923,4111588,0,01,4,28710,2505,N
20251030,M7731,41016902,20251030,41,11,08,41_1133635,2,570,41016902,20251030180836,4177532,20251030184509,4116126,0,01,1,24000,2193,N
20251030,M7731,41016902,20251030,41,11,08,41_11351670,2,570,41016902,20251030082514,4107446,20251030090012,4111588,0,01,1,27870,2098,N
20251030,M7731,41016902,20251030,41,11,08,41_11371929,2,570,41016902,20251030170919,4177532,20251030175010,4111588,0,01,3,22980,2451,N
20251030,M7731,41016902,20251030,41,41,08,41_11387838,2,570,41016902,20251030185141,4123056,20251030192027,4107447,2,01,2,5480,1726,N
20251030,M7731,41016902,20251030,41,11,08,41_1138847,2,570,41016902,20251030173529,4110935,20251030181015,4111588,0,01,1,28710,2086,N
20251030,M7731,41016902,20251030,41,11,08,41_11427709,1,570,41016902,20251030133316,4106836,20251030142457,4116126,0,01,4,25350,3101,N
20251030,M7731,41016902,20251030,41,11,08,41_11448780,1,570,41016902,20251030130205,4106836,20251030135346,4116130,0,01,2,26590,3101,N
20251030,M7731,41016902,20251030,41,11,08,41_11448780,1,570,41016902,20251030150133,4106836,20251030155313,4116130,0,01,3,26590,3100,N
20251030,M7731,41016902,20251030,41,11,08,41_1151326,2,570,41016902,20251030211811,4177448,20251030222025,4116126,0,01,3,23140,3734,N
20251030,M7731,41016902,20251030,41,11,08,41_11523460,2,570,41016902,20251030051919,4177532,20251030055520,4116126,0,01,3,24000,2161,N
20251030,M7731,41016902,20251030,41,11,08,41_11572924,2,570,41016902,20251030071348,4106836,20251030074001,4111588,1,01,1,24330,1573,N
20251030,M7731,41016902,20251030,41,11,08,41_11579308,1,570,41016902,20251030092304,4177448,20251030094635,4111588,0,01,2,22120,1411,N
20251030,M7731,41016902,20251030,41,11,08,41_11579308,1,570,41016902,20251030120523,4177448,20251030122443,4111588,0,01,3,22120,1160,N
20251030,M7731,41016902,20251030,41,11,08,41_11584231,2,570,41016902,20251030054442,4177510,20251030070816,4111588,0,01,2,29500,5014,N
20251030,M7731,41016902,20251030,41,11,08,41_11598757,2,570,41016902,20251030142636,4106836,20251030150135,4111588,1,01,3,24330,2099,N
20251030,M7731,41016902,20251030,41,11,08,41_11607356,2,570,41016902,20251030135400,4106836,20251030142135,4111588,0,01,3,24330,1655,N
20251030,M7731,41016902,20251030,41,11,08,41_11611125,1,570,41016902,20251030115146,4177637,20251030121747,4116126,0,01,4,26850,1561,N
20251030,M7731,41016902,20251030,41,11,08,41_11615423,1,570,41016902,20251030141846,4177532,20251030144328,4111588,0,01,4,22980,1482,N
20251030,M7731,41016902,20251030,41,11,08,41_11662062,2,570,41016902,20251030223053,4106836,20251030230706,4111588,0,01,4,24330,2173,N
20251030,M7731,41016902,20251030,41,41,08,41_11678458,2,570,41016902,20251030232637,4107446,20251030233314,4177637,0,01,3,2040,397,N
20251030,M7731,41016902,20251030,41,41,08,41_11685421,2,570,41016902,20251030141200,4123056,20251030141759,4106837,1,01,1,1940,359,N
20251030,M7731,41016902,20251030,41,11,08,41_11690872,2,570,41016902,20251030115442,4177637,20251030122043,4116126,0,01,4,26850,1561,N
20251030,M7731,41016902,20251030,41,11,08,41_11707567,1,570,41016902,20251030090347,4177448,20251030095323,4111599,0,01,4,26060,2976,N
20251030,M7731,41016902,20251030,41,41,08,41_11733271,1,570,41016902,20251030084446,4177637,20251030085259,4177448,0,01,1,3710,493,N
20251030,M7731,41016902,20251030,41,11,08,41_11768780,2,570,41016902,20251030072102,4177637,20251030083155,4111588,0,01,1,25830,4253,N
20251030,M7731,41016902,20251030,41,11,08,41_11768780,2,570,41016902,20251030124006,4177637,20251030132544,4111588,0,01,1,25830,2738,N
20251030,M7731,41016902,20251030,41,11,08,41_1177382,2,570,41016902,20251030150727,4177510,20251030160843,4111588,0,01,4,29500,3676,N
20251030,M7731,41016902,20251030,41,11,08,41_11782377,1,570,41016902,20251030173935,4177532,20251030181844,4111588,0,01,3,22980,2349,N
20251030,M7731,41016902,20251030,41,11,08,41_11795019,1,570,41016902,20251030184003,4106836,20251030192823,4111588,0,01,2,24330,2900,N
20251030,M7731,41016902,20251030,41,11,08,41_11830641,1,570,41016902,20251030060444,4177637,20251030065931,4116126,0,01,2,26850,3287,N
20251030,M7731,41016902,20251030,41,41,08,41_11845245,2,570,41016902,20251030101339,4106837,20251030102132,4110869,0,01,2,2640,473,N
20251030,M7731,41016902,20251030,41,11,08,41_11852261,1,570,41016902,20251030072450,4106836,20251030075726,4111588,0,01,2,24330,1956,N
20251030,M7731,41016902,20251030,41,41,08,41_11865259,2,570,41016902,20251030104812,4106837,20251030105605,4110869,0,01,1,2640,473,N
20251030,M7731,41016902,20251030,41,11,08,41_11895443,2,570,41016902,20251030060432,4177637,20251030070009,4116126,0,01,4,26850,3337,N
20251030,M7731,41016902,20251030,41,11,08,41_11896777,2,570,41016902,20251030162851,4177532,20251030165613,4111588,0,01,4,22980,1642,N
20251030,M7731,41016902,20251030,41,11,08,41_1190678,2,570,41016902,20251030211634,4177448,20251030213906,4111588,0,01,3,22120,1352,N
20251030,M7731,41016902,20251030,41,11,08,41_11912825,1,570,41016902,20251030073535,4177448,20251030075644,4111588,0,01,1,22120,1269,N
20251030,M7731,41016902,20251030,41,11,08,41_11920499,2,570,41016902,20251030184636,4177532,20251030194325,4116126,0,01,1,24000,3409,N
20251030,M7731,41016902,20251030,41,11,08,41_11944361,2,570,41016902,20251030170705,4106836,20251030180410,4116126,0,01,3,25350,3425,N
20251030,M7731,41016902,20251030,41,11,08,41_11946900,1,570,41016902,20251030164551,4177532,20251030171852,4111588,0,01,3,22980,1981,N
20251030,M7731,41016902,20251030,41,11,08,41_11949218,2,570,41016902,20251030052135,4177448,20251030063938,4111588,0,01,1,22120,4683,N
20251030,M7731,41016902,20251030,41,11,08,41_11951353,2,570,41016902,20251030073740,4177448,20251030083545,4109162,0,01,3,27170,3485,N
20251030,M7731,41016902,20251030,41,11,08,41_11972857,2,570,41016902,20251030073535,4177448,20251030083340,4116126,0,01,4,23140,3485,N
20251030,M7731,41016902,20251030,41,11,08,41_11984577,2,570,41016902,20251030073647,4177448,20251030083452,4116126,0,01,1,23140,3485,N
20251030,M7731,41016902,20251030,41,11,08,41_11985860,2,570,41016902,20251030173440,4177448,20251030175901,4111588,0,01,4,22120,1461,N
20251030,M7731,41016902,20251030,41,11,08,41_1199381,2,570,41016902,20251030110801,4177448,20251030113904,4111588,0,01,4,22120,1863,N
20251030,M7731,41016902,20251030,41,11,08,41_11999468,1,570,41016902,20251030070333,4106836,20251030075326,4111588,0,01,3,24330,2993,N
20251030,M7731,41016902,20251030,41,11,08,41_11999468,1,570,41016902,20251030210038,4106836,20251030214308,4111588,0,01,4,24330,2550,N
20251030,M7731,41016902,20251030,41,11,08,41_12001039,2,570,41016902,20251030070548,4106836,20251030074348,4111588,1,01,2,24330,2280,N
20251030,M7731,41016902,20251030,41,11,08,41_12001614,1,570,41016902,20251031001107,4177448,20251031003940,4111588,0,01,3,22120,1713,N
20251030,M7731,41016902,20251030,41,11,08,41_12002910,2,570,41016902,20251031002521,4177532,20251031003902,4111588,0,01,1,22980,821,N
20251030,M7731,41016902,20251030,41,11,08,41_12009865,2,570,41016902,20251030163800,4106836,20251030174756,4111588,1,01,3,24330,4196,N
20251030,M7731,41016902,20251030,41,41,08,41_12051357,2,570,41016902,20251030124927,4107446,20251030131526,4177448,0,01,4,5750,1559,N
20251030,M7731,41016902,20251030,41,11,08,41_12073828,2,570,41016902,20251030074542,4177448,20251030081415,4111588,0,01,3,22120,1713,N
20251030,M7731,41016902,20251030,41,41,08,41_12077254,2,570,41016902,20251030065608,4177637,20251030070512,4177448,0,01,2,3710,544,N
20251030,M7731,41016902,20251030,41,41,08,41_12077254,2,570,41016902,20251030175054,4123056,20251030175801,4102447,2,01,1,3320,427,N
20251030,M7731,41016902,20251030,41,11,08,41_12091235,2,570,41016902,20251030072254,4177448,20251030074259,4116126,0,01,3,23140,1205,N
20251030,M7731,41016902,20251030,41,11,08,41_12101729,2,570,41016902,20251030225234,4106836,20251030233354,4116126,0,01,1,25350,2480,N
20251030,M7731,41016902,20251030,41,11,08,41_12135016,2,570,41016902,20251030082306,4177532,20251030085119,4111588,0,01,4,22980,1693,N
20251030,M7731,41016902,20251030,41,11,08,41_12151171,2,570,41016902,20251030055837,4107446,20251030063014,4111588,0,01,3,27870,1897,N
20251030,M7731,41016902,20251030,41,41,08,41_12157891,1,570,41016902,20251030181820,4177533,20251030183919,4107447,0,01,3,4900,1259,N
20251030,M7731,41016902,20251030,41,11,08,41_1216576,2,570,41016902,20251030150634,4177532,20251030154216,4111588,0,01,1,22980,2142,N
20251030,M7731,41016902,20251030,41,11,08,41_12187618,2,570,41016902,20251030063338,4177448,20251030070624,4111588,0,01,4,22120,1966,N
20251030,M7731,41016902,20251030,41,41,08,41_12211337,1,570,41016902,20251030142852,4123056,20251030145533,4107447,0,01,2,5480,1601,N
20251030,M7731,41016902,20251030,41,11,08,41_12214199,2,570,41016902,20251030112002,4177448,20251030115058,4111588,0,01,2,22120,1856,N
20251030,M7731,41016902,20251030,41,11,08,41_12220529,2,570,41016902,20251030145224,4106836,20251030160050,4111588,1,01,3,24330,4106,N
20251030,M7731,41016902,20251030,41,11,08,41_12223241,2,570,41016902,20251030073256,4106836,20251030081346,4116126,0,01,3,25350,2450,N
20251030,M7731,41016902,20251030,41,11,08,41_12223241,2,570,41016902,20251030171931,4106836,20251030180420,4116126,0,01,2,25350,2689,N
20251030,M7731,41016902,20251030,41,11,08,41_12223241,2,570,41016902,20251030210810,4106836,20251030214009,4116126,0,01,4,25350,1919,N
20251030,M7731,41016902,20251030,41,11,08,41_12223241,2,570,41016902,20251030222329,4106836,20251030231455,4116126,0,01,3,25350,3086,N
20251030,M7731,41016902,20251030,41,11,08,41_12226474,2,570,41016902,20251030210228,4106836,20251030214147,4111588,1,01,4,24330,2359,N
20251030,M7731,41016902,20251030,41,11,08,41_12282375,2,570,41016902,20251030103131,4177510,20251030111940,4116130,0,01,2,31760,2889,N
20251030,M7731,41016902,20251030,41,11,08,41_12291303,1,570,41016902,20251030211451,4106836,20251030215804,4111588,0,01,2,24330,2593,N
20251030,M7731,41016902,20251030,41,41,08,41_12327733,2,570,41016902,20251030154107,4106837,20251030154712,4102447,0,01,4,1380,365,N
20251030,M7731,41016902,20251030,41,41,08,41_12327733,2,570,41016902,20251030174740,4106837,20251030175602,4102447,0,01,1,1380,502,N
20251030,M7731,41016902,20251030,41,11,08,41_12363586,2,570,41016902,20251030143448,4177532,20251030145348,4116126,0,01,4,24000,1140,N
20251030,M7731,41016902,20251030,41,41,08,41_12384712,2,570,41016902,20251030081532,4123056,20251030083247,4107447,2,01,1,5480,1035,N
20251030,M7731,41016902,20251030,41,41,08,41_12384712,2,570,41016902,20251030193227,4123056,20251030195022,4107447,2,01,1,5480,1075,N
20251030,M7731,41016902,20251030,41,11,08,41_12387865,2,570,41016902,20251030071319,4177637,20251030074038,4116130,0,01,2,28090,1639,N
20251030,M7731,41016902,20251030,41,11,08,41_12387865,2,570,41016902,20251030093215,4177637,20251030100452,4116130,0,01,4,28090,1957,N
20251030,M7731,41016902,20251030,41,11,08,41_1240348,1,570,41016902,20251030180822,4177448,20251030184120,4116126,0,01,4,23140,1978,N
20251030,M7731,41016902,20251030,41,11,08,41_12420653,2,570,41016902,20251030121345,4177532,20251030124429,4111588,0,01,2,22980,1844,N
20251030,M7731,41016902,20251030,41,11,08,41_12440693,2,570,41016902,20251030162031,4106836,20251030170426,4111588,1,01,3,24330,2635,N
20251030,M7731,41016902,20251030,41,11,08,41_12445090,2,570,41016902,20251030071743,4177448,20251030075929,4116130,0,01,4,24380,2506,N
20251030,M7731,41016902,20251030,41,11,08,41_12454561,2,570,41016902,20251030100942,4106836,20251030104448,4111588,1,01,1,24330,2106,N
20251030,M7731,41016902,20251030,41,41,08,41_12462664,2,570,41016902,20251030070829,4177637,20251030071631,4106836,0,01,1,1500,482,N
20251030,M7731,41016902,20251030,41,11,08,41_12477180,2,570,41016902,20251030123824,4106836,20251030132706,4111598,0,01,1,27620,2922,N
20251030,M7731,41016902,20251030,41,41,08,41_12491364,1,570,41016902,20251030100929,4107446,20251030101727,4177637,1,01,3,2040,478,N
20251030,M7731,41016902,20251030,41,41,08,41_12491364,1,570,41016902,20251030161443,4106837,20251030162826,4107447,1,01,3,3540,823,N
20251030,M7731,41016902,20251030,41,11,08,41_12496645,2,570,41016902,20251030202429,4106836,20251030210941,4111588,0,01,3,24330,2712,N
20251030,M7731,41016902,20251030,41,11,08,41_12500294,2,570,41016902,20251030093827,4106836,20251030104349,4111588,0,01,1,24330,3922,N
20251030,M7731,41016902,20251030,41,11,08,41_12500294,2,570,41016902,20251030122357,4106836,20251030131329,4111588,0,01,4,24330,2972,N
20251030,M7731,41016902,20251030,41,11,08,41_12500294,2,570,41016902,20251030163332,4106836,20251030170345,4111588,0,01,2,24330,1813,N
20251030,M7731,41016902,20251030,41,11,08,41_12500294,2,570,41016902,20251030190126,4106836,20251030194259,4111588,0,01,3,24330,2493,N
20251030,M7731,41016902,20251030,41,11,08,41_1250169,1,570,41016902,20251030111456,4177532,20251030114324,4111588,0,01,3,22980,1708,N
20251030,M7731,41016902,20251030,41,11,08,41_1252816,2,570,41016902,20251030172019,4106836,20251030174813,4116126,0,01,1,25350,1674,N
20251030,M7731,41016902,20251030,41,11,08,41_12544053,2,570,41016902,20251030173530,4177637,20251030181922,4111588,0,01,1,25830,2632,N
20251030,M7731,41016902,20251030,41,11,08,41_12548748,2,570,41016902,20251030072042,4177448,20251030075312,4111588,0,01,4,22120,1950,N
20251030,M7731,41016902,20251030,41,11,08,41_12550348,2,570,41016902,20251030094140,4106836,20251030101446,4116126,0,01,4,25350,1986,N
20251030,M7731,41016902,20251030,41,11,08,41_12550348,2,570,41016902,20251030140426,4106836,20251030144135,4116126,0,01,3,25350,2229,N
20251030,M7731,41016902,20251030,41,11,08,41_12552229,1,570,41016902,20251030074852,4177637,20251030084403,4116126,0,01,1,26850,3311,N
20251030,M7731,41016902,20251030,41,11,08,41_12565210,1,570,41016902,20251030201427,4177448,20251030203807,4111588,0,01,3,22120,1420,N
20251030,M7731,41016902,20251030,41,11,08,41_12613579,2,570,41016902,20251031000338,4177448,20251031003149,4111588,0,01,3,22120,1691,N
20251030,M7731,41016902,20251030,41,11,08,41_12618237,2,570,41016902,20251030120634,4177532,20251030125025,4116130,0,01,3,25240,2631,N
20251030,M7731,41016902,20251030,41,11,08,41_12618237,2,570,41016902,20251030152809,4177532,20251030161256,4116130,0,01,4,25240,2687,N
20251030,M7731,41016902,20251030,41,11,08,41_12629269,2,570,41016902,20251030085940,4106836,20251030093115,4111588,1,01,3,24330,1895,N
20251030,M7731,41016902,20251030,41,11,08,41_12639352,2,570,41016902,20251030153255,4177532,20251030161548,4111588,0,01,3,22980,2573,N
20251030,M7731,41016902,20251030,41,11,08,41_12646200,2,570,41016902,20251030120925,4177532,20251030125127,4111588,0,01,2,22980,2522,N
20251030,M7731,41016902,20251030,41,11,08,41_12659243,2,570,41016902,20251030153211,4177532,20251030161504,4111588,0,01,1,22980,2573,N
20251030,M7731,41016902,20251030,41,11,08,41_12670980,2,570,41016902,20251030134454,4106836,20251030142656,4116126,0,01,1,25350,2522,N
20251030,M7731,41016902,20251030,41,11,08,41_12685766,2,570,41016902,20251030221824,4106836,20251030225948,4111588,0,01,3,24330,2484,N
20251030,M7731,41016902,20251030,41,11,08,41_12690387,2,570,41016902,20251030212410,4177510,20251030221534,4111588,0,01,3,29500,3084,N
20251030,M7731,41016902,20251030,41,11,08,41_12697576,2,570,41016902,20251030190218,4110935,20251030195041,4111588,0,01,3,28710,2903,N
20251030,M7731,41016902,20251030,41,11,08,41_12710727,1,570,41016902,20251030065854,4106836,20251030075003,4116126,1,01,2,25350,3069,N
20251030,M7731,41016902,20251030,41,11,08,41_12717576,2,570,41016902,20251030161036,4177532,20251030170305,4111588,0,01,3,22980,3149,N
20251030,M7731,41016902,20251030,41,11,08,41_12717576,2,570,41016902,20251030171322,4177532,20251030175158,4111588,0,01,4,22980,2316,N
20251030,M7731,41016902,20251030,41,11,08,41_1272340,1,570,41016902,20251030172019,4106836,20251030175233,4111588,0,01,2,24330,1934,N
20251030,M7731,41016902,20251030,41,11,08,41_12734293,1,570,41016902,20251030160439,4177532,20251030170010,4116126,0,01,2,24000,3331,N
20251030,M7731,41016902,20251030,41,11,08,41_12743633,2,570,41016902,20251030094147,4107446,20251030101032,4116130,0,01,2,30130,1725,N
20251030,M7731,41016902,20251030,41,11,08,41_12744837,1,570,41016902,20251030220241,4106836,20251030225007,4111588,0,01,3,24330,2846,N
20251030,M7731,41016902,20251030,41,11,08,41_1276307,1,570,41016902,20251030161202,4106836,20251030164004,4116126,0,01,3,25350,1682,N
20251030,M7731,41016902,20251030,41,11,08,41_12784577,2,570,41016902,20251030100453,4106836,20251030110557,4116126,0,01,3,25350,3664,N
20251030,M7731,41016902,20251030,41,11,08,41_12784577,2,570,41016902,20251030172745,4106836,20251030180216,4116126,0,01,4,25350,2071,N
20251030,M7731,41016902,20251030,41,11,08,41_1279414,1,570,41016902,20251030111456,4177532,20251030114936,4116126,0,01,3,24000,2080,N
20251030,M7731,41016902,20251030,41,11,08,41_12809964,1,570,41016902,20251030072954,4177532,20251030081205,4116126,0,01,3,24000,2531,N
20251030,M7731,41016902,20251030,41,11,08,41_12827881,2,570,41016902,20251030152234,4106836,20251030154827,4111588,0,01,1,24330,1553,N
20251030,M7731,41016902,20251030,41,11,08,41_12834067,2,570,41016902,20251030091525,4106836,20251030094420,4111588,0,01,1,24330,1735,N
20251030,M7731,41016902,20251030,41,11,08,41_12834067,2,570,41016902,20251030181736,4106836,20251030184631,4111588,0,01,4,24330,1735,N
20251030,M7731,41016902,20251030,41,11,08,41_1284864,1,570,41016902,20251030113429,4177637,20251030120721,4116126,0,01,3,26850,1972,N
20251030,M7731,41016902,20251030,41,11,08,41_12851851,1,570,41016902,20251030114350,4106836,20251030122410,4116126,1,01,1,25350,2420,N
20251030,M7731,41016902,20251030,41,11,08,41_12853937,2,570,41016902,20251030072954,4177532,20251030081205,4116126,0,01,4,24000,2531,N
20251030,M7731,41016902,20251030,41,41,08,41_12857736,2,570,41016902,20251030181311,4107446,20251030183256,4177532,0,01,3,4890,1185,N
20251030,M7731,41016902,20251030,41,11,08,41_12891322,1,570,41016902,20251030192747,4106836,20251030201016,4116126,0,01,2,25350,2549,N
20251030,M7731,41016902,20251030,41,11,08,41_12892373,2,570,41016902,20251030152157,4106836,20251030155829,4111599,0,01,1,28270,2192,N
20251030,M7731,41016902,20251030,41,11,08,41_12893457,2,570,41016902,20251030093314,4106836,20251030102011,4111588,0,01,1,24330,2817,N
20251030,M7731,41016902,20251030,41,11,08,41_12896675,2,570,41016902,20251030191113,4177448,20251030195003,4111588,0,01,2,22120,2330,N
20251030,M7731,41016902,20251030,41,11,08,41_12903765,2,570,41016902,20251030183111,4177532,20251030191045,4111598,0,01,3,26270,2374,N
20251030,M7731,41016902,20251030,41,11,08,41_12920174,2,570,41016902,20251030180636,4106836,20251030184514,4111588,1,01,4,24330,2318,N
20251030,M7731,41016902,20251030,41,11,08,41_12951864,2,570,41016902,20251030093039,4106836,20251030101600,4111588,0,01,2,24330,2721,N
20251030,M7731,41016902,20251030,41,41,08,41_12955608,2,570,41016902,20251030130823,4177510,20251030133947,4106836,0,01,1,5170,1884,N
20251030,M7731,41016902,20251030,41,11,08,41_12957831,2,570,41016902,20251030162458,4177532,20251030170656,4111588,0,01,3,22980,2518,N
20251030,M7731,41016902,20251030,41,11,08,41_12965255,1,570,41016902,20251030091418,4106836,20251030094717,4111588,0,01,4,24330,1979,N
20251030,M7731,41016902,20251030,41,11,08,41_12973794,2,570,41016902,20251030092251,4177448,20251030095353,4116130,0,01,1,24380,1862,N
20251030,M7731,41016902,20251030,41,41,08,41_12993431,1,570,41016902,20251030073324,4110935,20251030073905,4106836,0,01,2,4380,341,N
20251030,M7731,41016902,20251030,41,41,08,41_13001435,1,570,41016902,20251030110018,4123056,20251030111402,4110869,0,01,1,4580,824,N
20251030,M7731,41016902,20251030,41,41,08,41_13001435,1,570,41016902,20251030204317,4110868,20251030205720,4177448,0,01,2,4860,843,N
20251030,M7731,41016902,20251030,41,11,08,41_13072868,2,570,41016902,20251030130152,4177448,20251030133326,4111588,0,01,3,22120,1894,N
20251030,M7731,41016902,20251030,41,11,08,41_13098820,2,570,41016902,20251030134611,4177448,20251030141745,4111588,0,01,4,22120,1894,N
20251030,M7731,41016902,20251030,41,11,08,41_13116272,2,570,41016902,20251030151750,4177448,20251030153925,4111588,0,01,2,22120,1295,N
20251030,M7731,41016902,20251030,41,11,08,41_13124291,2,570,41016902,20251030155011,4177448,20251030162743,4111588,0,01,4,22120,2252,N
20251030,M7731,41016902,20251030,41,11,08,41_13136131,2,570,41016902,20251030234219,4106836,20251031001828,4116126,0,01,2,25350,2169,N
20251030,M7731,41016902,20251030,41,11,08,41_13183390,2,570,41016902,20251030151750,4177448,20251030154143,4111588,0,01,2,22120,1433,N
20251030,M7731,41016902,20251030,41,11,08,41_132237,2,570,41016902,20251030112153,4177637,20251030115826,4111598,0,01,3,29120,2193,N
20251030,M7731,41016902,20251030,41,11,08,41_13242876,2,570,41016902,20251030183727,4177448,20251030193610,4116126,0,01,2,23140,3523,N
20251030,M7731,41016902,20251030,41,11,08,41_13250239,1,570,41016902,20251030185059,4177448,20251030194942,4116126,0,01,4,23140,3523,N
20251030,M7731,41016902,20251030,41,11,08,41_13253371,2,570,41016902,20251030074540,4106836,20251030084903,4109162,0,01,2,29380,3803,N
20251030,M7731,41016902,20251030,41,11,08,41_13254438,2,570,41016902,20251030074135,4177448,20251030084458,4111599,0,01,3,26060,3803,N
20251030,M7731,41016902,20251030,41,11,08,41_13256620,1,570,41016902,20251030074135,4177448,20251030084124,4116126,0,01,3,23140,3589,N
20251030,M7731,41016902,20251030,41,11,08,41_13285250,2,570,41016902,20251030063123,4106836,20251030072816,4111588,0,01,1,24330,3413,N
20251030,M7731,41016902,20251030,41,11,08,41_13305560,2,570,41016902,20251030071303,4177448,20251030074053,4116130,0,01,2,24380,1670,N
20251030,M7731,41016902,20251030,41,11,08,41_13305560,2,570,41016902,20251030182642,4177448,20251030185508,4116130,0,01,1,24380,1706,N
20251030,M7731,41016902,20251030,41,11,08,41_13349402,2,570,41016902,20251030071143,4177448,20251030073726,4116126,0,01,3,23140,1543,N
20251030,M7731,41016902,20251030,41,11,08,41_13363136,2,570,41016902,20251030180700,4177532,20251030183702,4109162,0,01,3,28030,1802,N
20251030,M7731,41016902,20251030,41,11,08,41_13371121,2,570,41016902,20251030121441,4106836,20251030124707,4111588,0,01,3,24330,1946,N
20251030,M7731,41016902,20251030,41,11,08,41_13381875,1,570,41016902,20251030184137,4177532,20251030193524,4111588,0,01,1,22980,3227,N
20251030,M7731,41016902,20251030,41,11,08,41_13386077,2,570,41016902,20251030160631,4106836,20251030164134,4116126,0,01,2,25350,2103,N
20251030,M7731,41016902,20251030,41,11,08,41_13397918,1,570,41016902,20251030163805,4177532,20251030173822,4111588,1,01,3,22980,3617,N
20251030,M7731,41016902,20251030,41,11,08,41_13412870,2,570,41016902,20251030111509,4107446,20251030120655,4111588,0,01,4,27870,3106,N
20251030,M7731,41016902,20251030,41,11,08,41_13423119,2,570,41016902,20251030185031,4177448,20251030193032,4116126,0,01,3,23140,2401,N
20251030,M7731,41016902,20251030,41,11,08,41_1343615,2,570,41016902,20251030172504,4177532,20251030175645,4111598,0,01,4,26270,1901,N
20251030,M7731,41016902,20251030,41,41,08,41_13453164,2,570,41016902,20251030074233,4110935,20251030080055,4177532,0,01,2,5730,1102,N
20251030,M7731,41016902,20251030,41,41,08,41_13453164,2,570,41016902,20251030164506,4177533,20251030171140,4110934,0,01,4,5800,1594,N
20251030,M7731,41016902,20251030,41,11,08,41_1345419,2,570,41016902,20251030172358,4177532,20251030181648,4111588,0,01,4,22980,3170,N
20251030,M7731,41016902,20251030,41,11,08,41_13482839,2,570,41016902,20251030183635,4177448,20251030191636,4116130,0,01,2,24380,2401,N
20251030,M7731,41016902,20251030,41,11,08,41_1348838,2,570,41016902,20251030062345,4110868,20251030065832,4111588,0,01,4,26980,2087,N
20251030,M7731,41016902,20251030,41,41,08,41_13507849,2,570,41016902,20251030224405,4106837,20251030225104,4102447,1,01,3,1380,419,N
20251030,M7731,41016902,20251030,41,11,08,41_13518941,2,570,41016902,20251030191214,4177532,20251030195243,4111588,0,01,1,22980,2429,N
20251030,M7731,41016902,20251030,41,11,08,41_1352921,2,570,41016902,20251030141027,4177448,20251030144635,4111588,0,01,1,22120,2168,N
20251030,M7731,41016902,20251030,41,11,08,41_13543933,2,570,41016902,20251030090900,4177448,20251030094929,4111588,0,01,1,22120,2429,N
20251030,M7731,41016902,20251030,41,11,08,41_13556412,2,570,41016902,20251030063118,4177510,20251030070152,4111588,0,01,3,29500,1834,N
20251030,M7731,41016902,20251030,41,41,08,41_1357468,2,570,41016902,20251030084710,4107446,20251030085510,4106836,0,01,3,3540,480,N
20251030,M7731,41016902,20251030,41,11,08,41_13575994,2,570,41016902,20251030070608,4106836,20251030074952,4111588,0,01,4,24330,2624,N
20251030,M7731,41016902,20251030,41,11,08,41_13579717,2,570,41016902,20251030133917,4177637,20251030141931,4111588,0,01,2,25830,2414,N
20251030,M7731,41016902,20251030,41,11,08,41_13580789,2,570,41016902,20251030190559,4106836,20251030194821,4116130,0,01,3,26590,2542,N
20251030,M7731,41016902,20251030,41,11,08,41_13581700,2,570,41016902,20251030075121,4177637,20251030090042,4116126,0,01,1,26850,4161,N
20251030,M7731,41016902,20251030,41,11,08,41_1362191,2,570,41016902,20251030121900,4106836,20251030130337,4116126,0,01,2,25350,2677,N
20251030,M7731,41016902,20251030,41,11,08,41_13630001,2,570,41016902,20251030121304,4106836,20251030124410,4111588,0,01,3,24330,1866,N
20251030,M7731,41016902,20251030,41,11,08,41_13636229,1,570,41016902,20251030170911,4177532,20251030173730,4116126,0,01,2,24000,1699,N
20251030,M7731,41016902,20251030,41,11,08,41_13666513,2,570,41016902,20251030170911,4177532,20251030173612,4111588,0,01,3,22980,1621,N
20251030,M7731,41016902,20251030,41,11,08,41_13674924,1,570,41016902,20251030070328,4106836,20251030074249,4111588,0,01,3,24330,2361,N
20251030,M7731,41016902,20251030,41,11,08,41_1369340,2,570,41016902,20251030180446,4177448,20251030184040,4116126,0,01,4,23140,2154,N
20251030,M7731,41016902,20251030,41,11,08,41_1369386,2,570,41016902,20251030072502,4177532,20251030075942,4111588,0,01,1,22980,2080,N
20251030,M7731,41016902,20251030,41,11,08,41_13710317,1,570,41016902,20251030232746,4177448,20251030235021,4111588,0,01,1,22120,1355,N
20251030,M7731,41016902,20251030,41,11,08,41_13727265,2,570,41016902,20251030210259,4106836,20251030213209,4109162,0,01,4,29380,1750,N
20251030,M7731,41016902,20251030,41,11,08,41_13738997,2,570,41016902,20251030084818,4106836,20251030093041,4116126,0,01,3,25350,2543,N
20251030,M7731,41016902,20251030,41,11,08,41_13744210,2,570,41016902,20251030233718,4177448,20251031001048,4116126,0,01,4,23140,2010,N
20251030,M7731,41016902,20251030,41,11,08,41_13791136,2,570,41016902,20251030083655,4106836,20251030091259,4111588,0,01,3,24330,2164,N
20251030,M7731,41016902,20251030,41,11,08,41_13791136,2,570,41016902,20251030110627,4106836,20251030114403,4111588,0,01,2,24330,2256,N
20251030,M7731,41016902,20251030,41,11,08,41_13806469,2,570,41016902,20251030094600,4177448,20251030101112,4111588,0,01,1,22120,1512,N
20251030,M7731,41016902,20251030,41,11,08,41_13837655,1,570,41016902,20251030094559,4177637,20251030101353,4111588,0,01,2,25830,1674,N
20251030,M7731,41016902,20251030,41,11,08,41_13865160,2,570,41016902,20251030150253,4177532,20251030152653,4116126,0,01,2,24000,1440,N
20251030,M7731,41016902,20251030,41,41,08,41_13895388,2,570,41016902,20251030150628,4107446,20251030153028,4177532,0,01,1,4890,1440,N
20251030,M7731,41016902,20251030,41,11,08,41_13898977,1,570,41016902,20251030170428,4177448,20251030174504,4111588,0,01,4,22120,2436,N
20251030,M7731,41016902,20251030,41,11,08,41_13899661,2,570,41016902,20251030150253,4177532,20251030152700,4116130,0,01,1,25240,1447,N
20251030,M7731,41016902,20251030,41,11,08,41_13904031,1,570,41016902,20251030072016,4110935,20251030075735,4111588,0,01,4,28710,2239,N
20251030,M7731,41016902,20251030,41,11,08,41_13926225,2,570,41016902,20251030142357,4177448,20251030150349,4111588,0,01,4,22120,2392,N
20251030,M7731,41016902,20251030,41,11,08,41_13966193,2,570,41016902,20251030210033,4177637,20251030214332,4116126,0,01,2,26850,2579,N
20251030,M7731,41016902,20251030,41,11,08,41_13981951,2,570,41016902,20251030112356,4177448,20251030120403,4111588,0,01,3,22120,2407,N
20251030,M7731,41016902,20251030,41,11,08,41_14022071,2,570,41016902,20251030172427,4106836,20251030175155,4116130,1,01,1,26590,1648,N
20251030,M7731,41016902,20251030,41,41,08,41_1402263,2,570,41016902,20251030121724,4123056,20251030122834,4102447,2,01,4,3320,670,N
20251030,M7731,41016902,20251030,41,41,08,41_1402263,2,570,41016902,20251030170552,4177637,20251030171321,4177448,0,01,3,3710,449,N
20251030,M7731,41016902,20251030,41,41,08,41_1402263,2,570,41016902,20251030204633,4123056,20251030205717,4102447,0,01,4,3320,644,N
20251030,M7731,41016902,20251030,41,11,08,41_14122084,2,570,41016902,20251030060040,4106836,20251030062942,4111588,1,01,2,24330,1742,N
20251030,M7731,41016902,20251030,41,11,08,41_14169505,2,570,41016902,20251030161335,4177448,20251030163615,4111588,0,01,3,22120,1360,N
20251030,M7731,41016902,20251030,41,11,08,41_14174772,2,570,41016902,20251030182736,4106836,20251030190530,4116126,0,01,3,25350,2274,N
20251030,M7731,41016902,20251030,41,11,08,41_14189201,1,570,41016902,20251030211923,4106836,20251030215139,4111588,1,01,2,24330,1936,N
20251030,M7731,41016902,20251030,41,11,08,41_141957,2,570,41016902,20251030080430,4177532,20251030084107,4116126,0,01,1,24000,2197,N
20251030,M7731,41016902,20251030,41,11,08,41_1420958,1,570,41016902,20251030215230,4106836,20251030222716,4116126,1,01,4,25350,2086,N
20251030,M7731,41016902,20251030,41,11,08,41_14215874,2,570,41016902,20251030220726,4106836,20251030224922,4111598,1,01,2,27620,2516,N
20251030,M7731,41016902,20251030,41,11,08,41_14222341,2,570,41016902,20251030151008,4177448,20251030153921,4111588,0,01,1,22120,1753,N
20251030,M7731,41016902,20251030,41,11,08,41_14254460,2,570,41016902,20251030073301,4106836,20251030080538,4111588,0,01,4,24330,1957,N
20251030,M7731,41016902,20251030,41,11,08,41_14286751,1,570,41016902,20251030065503,4177532,20251030072817,4111588,0,01,1,22980,1994,N
20251030,M7731,41016902,20251030,41,11,08,41_14295465,2,570,41016902,20251030092043,4106836,20251030102028,4109162,1,01,2,29380,3585,N
20251030,M7731,41016902,20251030,41,11,08,41_14296429,2,570,41016902,20251030121422,4177532,20251030124159,4111588,0,01,2,22980,1657,N
20251030,M7731,41016902,20251030,41,11,08,41_14312425,2,570,41016902,20251030134324,4177532,20251030144433,4116126,0,01,3,24000,3669,N
20251030,M7731,41016902,20251030,41,11,08,41_14334213,2,570,41016902,20251030161614,4106836,20251030170022,4116126,0,01,2,25350,2648,N
20251030,M7731,41016902,20251030,41,11,08,41_14342402,1,570,41016902,20251030155827,4177448,20251030163701,4111588,0,01,4,22120,2314,N
20251030,M7731,41016902,20251030,41,11,08,41_14345398,2,570,41016902,20251030155827,4177448,20251030164444,4116126,0,01,1,23140,2777,N
20251030,M7731,41016902,20251030,41,11,08,41_14348190,1,570,41016902,20251030072500,4177532,20251030075614,4111588,0,01,2,22980,1874,N
20251030,M7731,41016902,20251030,41,11,08,41_1436833,2,570,41016902,20251030053254,4177448,20251030055523,4111588,0,01,1,22120,1349,N
20251030,M7731,41016902,20251030,41,11,08,41_14375625,1,570,41016902,20251030221021,4177532,20251030231031,4111588,0,01,2,22980,3610,N
20251030,M7731,41016902,20251030,41,11,08,41_14410966,1,570,41016902,20251030112731,4177448,20251030115036,4111588,0,01,2,22120,1385,N
20251030,M7731,41016902,20251030,41,11,08,41_14446766,2,570,41016902,20251030150632,4177510,20251030153331,4111588,0,01,3,29500,1619,N
20251030,M7731,41016902,20251030,41,11,08,41_14472607,2,570,41016902,20251030220237,4177532,20251030222842,4116126,0,01,4,24000,1565,N
20251030,M7731,41016902,20251030,41,11,08,41_14499851,2,570,41016902,20251030123340,4106836,20251030130958,4111588,0,01,3,24330,2178,N
20251030,M7731,41016902,20251030,41,11,08,41_14499851,2,570,41016902,20251030174656,4106836,20251030184543,4111588,0,01,1,24330,3527,N
20251030,M7731,41016902,20251030,41,11,08,41_14515019,2,570,41016902,20251030210545,4106836,20251030215058,4111588,0,01,2,24330,2713,N
20251030,M7731,41016902,20251030,41,11,08,41_14519050,2,570,41016902,20251030084745,4177637,20251030093204,4111588,0,01,3,25830,2659,N
20251030,M7731,41016902,20251030,41,11,08,41_14523588,2,570,41016902,20251030190936,4177448,20251030194623,4111588,0,01,3,22120,2207,N
20251030,M7731,41016902,20251030,41,11,08,41_14523901,2,570,41016902,20251030100847,4177510,20251030110202,4116126,0,01,3,30520,3195,N
20251030,M7731,41016902,20251030,41,11,08,41_14524292,2,570,41016902,20251030165321,4177532,20251030173917,4111588,0,01,2,22980,2756,N
20251030,M7731,41016902,20251030,41,11,08,41_14525976,2,570,41016902,20251030173524,4177532,20251030181640,4111588,0,01,4,22980,2476,N
20251030,M7731,41016902,20251030,41,11,08,41_1453730,1,570,41016902,20251030203043,4106836,20251030210819,4111588,0,01,3,24330,2256,N
20251030,M7731,41016902,20251030,41,11,08,41_14552708,2,570,41016902,20251030085210,4177637,20251030093905,4116126,0,01,3,26850,2815,N
20251030,M7731,41016902,20251030,41,11,08,41_14593432,1,570,41016902,20251030172043,4177448,20251030180427,4109162,0,01,4,27170,2624,N
20251030,M7731,41016902,20251030,41,11,08,41_1460781,2,570,41016902,20251030214718,4106836,20251030222204,4116126,1,01,3,25350,2086,N
20251030,M7731,41016902,20251030,41,41,08,41_146414,1,570,41016902,20251030111710,4110935,20251030112717,4177637,1,01,4,2880,607,N
20251030,M7731,41016902,20251030,41,11,08,41_14681191,1,570,41016902,20251030184755,4177448,20251030192808,4109162,0,01,1,27170,2413,N
20251030,M7731,41016902,20251030,41,11,08,41_14703974,2,570,41016902,20251030163422,4177532,20251030171628,4111588,0,01,2,22980,2526,N
20251030,M7731,41016902,20251030,41,41,08,41_1474998,2,570,41016902,20251030060306,4106836,20251030061037,4177448,0,01,1,2210,451,N
20251030,M7731,41016902,20251030,41,11,08,41_14774797,2,570,41016902,20251030071103,4177510,20251030075133,4111598,0,01,3,32790,2430,N
20251030,M7731,41016902,20251030,41,11,08,41_14781028,2,570,41016902,20251030060953,4106836,20251030063924,4111588,0,01,4,24330,1771,N
20251030,M7731,41016902,20251030,41,11,08,41_14789200,2,570,41016902,20251030200934,4177637,20251030205319,4116130,0,01,3,28090,2625,N
20251030,M7731,41016902,20251030,41,11,08,41_14800731,1,570,41016902,20251030192941,4106836,20251030200706,4116126,1,01,1,25350,2245,N
20251030,M7731,41016902,20251030,41,11,08,41_14802375,2,570,41016902,20251030153430,4107446,20251030161300,4111588,0,01,4,27870,2310,N
20251030,M7731,41016902,20251030,41,11,08,41_14806983,2,570,41016902,20251030115222,4110935,20251030125409,4116130,0,01,2,30970,3707,N
20251030,M7731,41016902,20251030,41,11,08,41_14840553,2,570,41016902,20251030124300,4106836,20251030140053,4116126,0,01,1,25350,4673,N
20251030,M7731,41016902,20251030,41,11,08,41_14840553,2,570,41016902,20251030212233,4106836,20251030220555,4116126,0,01,3,25350,2602,N
20251030,M7731,41016902,20251030,41,11,08,41_14847500,1,570,41016902,20251030110244,4106836,20251030114000,4116126,0,01,1,25350,2236,N
20251030,M7731,41016902,20251030,41,11,08,41_14848450,2,570,41016902,20251030152311,4106836,20251030160135,4116126,1,01,1,25350,2304,N
20251030,M7731,41016902,20251030,41,11,08,41_14850621,1,570,41016902,20251030084800,4177448,20251030093118,4111588,0,01,1,22120,2598,N
20251030,M7731,41016902,20251030,41,11,08,41_14857337,2,570,41016902,20251030075651,4106836,20251030083515,4116126,1,01,1,25350,2304,N
20251030,M7731,41016902,20251030,41,11,08,41_14861327,1,570,41016902,20251030134624,4177448,20251030141755,4111588,0,01,2,22120,1891,N
20251030,M7731,41016902,20251030,41,11,08,41_14874948,2,570,41016902,20251030173458,4106836,20251030180654,4111588,0,01,2,24330,1916,N
20251030,M7731,41016902,20251030,41,11,08,41_14875934,1,570,41016902,20251030062906,4177637,20251030070328,4111588,0,01,1,25830,2062,N
20251030,M7731,41016902,20251030,41,11,08,41_14892260,2,570,41016902,20251030161001,4106836,20251030164808,4111588,0,01,2,24330,2287,N
20251030,M7731,41016902,20251030,41,11,08,41_14920806,2,570,41016902,20251030072831,4177448,20251030083301,4116126,0,01,4,23140,3870,N
20251030,M7731,41016902,20251030,41,11,08,41_14920806,2,570,41016902,20251030213002,4177448,20251030224356,4116126,0,01,1,23140,4434,N
20251030,M7731,41016902,20251030,41,11,08,41_14954188,2,570,41016902,20251030171050,4106836,20251030183037,4111588,1,01,4,24330,4787,N
20251030,M7731,41016902,20251030,41,11,08,41_14961664,2,570,41016902,20251030073153,4177448,20251030080239,4116126,0,01,2,23140,1846,N
20251030,M7731,41016902,20251030,41,11,08,41_14968161,2,570,41016902,20251030134122,4106836,20251030142041,4111588,0,01,1,24330,2359,N
20251030,M7731,41016902,20251030,41,11,08,41_14996275,2,570,41016902,20251030073032,4106836,20251030080244,4111588,1,01,4,24330,1932,N
20251030,M7731,41016902,20251030,41,11,08,41_15032181,2,570,41016902,20251030082940,4177448,20251030091326,4111588,0,01,3,22120,2626,N
20251030,M7731,41016902,20251030,41,11,08,41_15032181,2,570,41016902,20251030110353,4177448,20251030113518,4111588,0,01,4,22120,1885,N
20251030,M7731,41016902,20251030,41,11,08,41_15063185,1,570,41016902,20251030070754,4177510,20251030080631,4116126,0,01,2,30520,3517,N
20251030,M7731,41016902,20251030,41,11,08,41_15097972,2,570,41016902,20251030173021,4177532,20251030180147,4116126,0,01,3,24000,1886,N
20251030,M7731,41016902,20251030,41,11,08,41_15145557,1,570,41016902,20251030221841,4177637,20251030225300,4111588,0,01,3,25830,2059,N
20251030,M7731,41016902,20251030,41,11,08,41_15170490,2,570,41016902,20251030072203,4106836,20251030075923,4111588,0,01,1,24330,2240,N
20251030,M7731,41016902,20251030,41,11,08,41_15173164,2,570,41016902,20251030173000,4106836,20251030181634,4116130,1,01,4,26590,2794,N
20251030,M7731,41016902,20251030,41,11,08,41_15184837,2,570,41016902,20251030065326,4106836,20251030071919,4111588,0,01,3,24330,1553,N
20251030,M7731,41016902,20251030,41,11,08,41_15186698,2,570,41016902,20251030182115,4106836,20251030185411,4111588,0,01,1,24330,1976,N
20251030,M7731,41016902,20251030,41,11,08,41_15198539,2,570,41016902,20251030100134,4177637,20251030110905,4111588,0,01,4,25830,4051,N
20251030,M7731,41016902,20251030,41,41,08,41_15202878,1,570,41016902,20251030073139,4110935,20251030074414,4106836,0,01,3,4380,755,N
20251030,M7731,41016902,20251030,41,41,08,41_15202878,1,570,41016902,20251030092732,4106837,20251030093854,4110934,0,01,2,4440,682,N
20251030,M7731,41016902,20251030,41,11,08,41_15208437,2,570,41016902,20251030120521,4106836,20251030123915,4109162,0,01,4,29380,2034,N
20251030,M7731,41016902,20251030,41,11,08,41_15211445,2,570,41016902,20251030120527,4106836,20251030123056,4111588,0,01,3,24330,1529,N
20251030,M7731,41016902,20251030,41,11,08,41_15223106,2,570,41016902,20251030130553,4106836,20251030134649,4111588,0,01,1,24330,2456,N
20251030,M7731,41016902,20251030,41,11,08,41_1522436,2,570,41016902,20251030182125,4177532,20251030184920,4111588,0,01,2,22980,1675,N
20251030,M7731,41016902,20251030,41,11,08,41_15232173,2,570,41016902,20251030060435,4177637,20251030064013,4116126,0,01,4,26850,2138,N
20251030,M7731,41016902,20251030,41,11,08,41_15249962,2,570,41016902,20251030231849,4106836,20251030235006,4111588,0,01,3,24330,1877,N
20251030,M7731,41016902,20251030,41,11,08,41_15259543,2,570,41016902,20251030073032,4177448,20251030080917,4111588,0,01,1,22120,2325,N
20251030,M7731,41016902,20251030,41,41,08,41_15259543,2,570,41016902,20251030194329,4123056,20251030200412,4107447,2,01,3,5480,1243,N
20251030,M7731,41016902,20251030,41,11,08,41_15268843,1,570,41016902,20251030204144,4177532,20251030211430,4111588,0,01,2,22980,1966,N
20251030,M7731,41016902,20251030,41,11,08,41_15269525,2,570,41016902,20251030220547,4106836,20251030224630,4111588,0,01,3,24330,2443,N
20251030,M7731,41016902,20251030,41,11,08,41_15273039,2,570,41016902,20251030162016,4106836,20251030165531,4116126,0,01,3,25350,2115,N
20251030,M7731,41016902,20251030,41,11,08,41_15276275,2,570,41016902,20251030183613,4106836,20251030192148,4116126,0,01,2,25350,2735,N
20251030,M7731,41016902,20251030,41,41,08,41_15279468,2,570,41016902,20251030180711,4107447,20251030181446,4110934,0,01,2,900,455,N
20251030,M7731,41016902,20251030,41,11,08,41_15305814,2,570,41016902,20251030182452,4106836,20251030185843,4116126,0,01,4,25350,2031,N
20251030,M7731,41016902,20251030,41,11,08,41_15338704,2,570,41016902,20251030060313,4177448,20251030062536,4116126,0,01,4,23140,1343,N
20251030,M7731,41016902,20251030,41,11,08,41_15344508,1,570,41016902,20251030172206,4177448,20251030175254,4116126,0,01,3,23140,1848,N
20251030,M7731,41016902,20251030,41,41,08,41_15346277,2,570,41016902,20251030174623,4107446,20251030180938,4177532,0,01,4,4890,1395,N
20251030,M7731,41016902,20251030,41,11,08,41_15389595,2,570,41016902,20251030112702,4177637,20251030115247,4111588,0,01,1,25830,1545,N
20251030,M7731,41016902,20251030,41,11,08,41_15431174,1,570,41016902,20251030150643,4106836,20251030154242,4111598,0,01,3,27620,2159,N
20251030,M7731,41016902,20251030,41,11,08,41_15435967,2,570,41016902,20251030171901,4177532,20251030180010,4111588,0,01,1,22980,2469,N
20251030,M7731,41016902,20251030,41,11,08,41_15455147,2,570,41016902,20251030163108,4177532,20251030170718,4111588,0,01,3,22980,2170,N
20251030,M7731,41016902,20251030,41,11,08,41_15478660,2,570,41016902,20251030163108,4177532,20251030170737,4111588,0,01,2,22980,2189,N
20251030,M7731,41016902,20251030,41,11,08,41_15478872,2,570,41016902,20251030185927,4106836,20251030194344,4111588,1,01,1,24330,2657,N
20251030,M7731,41016902,20251030,41,11,08,41_15480289,2,570,41016902,20251030090820,4177637,20251030095142,4111588,0,01,3,25830,2602,N
20251030,M7731,41016902,20251030,41,11,08,41_15480289,2,570,41016902,20251030143717,4177637,20251030151256,4111588,0,01,3,25830,2139,N
20251030,M7731,41016902,20251030,41,11,08,41_15499307,2,570,41016902,20251030153059,4106836,20251030160830,4111588,0,01,4,24330,2251,N
20251030,M7731,41016902,20251030,41,11,08,41_1551660,1,570,41016902,20251030201934,4177448,20251030204052,4111588,0,01,3,22120,1278,N
20251030,M7731,41016902,20251030,41,11,08,41_1551760,2,570,41016902,20251030182125,4177532,20251030184920,4111588,0,01,3,22980,1675,N
20251030,M7731,41016902,20251030,41,11,08,41_15518185,2,570,41016902,20251030070825,4177637,20251030074007,4116126,0,01,3,26850,1902,N
20251030,M7731,41016902,20251030,41,11,08,41_15526100,1,570,41016902,20251030073034,4177448,20251030075337,4111588,0,01,3,22120,1383,N
20251030,M7731,41016902,20251030,41,11,08,41_15556474,2,570,41016902,20251030211026,4177532,20251030214003,4111588,0,01,4,22980,1777,N
20251030,M7731,41016902,20251030,41,11,08,41_15557437,1,570,41016902,20251030210936,4177448,20251030214141,4111588,0,01,4,22120,1925,N
20251030,M7731,41016902,20251030,41,11,08,41_15560960,2,570,41016902,20251030141744,4106836,20251030151038,4111598,1,01,2,27620,3174,N
20251030,M7731,41016902,20251030,41,11,08,41_15570030,2,570,41016902,20251030071744,4177448,20251030073911,4111588,0,01,4,22120,1287,N
20251030,M7731,41016902,20251030,41,11,08,41_15572415,1,570,41016902,20251030180004,4106836,20251030185849,4111588,0,01,3,24330,3525,N
20251030,M7731,41016902,20251030,41,11,08,41_15574971,2,570,41016902,20251031004343,4177448,20251031010622,4111588,0,01,4,22120,1359,N
20251030,M7731,41016902,20251030,41,11,08,41_15580802,2,570,41016902,20251030070935,4177637,20251030074548,4111588,0,01,4,25830,2173,N
20251030,M7731,41016902,20251030,41,11,08,41_15614524,2,570,41016902,20251030200104,4177448,20251030202346,4111588,0,01,2,22120,1362,N
20251030,M7731,41016902,20251030,41,41,08,41_15642134,2,570,41016902,20251030200706,4123056,20251030201351,4106837,2,01,4,1940,405,N
20251030,M7731,41016902,20251030,41,11,08,41_15652684,2,570,41016902,20251030164423,4177532,20251030172455,4111588,0,01,1,22980,2432,N
20251030,M7731,41016902,20251030,41,11,08,41_15663266,2,570,41016902,20251030165701,4106836,20251030173450,4116126,0,01,2,25350,2269,N
20251030,M7731,41016902,20251030,41,11,08,41_15667573,2,570,41016902,20251030122141,4177448,20251030130653,4116126,0,01,2,23140,2712,N
20251030,M7731,41016902,20251030,41,11,08,41_15669113,2,570,41016902,20251030164819,4177532,20251030172851,4111588,0,01,3,22980,2432,N
20251030,M7731,41016902,20251030,41,11,08,41_15713288,1,570,41016902,20251030161355,4177532,20251030163850,4109162,0,01,1,28030,1495,N
20251030,M7731,41016902,20251030,41,11,08,41_15739269,2,570,41016902,20251030233027,4177448,20251031003640,4111588,0,01,2,22120,3973,N
20251030,M7731,41016902,20251030,41,11,08,41_15764294,2,570,41016902,20251030171853,4106836,20251030175735,4111588,0,01,3,24330,2322,N
20251030,M7731,41016902,20251030,41,41,08,41_15770393,2,570,41016902,20251030065028,4110935,20251030071222,4177448,0,01,2,6590,1314,N
20251030,M7731,41016902,20251030,41,11,08,41_15771811,2,570,41016902,20251030064237,4106836,20251030072449,4111588,0,01,3,24330,2532,N
20251030,M7731,41016902,20251030,41,11,08,41_1578991,2,570,41016902,20251030123248,4107446,20251030125652,4116126,0,01,3,28890,1444,N
20251030,M7731,41016902,20251030,41,11,08,41_1579297,2,570,41016902,20251030080547,4177448,20251030084034,4111588,0,01,4,22120,2087,N
20251030,M7731,41016902,20251030,41,11,08,41_15823611,2,570,41016902,20251030200829,4177448,20251030205853,4111588,0,01,3,22120,3024,N
20251030,M7731,41016902,20251030,41,11,08,41_15823611,2,570,41016902,20251030210948,4177448,20251030215452,4111588,0,01,2,22120,2704,N
20251030,M7731,41016902,20251030,41,11,08,41_15832894,1,570,41016902,20251030185145,4106836,20251030195031,4111588,0,01,3,24330,3526,N
20251030,M7731,41016902,20251030,41,11,08,41_15834658,1,570,41016902,20251030091730,4177637,20251030093513,4116126,0,01,3,26850,1063,N
20251030,M7731,41016902,20251030,41,11,08,41_15884680,2,570,41016902,20251030084036,4106836,20251030091643,4111588,0,01,2,24330,2167,N
20251030,M7731,41016902,20251030,41,11,08,41_15896765,2,570,41016902,20251030062032,4106836,20251030073230,4111588,0,01,4,24330,4318,N
20251030,M7731,41016902,20251030,41,11,08,41_1592354,2,570,41016902,20251030080306,4177448,20251030085121,4111588,0,01,3,22120,2895,N
20251030,M7731,41016902,20251030,41,11,08,41_15927931,2,570,41016902,20251030183707,4106836,20251030191140,4111588,0,01,3,24330,2073,N
20251030,M7731,41016902,20251030,41,11,08,41_15933144,2,570,41016902,20251030195415,4177448,20251030202308,4116130,0,01,1,24380,1733,N
20251030,M7731,41016902,20251030,41,41,08,41_15940946,2,570,41016902,20251030064535,4123056,20251030071016,4107447,0,01,2,5480,1481,N
20251030,M7731,41016902,20251030,41,11,08,41_15972111,2,570,41016902,20251030103623,4107446,20251030110013,4116130,0,01,3,30130,1430,N
20251030,M7731,41016902,20251030,41,11,08,41_15977672,1,570,41016902,20251030180825,4177532,20251030184131,4111588,0,01,3,22980,1986,N
20251030,M7731,41016902,20251030,41,11,08,41_15986476,2,570,41016902,20251030221006,4106836,20251030224549,4116126,0,01,2,25350,2143,N
20251030,M7731,41016902,20251030,41,11,08,41_15989915,2,570,41016902,20251030090339,4177448,20251030094307,4116126,0,01,3,23140,2368,N
20251030,M7731,41016902,20251030,41,11,08,41_16002023,2,570,41016902,20251030062239,4110868,20251030065026,4111588,0,01,2,26980,1667,N
20251030,M7731,41016902,20251030,41,11,08,41_16024396,2,570,41016902,20251030105438,4177510,20251030112047,4111588,0,01,4,29500,1569,N
20251030,M7731,41016902,20251030,41,11,08,41_16027687,2,570,41016902,20251030111637,4106836,20251030114626,4111588,0,01,2,24330,1789,N
20251030,M7731,41016902,20251030,41,11,08,41_16027687,2,570,41016902,20251030191223,4106836,20251030194646,4116126,0,01,3,25350,2063,N
20251030,M7731,41016902,20251030,41,11,08,41_16031869,2,570,41016902,20251030161024,4177448,20251030165515,4111588,0,01,3,22120,2691,N
20251030,M7731,41016902,20251030,41,11,08,41_16063998,2,570,41016902,20251030193319,4106836,20251030201319,4116126,0,01,4,25350,2400,N
20251030,M7731,41016902,20251030,41,11,08,41_16064071,2,570,41016902,20251030082354,4177448,20251030085237,4111588,0,01,2,22120,1723,N
20251030,M7731,41016902,20251030,41,11,08,41_16067968,1,570,41016902,20251030061504,4177637,20251030064251,4109162,0,01,2,30880,1667,N
20251030,M7731,41016902,20251030,41,11,08,41_1609251,1,570,41016902,20251030112504,4177448,20251030115520,4111588,0,01,2,22120,1816,N
20251030,M7731,41016902,20251030,41,11,08,41_1609342,2,570,41016902,20251030073235,4177637,20251030080559,4109162,0,01,4,30880,2004,N
20251030,M7731,41016902,20251030,41,11,08,41_1609342,2,570,41016902,20251030174916,4177637,20251030182239,4109162,0,01,2,30880,2003,N
20251030,M7731,41016902,20251030,41,11,08,41_16124074,2,570,41016902,20251030130108,4107446,20251030141122,4111588,0,01,4,27870,4214,N
20251030,M7731,41016902,20251030,41,11,08,41_16124074,2,570,41016902,20251030220535,4107446,20251030225258,4111588,0,01,4,27870,2843,N
20251030,M7731,41016902,20251030,41,11,08,41_1615583,2,570,41016902,20251030221238,4106836,20251030225932,4116126,0,01,3,25350,2814,N
20251030,M7731,41016902,20251030,41,11,08,41_16159069,1,570,41016902,20251030152818,4177448,20251030160711,4116130,0,01,4,24380,2333,N
20251030,M7731,41016902,20251030,41,11,08,41_16184193,2,570,41016902,20251030152818,4177448,20251030160321,4111588,0,01,2,22120,2103,N
20251030,M7731,41016902,20251030,41,11,08,41_16187829,2,570,41016902,20251030152819,4177448,20251030160712,4116130,0,01,2,24380,2333,N
20251030,M7731,41016902,20251030,41,41,08,41_16188292,2,570,41016902,20251030130801,4107446,20251030131534,4177532,0,01,1,4890,453,N
20251030,M7731,41016902,20251030,41,11,08,41_16211928,2,570,41016902,20251030190912,4106836,20251030193935,4111588,1,01,1,24330,1823,N
20251030,M7731,41016902,20251030,41,11,08,41_16216717,2,570,41016902,20251030215615,4177637,20251030223130,4111588,0,01,4,25830,2115,N
20251030,M7731,41016902,20251030,41,11,08,41_16218183,2,570,41016902,20251030213646,4106836,20251030221010,4116130,0,01,3,26590,2004,N
20251030,M7731,41016902,20251030,41,11,08,41_16236768,1,570,41016902,20251030161855,4177448,20251030165407,4111599,0,01,3,26060,2112,N
20251030,M7731,41016902,20251030,41,41,08,41_16268050,2,570,41016902,20251030151235,4107447,20251030151958,4177511,0,01,1,1640,443,N
20251030,M7731,41016902,20251030,41,11,08,41_16323589,2,570,41016902,20251031001759,4106836,20251031004342,4111588,0,01,2,24330,1543,N
20251030,M7731,41016902,20251030,41,11,08,41_1632880,2,570,41016902,20251030184021,4177532,20251030190759,4111588,0,01,4,22980,1658,N
20251030,M7731,41016902,20251030,41,11,08,41_16371511,2,570,41016902,20251030143517,4106836,20251030150840,4111588,0,01,4,24330,2003,N
20251030,M7731,41016902,20251030,41,11,08,41_16371511,2,570,41016902,20251030170056,4106836,20251030173008,4111588,0,01,4,24330,1752,N
20251030,M7731,41016902,20251030,41,11,08,41_16371511,2,570,41016902,20251031001752,4106836,20251031005134,4111588,0,01,1,24330,2022,N
20251030,M7731,41016902,20251030,41,11,08,41_16372499,2,570,41016902,20251030072149,4177448,20251030081549,4111599,0,01,4,26060,3240,N
20251030,M7731,41016902,20251030,41,11,08,41_16399503,2,570,41016902,20251030082250,4177448,20251030090549,4111588,0,01,3,22120,2579,N
20251030,M7731,41016902,20251030,41,11,08,41_16414998,2,570,41016902,20251030153007,4177532,20251030161411,4116130,0,01,3,25240,2644,N
20251030,M7731,41016902,20251030,41,11,08,41_16417988,2,570,41016902,20251030201007,4106836,20251030203601,4111588,0,01,4,24330,1554,N
20251030,M7731,41016902,20251030,41,11,08,41_16423913,2,570,41016902,20251030174050,4177532,20251030182344,4116126,0,01,4,24000,2574,N
20251030,M7731,41016902,20251030,41,11,08,41_16428462,2,570,41016902,20251030182821,4106836,20251030190001,4116130,0,01,2,26590,1900,N
20251030,M7731,41016902,20251030,41,11,08,41_16466711,1,570,41016902,20251030172720,4177532,20251030182249,4111588,0,01,2,22980,3329,N
20251030,M7731,41016902,20251030,41,11,08,41_16513528,2,570,41016902,20251030055805,4177448,20251030063914,4111588,0,01,3,22120,2469,N
20251030,M7731,41016902,20251030,41,11,08,41_16516413,2,570,41016902,20251030143445,4177637,20251030152141,4111588,0,01,4,25830,2816,N
20251030,M7731,41016902,20251030,41,41,08,41_16521291,2,570,41016902,20251030070943,4177637,20251030071550,4177448,0,01,1,3710,367,N
20251030,M7731,41016902,20251030,41,41,08,41_16521291,2,570,41016902,20251030204247,4123056,20251030204834,4102447,2,01,4,3320,347,N
20251030,M7731,41016902,20251030,41,11,08,41_16535265,2,570,41016902,20251030134423,4177532,20251030140948,4111588,0,01,4,22980,1525,N
20251030,M7731,41016902,20251030,41,11,08,41_16554492,1,570,41016902,20251030164029,4177448,20251030171357,4111588,0,01,4,22120,2008,N
20251030,M7731,41016902,20251030,41,11,08,41_16583797,2,570,41016902,20251030132919,4106836,20251030140242,4111588,0,01,3,24330,2003,N
20251030,M7731,41016902,20251030,41,11,08,41_16603886,2,570,41016902,20251030210234,4177637,20251030215043,4116130,0,01,4,28090,2889,N
20251030,M7731,41016902,20251030,41,11,08,41_16622636,2,570,41016902,20251030105902,4177532,20251030113056,4111588,0,01,4,22980,1914,N
20251030,M7731,41016902,20251030,41,11,08,41_16626912,1,570,41016902,20251030210636,4177637,20251030214612,4111588,0,01,4,25830,2376,N
20251030,M7731,41016902,20251030,41,11,08,41_16638870,2,570,41016902,20251030142505,4106836,20251030145541,4116126,1,01,1,25350,1836,N
20251030,M7731,41016902,20251030,41,11,08,41_16643844,1,570,41016902,20251030063646,4110935,20251030071141,4111588,0,01,4,28710,2095,N
20251030,M7731,41016902,20251030,41,11,08,41_16650363,2,570,41016902,20251030072732,4106836,20251030075731,4111588,0,01,3,24330,1799,N
20251030,M7731,41016902,20251030,41,41,08,41_16676824,2,570,41016902,20251030203813,4123056,20251030204405,4106837,1,01,2,1940,352,N
20251030,M7731,41016902,20251030,41,11,08,41_16696999,2,570,41016902,20251030105838,4177510,20251030113156,4111588,0,01,4,29500,1998,N
20251030,M7731,41016902,20251030,41,11,08,41_16781472,1,570,41016902,20251030165128,4177448,20251030172238,4116126,0,01,4,23140,1870,N
20251030,M7731,41016902,20251030,41,11,08,41_16817451,2,570,41016902,20251030104101,4177637,20251030111104,4111598,0,01,1,29120,1803,N
20251030,M7731,41016902,20251030,41,11,08,41_16826921,2,570,41016902,20251030154427,4177448,20251030161911,4116126,0,01,2,23140,2084,N
20251030,M7731,41016902,20251030,41,11,08,41_16835940,2,570,41016902,20251030111420,4177532,20251030114400,4111588,0,01,1,22980,1780,N
20251030,M7731,41016902,20251030,41,41,08,41_16836709,2,570,41016902,20251030221104,4123056,20251030223654,4107447,2,01,1,5480,1550,N
20251030,M7731,41016902,20251030,41,11,08,41_16845550,2,570,41016902,20251030104101,4177637,20251030111052,4116126,0,01,4,26850,1791,N
20251030,M7731,41016902,20251030,41,11,08,41_16846667,2,570,41016902,20251030154239,4177448,20251030160536,4111588,0,01,4,22120,1377,N
20251030,M7731,41016902,20251030,41,11,08,41_16856552,1,570,41016902,20251030103343,4106836,20251030114632,4111588,0,01,4,24330,4369,N
20251030,M7731,41016902,20251030,41,11,08,41_16860187,2,570,41016902,20251030163216,4106836,20251030170352,4116130,0,01,4,26590,1896,N
20251030,M7731,41016902,20251030,41,11,08,41_16863665,2,570,41016902,20251030190435,4110935,20251030193119,4111588,0,01,3,28710,1604,N
20251030,M7731,41016902,20251030,41,41,08,41_16882425,2,570,41016902,20251030090315,4106836,20251030090742,4177532,0,01,4,1350,267,N
20251030,M7731,41016902,20251030,41,41,08,41_16882425,2,570,41016902,20251030163336,4106836,20251030163901,4177532,0,01,4,1350,325,N
20251030,M7731,41016902,20251030,41,11,08,41_16893227,2,570,41016902,20251030111420,4177448,20251030120552,4111588,0,01,1,22120,3092,N
20251030,M7731,41016902,20251030,41,11,08,41_16938046,1,570,41016902,20251030182833,4177532,20251030190237,4111588,0,01,4,22980,2044,N
20251030,M7731,41016902,20251030,41,11,08,41_16938664,2,570,41016902,20251030211115,4177532,20251030215406,4111588,0,01,2,22980,2571,N
20251030,M7731,41016902,20251030,41,11,08,41_16939398,1,570,41016902,20251030184634,4177448,20251030192635,4111588,0,01,4,22120,2401,N
20251030,M7731,41016902,20251030,41,11,08,41_16959413,2,570,41016902,20251030054312,4106836,20251030063913,4111588,1,01,4,24330,3361,N
20251030,M7731,41016902,20251030,41,11,08,41_16966431,2,570,41016902,20251030205317,4106836,20251030213031,4116126,0,01,3,25350,2234,N
20251030,M7731,41016902,20251030,41,11,08,41_16977899,2,570,41016902,20251030171717,4106836,20251030175358,4111588,0,01,4,24330,2201,N
20251030,M7731,41016902,20251030,41,11,08,41_16980852,1,570,41016902,20251030170654,4177448,20251030173222,4111588,0,01,3,22120,1528,N
20251030,M7731,41016902,20251030,41,11,08,41_17035525,2,570,41016902,20251030151951,4177532,20251030154055,4111588,0,01,3,22980,1264,N
20251030,M7731,41016902,20251030,41,11,08,41_17060142,1,570,41016902,20251030063352,4106836,20251030072225,4111588,0,01,3,24330,2913,N
20251030,M7731,41016902,20251030,41,11,08,41_17072142,2,570,41016902,20251030121537,4106836,20251030125244,4116126,0,01,4,25350,2227,N
20251030,M7731,41016902,20251030,41,11,08,41_17072142,2,570,41016902,20251030223945,4106836,20251030231322,4116126,0,01,3,25350,2017,N
20251030,M7731,41016902,20251030,41,11,08,41_17084408,2,570,41016902,20251030083011,4177448,20251030090518,4111588,0,01,2,22120,2107,N
20251030,M7731,41016902,20251030,41,11,08,41_17120362,2,570,41016902,20251030083301,4177532,20251030085727,4116126,0,01,3,24000,1466,N
20251030,M7731,41016902,20251030,41,41,08,41_17123628,2,570,41016902,20251030070346,4110935,20251030072221,4177532,0,01,2,5730,1115,N
20251030,M7731,41016902,20251030,41,41,08,41_17129478,1,570,41016902,20251030224807,4123056,20251030225424,4102447,2,01,2,3320,377,N
20251030,M7731,41016902,20251030,41,11,08,41_17147803,2,570,41016902,20251030161553,4106836,20251030171531,4116126,0,01,3,25350,3578,N
20251030,M7731,41016902,20251030,41,11,08,41_17159039,2,570,41016902,20251030083912,4177532,20251030090338,4116126,0,01,1,24000,1466,N
20251030,M7731,41016902,20251030,41,11,08,41_17160345,2,570,41016902,20251030083301,4177532,20251030085727,4116126,0,01,2,24000,1466,N
20251030,M7731,41016902,20251030,41,11,08,41_17172813,2,570,41016902,20251030070338,4110935,20251030073507,4109162,0,01,2,33760,1889,N
20251030,M7731,41016902,20251030,41,11,08,41_17172813,2,570,41016902,20251030100043,4110935,20251030103832,4109162,0,01,2,33760,2269,N
20251030,M7731,41016902,20251030,41,11,08,41_17177331,2,570,41016902,20251030071458,4106836,20251030080512,4111588,0,01,2,24330,3014,N
20251030,M7731,41016902,20251030,41,11,08,41_17198351,2,570,41016902,20251030171129,4177532,20251030174219,4111588,0,01,3,22980,1850,N
20251030,M7731,41016902,20251030,41,11,08,41_17200049,1,570,41016902,20251030152711,4177448,20251030155742,4116130,1,01,1,24380,1831,N
20251030,M7731,41016902,20251030,41,11,08,41_17251211,2,570,41016902,20251030113926,4107446,20251030122004,4109162,0,01,4,32920,2438,N
20251030,M7731,41016902,20251030,41,11,08,41_1726553,2,570,41016902,20251030103409,4106836,20251030110737,4116130,0,01,2,26590,2008,N
20251030,M7731,41016902,20251030,41,11,08,41_17274907,2,570,41016902,20251030060737,4110935,20251030064237,4111588,0,01,2,28710,2100,N
20251030,M7731,41016902,20251030,41,11,08,41_17274907,2,570,41016902,20251030075656,4110935,20251030081519,4111588,0,01,1,28710,1103,N
20251030,M7731,41016902,20251030,41,11,08,41_17343130,2,570,41016902,20251030101234,4177637,20251030110410,4116126,0,01,3,26850,3096,N
20251030,M7731,41016902,20251030,41,11,08,41_17353734,2,570,41016902,20251031001812,4107446,20251031010028,4111588,0,01,3,27870,2536,N
20251030,M7731,41016902,20251030,41,11,08,41_17355249,1,570,41016902,20251030133601,4107446,20251030142409,4111588,0,01,3,27870,2888,N
20251030,M7731,41016902,20251030,41,11,08,41_17370596,1,570,41016902,20251030065757,4177637,20251030074847,4111588,0,01,3,25830,3050,N
20251030,M7731,41016902,20251030,41,11,08,41_17378678,2,570,41016902,20251030144326,4177532,20251030153134,4111588,0,01,2,22980,2888,N
20251030,M7731,41016902,20251030,41,11,08,41_17409812,1,570,41016902,20251030060319,4177448,20251030063742,4111588,0,01,1,22120,2063,N
20251030,M7731,41016902,20251030,41,11,08,41_17426766,2,570,41016902,20251030194701,4106836,20251030202322,4111588,0,01,4,24330,2181,N
20251030,M7731,41016902,20251030,41,11,08,41_17445311,2,570,41016902,20251030085052,4106836,20251030093842,4116130,0,01,2,26590,2870,N
20251030,M7731,41016902,20251030,41,41,08,41_17501346,2,570,41016902,20251030133329,4106837,20251030134807,4107447,0,01,1,3540,878,N
20251030,M7731,41016902,20251030,41,11,08,41_17515966,1,570,41016902,20251030190841,4106836,20251030194426,4116126,0,01,1,25350,2145,N
20251030,M7731,41016902,20251030,41,11,08,41_17526704,2,570,41016902,20251030202108,4177448,20251030205212,4116130,0,01,1,24380,1864,N
20251030,M7731,41016902,20251030,41,11,08,41_17533927,2,570,41016902,20251030202348,4177448,20251030204530,4111588,0,01,2,22120,1302,N
20251030,M7731,41016902,20251030,41,41,08,41_17537071,2,570,41016902,20251030222449,4106837,20251030223709,4107447,1,01,3,3540,740,N
20251030,M7731,41016902,20251030,41,11,08,41_17553969,1,570,41016902,20251030192254,4106836,20251030200837,4116130,0,01,2,26590,2743,N
20251030,M7731,41016902,20251030,41,11,08,41_17560597,2,570,41016902,20251030071827,4106836,20251030075015,4111588,0,01,4,24330,1908,N
20251030,M7731,41016902,20251030,41,11,08,41_17564757,1,570,41016902,20251030064612,4177448,20251030070828,4111588,0,01,4,22120,1336,N
20251030,M7731,41016902,20251030,41,11,08,41_17571348,2,570,41016902,20251030122301,4106836,20251030134037,4111588,0,01,2,24330,4656,N
20251030,M7731,41016902,20251030,41,11,08,41_17571859,2,570,41016902,20251030192245,4106836,20251030200055,4111588,0,01,4,24330,2290,N
20251030,M7731,41016902,20251030,41,11,08,41_17580862,2,570,41016902,20251030220247,4177448,20251030223102,4111588,0,01,1,22120,1695,N
20251030,M7731,41016902,20251030,41,11,08,41_17630895,2,570,41016902,20251030071417,4107446,20251030080229,4111588,0,01,2,27870,2892,N
20251030,M7731,41016902,20251030,41,41,08,41_17675946,1,570,41016902,20251030083105,4177637,20251030083614,4106836,0,01,1,1500,309,N
20251030,M7731,41016902,20251030,41,11,08,41_17681580,1,570,41016902,20251030094945,4106836,20251030103725,4111588,0,01,1,24330,2860,N
20251030,M7731,41016902,20251030,41,11,08,41_17691375,2,570,41016902,20251030171245,4106836,20251030174036,4111588,0,01,1,24330,1671,N
20251030,M7731,41016902,20251030,41,11,08,41_1774363,2,570,41016902,20251030172520,4106836,20251030180007,4111588,0,01,2,24330,2087,N
20251030,M7731,41016902,20251030,41,11,08,41_17813886,2,570,41016902,20251030113551,4177637,20251030120602,4116130,0,01,2,28090,1811,N
20251030,M7731,41016902,20251030,41,41,08,41_17824497,2,570,41016902,20251030123400,4107447,20251030124049,4177511,0,01,3,1640,409,N
20251030,M7731,41016902,20251030,41,41,08,41_17824497,2,570,41016902,20251030185615,4177510,20251030190406,4107446,0,01,2,1630,471,N
20251030,M7731,41016902,20251030,41,11,08,41_17825048,2,570,41016902,20251030183718,4106836,20251030191735,4116130,1,01,3,26590,2417,N
20251030,M7731,41016902,20251030,41,11,08,41_17846197,2,570,41016902,20251030121644,4177448,20251030125129,4116126,0,01,2,23140,2085,N
20251030,M7731,41016902,20251030,41,11,08,41_17878103,2,570,41016902,20251030133207,4106836,20251030140308,4111588,0,01,4,24330,1861,N
20251030,M7731,41016902,20251030,41,11,08,41_17891281,2,570,41016902,20251030092502,4177637,20251030100716,4111588,0,01,1,25830,2534,N
20251030,M7731,41016902,20251030,41,41,08,41_1789744,2,570,41016902,20251030203957,4177533,20251030204817,4106837,0,01,2,1360,500,N
20251030,M7731,41016902,20251030,41,11,08,41_179057,2,570,41016902,20251030080951,4177532,20251030084628,4116126,0,01,1,24000,2197,N
20251030,M7731,41016902,20251030,41,11,08,41_17907124,2,570,41016902,20251030162638,4177532,20251030170316,4116126,0,01,4,24000,2198,N
20251030,M7731,41016902,20251030,41,11,08,41_17908952,2,570,41016902,20251030182830,4106836,20251030190817,4111588,0,01,3,24330,2387,N
20251030,M7731,41016902,20251030,41,11,08,41_17923552,2,570,41016902,20251030181646,4177448,20251030185414,4111588,0,01,4,22120,2248,N
20251030,M7731,41016902,20251030,41,11,08,41_17927871,2,570,41016902,20251030160806,4106836,20251030170221,4116126,0,01,2,25350,3255,N
20251030,M7731,41016902,20251030,41,11,08,41_17927871,2,570,41016902,20251030182112,4106836,20251030185907,4116126,0,01,2,25350,2275,N
20251030,M7731,41016902,20251030,41,11,08,41_17951282,2,570,41016902,20251030054929,4106836,20251030062815,4111588,0,01,1,24330,2326,N
20251030,M7731,41016902,20251030,41,11,08,41_17951282,2,570,41016902,20251030223228,4106836,20251030231720,4116126,0,01,3,25350,2692,N
20251030,M7731,41016902,20251030,41,11,08,41_17973913,2,570,41016902,20251030133748,4177532,20251030142542,4111588,0,01,1,22980,2874,N
20251030,M7731,41016902,20251030,41,11,08,41_17974682,2,570,41016902,20251030075134,4177532,20251030082421,4111588,0,01,3,22980,1967,N
20251030,M7731,41016902,20251030,41,11,08,41_17992796,1,570,41016902,20251030052144,4177448,20251030061405,4111588,0,01,2,22120,3141,N
20251030,M7731,41016902,20251030,41,11,08,41_1801857,2,570,41016902,20251030182726,4110868,20251030185126,4111588,0,01,2,26980,1440,N
20251030,M7731,41016902,20251030,41,11,08,41_18043852,2,570,41016902,20251030124227,4106836,20251030131313,4111588,0,01,3,24330,1846,N
20251030,M7731,41016902,20251030,41,11,08,41_18085715,2,570,41016902,20251030122451,4177448,20251030130142,4111588,0,01,3,22120,2211,N
20251030,M7731,41016902,20251030,41,11,08,41_18107170,2,570,41016902,20251030062732,4177510,20251030071606,4111588,0,01,1,29500,2914,N
20251030,M7731,41016902,20251030,41,11,08,41_18125339,1,570,41016902,20251030171236,4177448,20251030173750,4111588,0,01,2,22120,1514,N
20251030,M7731,41016902,20251030,41,11,08,41_18138389,2,570,41016902,20251030152828,4106836,20251030160602,4111588,0,01,3,24330,2254,N
20251030,M7731,41016902,20251030,41,11,08,41_18203459,2,570,41016902,20251030190025,4106836,20251030193837,4116126,0,01,2,25350,2292,N
20251030,M7731,41016902,20251030,41,11,08,41_18279226,2,570,41016902,20251030201040,4177637,20251030204727,4116126,0,01,2,26850,2207,N
20251030,M7731,41016902,20251030,41,41,08,41_1830318,2,570,41016902,20251030110442,4177637,20251030111010,4177448,0,01,4,3710,328,N
20251030,M7731,41016902,20251030,41,41,08,41_1830318,2,570,41016902,20251030120442,4177637,20251030121014,4177448,0,01,2,3710,332,N
20251030,M7731,41016902,20251030,41,11,08,41_18319762,2,570,41016902,20251030062040,4106836,20251030065644,4111588,0,01,4,24330,2164,N
20251030,M7731,41016902,20251030,41,11,08,41_18319762,2,570,41016902,20251030181135,4106836,20251030192318,4111588,0,01,2,24330,4303,N
20251030,M7731,41016902,20251030,41,11,08,41_18338755,1,570,41016902,20251030085203,4106836,20251030093359,4116126,0,01,2,25350,2516,N
20251030,M7731,41016902,20251030,41,11,08,41_18342974,2,570,41016902,20251030081830,4177448,20251030083336,4116126,0,01,3,23140,906,N
20251030,M7731,41016902,20251030,41,11,08,41_18348541,1,570,41016902,20251030151805,4110935,20251030153932,4111588,0,01,2,28710,1287,N
20251030,M7731,41016902,20251030,41,41,08,41_18364752,2,570,41016902,20251030062606,4177637,20251030063348,4177448,0,01,4,3710,462,N
20251030,M7731,41016902,20251030,41,41,08,41_18364752,2,570,41016902,20251030193357,4123056,20251030194208,4102447,2,01,3,3320,491,N
20251030,M7731,41016902,20251030,41,11,08,41_18376507,2,570,41016902,20251030143858,4106836,20251030152513,4116126,0,01,2,25350,2775,N
20251030,M7731,41016902,20251030,41,11,08,41_18406844,1,570,41016902,20251030194302,4177532,20251030202426,4111588,0,01,3,22980,2484,N
20251030,M7731,41016902,20251030,41,11,08,41_18440151,2,570,41016902,20251030100012,4106836,20251030104150,4116126,0,01,1,25350,2498,N
20251030,M7731,41016902,20251030,41,11,08,41_18541745,1,570,41016902,20251030114420,4177448,20251030122139,4111588,0,01,2,22120,2239,N
20251030,M7731,41016902,20251030,41,11,08,41_18555453,2,570,41016902,20251030143254,4106836,20251030145917,4116126,1,01,1,25350,1583,N
20251030,M7731,41016902,20251030,41,11,08,41_18583034,2,570,41016902,20251030145638,4106836,20251030152733,4111588,0,01,4,24330,1855,N
20251030,M7731,41016902,20251030,41,11,08,41_18583365,1,570,41016902,20251030173337,4177532,20251030175951,4116130,0,01,2,25240,1574,N
20251030,M7731,41016902,20251030,41,11,08,41_1858957,1,570,41016902,20251030062708,4177448,20251030065741,4116126,0,01,4,23140,1833,N
20251030,M7731,41016902,20251030,41,11,08,41_18627653,2,570,41016902,20251030090910,4177510,20251030095142,4111599,0,01,3,33440,2552,N
20251030,M7731,41016902,20251030,41,11,08,41_18631198,2,570,41016902,20251030114124,4177448,20251030120731,4116126,0,01,1,23140,1567,N
20251030,M7731,41016902,20251030,41,11,08,41_18646729,1,570,41016902,20251030112830,4177448,20251030120848,4111588,0,01,4,22120,2418,N
20251030,M7731,41016902,20251030,41,11,08,41_1865714,2,570,41016902,20251030154637,4177532,20251030161036,4116126,0,01,1,24000,1439,N
20251030,M7731,41016902,20251030,41,11,08,41_1868614,1,570,41016902,20251030092040,4177448,20251030094629,4111588,0,01,4,22120,1549,N
20251030,M7731,41016902,20251030,41,11,08,41_18690680,2,570,41016902,20251030075132,4106836,20251030082503,4111588,1,01,3,24330,2011,N
20251030,M7731,41016902,20251030,41,11,08,41_18737310,1,570,41016902,20251030202321,4177448,20251030211229,4116126,0,01,2,23140,2948,N
20251030,M7731,41016902,20251030,41,11,08,41_18744406,1,570,41016902,20251030060731,4110935,20251030065358,4111588,0,01,2,28710,2787,N
20251030,M7731,41016902,20251030,41,11,08,41_18763949,1,570,41016902,20251030070903,4110868,20251030074711,4116126,0,01,1,28000,2288,N
20251030,M7731,41016902,20251030,41,11,08,41_18792721,2,570,41016902,20251030190825,4177637,20251030194445,4111588,0,01,3,25830,2180,N
20251030,M7731,41016902,20251030,41,11,08,41_18795785,2,570,41016902,20251030074149,4106836,20251030083550,4111588,0,01,1,24330,3241,N
20251030,M7731,41016902,20251030,41,11,08,41_18798799,2,570,41016902,20251030072015,4177532,20251030074853,4111588,0,01,2,22980,1718,N
20251030,M7731,41016902,20251030,41,11,08,41_18800553,2,570,41016902,20251030085107,4177448,20251030101328,4116126,0,01,1,23140,4941,N
20251030,M7731,41016902,20251030,41,11,08,41_18814097,2,570,41016902,20251030101509,4177532,20251030104816,4111588,0,01,2,22980,1987,N
20251030,M7731,41016902,20251030,41,11,08,41_18814097,2,570,41016902,20251030140501,4177532,20251030143756,4111588,0,01,3,22980,1975,N
20251030,M7731,41016902,20251030,41,11,08,41_18814097,2,570,41016902,20251030190326,4177532,20251030194717,4111588,0,01,2,22980,2631,N
20251030,M7731,41016902,20251030,41,11,08,41_18825607,2,570,41016902,20251030151406,4177448,20251030153811,4111588,0,01,4,22120,1445,N
20251030,M7731,41016902,20251030,41,11,08,41_18841511,2,570,41016902,20251030110346,4177637,20251030113837,4111588,0,01,3,25830,2091,N
20251030,M7731,41016902,20251030,41,11,08,41_18844080,1,570,41016902,20251030132846,4177448,20251030135458,4111588,0,01,4,22120,1572,N
20251030,M7731,41016902,20251030,41,11,08,41_18890899,2,570,41016902,20251030084806,4177448,20251030093724,4116126,0,01,2,23140,2958,N
20251030,M7731,41016902,20251030,41,41,08,41_18900451,2,570,41016902,20251030150041,4106837,20251030151326,4110934,0,01,3,4440,765,N
20251030,M7731,41016902,20251030,41,11,08,41_18908161,2,570,41016902,20251030081353,4177637,20251030083627,4111588,0,01,3,25830,1354,N
20251030,M7731,41016902,20251030,41,41,08,41_18911809,2,570,41016902,20251031004226,4106837,20251031005333,4107447,1,01,4,3540,667,N
20251030,M7731,41016902,20251030,41,11,08,41_18938618,1,570,41016902,20251030191127,4177637,20251030193121,4111588,0,01,1,25830,1194,N
20251030,M7731,41016902,20251030,41,11,08,41_1898257,1,570,41016902,20251030133053,4106836,20251030140110,4116126,1,01,4,25350,1817,N
20251030,M7731,41016902,20251030,41,11,08,41_19032190,1,570,41016902,20251030221150,4177532,20251030224910,4111588,0,01,2,22980,2240,N
20251030,M7731,41016902,20251030,41,41,08,41_19046222,2,570,41016902,20251030092411,4107446,20251030100824,4177448,0,01,1,5750,2653,N
20251030,M7731,41016902,20251030,41,11,08,41_19053377,2,570,41016902,20251030171817,4106836,20251030175835,4116126,0,01,4,25350,2418,N
20251030,M7731,41016902,20251030,41,11,08,41_19089604,2,570,41016902,20251030174305,4177448,20251030182139,4111588,0,01,1,22120,2314,N
20251030,M7731,41016902,20251030,41,11,08,41_19120171,1,570,41016902,20251030185803,4177448,20251030193643,4111588,0,01,2,22120,2320,N
20251030,M7731,41016902,20251030,41,11,08,41_19120874,1,570,41016902,20251030051302,4110868,20251030061230,4111598,0,01,1,30270,3568,N
20251030,M7731,41016902,20251030,41,11,08,41_19147824,2,570,41016902,20251030071747,4177448,20251030081347,4111588,0,01,3,22120,3360,N
20251030,M7731,41016902,20251030,41,11,08,41_19161682,2,570,41016902,20251030221039,4106836,20251030230747,4116130,0,01,1,26590,3428,N
20251030,M7731,41016902,20251030,41,11,08,41_19162018,2,570,41016902,20251030061637,4106836,20251030070142,4111588,1,01,1,24330,2705,N
20251030,M7731,41016902,20251030,41,11,08,41_19198508,2,570,41016902,20251030111126,4106836,20251030115659,4111588,0,01,1,24330,2733,N
20251030,M7731,41016902,20251030,41,11,08,41_19216521,1,570,41016902,20251030063141,4106836,20251030074213,4111588,0,01,3,24330,4232,N
20251030,M7731,41016902,20251030,41,11,08,41_19216521,1,570,41016902,20251030201013,4106836,20251030204958,4111588,0,01,1,24330,2385,N
20251030,M7731,41016902,20251030,41,11,08,41_19253075,2,570,41016902,20251030165323,4106836,20251030172846,4116126,0,01,2,25350,2123,N
20251030,M7731,41016902,20251030,41,11,08,41_19253075,2,570,41016902,20251030203058,4106836,20251030211124,4116126,0,01,3,25350,2426,N
20251030,M7731,41016902,20251030,41,11,08,41_19255953,2,570,41016902,20251030060430,4177637,20251030064257,4116126,0,01,2,26850,2307,N
20251030,M7731,41016902,20251030,41,11,08,41_19307670,2,570,41016902,20251030232706,4106836,20251031000602,4111588,0,01,2,24330,2336,N
20251030,M7731,41016902,20251030,41,11,08,41_19308000,2,570,41016902,20251030173901,4177532,20251030181131,4111588,0,01,4,22980,1950,N
20251030,M7731,41016902,20251030,41,11,08,41_19315997,2,570,41016902,20251030220540,4177448,20251030223526,4111588,0,01,4,22120,1786,N
20251030,M7731,41016902,20251030,41,11,08,41_19341588,2,570,41016902,20251030092322,4177637,20251030095223,4111588,0,01,3,25830,1741,N
20251030,M7731,41016902,20251030,41,11,08,41_19341588,2,570,41016902,20251030103455,4177637,20251030111337,4111588,0,01,3,25830,2322,N
20251030,M7731,41016902,20251030,41,11,08,41_19345224,2,570,41016902,20251030090255,4110868,20251030094325,4116130,0,01,2,29240,2430,N
20251030,M7731,41016902,20251030,41,11,08,41_19345284,2,570,41016902,20251030213724,4106836,20251030221932,4116126,0,01,2,25350,2528,N
20251030,M7731,41016902,20251030,41,11,08,41_19362688,2,570,41016902,20251030092348,4177637,20251030100618,4116126,0,01,3,26850,2550,N
20251030,M7731,41016902,20251030,41,41,08,41_19366109,1,570,41016902,20251030213055,4123056,20251030213915,4102447,2,01,2,3320,500,N
20251030,M7731,41016902,20251030,41,41,08,41_19380387,2,570,41016902,20251030160727,4106837,20251030162336,4110934,1,01,4,4440,969,N
20251030,M7731,41016902,20251030,41,11,08,41_19410184,2,570,41016902,20251030154825,4177532,20251030161900,4111588,0,01,4,22980,1835,N
20251030,M7731,41016902,20251030,41,11,08,41_19420190,2,570,41016902,20251030140137,4106836,20251030144905,4116130,0,01,2,26590,2848,N
20251030,M7731,41016902,20251030,41,11,08,41_19427097,1,570,41016902,20251030152222,4106836,20251030161524,4109162,0,01,1,29380,3182,N
20251030,M7731,41016902,20251030,41,11,08,41_19446218,2,570,41016902,20251030113334,4106836,20251030121815,4116130,1,01,2,26590,2681,N
20251030,M7731,41016902,20251030,41,11,08,41_19457202,2,570,41016902,20251030163007,4177532,20251030170740,4111588,0,01,2,22980,2253,N
20251030,M7731,41016902,20251030,41,11,08,41_19481588,2,570,41016902,20251030105149,4106836,20251030113357,4111588,1,01,2,24330,2528,N
20251030,M7731,41016902,20251030,41,11,08,41_19507341,1,570,41016902,20251030181919,4177532,20251030185542,4111588,0,01,4,22980,2183,N
20251030,M7731,41016902,20251030,41,11,08,41_19515121,2,570,41016902,20251030183921,4177448,20251030190901,4116126,0,01,4,23140,1780,N
20251030,M7731,41016902,20251030,41,11,08,41_19515858,1,570,41016902,20251030065011,4110935,20251030071426,4111588,0,01,2,28710,1455,N
20251030,M7731,41016902,20251030,41,11,08,41_19520633,2,570,41016902,20251030143450,4106836,20251030151650,4111588,0,01,4,24330,2520,N
20251030,M7731,41016902,20251030,41,11,08,41_19520633,2,570,41016902,20251030153411,4106836,20251030160649,4111588,0,01,3,24330,1958,N
20251030,M7731,41016902,20251030,41,11,08,41_19520633,2,570,41016902,20251030162417,4106836,20251030170656,4111588,0,01,4,24330,2559,N
20251030,M7731,41016902,20251030,41,11,08,41_19523764,1,570,41016902,20251030180852,4177532,20251030183832,4116130,0,01,2,25240,1780,N
20251030,M7731,41016902,20251030,41,11,08,41_1953279,1,570,41016902,20251030111845,4177448,20251030114520,4111588,0,01,4,22120,1595,N
20251030,M7731,41016902,20251030,41,11,08,41_1953279,1,570,41016902,20251030153944,4177448,20251030160402,4111588,0,01,1,22120,1458,N
20251030,M7731,41016902,20251030,41,41,08,41_19534766,2,570,41016902,20251030051138,4177637,20251030051554,4106836,0,01,4,1500,256,N
20251030,M7731,41016902,20251030,41,11,08,41_19559232,2,570,41016902,20251030102636,4177637,20251030105602,4111588,0,01,3,25830,1766,N
20251030,M7731,41016902,20251030,41,11,08,41_19572146,2,570,41016902,20251030125333,4106836,20251030132307,4116126,1,01,2,25350,1774,N
20251030,M7731,41016902,20251030,41,11,08,41_19597056,1,570,41016902,20251030050823,4177637,20251030053456,4111599,0,01,3,29770,1593,N
20251030,M7731,41016902,20251030,41,11,08,41_19597056,1,570,41016902,20251030101830,4177637,20251030104953,4109162,0,01,3,30880,1883,N
20251030,M7731,41016902,20251030,41,11,08,41_19643274,2,570,41016902,20251030201522,4177637,20251030205114,4111598,0,01,1,29120,2152,N
20251030,M7731,41016902,20251030,41,11,08,41_19654416,2,570,41016902,20251030202551,4177532,20251030210143,4111588,0,01,4,22980,2152,N
20251030,M7731,41016902,20251030,41,11,08,41_19682507,1,570,41016902,20251030201522,4177637,20251030205142,4116126,0,01,4,26850,2180,N
20251030,M7731,41016902,20251030,41,11,08,41_1969384,2,570,41016902,20251030171621,4106836,20251030174847,4116126,0,01,3,25350,1946,N
20251030,M7731,41016902,20251030,41,11,08,41_19718474,2,570,41016902,20251030175909,4177532,20251030183328,4111588,0,01,2,22980,2059,N
20251030,M7731,41016902,20251030,41,11,08,41_19725073,1,570,41016902,20251030204617,4106836,20251030212054,4116126,0,01,2,25350,2077,N
20251030,M7731,41016902,20251030,41,11,08,41_19725617,2,570,41016902,20251030190133,4177637,20251030193614,4116126,0,01,4,26850,2081,N
20251030,M7731,41016902,20251030,41,11,08,41_19736561,2,570,41016902,20251030165337,4177532,20251030172800,4111588,0,01,2,22980,2063,N
20251030,M7731,41016902,20251030,41,11,08,41_19737503,2,570,41016902,20251030132128,4106836,20251030140122,4111588,0,01,2,24330,2394,N
20251030,M7731,41016902,20251030,41,11,08,41_1974573,2,570,41016902,20251030062100,4177448,20251030065349,4116130,0,01,3,24380,1969,N
20251030,M7731,41016902,20251030,41,11,08,41_1977578,2,570,41016902,20251030114055,4177448,20251030120730,4111588,0,01,1,22120,1595,N
20251030,M7731,41016902,20251030,41,11,08,41_1979866,2,570,41016902,20251031003157,4177637,20251031011653,4111588,0,01,3,25830,2696,N
20251030,M7731,41016902,20251030,41,11,08,41_1980059,2,570,41016902,20251031003157,4177637,20251031005155,4116130,0,01,2,28090,1198,N
20251030,M7731,41016902,20251030,41,11,08,41_19813437,2,570,41016902,20251030150439,4106836,20251030153904,4116126,0,01,1,25350,2065,N
20251030,M7731,41016902,20251030,41,11,08,41_1987023,2,570,41016902,20251030123940,4106836,20251030133222,4111588,0,01,2,24330,3162,N
20251030,M7731,41016902,20251030,41,11,08,41_1987023,2,570,41016902,20251030151656,4106836,20251030155418,4111588,0,01,1,24330,2242,N
20251030,M7731,41016902,20251030,41,11,08,41_1987023,2,570,41016902,20251030180129,4106836,20251030183908,4111588,0,01,3,24330,2259,N
20251030,M7731,41016902,20251030,41,11,08,41_19873119,2,570,41016902,20251030055222,4177510,20251030065344,4111588,0,01,3,29500,3682,N
20251030,M7731,41016902,20251030,41,11,08,41_1987921,2,570,41016902,20251030111117,4107446,20251030113937,4116126,0,01,4,28890,1700,N
20251030,M7731,41016902,20251030,41,11,08,41_19892201,2,570,41016902,20251030091906,4177448,20251030095400,4116126,0,01,1,23140,2094,N
20251030,M7731,41016902,20251030,41,11,08,41_19893282,2,570,41016902,20251030062029,4177448,20251030065841,4116130,0,01,1,24380,2292,N
20251030,M7731,41016902,20251030,41,11,08,41_19893282,2,570,41016902,20251030120406,4177448,20251030124606,4111599,0,01,2,26060,2520,N
20251030,M7731,41016902,20251030,41,41,08,41_19915275,2,570,41016902,20251030084021,4110935,20251030091307,4177532,0,01,2,5730,1966,N
20251030,M7731,41016902,20251030,41,11,08,41_19979322,2,570,41016902,20251030084149,4110935,20251030091435,4111588,0,01,2,28710,1966,N
20251030,M7731,41016902,20251030,41,41,08,41_20018930,2,570,41016902,20251030072817,4177637,20251030073653,4177448,0,01,1,3710,516,N
20251030,M7731,41016902,20251030,41,41,08,41_20018930,2,570,41016902,20251030190348,4123056,20251030191401,4102447,2,01,1,3320,613,N
20251030,M7731,41016902,20251030,41,41,08,41_2007561,2,570,41016902,20251030082127,4177637,20251030082639,4177448,0,01,1,3710,312,N
20251030,M7731,41016902,20251030,41,41,08,41_20108496,2,570,41016902,20251030065310,4107446,20251030065959,4177532,0,01,3,4890,409,N
20251030,M7731,41016902,20251030,41,41,08,41_20108496,2,570,41016902,20251030181818,4177533,20251030184003,4107447,0,01,2,4900,1305,N
20251030,M7731,41016902,20251030,41,11,08,41_20109786,2,570,41016902,20251030164117,4177532,20251030170705,4111588,0,01,3,22980,1548,N
20251030,M7731,41016902,20251030,41,11,08,41_20111391,1,570,41016902,20251030161431,4106836,20251030165809,4111598,0,01,4,27620,2618,N
20251030,M7731,41016902,20251030,41,11,08,41_20142996,2,570,41016902,20251030165847,4106836,20251030172455,4111588,0,01,4,24330,1568,N
20251030,M7731,41016902,20251030,41,41,08,41_20196622,2,570,41016902,20251030180711,4123056,20251030185014,4177511,0,01,2,7120,2583,N
20251030,M7731,41016902,20251030,41,11,08,41_20214026,2,570,41016902,20251030172624,4177532,20251030175458,4111588,0,01,4,22980,1714,N
20251030,M7731,41016902,20251030,41,11,08,41_20245120,2,570,41016902,20251030171114,4177532,20251030175021,4111588,0,01,3,22980,2347,N
20251030,M7731,41016902,20251030,41,11,08,41_20253321,2,570,41016902,20251030084437,4177637,20251030091754,4111588,0,01,1,25830,1997,N
20251030,M7731,41016902,20251030,41,11,08,41_20255346,1,570,41016902,20251030160831,4177448,20251030164221,4116126,0,01,3,23140,2030,N
20251030,M7731,41016902,20251030,41,11,08,41_20281505,2,570,41016902,20251030055137,4177510,20251030062520,4111588,0,01,4,29500,2023,N
20251030,M7731,41016902,20251030,41,11,08,41_20283416,2,570,41016902,20251030114836,4177510,20251030122055,4111588,0,01,4,29500,1939,N
20251030,M7731,41016902,20251030,41,11,08,41_20289552,2,570,41016902,20251030055724,4110935,20251030063247,4111588,0,01,1,28710,2123,N
20251030,M7731,41016902,20251030,41,11,08,41_2029689,2,570,41016902,20251030152021,4177448,20251030155708,4111588,0,01,4,22120,2207,N
20251030,M7731,41016902,20251030,41,11,08,41_20309314,2,570,41016902,20251030064006,4107446,20251030070706,4111588,0,01,1,27870,1620,N
20251030,M7731,41016902,20251030,41,11,08,41_20332666,1,570,41016902,20251030162142,4177532,20251030165217,4116126,0,01,3,24000,1835,N
20251030,M7731,41016902,20251030,41,11,08,41_20335845,1,570,41016902,20251030052330,4177448,20251030054745,4111588,0,01,2,22120,1455,N
20251030,M7731,41016902,20251030,41,41,08,41_20400628,2,570,41016902,20251030192458,4110935,20251030200546,4177448,0,01,4,6590,2448,N
20251030,M7731,41016902,20251030,41,11,08,41_20413593,2,570,41016902,20251030223442,4106836,20251030230710,4111588,0,01,3,24330,1948,N
20251030,M7731,41016902,20251030,41,11,08,41_20437923,2,570,41016902,20251030202435,4106836,20251030210015,4111588,0,01,2,24330,2140,N
20251030,M7731,41016902,20251030,41,11,08,41_20457087,2,570,41016902,20251030172206,4177448,20251030180905,4116126,0,01,3,23140,2819,N
20251030,M7731,41016902,20251030,41,11,08,41_20462500,2,570,41016902,20251030164500,4177532,20251030171649,4111588,0,01,4,22980,1909,N
20251030,M7731,41016902,20251030,41,11,08,41_2046771,2,570,41016902,20251030192217,4177448,20251030194743,4111588,0,01,2,22120,1526,N
20251030,M7731,41016902,20251030,41,41,08,41_20492200,2,570,41016902,20251030192458,4110935,20251030193125,4177637,0,01,2,2880,387,N
20251030,M7731,41016902,20251030,41,41,08,41_20494626,2,570,41016902,20251030074554,4106836,20251030075340,4177448,0,01,3,2210,466,N
20251030,M7731,41016902,20251030,41,11,08,41_2049661,1,570,41016902,20251030151652,4177448,20251030154158,4111588,0,01,3,22120,1506,N
20251030,M7731,41016902,20251030,41,11,08,41_20502354,1,570,41016902,20251030193628,4177448,20251030200320,4111588,0,01,1,22120,1612,N
20251030,M7731,41016902,20251030,41,11,08,41_20515487,2,570,41016902,20251030125026,4106836,20251030131655,4116130,0,01,1,26590,1589,N
20251030,M7731,41016902,20251030,41,11,08,41_20522886,2,570,41016902,20251030143156,4177510,20251030145831,4111588,0,01,2,29500,1595,N
20251030,M7731,41016902,20251030,41,41,08,41_20545310,2,570,41016902,20251030211941,4123056,20251030212500,4102447,0,01,2,3320,319,N
20251030,M7731,41016902,20251030,41,11,08,41_2055848,2,570,41016902,20251030173742,4177532,20251030180609,4111588,0,01,4,22980,1707,N
20251030,M7731,41016902,20251030,41,11,08,41_20578380,2,570,41016902,20251030182622,4177448,20251030190611,4116126,0,01,4,23140,2389,N
20251030,M7731,41016902,20251030,41,11,08,41_20595661,2,570,41016902,20251030174905,4106836,20251030184348,4111588,0,01,1,24330,3283,N
20251030,M7731,41016902,20251030,41,11,08,41_20604427,1,570,41016902,20251030223155,4106836,20251030231549,4111588,0,01,1,24330,2634,N
20251030,M7731,41016902,20251030,41,41,08,41_20612187,2,570,41016902,20251030074009,4177637,20251030074827,4177448,0,01,1,3710,498,N
20251030,M7731,41016902,20251030,41,41,08,41_20612187,2,570,41016902,20251030190001,4123056,20251030190810,4102447,2,01,4,3320,489,N
20251030,M7731,41016902,20251030,41,11,08,41_20613384,2,570,41016902,20251030111134,4106836,20251030114833,4111599,0,01,3,28270,2219,N
20251030,M7731,41016902,20251030,41,11,08,41_20629890,2,570,41016902,20251030171538,4177532,20251030180342,4116126,0,01,2,24000,2884,N
20251030,M7731,41016902,20251030,41,41,08,41_20641311,2,570,41016902,20251030055606,4110935,20251030060018,4106836,0,01,2,4380,252,N
20251030,M7731,41016902,20251030,41,11,08,41_20658274,2,570,41016902,20251030072243,4106836,20251030081459,4116130,1,01,2,26590,3136,N
20251030,M7731,41016902,20251030,41,11,08,41_20681422,1,570,41016902,20251030123226,4177448,20251030125618,4111588,0,01,4,22120,1432,N
20251030,M7731,41016902,20251030,41,41,08,41_20707186,2,570,41016902,20251030074049,4110935,20251030075625,4106836,0,01,1,4380,936,N
20251030,M7731,41016902,20251030,41,11,08,41_20707186,2,570,41016902,20251030170854,4110935,20251030175846,4111588,0,01,1,28710,2992,N
20251030,M7731,41016902,20251030,41,41,08,41_20708445,2,570,41016902,20251030080444,4110935,20251030085223,4177448,0,01,1,6590,2859,N
20251030,M7731,41016902,20251030,41,41,08,41_20708445,2,570,41016902,20251030131229,4110935,20251030140811,4177448,0,01,4,6590,3342,N
20251030,M7731,41016902,20251030,41,11,08,41_20720076,1,570,41016902,20251030162510,4177532,20251030171448,4111588,0,01,4,22980,2978,N
20251030,M7731,41016902,20251030,41,11,08,41_20755286,1,570,41016902,20251030162437,4177532,20251030171716,4116126,0,01,3,24000,3159,N
20251030,M7731,41016902,20251030,41,11,08,41_20758710,2,570,41016902,20251030100721,4177448,20251030110651,4116126,0,01,3,23140,3570,N
20251030,M7731,41016902,20251030,41,11,08,41_20759249,2,570,41016902,20251030160349,4177532,20251030165327,4111588,0,01,2,22980,2978,N
20251030,M7731,41016902,20251030,41,41,08,41_20784024,1,570,41016902,20251030080444,4110935,20251030081632,4106836,0,01,3,4380,708,N
20251030,M7731,41016902,20251030,41,11,08,41_20821619,2,570,41016902,20251030130315,4177637,20251030142412,4111588,0,01,2,25830,4857,N
20251030,M7731,41016902,20251030,41,11,08,41_20843857,2,570,41016902,20251030061503,4177532,20251030070337,4109162,0,01,2,28030,2914,N
20251030,M7731,41016902,20251030,41,11,08,41_2086651,1,570,41016902,20251030153041,4106836,20251030160528,4111588,0,01,4,24330,2087,N
20251030,M7731,41016902,20251030,41,11,08,41_20901940,2,570,41016902,20251030195130,4177448,20251030203505,4111588,0,01,3,22120,2615,N
20251030,M7731,41016902,20251030,41,11,08,41_20928015,2,570,41016902,20251030174541,4106836,20251030182948,4116126,0,01,2,25350,2647,N
20251030,M7731,41016902,20251030,41,11,08,41_20932295,2,570,41016902,20251030154514,4106836,20251030161711,4111588,0,01,1,24330,1917,N
20251030,M7731,41016902,20251030,41,11,08,41_20950678,2,570,41016902,20251030060842,4177510,20251030065113,4111588,0,01,2,29500,2551,N
20251030,M7731,41016902,20251030,41,41,08,41_20953754,1,570,41016902,20251030231040,4123056,20251030235116,4177511,1,01,3,7120,2436,N
20251030,M7731,41016902,20251030,41,41,08,41_20989735,2,570,41016902,20251030171500,4177533,20251030173927,4107447,0,01,3,4900,1467,N
20251030,M7731,41016902,20251030,41,11,08,41_21003462,2,570,41016902,20251030203201,4177448,20251030205553,4111588,0,01,3,22120,1432,N
20251030,M7731,41016902,20251030,41,11,08,41_21017811,2,570,41016902,20251030053918,4177448,20251030063026,4116126,0,01,4,23140,3068,N
20251030,M7731,41016902,20251030,41,11,08,41_21018121,1,570,41016902,20251030161235,4177448,20251030163748,4111588,0,01,2,22120,1513,N
20251030,M7731,41016902,20251030,41,11,08,41_21037475,2,570,41016902,20251030094736,4106836,20251030102852,4111588,1,01,2,24330,2476,N
20251030,M7731,41016902,20251030,41,11,08,41_21062219,2,570,41016902,20251030190808,4106836,20251030194613,4111588,0,01,2,24330,2285,N
20251030,M7731,41016902,20251030,41,11,08,41_21104414,2,570,41016902,20251030122312,4110935,20251030131835,4111588,0,01,3,28710,3323,N
20251030,M7731,41016902,20251030,41,11,08,41_21106723,2,570,41016902,20251030113147,4177637,20251030121216,4111588,0,01,3,25830,2429,N
20251030,M7731,41016902,20251030,41,11,08,41_21115511,1,570,41016902,20251030162622,4177532,20251030170903,4116126,0,01,4,24000,2561,N
20251030,M7731,41016902,20251030,41,41,08,41_21139886,2,570,41016902,20251030094706,4110935,20251030102415,4177448,0,01,1,6590,2229,N
20251030,M7731,41016902,20251030,41,11,08,41_2114154,2,570,41016902,20251030154214,4106836,20251030160915,4111588,0,01,1,24330,1621,N
20251030,M7731,41016902,20251030,41,11,08,41_21142308,2,570,41016902,20251030083625,4177448,20251030090935,4116126,0,01,2,23140,1990,N
20251030,M7731,41016902,20251030,41,41,08,41_2115699,2,570,41016902,20251030074053,4177637,20251030075001,4177448,0,01,4,3710,548,N
20251030,M7731,41016902,20251030,41,11,08,41_21169988,1,570,41016902,20251030052030,4177448,20251030061456,4109162,0,01,4,27170,3266,N
20251030,M7731,41016902,20251030,41,11,08,41_21252485,2,570,41016902,20251030191551,4177448,20251030200851,4111588,0,01,1,22120,3180,N
20251030,M7731,41016902,20251030,41,11,08,41_21259441,2,570,41016902,20251030165327,4106836,20251030174811,4111588,0,01,2,24330,3284,N
20251030,M7731,41016902,20251030,41,11,08,41_21271748,2,570,41016902,20251030191505,4177448,20251030201115,4116126,0,01,3,23140,3370,N
20251030,M7731,41016902,20251030,41,11,08,41_2127576,2,570,41016902,20251030154255,4106836,20251030161313,4116126,0,01,2,25350,1818,N
20251030,M7731,41016902,20251030,41,11,08,41_21291620,2,570,41016902,20251030100237,4107446,20251030105405,4111588,0,01,3,27870,3088,N
20251030,M7731,41016902,20251030,41,11,08,41_21300856,2,570,41016902,20251030070948,4110935,20251030075456,4111588,0,01,3,28710,2708,N
20251030,M7731,41016902,20251030,41,41,08,41_21300856,2,570,41016902,20251030184649,4123056,20251030193123,4110934,2,01,4,6380,2674,N
20251030,M7731,41016902,20251030,41,11,08,41_2132418,2,570,41016902,20251030080757,4107446,20251030084406,4111588,0,01,2,27870,2169,N
20251030,M7731,41016902,20251030,41,11,08,41_2137063,2,570,41016902,20251030060607,4177448,20251030064002,4116130,0,01,4,24380,2035,N
20251030,M7731,41016902,20251030,41,11,08,41_21378994,2,570,41016902,20251030124716,4177448,20251030134521,4116126,0,01,4,23140,3485,N
20251030,M7731,41016902,20251030,41,11,08,41_21390129,1,570,41016902,20251030111431,4177448,20251030121021,4116130,0,01,3,24380,3350,N
20251030,M7731,41016902,20251030,41,11,08,41_2139238,2,570,41016902,20251030060607,4177448,20251030063710,4111588,0,01,2,22120,1863,N
20251030,M7731,41016902,20251030,41,41,08,41_2142599,2,570,41016902,20251030201010,4123056,20251030202828,4107447,0,01,1,5480,1098,N
20251030,M7731,41016902,20251030,41,41,08,41_2142599,2,570,41016902,20251030204023,4123056,20251030205841,4107447,0,01,3,5480,1098,N
20251030,M7731,41016902,20251030,41,11,08,41_21478777,2,570,41016902,20251030155436,4177532,20251030163153,4111588,0,01,3,22980,2237,N
20251030,M7731,41016902,20251030,41,11,08,41_2148220,2,570,41016902,20251030095308,4106836,20251030102321,4116126,0,01,1,25350,1813,N
20251030,M7731,41016902,20251030,41,11,08,41_21486427,2,570,41016902,20251030155543,4177637,20251030163300,4111588,0,01,2,25830,2237,N
20251030,M7731,41016902,20251030,41,11,08,41_21503951,2,570,41016902,20251030091409,4177637,20251030094757,4111588,0,01,1,25830,2028,N
20251030,M7731,41016902,20251030,41,11,08,41_21529108,2,570,41016902,20251030143306,4177532,20251030150642,4116126,0,01,2,24000,2016,N
20251030,M7731,41016902,20251030,41,11,08,41_21529108,2,570,41016902,20251030160127,4106836,20251030164241,4116126,1,01,1,25350,2474,N
20251030,M7731,41016902,20251030,41,11,08,41_2153983,2,570,41016902,20251030052144,4177637,20251030055105,4111588,0,01,4,25830,1761,N
20251030,M7731,41016902,20251030,41,11,08,41_2154484,2,570,41016902,20251030163958,4177532,20251030171012,4116126,0,01,3,24000,1814,N
20251030,M7731,41016902,20251030,41,11,08,41_21551237,2,570,41016902,20251030092107,4177637,20251030095455,4111588,0,01,3,25830,2028,N
20251030,M7731,41016902,20251030,41,41,08,41_21586258,1,570,41016902,20251030061454,4177510,20251030064550,4177448,0,01,4,7380,1856,N
20251030,M7731,41016902,20251030,41,11,08,41_2159038,2,570,41016902,20251030164905,4177532,20251030172118,4111588,0,01,3,22980,1933,N
20251030,M7731,41016902,20251030,41,11,08,41_21692923,2,570,41016902,20251030180800,4177448,20251030183743,4111588,0,01,3,22120,1783,N
20251030,M7731,41016902,20251030,41,11,08,41_21692973,2,570,41016902,20251030063124,4177510,20251030075827,4111588,0,01,2,29500,5223,N
20251030,M7731,41016902,20251030,41,11,08,41_21699575,2,570,41016902,20251030143942,4106836,20251030160316,4111588,0,01,3,24330,5014,N
20251030,M7731,41016902,20251030,41,11,08,41_21729737,2,570,41016902,20251030190304,4106836,20251030195154,4111588,0,01,4,24330,2930,N
20251030,M7731,41016902,20251030,41,11,08,41_21734196,2,570,41016902,20251030122426,4177448,20251030125105,4111588,0,01,2,22120,1599,N
20251030,M7731,41016902,20251030,41,11,08,41_21734196,2,570,41016902,20251030154443,4177448,20251030161458,4111588,0,01,1,22120,1815,N
20251030,M7731,41016902,20251030,41,11,08,41_21740605,2,570,41016902,20251030222648,4177448,20251030230232,4111598,0,01,4,25410,2144,N
20251030,M7731,41016902,20251030,41,11,08,41_21751891,2,570,41016902,20251030122835,4177448,20251030124734,4111588,0,01,2,22120,1139,N
20251030,M7731,41016902,20251030,41,11,08,41_21789259,2,570,41016902,20251030093644,4177637,20251030103730,4111588,0,01,3,25830,3646,N
20251030,M7731,41016902,20251030,41,11,08,41_21796733,2,570,41016902,20251030151745,4107446,20251030160746,4111588,0,01,4,27870,3001,N
20251030,M7731,41016902,20251030,41,11,08,41_21815190,2,570,41016902,20251030082052,4106836,20251030093049,4111588,0,01,4,24330,4197,N
20251030,M7731,41016902,20251030,41,11,08,41_21819125,1,570,41016902,20251030075714,4177448,20251030083258,4116126,0,01,2,23140,2144,N
20251030,M7731,41016902,20251030,41,11,08,41_21865704,2,570,41016902,20251030053613,4110935,20251030061704,4111588,0,01,3,28710,2451,N
20251030,M7731,41016902,20251030,41,11,08,41_21884652,1,570,41016902,20251030163743,4106836,20251030171642,4111588,0,01,4,24330,2339,N
20251030,M7731,41016902,20251030,41,11,08,41_21884652,1,570,41016902,20251030192045,4106836,20251030195220,4111588,0,01,1,24330,1895,N
20251030,M7731,41016902,20251030,41,11,08,41_21888212,2,570,41016902,20251030130847,4177532,20251030134521,4116126,0,01,1,24000,2194,N
20251030,M7731,41016902,20251030,41,11,08,41_21890258,1,570,41016902,20251030075634,4177448,20251030083218,4116126,0,01,4,23140,2144,N
20251030,M7731,41016902,20251030,41,11,08,41_21895364,1,570,41016902,20251030130847,4177532,20251030134303,4111588,0,01,2,22980,2056,N
20251030,M7731,41016902,20251030,41,11,08,41_22026833,1,570,41016902,20251030171116,4106836,20251030174147,4111588,0,01,1,24330,1831,N
20251030,M7731,41016902,20251030,41,41,08,41_2203823,2,570,41016902,20251030075526,4177637,20251030080426,4106836,0,01,2,1500,540,N
20251030,M7731,41016902,20251030,41,11,08,41_22059214,2,570,41016902,20251030173143,4177532,20251030180338,4111588,0,01,1,22980,1915,N
20251030,M7731,41016902,20251030,41,11,08,41_2208369,2,570,41016902,20251030084804,4177448,20251030091231,4116126,0,01,3,23140,1467,N
20251030,M7731,41016902,20251030,41,41,08,41_22098818,2,570,41016902,20251030164026,4177637,20251030164853,4177448,0,01,4,3710,507,N
20251030,M7731,41016902,20251030,41,11,08,41_22101209,2,570,41016902,20251030212146,4177448,20251030215314,4111588,0,01,2,22120,1888,N
20251030,M7731,41016902,20251030,41,11,08,41_22133135,2,570,41016902,20251030133315,4177448,20251030140033,4111588,0,01,3,22120,1638,N
20251030,M7731,41016902,20251030,41,11,08,41_2216050,1,570,41016902,20251030054655,4110935,20251030062200,4111588,0,01,4,28710,2105,N
20251030,M7731,41016902,20251030,41,11,08,41_22178813,2,570,41016902,20251030185711,4106836,20251030193733,4116126,0,01,3,25350,2422,N
20251030,M7731,41016902,20251030,41,11,08,41_22178813,2,570,41016902,20251031002248,4106836,20251031010231,4116126,0,01,4,25350,2383,N
20251030,M7731,41016902,20251030,41,11,08,41_22182040,2,570,41016902,20251030121805,4177637,20251030134758,4111588,0,01,2,25830,5393,N
20251030,M7731,41016902,20251030,41,11,08,41_22182942,2,570,41016902,20251030121057,4177637,20251030124548,4111588,0,01,1,25830,2091,N
20251030,M7731,41016902,20251030,41,11,08,41_22187306,2,570,41016902,20251030143000,4106836,20251030150233,4111588,0,01,4,24330,1953,N
20251030,M7731,41016902,20251030,41,11,08,41_2219143,1,570,41016902,20251030073517,4177510,20251030075905,4116126,0,01,1,30520,1428,N
20251030,M7731,41016902,20251030,41,11,08,41_221932,2,570,41016902,20251030152510,4106836,20251030155940,4111588,1,01,4,24330,2070,N
20251030,M7731,41016902,20251030,41,11,08,41_22232483,2,570,41016902,20251030221107,4177532,20251030224008,4111588,0,01,3,22980,1741,N
20251030,M7731,41016902,20251030,41,11,08,41_2223555,2,570,41016902,20251030223642,4106836,20251030230149,4116126,1,01,3,25350,1507,N
20251030,M7731,41016902,20251030,41,11,08,41_22237251,2,570,41016902,20251030181853,4177448,20251030185355,4111588,0,01,3,22120,2102,N
20251030,M7731,41016902,20251030,41,11,08,41_22243218,2,570,41016902,20251030170356,4177532,20251030173629,4111588,0,01,2,22980,1953,N
20251030,M7731,41016902,20251030,41,11,08,41_22253991,2,570,41016902,20251030184957,4177532,20251030192459,4116130,0,01,1,25240,2102,N
20251030,M7731,41016902,20251030,41,11,08,41_22283233,2,570,41016902,20251030083506,4177448,20251030090800,4111588,0,01,3,22120,1974,N
20251030,M7731,41016902,20251030,41,11,08,41_22283377,2,570,41016902,20251030152505,4106836,20251030160159,4116126,0,01,2,25350,2214,N
20251030,M7731,41016902,20251030,41,11,08,41_2230875,2,570,41016902,20251030161528,4177637,20251030163957,4111588,0,01,3,25830,1469,N
20251030,M7731,41016902,20251030,41,11,08,41_22319793,1,570,41016902,20251030061413,4177448,20251030064341,4111588,0,01,2,22120,1768,N
20251030,M7731,41016902,20251030,41,41,08,41_2233116,2,570,41016902,20251030070333,4107446,20251030071759,4177448,0,01,1,5750,866,N
20251030,M7731,41016902,20251030,41,11,08,41_22360648,2,570,41016902,20251030180146,4177532,20251030182927,4111588,0,01,4,22980,1661,N
20251030,M7731,41016902,20251030,41,11,08,41_22371536,2,570,41016902,20251030173201,4106836,20251030180630,4111588,0,01,1,24330,2069,N
20251030,M7731,41016902,20251030,41,11,08,41_22375320,2,570,41016902,20251030160219,4177448,20251030163757,4111588,0,01,3,22120,2138,N
20251030,M7731,41016902,20251030,41,11,08,41_22387212,1,570,41016902,20251030092447,4110935,20251030094748,4111588,0,01,1,28710,1381,N
20251030,M7731,41016902,20251030,41,11,08,41_22411930,1,570,41016902,20251030101111,4107446,20251030104747,4111588,0,01,2,27870,2196,N
20251030,M7731,41016902,20251030,41,11,08,41_2243344,1,570,41016902,20251030161527,4177637,20251030163956,4111588,0,01,3,25830,1469,N
20251030,M7731,41016902,20251030,41,11,08,41_22436344,2,570,41016902,20251030153755,4106836,20251030161401,4116130,0,01,4,26590,2166,N
20251030,M7731,41016902,20251030,41,11,08,41_22463204,1,570,41016902,20251030082415,4107446,20251030090303,4111588,0,01,3,27870,2328,N
20251030,M7731,41016902,20251030,41,11,08,41_22463616,2,570,41016902,20251030164246,4177532,20251030171902,4116126,0,01,4,24000,2176,N
20251030,M7731,41016902,20251030,41,11,08,41_22485434,2,570,41016902,20251030160746,4106836,20251030170406,4111588,0,01,3,24330,3380,N
20251030,M7731,41016902,20251030,41,41,08,41_22505244,1,570,41016902,20251030132759,4106836,20251030133715,4177532,0,01,2,1350,556,N
20251030,M7731,41016902,20251030,41,11,08,41_22516573,2,570,41016902,20251030141222,4106836,20251030145648,4111588,0,01,3,24330,2666,N
20251030,M7731,41016902,20251030,41,11,08,41_22520502,2,570,41016902,20251030074735,4106836,20251030083115,4116126,0,01,1,25350,2620,N
20251030,M7731,41016902,20251030,41,11,08,41_22520502,2,570,41016902,20251030110108,4106836,20251030113711,4116126,0,01,3,25350,2163,N
20251030,M7731,41016902,20251030,41,11,08,41_22536561,1,570,41016902,20251030183244,4177448,20251030190828,4111588,0,01,4,22120,2144,N
20251030,M7731,41016902,20251030,41,11,08,41_22552234,2,570,41016902,20251030070347,4177510,20251030073743,4116130,0,01,3,31760,2036,N
20251030,M7731,41016902,20251030,41,11,08,41_22565703,2,570,41016902,20251030072204,4177637,20251030075345,4111588,0,01,1,25830,1901,N
20251030,M7731,41016902,20251030,41,11,08,41_22571587,2,570,41016902,20251030172813,4177532,20251030180202,4111588,0,01,4,22980,2029,N
20251030,M7731,41016902,20251030,41,11,08,41_22593375,2,570,41016902,20251030094848,4177448,20251030102056,4111588,0,01,3,22120,1928,N
20251030,M7731,41016902,20251030,41,11,08,41_22597744,2,570,41016902,20251030181553,4177532,20251030190516,4111588,0,01,3,22980,2963,N
20251030,M7731,41016902,20251030,41,11,08,41_2261132,2,570,41016902,20251030092636,4177510,20251030095513,4111588,0,01,1,29500,1717,N
20251030,M7731,41016902,20251030,41,11,08,41_22622916,2,570,41016902,20251030220505,4177532,20251030224038,4116126,0,01,4,24000,2133,N
20251030,M7731,41016902,20251030,41,11,08,41_22627394,2,570,41016902,20251030111608,4177637,20251030115413,4116126,0,01,2,26850,2285,N
20251030,M7731,41016902,20251030,41,11,08,41_22636328,2,570,41016902,20251030122345,4177532,20251030130639,4111588,0,01,3,22980,2574,N
20251030,M7731,41016902,20251030,41,11,08,41_22638511,1,570,41016902,20251030181514,4177532,20251030184532,4116126,0,01,2,24000,1818,N
20251030,M7731,41016902,20251030,41,11,08,41_22644866,2,570,41016902,20251030180924,4177532,20251030183740,4111588,0,01,2,22980,1696,N
20251030,M7731,41016902,20251030,41,11,08,41_22677242,1,570,41016902,20251030194303,4106836,20251030202352,4116126,0,01,1,25350,2449,N
20251030,M7731,41016902,20251030,41,11,08,41_22741204,1,570,41016902,20251030064743,4110868,20251030082931,4111588,0,01,1,26980,6108,N
20251030,M7731,41016902,20251030,41,41,08,41_22747374,2,570,41016902,20251030061508,4177637,20251030062120,4177448,0,01,4,3710,372,N
20251030,M7731,41016902,20251030,41,11,08,41_22755520,2,570,41016902,20251030175012,4106836,20251030181754,4111598,0,01,4,27620,1662,N
20251030,M7731,41016902,20251030,41,11,08,41_2278361,1,570,41016902,20251030170937,4177532,20251030173255,4111588,0,01,4,22980,1398,N
20251030,M7731,41016902,20251030,41,11,08,41_22800000,2,570,41016902,20251030072004,4106836,20251030080824,4111588,1,01,1,24330,2900,N
20251030,M7731,41016902,20251030,41,11,08,41_22823493,2,570,41016902,20251030163707,4106836,20251030170924,4111588,0,01,2,24330,1937,N
20251030,M7731,41016902,20251030,41,11,08,41_22868832,2,570,41016902,20251030121247,4106836,20251030130323,4111588,0,01,2,24330,3036,N
20251030,M7731,41016902,20251030,41,11,08,41_22873051,2,570,41016902,20251030202714,4177448,20251030205917,4111588,0,01,4,22120,1923,N
20251030,M7731,41016902,20251030,41,11,08,41_22876220,2,570,41016902,20251030175648,4106836,20251030183645,4116130,1,01,2,26590,2397,N
20251030,M7731,41016902,20251030,41,11,08,41_22887783,1,570,41016902,20251030234023,4106836,20251031001132,4111588,0,01,2,24330,1869,N
20251030,M7731,41016902,20251030,41,11,08,41_22908256,1,570,41016902,20251030171634,4177532,20251030175102,4111588,0,01,3,22980,2068,N
20251030,M7731,41016902,20251030,41,11,08,41_23004182,2,570,41016902,20251030183142,4177448,20251030190923,4116126,0,01,3,23140,2261,N
20251030,M7731,41016902,20251030,41,11,08,41_23007485,1,570,41016902,20251030232932,4106836,20251031000913,4111588,0,01,3,24330,2381,N
20251030,M7731,41016902,20251030,41,11,08,41_23018794,1,570,41016902,20251030125617,4106836,20251030133119,4116126,1,01,4,25350,2102,N
20251030,M7731,41016902,20251030,41,11,08,41_23041557,2,570,41016902,20251030182552,4177448,20251030185639,4116126,0,01,4,23140,1847,N
20251030,M7731,41016902,20251030,41,11,08,41_23059347,2,570,41016902,20251030182558,4177448,20251030184855,4111588,0,01,2,22120,1377,N
20251030,M7731,41016902,20251030,41,11,08,41_23080451,2,570,41016902,20251030182556,4177448,20251030184924,4111598,0,01,3,25410,1408,N
20251030,M7731,41016902,20251030,41,11,08,41_23105671,2,570,41016902,20251030202623,4106836,20251030205610,4111588,0,01,4,24330,1787,N
20251030,M7731,41016902,20251030,41,11,08,41_23105671,2,570,41016902,20251030220412,4106836,20251030230548,4111588,0,01,2,24330,3696,N
20251030,M7731,41016902,20251030,41,11,08,41_23134959,2,570,41016902,20251030071732,4106836,20251030074719,4111588,1,01,3,24330,1787,N
20251030,M7731,41016902,20251030,41,11,08,41_23142884,1,570,41016902,20251030092451,4177637,20251030101356,4111598,0,01,1,29120,2945,N
20251030,M7731,41016902,20251030,41,11,08,41_23151575,2,570,41016902,20251030211953,4177532,20251030221340,4111588,0,01,3,22980,3227,N
20251030,M7731,41016902,20251030,41,11,08,41_23156297,1,570,41016902,20251030172234,4177448,20251030181056,4111588,0,01,3,22120,2902,N
20251030,M7731,41016902,20251030,41,11,08,41_23169143,2,570,41016902,20251030083319,4177532,20251030091408,4111588,1,01,3,22980,2449,N
20251030,M7731,41016902,20251030,41,11,08,41_23173772,2,570,41016902,20251030124153,4106836,20251030131335,4116130,0,01,4,26590,1902,N
20251030,M7731,41016902,20251030,41,11,08,41_23182279,2,570,41016902,20251030170718,4177448,20251030175540,4111588,0,01,3,22120,2902,N
20251030,M7731,41016902,20251030,41,11,08,41_23203666,2,570,41016902,20251030221354,4177448,20251030224302,4111588,0,01,1,22120,1748,N
20251030,M7731,41016902,20251030,41,11,08,41_23214935,2,570,41016902,20251030122930,4177637,20251030131057,4111588,0,01,4,25830,2487,N
20251030,M7731,41016902,20251030,41,41,08,41_2321620,2,570,41016902,20251030210339,4107446,20251030211518,4177448,0,01,1,5750,699,N
20251030,M7731,41016902,20251030,41,11,08,41_2322306,2,570,41016902,20251030215613,4177532,20251030221805,4111588,0,01,4,22980,1312,N
20251030,M7731,41016902,20251030,41,11,08,41_23225907,2,570,41016902,20251030103534,4106836,20251030110807,4111588,1,01,2,24330,1953,N
20251030,M7731,41016902,20251030,41,11,08,41_23229197,2,570,41016902,20251030192011,4177448,20251030194845,4111588,0,01,2,22120,1714,N
20251030,M7731,41016902,20251030,41,11,08,41_23234664,2,570,41016902,20251030122930,4177637,20251030130310,4116126,0,01,3,26850,2020,N
20251030,M7731,41016902,20251030,41,11,08,41_23234664,2,570,41016902,20251030130834,4177532,20251030133303,4111588,0,01,4,22980,1469,N
20251030,M7731,41016902,20251030,41,11,08,41_23255987,1,570,41016902,20251030180831,4177448,20251030184706,4111588,0,01,4,22120,2315,N
20251030,M7731,41016902,20251030,41,11,08,41_2326093,2,570,41016902,20251030071352,4177637,20251030074208,4111588,0,01,4,25830,1696,N
20251030,M7731,41016902,20251030,41,11,08,41_23263500,1,570,41016902,20251030154412,4177448,20251030162338,4116126,0,01,2,23140,2366,N
20251030,M7731,41016902,20251030,41,11,08,41_2327129,2,570,41016902,20251030112556,4177532,20251030114800,4111588,0,01,4,22980,1324,N
20251030,M7731,41016902,20251030,41,11,08,41_23289365,1,570,41016902,20251030131752,4177532,20251030134221,4111588,0,01,2,22980,1469,N
20251030,M7731,41016902,20251030,41,11,08,41_23294182,2,570,41016902,20251030112033,4177448,20251030114922,4111588,0,01,4,22120,1729,N
20251030,M7731,41016902,20251030,41,11,08,41_23299565,1,570,41016902,20251030132746,4177532,20251030140158,4116126,0,01,3,24000,2052,N
20251030,M7731,41016902,20251030,41,11,08,41_23304111,2,570,41016902,20251030131336,4177532,20251030134701,4116126,0,01,1,24000,2005,N
20251030,M7731,41016902,20251030,41,11,08,41_23310485,2,570,41016902,20251030132510,4177532,20251030135636,4111588,0,01,1,22980,1886,N
20251030,M7731,41016902,20251030,41,11,08,41_2332461,2,570,41016902,20251030112346,4177532,20251030114550,4111588,0,01,4,22980,1324,N
20251030,M7731,41016902,20251030,41,11,08,41_23376560,1,570,41016902,20251030074558,4106836,20251030083622,4111588,0,01,2,24330,3024,N
20251030,M7731,41016902,20251030,41,11,08,41_23393850,2,570,41016902,20251030125903,4177448,20251030133029,4111588,0,01,1,22120,1886,N
20251030,M7731,41016902,20251030,41,11,08,41_23420415,1,570,41016902,20251030125732,4106836,20251030135057,4111588,0,01,1,24330,3205,N
20251030,M7731,41016902,20251030,41,11,08,41_23430729,2,570,41016902,20251030170718,4177637,20251030175729,4111588,0,01,1,25830,3011,N
20251030,M7731,41016902,20251030,41,11,08,41_23435985,2,570,41016902,20251030113028,4106836,20251030122059,4116126,1,01,4,25350,3031,N
20251030,M7731,41016902,20251030,41,11,08,41_23468385,2,570,41016902,20251030080111,4106836,20251030084922,4116126,0,01,3,25350,2891,N
20251030,M7731,41016902,20251030,41,11,08,41_23468385,2,570,41016902,20251030143329,4106836,20251030151637,4116126,0,01,1,25350,2588,N
20251030,M7731,41016902,20251030,41,11,08,41_23493101,1,570,41016902,20251030124656,4106836,20251030134346,4111588,0,01,2,24330,3410,N
20251030,M7731,41016902,20251030,41,11,08,41_2349540,2,570,41016902,20251030081005,4177637,20251030084842,4116126,0,01,2,26850,2317,N
20251030,M7731,41016902,20251030,41,11,08,41_23516102,2,570,41016902,20251030155812,4177448,20251030162324,4116126,0,01,3,23140,1512,N
20251030,M7731,41016902,20251030,41,11,08,41_23538550,2,570,41016902,20251030071956,4177448,20251030075013,4116126,0,01,1,23140,1817,N
20251030,M7731,41016902,20251030,41,11,08,41_23538550,2,570,41016902,20251031002125,4177448,20251031004637,4116126,0,01,1,23140,1512,N
20251030,M7731,41016902,20251030,41,11,08,41_23545316,1,570,41016902,20251030062113,4106836,20251030064727,4111588,0,01,3,24330,1574,N
20251030,M7731,41016902,20251030,41,11,08,41_23554191,2,570,41016902,20251030154855,4106836,20251030161509,4111588,0,01,1,24330,1574,N
20251030,M7731,41016902,20251030,41,11,08,41_23581781,2,570,41016902,20251030232735,4106836,20251031001124,4111588,1,01,3,24330,2629,N
20251030,M7731,41016902,20251030,41,11,08,41_23596266,2,570,41016902,20251030135510,4177637,20251030144218,4111588,0,01,4,25830,2828,N
20251030,M7731,41016902,20251030,41,11,08,41_23656222,2,570,41016902,20251030144759,4106836,20251030151846,4116126,0,01,1,25350,1847,N
20251030,M7731,41016902,20251030,41,11,08,41_23690116,1,570,41016902,20251030072833,4177448,20251030080436,4111588,0,01,2,22120,2163,N
20251030,M7731,41016902,20251030,41,11,08,41_23699476,2,570,41016902,20251030143038,4106836,20251030152020,4116126,1,01,2,25350,2982,N
20251030,M7731,41016902,20251030,41,41,08,41_23701749,2,570,41016902,20251030075859,4106837,20251030080645,4102447,2,01,1,1380,466,N
20251030,M7731,41016902,20251030,41,41,08,41_23701749,2,570,41016902,20251030140204,4177637,20251030141024,4106836,0,01,1,1500,500,N
20251030,M7731,41016902,20251030,41,11,08,41_23723896,2,570,41016902,20251030165509,4106836,20251030173448,4111588,1,01,2,24330,2379,N
20251030,M7731,41016902,20251030,41,11,08,41_23732547,2,570,41016902,20251030162933,4177532,20251030165612,4111588,0,01,3,22980,1599,N
20251030,M7731,41016902,20251030,41,11,08,41_23738815,1,570,41016902,20251030070416,4106836,20251030081947,4111588,0,01,1,24330,4531,N
20251030,M7731,41016902,20251030,41,41,08,41_23773870,2,570,41016902,20251030195805,4123056,20251030200543,4106837,1,01,3,1940,458,N
20251030,M7731,41016902,20251030,41,11,08,41_23778609,2,570,41016902,20251030230250,4106836,20251030234137,4111588,0,01,2,24330,2327,N
20251030,M7731,41016902,20251030,41,11,08,41_23782341,2,570,41016902,20251030163230,4177532,20251030170832,4111588,0,01,2,22980,2162,N
20251030,M7731,41016902,20251030,41,11,08,41_23786900,1,570,41016902,20251030063408,4177637,20251030071556,4111588,0,01,2,25830,2508,N
20251030,M7731,41016902,20251030,41,11,08,41_23816062,1,570,41016902,20251030055738,4110935,20251030065608,4111588,0,01,3,28710,3510,N
20251030,M7731,41016902,20251030,41,11,08,41_23825274,2,570,41016902,20251030073510,4106836,20251030081534,4116126,0,01,2,25350,2424,N
20251030,M7731,41016902,20251030,41,11,08,41_23838931,2,570,41016902,20251030160238,4106836,20251030164920,4116126,0,01,3,25350,2802,N
20251030,M7731,41016902,20251030,41,11,08,41_23851447,2,570,41016902,20251030063354,4177637,20251030072400,4111588,0,01,1,25830,3006,N
20251030,M7731,41016902,20251030,41,11,08,41_23854884,2,570,41016902,20251030180803,4177448,20251030184827,4111588,0,01,1,22120,2424,N
20251030,M7731,41016902,20251030,41,11,08,41_23863586,2,570,41016902,20251030235244,4177448,20251031005803,4111588,0,01,3,22120,3919,N
20251030,M7731,41016902,20251030,41,11,08,41_23866090,2,570,41016902,20251030063354,4177637,20251030072400,4116126,0,01,4,26850,3006,N
20251030,M7731,41016902,20251030,41,41,08,41_238881,2,570,41016902,20251030070349,4107446,20251030072429,4177448,0,01,1,5750,1240,N
20251030,M7731,41016902,20251030,41,41,08,41_238881,2,570,41016902,20251031002551,4123056,20251031003917,4107447,0,01,1,5480,806,N
20251030,M7731,41016902,20251030,41,41,08,41_238881,2,570,41016902,20251031010727,4123056,20251031012853,4107447,0,01,4,5480,1286,N
20251030,M7731,41016902,20251030,41,11,08,41_23899092,2,570,41016902,20251030132839,4177448,20251030141401,4116126,0,01,4,23140,2722,N
20251030,M7731,41016902,20251030,41,41,08,41_23909209,1,570,41016902,20251030200406,4123056,20251030201018,4106837,2,01,4,1940,372,N
20251030,M7731,41016902,20251030,41,11,08,41_23917652,2,570,41016902,20251030170750,4177532,20251030174540,4111588,0,01,4,22980,2270,N
20251030,M7731,41016902,20251030,41,11,08,41_23942340,2,570,41016902,20251030160004,4177448,20251030162253,4111588,0,01,1,22120,1369,N
20251030,M7731,41016902,20251030,41,11,08,41_23946929,2,570,41016902,20251030191924,4106836,20251030201857,4111588,0,01,3,24330,3573,N
20251030,M7731,41016902,20251030,41,11,08,41_23974125,2,570,41016902,20251030122856,4177448,20251030125551,4116126,0,01,2,23140,1615,N
20251030,M7731,41016902,20251030,41,11,08,41_2398384,2,570,41016902,20251030080815,4177637,20251030084652,4109162,0,01,2,30880,2317,N
20251030,M7731,41016902,20251030,41,11,08,41_23985392,2,570,41016902,20251030114511,4106836,20251030122451,4111588,0,01,2,24330,2380,N
20251030,M7731,41016902,20251030,41,11,08,41_23985392,2,570,41016902,20251030140623,4106836,20251030144451,4111588,0,01,2,24330,2308,N
20251030,M7731,41016902,20251030,41,11,08,41_23990945,2,570,41016902,20251030170143,4177532,20251030172711,4111588,0,01,1,22980,1528,N
20251030,M7731,41016902,20251030,41,11,08,41_24021634,2,570,41016902,20251030172610,4106836,20251030181131,4111588,0,01,1,24330,2721,N
20251030,M7731,41016902,20251030,41,11,08,41_24047225,2,570,41016902,20251030064425,4177532,20251030072812,4111588,0,01,4,22980,2627,N
20251030,M7731,41016902,20251030,41,11,08,41_24047987,2,570,41016902,20251030184020,4177448,20251030192947,4109162,0,01,4,27170,2967,N
20251030,M7731,41016902,20251030,41,11,08,41_24059267,2,570,41016902,20251030094833,4177448,20251030101302,4116126,0,01,3,23140,1469,N
20251030,M7731,41016902,20251030,41,11,08,41_24059267,2,570,41016902,20251030184151,4177448,20251030191423,4116126,0,01,4,23140,1952,N
20251030,M7731,41016902,20251030,41,11,08,41_24114525,2,570,41016902,20251030140238,4106836,20251030144732,4116126,0,01,2,25350,2694,N
20251030,M7731,41016902,20251030,41,11,08,41_24114525,2,570,41016902,20251030191434,4106836,20251030195614,4116126,0,01,3,25350,2500,N
20251030,M7731,41016902,20251030,41,41,08,41_24151837,1,570,41016902,20251030084434,4177510,20251030090755,4177448,0,01,1,7380,1401,N
20251030,M7731,41016902,20251030,41,41,08,41_24151837,1,570,41016902,20251030212018,4123056,20251030214409,4177511,2,01,2,7120,1431,N
20251030,M7731,41016902,20251030,41,11,08,41_24163626,2,570,41016902,20251030130211,4177637,20251030133309,4111588,0,01,2,25830,1858,N
20251030,M7731,41016902,20251030,41,11,08,41_24196119,1,570,41016902,20251030091642,4177637,20251030093844,4116126,0,01,1,26850,1322,N
20251030,M7731,41016902,20251030,41,11,08,41_24206765,2,570,41016902,20251030160555,4177510,20251030163500,4111588,0,01,2,29500,1745,N
20251030,M7731,41016902,20251030,41,41,08,41_24214559,2,570,41016902,20251030063935,4177510,20251030071419,4177448,0,01,3,7380,2084,N
20251030,M7731,41016902,20251030,41,11,08,41_24220972,2,570,41016902,20251030073232,4177637,20251030080210,4111588,0,01,2,25830,1778,N
20251030,M7731,41016902,20251030,41,41,08,41_24241711,2,570,41016902,20251030200106,4106837,20251030201640,4110934,1,01,4,4440,934,N
20251030,M7731,41016902,20251030,41,11,08,41_24272046,2,570,41016902,20251030161227,4177510,20251030164132,4111588,0,01,4,29500,1745,N
20251030,M7731,41016902,20251030,41,41,08,41_24279194,2,570,41016902,20251030080531,4177637,20251030081421,4177448,0,01,4,3710,530,N
20251030,M7731,41016902,20251030,41,11,08,41_24280434,2,570,41016902,20251030202016,4106836,20251030205433,4111588,0,01,1,24330,2057,N
20251030,M7731,41016902,20251030,41,11,08,41_24281078,2,570,41016902,20251030152905,4106836,20251030160528,4111588,0,01,1,24330,2183,N
20251030,M7731,41016902,20251030,41,11,08,41_24321476,2,570,41016902,20251030215451,4106836,20251030230838,4111588,0,01,1,24330,4427,N
20251030,M7731,41016902,20251030,41,11,08,41_24329240,2,570,41016902,20251030120356,4106836,20251030123414,4109162,0,01,3,29380,1818,N
20251030,M7731,41016902,20251030,41,11,08,41_24339898,2,570,41016902,20251030072131,4177510,20251030085919,4111588,0,01,1,29500,5868,N
20251030,M7731,41016902,20251030,41,11,08,41_2434436,2,570,41016902,20251030193655,4106836,20251030202021,4111588,0,01,3,24330,2606,N
20251030,M7731,41016902,20251030,41,11,08,41_24365467,2,570,41016902,20251030180441,4106836,20251030184134,4111588,0,01,1,24330,2213,N
20251030,M7731,41016902,20251030,41,11,08,41_24394732,2,570,41016902,20251030123429,4106836,20251030134634,4111588,0,01,1,24330,4325,N
20251030,M7731,41016902,20251030,41,11,08,41_24406025,1,570,41016902,20251030152538,4177532,20251030160158,4111588,0,01,2,22980,2180,N
20251030,M7731,41016902,20251030,41,11,08,41_24409221,2,570,41016902,20251030070911,4177532,20251030075204,4111588,0,01,2,22980,2573,N
20251030,M7731,41016902,20251030,41,11,08,41_24409221,2,570,41016902,20251030090559,4177532,20251030094217,4111588,0,01,1,22980,2178,N
20251030,M7731,41016902,20251030,41,11,08,41_2443922,2,570,41016902,20251030054850,4106836,20251030063511,4116126,1,01,3,25350,2781,N
20251030,M7731,41016902,20251030,41,11,08,41_24455896,2,570,41016902,20251030101558,4177448,20251030105345,4116126,0,01,3,23140,2267,N
20251030,M7731,41016902,20251030,41,11,08,41_24460052,1,570,41016902,20251030183409,4106836,20251030190702,4111588,1,01,1,24330,1973,N
20251030,M7731,41016902,20251030,41,11,08,41_24467519,2,570,41016902,20251030073753,4106836,20251030082602,4111588,0,01,1,24330,2889,N
20251030,M7731,41016902,20251030,41,11,08,41_24467519,2,570,41016902,20251030101414,4106836,20251030105100,4111588,0,01,3,24330,2206,N
20251030,M7731,41016902,20251030,41,11,08,41_24471422,1,570,41016902,20251030071142,4177510,20251030074733,4111588,0,01,1,29500,2151,N
20251030,M7731,41016902,20251030,41,41,08,41_24542723,2,570,41016902,20251030124513,4123056,20251030131530,4110934,2,01,4,6380,1817,N
20251030,M7731,41016902,20251030,41,11,08,41_2459126,2,570,41016902,20251030222226,4106836,20251030230949,4109162,0,01,3,29380,2843,N
20251030,M7731,41016902,20251030,41,11,08,41_24601502,2,570,41016902,20251030051002,4177510,20251030055732,4111588,0,01,1,29500,2850,N
20251030,M7731,41016902,20251030,41,11,08,41_24609823,1,570,41016902,20251030215236,4177532,20251030221955,4116130,0,01,3,25240,1639,N
20251030,M7731,41016902,20251030,41,11,08,41_24644317,2,570,41016902,20251030173709,4106836,20251030175803,4111588,0,01,2,24330,1254,N
20251030,M7731,41016902,20251030,41,11,08,41_24651920,2,570,41016902,20251030085421,4106836,20251030094240,4116126,0,01,1,25350,2899,N
20251030,M7731,41016902,20251030,41,11,08,41_24651920,2,570,41016902,20251030155152,4106836,20251030163035,4116126,0,01,2,25350,2323,N
20251030,M7731,41016902,20251030,41,11,08,41_24651920,2,570,41016902,20251031002012,4106836,20251031010044,4116126,0,01,1,25350,2432,N
20251030,M7731,41016902,20251030,41,11,08,41_24667589,2,570,41016902,20251030201705,4177532,20251030204747,4111588,0,01,3,22980,1842,N
20251030,M7731,41016902,20251030,41,11,08,41_24675241,1,570,41016902,20251030170550,4106836,20251030175249,4116126,1,01,3,25350,2819,N
20251030,M7731,41016902,20251030,41,11,08,41_24699473,2,570,41016902,20251030150742,4177532,20251030154121,4111588,0,01,4,22980,2019,N
20251030,M7731,41016902,20251030,41,11,08,41_24711156,1,570,41016902,20251030170348,4177532,20251030174434,4116126,0,01,1,24000,2446,N
20251030,M7731,41016902,20251030,41,11,08,41_24711156,1,570,41016902,20251030181246,4177532,20251030185236,4116126,0,01,1,24000,2390,N
20251030,M7731,41016902,20251030,41,11,08,41_24716333,2,570,41016902,20251030153158,4106836,20251030160846,4116126,0,01,3,25350,2208,N
20251030,M7731,41016902,20251030,41,11,08,41_24716333,2,570,41016902,20251030182602,4106836,20251030191228,4116126,0,01,2,25350,2786,N
20251030,M7731,41016902,20251030,41,11,08,41_24726564,2,570,41016902,20251030170415,4177532,20251030174624,4111588,0,01,1,22980,2529,N
20251030,M7731,41016902,20251030,41,11,08,41_24742725,2,570,41016902,20251030102701,4177532,20251030105806,4111588,0,01,4,22980,1865,N
20251030,M7731,41016902,20251030,41,11,08,41_24792498,2,570,41016902,20251030082136,4177448,20251030090154,4111588,0,01,2,22120,2418,N
20251030,M7731,41016902,20251030,41,11,08,41_248276,2,570,41016902,20251030175624,4106836,20251030183104,4116126,0,01,3,25350,2080,N
20251030,M7731,41016902,20251030,41,11,08,41_24844174,2,570,41016902,20251030182937,4177448,20251030185426,4111588,0,01,2,22120,1489,N
20251030,M7731,41016902,20251030,41,11,08,41_24850739,2,570,41016902,20251030133337,4106836,20251030141755,4116126,0,01,2,25350,2658,N
20251030,M7731,41016902,20251030,41,11,08,41_24855258,2,570,41016902,20251030084036,4106836,20251030091913,4116126,0,01,4,25350,2317,N
20251030,M7731,41016902,20251030,41,11,08,41_24864378,1,570,41016902,20251030224055,4177532,20251030232002,4111588,0,01,2,22980,2347,N
20251030,M7731,41016902,20251030,41,11,08,41_24944335,2,570,41016902,20251030190819,4106836,20251030200752,4111588,2,01,1,24330,3573,N
20251030,M7731,41016902,20251030,41,11,08,41_24971253,1,570,41016902,20251030070318,4106836,20251030073744,4111588,1,01,2,24330,2066,N
20251030,M7731,41016902,20251030,41,41,08,41_24997163,2,570,41016902,20251030202238,4123056,20251030205211,4110934,2,01,3,6380,1773,N
20251030,M7731,41016902,20251030,41,11,08,41_25003894,1,570,41016902,20251030152642,4177532,20251030160030,4111588,0,01,4,22980,2028,N
20251030,M7731,41016902,20251030,41,11,08,41_25026995,2,570,41016902,20251030095640,4177637,20251030103938,4111588,0,01,1,25830,2578,N
20251030,M7731,41016902,20251030,41,11,08,41_25035521,2,570,41016902,20251030072439,4110935,20251030081802,4109162,0,01,2,33760,3203,N
20251030,M7731,41016902,20251030,41,11,08,41_25101259,2,570,41016902,20251030102013,4177532,20251030104336,4111588,0,01,2,22980,1403,N
20251030,M7731,41016902,20251030,41,11,08,41_25117334,2,570,41016902,20251030173138,4106836,20251030180458,4111588,0,01,1,24330,2000,N
20251030,M7731,41016902,20251030,41,11,08,41_25122155,1,570,41016902,20251030190954,4106836,20251030195733,4116126,0,01,1,25350,2859,N
20251030,M7731,41016902,20251030,41,11,08,41_25151832,2,570,41016902,20251030102442,4177637,20251030104805,4111588,0,01,3,25830,1403,N
20251030,M7731,41016902,20251030,41,11,08,41_25164722,2,570,41016902,20251030064135,4177448,20251030072055,4111588,0,01,2,22120,2360,N
20251030,M7731,41016902,20251030,41,11,08,41_25173498,2,570,41016902,20251030061448,4106836,20251030064725,4111588,1,01,1,24330,1957,N
20251030,M7731,41016902,20251030,41,11,08,41_25181182,2,570,41016902,20251030141502,4177532,20251030143849,4111588,0,01,3,22980,1427,N
20251030,M7731,41016902,20251030,41,41,08,41_25182736,2,570,41016902,20251030071942,4107446,20251030072353,4106836,0,01,2,3540,251,N
20251030,M7731,41016902,20251030,41,41,08,41_2518467,2,570,41016902,20251030081017,4123056,20251030081755,4102447,0,01,4,3320,458,N
20251030,M7731,41016902,20251030,41,11,08,41_25187135,2,570,41016902,20251030063750,4177448,20251030071857,4111588,0,01,1,22120,2467,N
20251030,M7731,41016902,20251030,41,11,08,41_25194443,2,570,41016902,20251030141502,4177532,20251030144052,4116130,0,01,1,25240,1550,N
20251030,M7731,41016902,20251030,41,11,08,41_25196218,1,570,41016902,20251030220913,4106836,20251030224640,4111588,0,01,2,24330,2247,N
20251030,M7731,41016902,20251030,41,11,08,41_25196502,2,570,41016902,20251030061124,4110935,20251030063114,4109162,0,01,4,33760,1190,N
20251030,M7731,41016902,20251030,41,11,08,41_25208030,1,570,41016902,20251030094646,4177637,20251030103005,4111598,0,01,1,29120,2599,N
20251030,M7731,41016902,20251030,41,11,08,41_25229861,2,570,41016902,20251030172831,4177448,20251030181208,4116126,0,01,2,23140,2617,N
20251030,M7731,41016902,20251030,41,11,08,41_25231219,1,570,41016902,20251030173925,4177448,20251030182302,4111588,0,01,4,22120,2617,N
20251030,M7731,41016902,20251030,41,11,08,41_25251004,2,570,41016902,20251030083835,4177532,20251030090725,4111588,0,01,3,22980,1730,N
20251030,M7731,41016902,20251030,41,11,08,41_25273691,2,570,41016902,20251030062441,4177532,20251030065711,4111588,0,01,2,22980,1950,N
20251030,M7731,41016902,20251030,41,11,08,41_25277007,1,570,41016902,20251030162228,4177532,20251030170703,4116126,0,01,1,24000,2675,N
20251030,M7731,41016902,20251030,41,11,08,41_25301065,1,570,41016902,20251030193710,4177532,20251030201135,4111588,0,01,4,22980,2065,N
20251030,M7731,41016902,20251030,41,11,08,41_25307802,2,570,41016902,20251030183700,4106836,20251030191937,4109162,1,01,3,29380,2557,N
20251030,M7731,41016902,20251030,41,11,08,41_25308479,2,570,41016902,20251030164451,4107446,20251030172711,4111588,0,01,3,27870,2540,N
20251030,M7731,41016902,20251030,41,11,08,41_25326163,2,570,41016902,20251030202619,4177532,20251030205943,4116126,0,01,3,24000,2004,N
20251030,M7731,41016902,20251030,41,11,08,41_25336545,1,570,41016902,20251030230100,4106836,20251031000028,4111588,3,01,2,24330,3568,N
20251030,M7731,41016902,20251030,41,11,08,41_25340556,2,570,41016902,20251030201900,4177448,20251030204816,4111588,0,01,4,22120,1756,N
20251030,M7731,41016902,20251030,41,11,08,41_25345029,2,570,41016902,20251030133916,4177532,20251030140619,4116126,0,01,1,24000,1623,N
20251030,M7731,41016902,20251030,41,11,08,41_25359700,2,570,41016902,20251030141516,4177532,20251030144219,4116126,0,01,1,24000,1623,N
20251030,M7731,41016902,20251030,41,41,08,41_253635,2,570,41016902,20251030201301,4106837,20251030202148,4102447,3,01,3,1380,527,N
20251030,M7731,41016902,20251030,41,11,08,41_25376091,2,570,41016902,20251030201900,4177448,20251030204159,4111588,0,01,2,22120,1379,N
20251030,M7731,41016902,20251030,41,11,08,41_25386997,2,570,41016902,20251030080828,4177637,20251030084054,4116126,0,01,2,26850,1946,N
20251030,M7731,41016902,20251030,41,11,08,41_25390042,1,570,41016902,20251030141703,4177532,20251030144406,4116126,0,01,3,24000,1623,N
20251030,M7731,41016902,20251030,41,11,08,41_25391728,2,570,41016902,20251030073025,4110935,20251030082157,4111588,0,01,2,28710,3092,N
20251030,M7731,41016902,20251030,41,11,08,41_25398070,2,570,41016902,20251030070319,4110935,20251030075316,4111588,0,01,3,28710,2997,N
20251030,M7731,41016902,20251030,41,11,08,41_25399475,2,570,41016902,20251030200925,4177532,20251030203620,4111588,0,01,4,22980,1615,N
20251030,M7731,41016902,20251030,41,11,08,41_25420695,1,570,41016902,20251030170013,4177532,20251030173423,4111588,0,01,1,22980,2050,N
20251030,M7731,41016902,20251030,41,11,08,41_25425264,2,570,41016902,20251030080613,4177510,20251030084432,4116126,0,01,1,30520,2299,N
20251030,M7731,41016902,20251030,41,11,08,41_25434912,2,570,41016902,20251030092131,4177532,20251030095907,4111588,0,01,3,22980,2256,N
20251030,M7731,41016902,20251030,41,11,08,41_25465185,2,570,41016902,20251031000113,4106836,20251031003954,4116126,0,01,4,25350,2321,N
20251030,M7731,41016902,20251030,41,11,08,41_25472893,2,570,41016902,20251030182827,4177532,20251030190145,4111588,0,01,3,22980,1998,N
20251030,M7731,41016902,20251030,41,11,08,41_25495508,1,570,41016902,20251030092039,4177532,20251030095329,4111588,0,01,1,22980,1970,N
20251030,M7731,41016902,20251030,41,11,08,41_25510522,2,570,41016902,20251030185146,4177448,20251030192021,4111588,0,01,4,22120,1715,N
20251030,M7731,41016902,20251030,41,11,08,41_25516378,2,570,41016902,20251030155047,4177448,20251030162118,4111588,0,01,2,22120,1831,N
20251030,M7731,41016902,20251030,41,11,08,41_25518198,2,570,41016902,20251030184847,4177448,20251030192733,4116126,0,01,2,23140,2326,N
20251030,M7731,41016902,20251030,41,11,08,41_25526461,2,570,41016902,20251030062637,4106836,20251030072855,4116126,1,01,3,25350,3738,N
20251030,M7731,41016902,20251030,41,41,08,41_25536253,2,570,41016902,20251030073300,4123056,20251030073919,4106837,2,01,4,1940,379,N
20251030,M7731,41016902,20251030,41,41,08,41_2553895,1,570,41016902,20251030114612,4106837,20251030115913,4107447,0,01,4,3540,781,N
20251030,M7731,41016902,20251030,41,11,08,41_25540862,1,570,41016902,20251030060606,4110935,20251030064908,4109162,0,01,1,33760,2582,N
20251030,M7731,41016902,20251030,41,11,08,41_25546085,1,570,41016902,20251030142811,4177448,20251030145813,4111588,0,01,4,22120,1802,N
20251030,M7731,41016902,20251030,41,41,08,41_2556649,2,570,41016902,20251030081501,4123056,20251030085059,4110934,0,01,3,6380,2158,N
20251030,M7731,41016902,20251030,41,11,08,41_25568752,2,570,41016902,20251030074606,4106836,20251030081625,4111588,0,01,3,24330,1819,N
20251030,M7731,41016902,20251030,41,11,08,41_25572718,1,570,41016902,20251030062919,4110935,20251030071221,4109162,0,01,4,33760,2582,N
20251030,M7731,41016902,20251030,41,11,08,41_25572718,1,570,41016902,20251030113917,4110935,20251030121517,4109162,0,01,3,33760,2160,N
20251030,M7731,41016902,20251030,41,11,08,41_25587814,2,570,41016902,20251030063746,4177637,20251030072533,4111588,0,01,2,25830,2867,N
20251030,M7731,41016902,20251030,41,11,08,41_25675813,2,570,41016902,20251030121129,4177510,20251030124519,4111588,0,01,3,29500,2030,N
20251030,M7731,41016902,20251030,41,11,08,41_25681163,1,570,41016902,20251030081733,4106836,20251030085603,4111588,1,01,4,24330,2310,N
20251030,M7731,41016902,20251030,41,41,08,41_25681984,2,570,41016902,20251030061414,4177510,20251030065459,4177448,0,01,4,7380,2445,N
20251030,M7731,41016902,20251030,41,41,08,41_25681984,2,570,41016902,20251030160155,4123056,20251030165316,4177511,0,01,4,7120,3081,N
20251030,M7731,41016902,20251030,41,11,08,41_2570659,2,570,41016902,20251030174846,4106836,20251030182735,4111598,0,01,4,27620,2329,N
20251030,M7731,41016902,20251030,41,11,08,41_25719172,1,570,41016902,20251030131745,4177637,20251030140033,4116126,0,01,4,26850,2568,N
20251030,M7731,41016902,20251030,41,11,08,41_25738689,2,570,41016902,20251030073533,4177532,20251030080945,4116126,0,01,1,24000,2052,N
20251030,M7731,41016902,20251030,41,11,08,41_25743158,2,570,41016902,20251030073533,4177532,20251030083210,4116126,0,01,4,24000,3397,N
20251030,M7731,41016902,20251030,41,11,08,41_25833750,2,570,41016902,20251030113303,4106836,20251030121755,4116126,0,01,4,25350,2692,N
20251030,M7731,41016902,20251030,41,11,08,41_25834389,1,570,41016902,20251030051915,4177532,20251030054818,4111588,0,01,4,22980,1743,N
20251030,M7731,41016902,20251030,41,11,08,41_25867036,2,570,41016902,20251030060114,4106836,20251030063920,4111588,1,01,2,24330,2286,N
20251030,M7731,41016902,20251030,41,11,08,41_2592337,2,570,41016902,20251030063338,4177448,20251030070751,4111588,1,01,3,22120,2053,N
20251030,M7731,41016902,20251030,41,11,08,41_25984049,1,570,41016902,20251030163508,4177532,20251030170344,4111588,0,01,4,22980,1716,N
20251030,M7731,41016902,20251030,41,11,08,41_25990148,1,570,41016902,20251030083407,4177637,20251030091734,4111588,0,01,1,25830,2607,N
20251030,M7731,41016902,20251030,41,11,08,41_26004471,2,570,41016902,20251030090534,4177510,20251030095117,4111588,0,01,4,29500,2743,N
20251030,M7731,41016902,20251030,41,11,08,41_26048538,2,570,41016902,20251030094726,4106836,20251030102451,4111588,0,01,2,24330,2245,N
20251030,M7731,41016902,20251030,41,11,08,41_26048538,2,570,41016902,20251030191516,4106836,20251030200437,4111588,0,01,2,24330,2961,N
20251030,M7731,41016902,20251030,41,11,08,41_26069816,1,570,41016902,20251030164445,4106836,20251030173222,4111588,0,01,1,24330,2857,N
20251030,M7731,41016902,20251030,41,11,08,41_26108022,2,570,41016902,20251030061808,4177637,20251030065025,4109162,0,01,4,30880,1937,N
20251030,M7731,41016902,20251030,41,11,08,41_26136917,2,570,41016902,20251030052952,4177637,20251030060000,4116130,0,01,3,28090,1808,N
20251030,M7731,41016902,20251030,41,11,08,41_26274848,2,570,41016902,20251030070350,4106836,20251030075419,4111599,0,01,2,28270,3029,N
20251030,M7731,41016902,20251030,41,11,08,41_26354986,2,570,41016902,20251030173740,4106836,20251030181924,4116130,0,01,4,26590,2504,N
20251030,M7731,41016902,20251030,41,41,08,41_26371772,1,570,41016902,20251030220626,4123056,20251030222603,4107447,0,01,4,5480,1177,N
20251030,M7731,41016902,20251030,41,11,08,41_2637531,2,570,41016902,20251030120504,4177448,20251030124801,4116130,0,01,2,24380,2577,N
20251030,M7731,41016902,20251030,41,11,08,41_26375907,2,570,41016902,20251030120124,4177637,20251030123658,4116126,0,01,2,26850,2134,N
20251030,M7731,41016902,20251030,41,11,08,41_26393220,2,570,41016902,20251030145450,4177637,20251030152849,4111588,0,01,3,25830,2039,N
20251030,M7731,41016902,20251030,41,41,08,41_26395879,2,570,41016902,20251030181029,4177533,20251030183433,4107447,0,01,3,4900,1444,N
20251030,M7731,41016902,20251030,41,11,08,41_26404826,2,570,41016902,20251030115904,4177637,20251030123126,4111588,0,01,1,25830,1942,N
20251030,M7731,41016902,20251030,41,11,08,41_2649636,2,570,41016902,20251030161029,4177532,20251030164413,4116130,0,01,3,25240,2024,N
20251030,M7731,41016902,20251030,41,11,08,41_2653699,1,570,41016902,20251030143843,4106836,20251030151330,4111588,0,01,4,24330,2087,N
20251030,M7731,41016902,20251030,41,41,08,41_2662238,2,570,41016902,20251030234649,4123056,20251030235551,4106837,2,01,1,1940,542,N
20251030,M7731,41016902,20251030,41,11,08,41_2692844,2,570,41016902,20251030124513,4106836,20251030132346,4111588,0,01,4,24330,2313,N
20251030,M7731,41016902,20251030,41,11,08,41_2731644,2,570,41016902,20251030213307,4106836,20251030220912,4116126,0,01,3,25350,2165,N
20251030,M7731,41016902,20251030,41,11,08,41_2739977,2,570,41016902,20251030114609,4177637,20251030122408,4111588,0,01,3,25830,2279,N
20251030,M7731,41016902,20251030,41,11,08,41_2744989,1,570,41016902,20251030162516,4177637,20251030170348,4111588,0,01,4,25830,2312,N
20251030,M7731,41016902,20251030,41,11,08,41_2761888,2,570,41016902,20251030172009,4106836,20251030175601,4111588,0,01,4,24330,2152,N
20251030,M7731,41016902,20251030,41,11,08,41_2766386,1,570,41016902,20251030054116,4177510,20251030062107,4116130,0,01,3,31760,2391,N
20251030,M7731,41016902,20251030,41,11,08,41_2844447,2,570,41016902,20251030155026,4177532,20251030162334,4111598,0,01,4,26270,1988,N
20251030,M7731,41016902,20251030,41,11,08,41_2844447,2,570,41016902,20251030195436,4177532,20251030204436,4111598,0,01,3,26270,3000,N
20251030,M7731,41016902,20251030,41,11,08,41_2849986,1,570,41016902,20251030171400,4106836,20251030181146,4111588,0,01,2,24330,3466,N
20251030,M7731,41016902,20251030,41,11,08,41_2890316,1,570,41016902,20251030190335,4177532,20251030195335,4116126,0,01,4,24000,3000,N
20251030,M7731,41016902,20251030,41,11,08,41_2895597,2,570,41016902,20251030100714,4110935,20251030104056,4116130,0,01,4,30970,2022,N
20251030,M7731,41016902,20251030,41,11,08,41_2901642,1,570,41016902,20251030173035,4177448,20251030175243,4111588,0,01,4,22120,1328,N
20251030,M7731,41016902,20251030,41,11,08,41_2901642,1,570,41016902,20251030194316,4177448,20251030200103,4111588,0,01,1,22120,1067,N
20251030,M7731,41016902,20251030,41,11,08,41_2929792,2,570,41016902,20251030173020,4177448,20251030175228,4111588,0,01,2,22120,1328,N
20251030,M7731,41016902,20251030,41,11,08,41_2929792,2,570,41016902,20251030194316,4177448,20251030200103,4111588,0,01,1,22120,1067,N
20251030,M7731,41016902,20251030,41,11,08,41_292985,2,570,41016902,20251030173529,4106836,20251030180632,4111588,0,01,2,24330,1863,N
20251030,M7731,41016902,20251030,41,11,08,41_2973708,1,570,41016902,20251030155144,4177532,20251030162846,4116126,0,01,3,24000,2222,N
20251030,M7731,41016902,20251030,41,11,08,41_2973708,1,570,41016902,20251030194316,4177532,20251030201251,4116126,0,01,2,24000,1775,N
20251030,M7731,41016902,20251030,41,11,08,41_2979670,2,570,41016902,20251030155144,4177532,20251030162317,4111588,0,01,4,22980,1893,N
20251030,M7731,41016902,20251030,41,11,08,41_2979670,2,570,41016902,20251030194316,4177532,20251030202042,4111588,0,01,4,22980,2246,N
20251030,M7731,41016902,20251030,41,11,08,41_2985759,1,570,41016902,20251030063129,4177532,20251030070056,4116126,0,01,3,24000,1767,N
20251030,M7731,41016902,20251030,41,11,08,41_3005143,1,570,41016902,20251030190720,4177448,20251030193227,4111588,0,01,2,22120,1507,N
20251030,M7731,41016902,20251030,41,41,08,41_3023372,2,570,41016902,20251030101439,4110935,20251030111135,4177532,0,01,2,5730,3416,N
20251030,M7731,41016902,20251030,41,11,08,41_3042998,2,570,41016902,20251030060439,4177637,20251030063644,4111588,0,01,4,25830,1925,N
20251030,M7731,41016902,20251030,41,11,08,41_3051574,1,570,41016902,20251030090541,4177532,20251030094559,4111588,0,01,2,22980,2418,N
20251030,M7731,41016902,20251030,41,11,08,41_3056394,2,570,41016902,20251030192320,4177448,20251030201207,4116126,0,01,2,23140,2927,N
20251030,M7731,41016902,20251030,41,11,08,41_3117790,2,570,41016902,20251030124802,4177448,20251030130350,4116126,0,01,4,23140,948,N
20251030,M7731,41016902,20251030,41,11,08,41_3137398,2,570,41016902,20251030123225,4177448,20251030124805,4116130,0,01,2,24380,940,N
20251030,M7731,41016902,20251030,41,11,08,41_3155623,2,570,41016902,20251030123225,4177448,20251030124813,4116126,0,01,1,23140,948,N
20251030,M7731,41016902,20251030,41,11,08,41_3163062,2,570,41016902,20251030123225,4177448,20251030124835,4111588,0,01,4,22120,970,N
20251030,M7731,41016902,20251030,41,11,08,41_3168130,2,570,41016902,20251030193334,4177532,20251030200627,4111588,0,01,4,22980,1973,N
20251030,M7731,41016902,20251030,41,11,08,41_3179662,2,570,41016902,20251030211512,4177532,20251030214805,4111588,0,01,1,22980,1973,N
20251030,M7731,41016902,20251030,41,11,08,41_3220722,2,570,41016902,20251030065832,4177448,20251030081755,4116126,0,01,4,23140,4763,N
20251030,M7731,41016902,20251030,41,41,08,41_3235167,2,570,41016902,20251030095420,4106836,20251030100016,4177448,0,01,3,2210,356,N
20251030,M7731,41016902,20251030,41,11,08,41_323634,1,570,41016902,20251030180912,4177532,20251030183520,4111588,0,01,4,22980,1568,N
20251030,M7731,41016902,20251030,41,11,08,41_3242505,1,570,41016902,20251030171526,4177532,20251030180016,4111588,0,01,2,22980,2690,N
20251030,M7731,41016902,20251030,41,11,08,41_3256544,1,570,41016902,20251030114553,4106836,20251030123154,4111588,0,01,2,24330,2761,N
20251030,M7731,41016902,20251030,41,11,08,41_3263227,2,570,41016902,20251030121847,4106836,20251030125603,4111588,0,01,3,24330,2236,N
20251030,M7731,41016902,20251030,41,11,08,41_3289600,2,570,41016902,20251030131833,4177448,20251030135256,4116126,0,01,2,23140,2063,N
20251030,M7731,41016902,20251030,41,11,08,41_3297817,2,570,41016902,20251030131234,4177448,20251030135353,4116126,0,01,4,23140,2479,N
20251030,M7731,41016902,20251030,41,11,08,41_3309308,2,570,41016902,20251030150315,4177532,20251030153918,4111588,0,01,2,22980,2163,N
20251030,M7731,41016902,20251030,41,11,08,41_3354389,2,570,41016902,20251030181710,4106836,20251030190751,4111588,0,01,4,24330,3041,N
20251030,M7731,41016902,20251030,41,11,08,41_3354811,1,570,41016902,20251030150315,4177532,20251030154403,4116126,0,01,1,24000,2448,N
20251030,M7731,41016902,20251030,41,11,08,41_3386812,2,570,41016902,20251030123151,4177448,20251030130106,4111588,0,01,1,22120,1755,N
20251030,M7731,41016902,20251030,41,11,08,41_341437,1,570,41016902,20251030093100,4106836,20251030100740,4111588,0,01,1,24330,2200,N
20251030,M7731,41016902,20251030,41,11,08,41_3438740,2,570,41016902,20251030172709,4177448,20251030182015,4116126,0,01,3,23140,3186,N
20251030,M7731,41016902,20251030,41,11,08,41_3441289,2,570,41016902,20251030112417,4177448,20251030114754,4111588,0,01,4,22120,1417,N
20251030,M7731,41016902,20251030,41,11,08,41_3455614,2,570,41016902,20251030190107,4106836,20251030195249,4116126,0,01,3,25350,3102,N
20251030,M7731,41016902,20251030,41,11,08,41_3467689,1,570,41016902,20251030201858,4177448,20251030204642,4111588,0,01,3,22120,1664,N
20251030,M7731,41016902,20251030,41,11,08,41_3495867,2,570,41016902,20251030072026,4177510,20251030081620,4111588,0,01,4,29500,3354,N
20251030,M7731,41016902,20251030,41,11,08,41_3502363,1,570,41016902,20251030145747,4177448,20251030153157,4116126,0,01,2,23140,2050,N
20251030,M7731,41016902,20251030,41,11,08,41_3502537,2,570,41016902,20251030172940,4106836,20251030182723,4111588,0,01,2,24330,3463,N
20251030,M7731,41016902,20251030,41,11,08,41_3507162,1,570,41016902,20251030130921,4106836,20251030134143,4116126,0,01,2,25350,1942,N
20251030,M7731,41016902,20251030,41,11,08,41_3507162,1,570,41016902,20251030231927,4106836,20251030235019,4116126,0,01,1,25350,1852,N
20251030,M7731,41016902,20251030,41,11,08,41_3582695,2,570,41016902,20251030141821,4177448,20251030145723,4111588,0,01,3,22120,2342,N
20251030,M7731,41016902,20251030,41,11,08,41_3626181,2,570,41016902,20251030084504,4177448,20251030094107,4111588,0,01,3,22120,3363,N
20251030,M7731,41016902,20251030,41,11,08,41_3630773,2,570,41016902,20251030223909,4106836,20251030233110,4116126,0,01,4,25350,3121,N
20251030,M7731,41016902,20251030,41,11,08,41_3655500,2,570,41016902,20251030073312,4177448,20251030075810,4111588,0,01,4,22120,1498,N
20251030,M7731,41016902,20251030,41,11,08,41_3667741,2,570,41016902,20251030073510,4177510,20251030082338,4111598,0,01,3,32790,2908,N
20251030,M7731,41016902,20251030,41,11,08,41_3701840,2,570,41016902,20251030190859,4177448,20251030194005,4116126,0,01,1,23140,1866,N
20251030,M7731,41016902,20251030,41,11,08,41_3703389,2,570,41016902,20251030162839,4177532,20251030172607,4111588,0,01,3,22980,3448,N
20251030,M7731,41016902,20251030,41,11,08,41_3751991,2,570,41016902,20251030190859,4177448,20251030194005,4116126,0,01,4,23140,1866,N
20251030,M7731,41016902,20251030,41,11,08,41_375858,2,570,41016902,20251030144001,4106836,20251030151736,4116126,1,01,2,25350,2255,N
20251030,M7731,41016902,20251030,41,11,08,41_3789966,1,570,41016902,20251030151108,4106836,20251030155355,4111588,0,01,2,24330,2567,N
20251030,M7731,41016902,20251030,41,11,08,41_3871093,2,570,41016902,20251030061650,4106836,20251030065522,4111588,1,01,4,24330,2312,N
20251030,M7731,41016902,20251030,41,41,08,41_3879899,1,570,41016902,20251030075031,4110935,20251030075848,4177637,0,01,2,2880,497,N
20251030,M7731,41016902,20251030,41,11,08,41_3880284,2,570,41016902,20251030104956,4177637,20251030112451,4111588,0,01,4,25830,2095,N
20251030,M7731,41016902,20251030,41,11,08,41_3889572,1,570,41016902,20251030231158,4177448,20251030235156,4111588,0,01,3,22120,2398,N
20251030,M7731,41016902,20251030,41,11,08,41_3912437,1,570,41016902,20251030183049,4106836,20251030190924,4111588,0,01,3,24330,2315,N
20251030,M7731,41016902,20251030,41,11,08,41_3925248,2,570,41016902,20251030181343,4106836,20251030185206,4116126,0,01,4,25350,2303,N
20251030,M7731,41016902,20251030,41,11,08,41_3928337,2,570,41016902,20251030140217,4177637,20251030144951,4111588,0,01,3,25830,2854,N
20251030,M7731,41016902,20251030,41,11,08,41_3934303,2,570,41016902,20251030082955,4177532,20251030085638,4111588,0,01,2,22980,1603,N
20251030,M7731,41016902,20251030,41,11,08,41_3935206,2,570,41016902,20251030143050,4106836,20251030151141,4111588,0,01,2,24330,2451,N
20251030,M7731,41016902,20251030,41,11,08,41_394056,2,570,41016902,20251030100741,4106836,20251030104940,4111588,1,01,1,24330,2519,N
20251030,M7731,41016902,20251030,41,11,08,41_3949963,2,570,41016902,20251030140423,4177637,20251030144151,4111588,0,01,4,25830,2248,N
20251030,M7731,41016902,20251030,41,11,08,41_395055,1,570,41016902,20251030180812,4177532,20251030183615,4116126,0,01,4,24000,1683,N
20251030,M7731,41016902,20251030,41,11,08,41_3999056,1,570,41016902,20251030234003,4106836,20251031002218,4111588,1,01,4,24330,2535,N
20251030,M7731,41016902,20251030,41,11,08,41_400797,2,570,41016902,20251030192842,4177448,20251030201537,4116130,0,01,1,24380,2815,N
20251030,M7731,41016902,20251030,41,11,08,41_4011440,1,570,41016902,20251030102102,4177532,20251030105940,4111588,0,01,3,22980,2318,N
20251030,M7731,41016902,20251030,41,11,08,41_4021270,2,570,41016902,20251030062648,4110935,20251030070732,4111588,0,01,1,28710,2444,N
20251030,M7731,41016902,20251030,41,11,08,41_4052374,2,570,41016902,20251030111001,4177448,20251030114651,4111588,0,01,2,22120,2210,N
20251030,M7731,41016902,20251030,41,11,08,41_4058912,2,570,41016902,20251030075044,4177637,20251030082407,4111588,0,01,4,25830,2003,N
20251030,M7731,41016902,20251030,41,11,08,41_4058912,2,570,41016902,20251030181718,4177637,20251030185114,4111588,0,01,2,25830,2036,N
20251030,M7731,41016902,20251030,41,41,08,41_4081192,2,570,41016902,20251030111710,4106837,20251030113814,4110934,1,01,4,4440,1264,N
20251030,M7731,41016902,20251030,41,11,08,41_4082756,2,570,41016902,20251030203410,4106836,20251030210408,4111588,0,01,3,24330,1798,N
20251030,M7731,41016902,20251030,41,11,08,41_409283,2,570,41016902,20251030080818,4177637,20251030085532,4116126,0,01,1,26850,2834,N
20251030,M7731,41016902,20251030,41,11,08,41_409283,2,570,41016902,20251030092201,4177637,20251030101105,4116126,0,01,3,26850,2944,N
20251030,M7731,41016902,20251030,41,11,08,41_4105653,2,570,41016902,20251030061300,4110868,20251030065834,4111588,0,01,2,26980,2734,N
20251030,M7731,41016902,20251030,41,11,08,41_4119868,2,570,41016902,20251030054037,4177448,20251030062515,4116126,0,01,4,23140,2678,N
20251030,M7731,41016902,20251030,41,11,08,41_4119868,2,570,41016902,20251030065100,4177448,20251030073721,4116126,0,01,1,23140,2781,N
20251030,M7731,41016902,20251030,41,11,08,41_4126658,1,570,41016902,20251030063819,4177637,20251030072353,4116130,0,01,4,28090,2734,N
20251030,M7731,41016902,20251030,41,11,08,41_4138839,2,570,41016902,20251030073615,4106836,20251030080955,4111588,1,01,2,24330,2020,N
20251030,M7731,41016902,20251030,41,11,08,41_4150189,2,570,41016902,20251030110721,4106836,20251030115051,4109162,0,01,1,29380,2610,N
20251030,M7731,41016902,20251030,41,11,08,41_4209806,1,570,41016902,20251030120032,4177510,20251030123504,4111599,0,01,2,33440,2072,N
20251030,M7731,41016902,20251030,41,11,08,41_4262935,2,570,41016902,20251030172311,4177532,20251030175844,4111588,0,01,4,22980,2133,N
20251030,M7731,41016902,20251030,41,11,08,41_4262935,2,570,41016902,20251030182702,4177532,20251030190119,4111588,0,01,1,22980,2057,N
20251030,M7731,41016902,20251030,41,11,08,41_4264023,1,570,41016902,20251030171513,4177532,20251030175328,4116126,0,01,1,24000,2295,N
20251030,M7731,41016902,20251030,41,11,08,41_427344,2,570,41016902,20251030192847,4177448,20251030201814,4116126,0,01,4,23140,2967,N
20251030,M7731,41016902,20251030,41,11,08,41_4276433,2,570,41016902,20251030161129,4177448,20251030164104,4111588,0,01,1,22120,1775,N
20251030,M7731,41016902,20251030,41,11,08,41_4295224,2,570,41016902,20251030130041,4106836,20251030133959,4116126,0,01,4,25350,2358,N
20251030,M7731,41016902,20251030,41,11,08,41_4302235,2,570,41016902,20251030063059,4177510,20251030071544,4111588,0,01,3,29500,2685,N
20251030,M7731,41016902,20251030,41,41,08,41_4308695,1,570,41016902,20251030081813,4110935,20251030085706,4177448,0,01,1,6590,2333,N
20251030,M7731,41016902,20251030,41,11,08,41_4339136,2,570,41016902,20251030082134,4177448,20251030085241,4111588,0,01,2,22120,1867,N
20251030,M7731,41016902,20251030,41,11,08,41_4351396,2,570,41016902,20251030173941,4177532,20251030182617,4116126,0,01,3,24000,2796,N
20251030,M7731,41016902,20251030,41,11,08,41_4352434,2,570,41016902,20251030104448,4106836,20251030112827,4111588,0,01,3,24330,2619,N
20251030,M7731,41016902,20251030,41,11,08,41_4390932,2,570,41016902,20251030065006,4106836,20251030073758,4111588,0,01,2,24330,2872,N
20251030,M7731,41016902,20251030,41,11,08,41_4405531,2,570,41016902,20251031000236,4177532,20251031002345,4116126,0,01,2,24000,1269,N
20251030,M7731,41016902,20251030,41,11,08,41_4414108,2,570,41016902,20251030140538,4106836,20251030143243,4116126,1,01,1,25350,1625,N
20251030,M7731,41016902,20251030,41,11,08,41_4436197,2,570,41016902,20251031000239,4177532,20251031002348,4116130,0,01,3,25240,1269,N
20251030,M7731,41016902,20251030,41,11,08,41_4452841,1,570,41016902,20251030153134,4106836,20251030155814,4116126,0,01,4,25350,1600,N
20251030,M7731,41016902,20251030,41,11,08,41_4482828,2,570,41016902,20251030075404,4106836,20251030083415,4111588,0,01,1,24330,2411,N
20251030,M7731,41016902,20251030,41,11,08,41_4507074,2,570,41016902,20251030175059,4177532,20251030182025,4111588,0,01,3,22980,1766,N
20251030,M7731,41016902,20251030,41,41,08,41_451101,1,570,41016902,20251030183913,4106837,20251030185302,4107447,0,01,1,3540,829,N
20251030,M7731,41016902,20251030,41,11,08,41_4528839,2,570,41016902,20251030075340,4177448,20251030082722,4111588,0,01,3,22120,2022,N
20251030,M7731,41016902,20251030,41,11,08,41_4544822,2,570,41016902,20251030104240,4177637,20251030111328,4116126,0,01,4,26850,1848,N
20251030,M7731,41016902,20251030,41,11,08,41_4544822,2,570,41016902,20251030161526,4177637,20251030164122,4116126,0,01,2,26850,1556,N
20251030,M7731,41016902,20251030,41,11,08,41_456117,1,570,41016902,20251030181914,4177532,20251030184807,4111588,0,01,3,22980,1733,N
20251030,M7731,41016902,20251030,41,11,08,41_4564078,2,570,41016902,20251030193546,4106836,20251030201128,4111588,0,01,2,24330,2142,N
20251030,M7731,41016902,20251030,41,11,08,41_4564958,2,570,41016902,20251030082306,4106836,20251030090628,4111588,0,01,3,24330,2602,N
20251030,M7731,41016902,20251030,41,11,08,41_4573775,2,570,41016902,20251030161415,4177637,20251030163908,4111588,0,01,4,25830,1493,N
20251030,M7731,41016902,20251030,41,11,08,41_45834,2,570,41016902,20251030174709,4177448,20251030181727,4116126,0,01,4,23140,1818,N
20251030,M7731,41016902,20251030,41,11,08,41_4586329,2,570,41016902,20251030134533,4177532,20251030141618,4116126,0,01,4,24000,1845,N
20251030,M7731,41016902,20251030,41,11,08,41_4586329,2,570,41016902,20251030175408,4177532,20251030182023,4116126,0,01,4,24000,1575,N
20251030,M7731,41016902,20251030,41,11,08,41_4623861,2,570,41016902,20251030140616,4177448,20251030144520,4111588,0,01,3,22120,2344,N
20251030,M7731,41016902,20251030,41,11,08,41_4623861,2,570,41016902,20251030190912,4177448,20251030193750,4111588,0,01,4,22120,1718,N
20251030,M7731,41016902,20251030,41,11,08,41_4724174,2,570,41016902,20251030080239,4106836,20251030084223,4111588,0,01,3,24330,2384,N
20251030,M7731,41016902,20251030,41,11,08,41_4724174,2,570,41016902,20251030181205,4106836,20251030184445,4111588,0,01,3,24330,1960,N
20251030,M7731,41016902,20251030,41,11,08,41_4737778,2,570,41016902,20251030124226,4177532,20251030130944,4111588,0,01,3,22980,1638,N
20251030,M7731,41016902,20251030,41,11,08,41_4745904,2,570,41016902,20251030071646,4110935,20251030074252,4111588,0,01,2,28710,1566,N
20251030,M7731,41016902,20251030,41,11,08,41_4754047,2,570,41016902,20251031000357,4177532,20251031002402,4116126,0,01,3,24000,1205,N
20251030,M7731,41016902,20251030,41,11,08,41_4763292,2,570,41016902,20251030121458,4177532,20251030125209,4111588,0,01,2,22980,2231,N
20251030,M7731,41016902,20251030,41,41,08,41_4810227,1,570,41016902,20251030204445,4123056,20251030211012,4107447,2,01,1,5480,1527,N
20251030,M7731,41016902,20251030,41,41,08,41_4836897,2,570,41016902,20251030152011,4123056,20251030153834,4110869,3,01,1,4580,1103,N
20251030,M7731,41016902,20251030,41,11,08,41_483960,2,570,41016902,20251030080818,4177637,20251030083914,4111588,0,01,3,25830,1856,N
20251030,M7731,41016902,20251030,41,11,08,41_4898508,2,570,41016902,20251030222046,4106836,20251030232819,4111588,0,01,2,24330,4053,N
20251030,M7731,41016902,20251030,41,11,08,41_4907285,2,570,41016902,20251030201506,4106836,20251030204630,4116130,0,01,4,26590,1884,N
20251030,M7731,41016902,20251030,41,11,08,41_491308,1,570,41016902,20251030072207,4106836,20251030080147,4111588,0,01,1,24330,2380,N
20251030,M7731,41016902,20251030,41,11,08,41_4992530,2,570,41016902,20251030211833,4106836,20251030220354,4111588,0,01,1,24330,2721,N
20251030,M7731,41016902,20251030,41,11,08,41_5018306,1,570,41016902,20251030075422,4177448,20251030085239,4116126,0,01,4,23140,3497,N
20251030,M7731,41016902,20251030,41,11,08,41_5018306,1,570,41016902,20251030085637,4177448,20251030093641,4116126,0,01,1,23140,2404,N
20251030,M7731,41016902,20251030,41,11,08,41_5019219,2,570,41016902,20251030170941,4177532,20251030175436,4111588,0,01,4,22980,2695,N
20251030,M7731,41016902,20251030,41,11,08,41_5070757,2,570,41016902,20251031001704,4106836,20251031005502,4111588,0,01,4,24330,2278,N
20251030,M7731,41016902,20251030,41,11,08,41_5088053,2,570,41016902,20251030125740,4106836,20251030134425,4116126,1,01,3,25350,2805,N
20251030,M7731,41016902,20251030,41,11,08,41_5113270,2,570,41016902,20251030182339,4106836,20251030185131,4111588,0,01,2,24330,1672,N
20251030,M7731,41016902,20251030,41,11,08,41_5133146,2,570,41016902,20251030115141,4177637,20251030121629,4116126,0,01,4,26850,1488,N
20251030,M7731,41016902,20251030,41,41,08,41_5144518,1,570,41016902,20251030230803,4123056,20251030232136,4110869,2,01,3,4580,813,N
20251030,M7731,41016902,20251030,41,11,08,41_5153313,2,570,41016902,20251030112722,4106836,20251030115943,4111588,1,01,3,24330,1941,N
20251030,M7731,41016902,20251030,41,11,08,41_5153860,2,570,41016902,20251030071135,4177448,20251030073858,4111588,0,01,2,22120,1643,N
20251030,M7731,41016902,20251030,41,11,08,41_5183838,2,570,41016902,20251030224753,4106836,20251030232058,4111588,0,01,2,24330,1985,N
20251030,M7731,41016902,20251030,41,11,08,41_5205990,2,570,41016902,20251030073307,4177448,20251030080438,4116126,0,01,2,23140,1891,N
20251030,M7731,41016902,20251030,41,11,08,41_5217962,2,570,41016902,20251030072824,4177448,20251030075955,4116126,0,01,2,23140,1891,N
20251030,M7731,41016902,20251030,41,11,08,41_5231479,2,570,41016902,20251030165115,4177532,20251030172310,4116126,0,01,4,24000,1915,N
20251030,M7731,41016902,20251030,41,11,08,41_5250124,1,570,41016902,20251030102302,4110935,20251030105039,4111588,0,01,2,28710,1657,N
20251030,M7731,41016902,20251030,41,11,08,41_5252912,2,570,41016902,20251030160433,4106836,20251030164637,4111588,0,01,1,24330,2524,N
20251030,M7731,41016902,20251030,41,11,08,41_5252912,2,570,41016902,20251030232455,4106836,20251030235518,4111588,0,01,2,24330,1823,N
20251030,M7731,41016902,20251030,41,11,08,41_5271958,1,570,41016902,20251030163945,4177532,20251030171140,4116126,0,01,1,24000,1915,N
20251030,M7731,41016902,20251030,41,11,08,41_5297065,2,570,41016902,20251030072906,4177532,20251030080933,4111588,0,01,1,22980,2427,N
20251030,M7731,41016902,20251030,41,11,08,41_531150,1,570,41016902,20251030055450,4177448,20251030061712,4111588,0,01,3,22120,1342,N
20251030,M7731,41016902,20251030,41,11,08,41_5329417,2,570,41016902,20251030115137,4110935,20251030122314,4111588,0,01,4,28710,1897,N
20251030,M7731,41016902,20251030,41,11,08,41_5341316,1,570,41016902,20251030214337,4177637,20251030221556,4116126,0,01,4,26850,1939,N
20251030,M7731,41016902,20251030,41,41,08,41_5383405,2,570,41016902,20251030192711,4123056,20251030193823,4102447,2,01,3,3320,672,N
20251030,M7731,41016902,20251030,41,41,08,41_5396330,2,570,41016902,20251030062812,4107446,20251030063858,4177532,0,01,1,4890,646,N
20251030,M7731,41016902,20251030,41,11,08,41_5410314,2,570,41016902,20251030195816,4177448,20251030203405,4111588,0,01,4,22120,2149,N
20251030,M7731,41016902,20251030,41,11,08,41_5428488,2,570,41016902,20251030113807,4177637,20251030122451,4111598,0,01,4,29120,2804,N
20251030,M7731,41016902,20251030,41,11,08,41_5435223,2,570,41016902,20251030093418,4106836,20251030100731,4116130,1,01,3,26590,1993,N
20251030,M7731,41016902,20251030,41,11,08,41_5436384,2,570,41016902,20251030190957,4177448,20251030193001,4111588,0,01,3,22120,1204,N
20251030,M7731,41016902,20251030,41,11,08,41_5500595,2,570,41016902,20251030211924,4106836,20251030220052,4111588,0,01,1,24330,2488,N
20251030,M7731,41016902,20251030,41,11,08,41_5503097,2,570,41016902,20251030133854,4106836,20251030141527,4116126,1,01,2,25350,2193,N
20251030,M7731,41016902,20251030,41,11,08,41_553964,2,570,41016902,20251030130137,4177448,20251030133653,4111588,0,01,3,22120,2116,N
20251030,M7731,41016902,20251030,41,11,08,41_5540244,2,570,41016902,20251030160636,4177532,20251030164322,4111588,0,01,2,22980,2206,N
20251030,M7731,41016902,20251030,41,11,08,41_5545062,1,570,41016902,20251030073839,4106836,20251030081608,4116126,0,01,3,25350,2249,N
20251030,M7731,41016902,20251030,41,11,08,41_5578640,2,570,41016902,20251030210812,4177448,20251030214628,4109162,0,01,2,27170,2296,N
20251030,M7731,41016902,20251030,41,11,08,41_558389,2,570,41016902,20251030102344,4177448,20251030105301,4116126,0,01,1,23140,1757,N
20251030,M7731,41016902,20251030,41,11,08,41_5588591,2,570,41016902,20251030062826,4106836,20251030072845,4111588,0,01,2,24330,3619,N
20251030,M7731,41016902,20251030,41,11,08,41_5591943,1,570,41016902,20251030210421,4177448,20251030214237,4111588,0,01,3,22120,2296,N
20251030,M7731,41016902,20251030,41,11,08,41_5600195,2,570,41016902,20251030163704,4106836,20251030171644,4111588,0,01,2,24330,2380,N
20251030,M7731,41016902,20251030,41,11,08,41_5640866,2,570,41016902,20251030093103,4110868,20251030103419,4111588,0,01,4,26980,3796,N
20251030,M7731,41016902,20251030,41,11,08,41_5686913,1,570,41016902,20251030162637,4177532,20251030172819,4116126,0,01,3,24000,3702,N
20251030,M7731,41016902,20251030,41,11,08,41_5688598,2,570,41016902,20251030142809,4177637,20251030152548,4116126,0,01,3,26850,3459,N
20251030,M7731,41016902,20251030,41,11,08,41_5725196,1,570,41016902,20251030182012,4177510,20251030185022,4111588,0,01,3,29500,1810,N
20251030,M7731,41016902,20251030,41,11,08,41_5773431,2,570,41016902,20251030125713,4177532,20251030133011,4111588,0,01,2,22980,1978,N
20251030,M7731,41016902,20251030,41,11,08,41_5773431,2,570,41016902,20251030170125,4177532,20251030174242,4111588,0,01,1,22980,2477,N
20251030,M7731,41016902,20251030,41,11,08,41_5779323,2,570,41016902,20251030062319,4177637,20251030071820,4111588,0,01,4,25830,3301,N
20251030,M7731,41016902,20251030,41,11,08,41_5788473,2,570,41016902,20251030170118,4177532,20251030173429,4111588,0,01,1,22980,1991,N
20251030,M7731,41016902,20251030,41,11,08,41_579639,2,570,41016902,20251030060633,4177532,20251030063957,4111588,0,01,2,22980,2004,N
20251030,M7731,41016902,20251030,41,41,08,41_580250,2,570,41016902,20251030113040,4106836,20251030114116,4177448,1,01,2,2210,636,N
20251030,M7731,41016902,20251030,41,11,08,41_5838138,2,570,41016902,20251030082607,4106836,20251030085326,4111588,0,01,4,24330,1639,N
20251030,M7731,41016902,20251030,41,11,08,41_5840000,2,570,41016902,20251030142418,4177637,20251030144821,4116126,0,01,4,26850,1443,N
20251030,M7731,41016902,20251030,41,11,08,41_5850851,2,570,41016902,20251030121539,4177532,20251030123822,4111588,0,01,2,22980,1363,N
20251030,M7731,41016902,20251030,41,11,08,41_5875014,1,570,41016902,20251030181659,4177532,20251030185334,4116126,0,01,4,24000,2195,N
20251030,M7731,41016902,20251030,41,11,08,41_5890258,2,570,41016902,20251030172035,4177532,20251030175056,4111588,0,01,1,22980,1821,N
20251030,M7731,41016902,20251030,41,11,08,41_5933496,2,570,41016902,20251030122432,4177637,20251030124627,4111588,0,01,2,25830,1315,N
20251030,M7731,41016902,20251030,41,11,08,41_5936517,2,570,41016902,20251030092240,4177448,20251030095555,4111588,0,01,1,22120,1995,N
20251030,M7731,41016902,20251030,41,11,08,41_5937970,2,570,41016902,20251030212152,4177532,20251030215157,4111588,0,01,2,22980,1805,N
20251030,M7731,41016902,20251030,41,11,08,41_5948504,2,570,41016902,20251030111712,4110935,20251030114127,4111588,0,01,4,28710,1455,N
20251030,M7731,41016902,20251030,41,11,08,41_5960092,1,570,41016902,20251030153200,4106836,20251030160331,4116126,0,01,1,25350,1891,N
20251030,M7731,41016902,20251030,41,11,08,41_5964255,2,570,41016902,20251030065829,4177448,20251030073338,4111588,0,01,2,22120,2109,N
20251030,M7731,41016902,20251030,41,11,08,41_6001994,1,570,41016902,20251030122830,4177532,20251030130715,4111588,0,01,2,22980,2325,N
20251030,M7731,41016902,20251030,41,11,08,41_6126668,2,570,41016902,20251030062834,4106836,20251030065417,4111588,1,01,4,24330,1543,N
20251030,M7731,41016902,20251030,41,11,08,41_6128110,2,570,41016902,20251030100221,4177448,20251030103220,4116126,0,01,2,23140,1799,N
20251030,M7731,41016902,20251030,41,41,08,41_6128179,2,570,41016902,20251030052744,4110868,20251030053440,4106836,0,01,3,2650,416,N
20251030,M7731,41016902,20251030,41,11,08,41_6139463,2,570,41016902,20251030173644,4177448,20251030181540,4116126,0,01,1,23140,2336,N
20251030,M7731,41016902,20251030,41,11,08,41_6183516,2,570,41016902,20251030171435,4177448,20251030175449,4111588,0,01,3,22120,2414,N
20251030,M7731,41016902,20251030,41,11,08,41_6186935,2,570,41016902,20251030173023,4177532,20251030180510,4111588,0,01,1,22980,2087,N
20251030,M7731,41016902,20251030,41,11,08,41_6188182,2,570,41016902,20251030231609,4177532,20251030234936,4111588,0,01,2,22980,2007,N
20251030,M7731,41016902,20251030,41,11,08,41_6194359,2,570,41016902,20251030165910,4177532,20251030172839,4111588,0,01,1,22980,1769,N
20251030,M7731,41016902,20251030,41,11,08,41_6194359,2,570,41016902,20251030182106,4177532,20251030185553,4111588,0,01,3,22980,2087,N
20251030,M7731,41016902,20251030,41,41,08,41_6195863,2,570,41016902,20251030052744,4110868,20251030053749,4177532,0,01,4,4000,605,N
20251030,M7731,41016902,20251030,41,41,08,41_6195863,2,570,41016902,20251030164548,4177533,20251030170311,4110869,0,01,3,4000,1043,N
20251030,M7731,41016902,20251030,41,11,08,41_6231122,1,570,41016902,20251030175213,4177532,20251030183131,4111588,0,01,2,22980,2358,N
20251030,M7731,41016902,20251030,41,11,08,41_6264549,2,570,41016902,20251030090458,4106836,20251030094415,4111588,0,01,1,24330,2357,N
20251030,M7731,41016902,20251030,41,11,08,41_6264549,2,570,41016902,20251030134047,4106836,20251030143425,4111588,0,01,2,24330,3218,N
20251030,M7731,41016902,20251030,41,11,08,41_6264549,2,570,41016902,20251030164855,4106836,20251030172505,4111588,0,01,1,24330,2170,N
20251030,M7731,41016902,20251030,41,11,08,41_627871,1,570,41016902,20251030214929,4106836,20251030230445,4111588,1,01,1,24330,4516,N
20251030,M7731,41016902,20251030,41,11,08,41_6303607,1,570,41016902,20251030075222,4177448,20251030081539,4111588,0,01,4,22120,1397,N
20251030,M7731,41016902,20251030,41,11,08,41_6315827,1,570,41016902,20251030174132,4177532,20251030182052,4111588,0,01,2,22980,2360,N
20251030,M7731,41016902,20251030,41,11,08,41_6355594,2,570,41016902,20251030204138,4177637,20251030212327,4116126,0,01,2,26850,2509,N
20251030,M7731,41016902,20251030,41,11,08,41_6358560,1,570,41016902,20251030211345,4177448,20251030213620,4111588,0,01,3,22120,1355,N
20251030,M7731,41016902,20251030,41,11,08,41_6362731,2,570,41016902,20251030075304,4106836,20251030082952,4116130,0,01,1,26590,2208,N
20251030,M7731,41016902,20251030,41,11,08,41_6396610,2,570,41016902,20251030115729,4106836,20251030123400,4111588,1,01,2,24330,2191,N
20251030,M7731,41016902,20251030,41,11,08,41_6401898,1,570,41016902,20251030150214,4177532,20251030153454,4111588,0,01,4,22980,1960,N
20251030,M7731,41016902,20251030,41,11,08,41_6427966,2,570,41016902,20251030094642,4106836,20251030103508,4111588,1,01,4,24330,2906,N
20251030,M7731,41016902,20251030,41,11,08,41_6483282,2,570,41016902,20251030175515,4177532,20251030183018,4111588,0,01,1,22980,2103,N
20251030,M7731,41016902,20251030,41,11,08,41_649260,2,570,41016902,20251030080014,4106836,20251030083446,4116126,0,01,3,25350,2072,N
20251030,M7731,41016902,20251030,41,11,08,41_6497940,2,570,41016902,20251030103433,4110935,20251030110634,4116130,0,01,3,30970,1921,N
20251030,M7731,41016902,20251030,41,11,08,41_6558394,1,570,41016902,20251030065449,4177637,20251030074336,4109162,0,01,2,30880,2927,N
20251030,M7731,41016902,20251030,41,11,08,41_6629442,2,570,41016902,20251030071425,4106836,20251030075036,4116130,0,01,3,26590,2171,N
20251030,M7731,41016902,20251030,41,11,08,41_665206,2,570,41016902,20251030082429,4177448,20251030091433,4111588,0,01,2,22120,3004,N
20251030,M7731,41016902,20251030,41,11,08,41_6679903,2,570,41016902,20251030062846,4177448,20251030072412,4111588,0,01,2,22120,3326,N
20251030,M7731,41016902,20251030,41,11,08,41_6693528,2,570,41016902,20251030190921,4106836,20251030194504,4111588,0,01,1,24330,2143,N
20251030,M7731,41016902,20251030,41,11,08,41_6698766,2,570,41016902,20251030134027,4177532,20251030141004,4111588,0,01,4,22980,1777,N
20251030,M7731,41016902,20251030,41,11,08,41_6705218,2,570,41016902,20251030200806,4106836,20251030203954,4116126,0,01,4,25350,1908,N
20251030,M7731,41016902,20251030,41,41,08,41_6714364,1,570,41016902,20251030071927,4177637,20251030072724,4177448,0,01,2,3710,477,N
20251030,M7731,41016902,20251030,41,11,08,41_6728942,2,570,41016902,20251030062034,4106836,20251030071655,4111588,0,01,1,24330,3381,N
20251030,M7731,41016902,20251030,41,11,08,41_6732247,1,570,41016902,20251030082651,4177637,20251030091258,4111588,0,01,4,25830,2767,N
20251030,M7731,41016902,20251030,41,11,08,41_6755751,2,570,41016902,20251030091104,4106836,20251030094339,4111588,0,01,4,24330,1955,N
20251030,M7731,41016902,20251030,41,11,08,41_6763293,1,570,41016902,20251030181744,4177510,20251030185441,4109162,1,01,1,34550,2217,N
20251030,M7731,41016902,20251030,41,11,08,41_6795509,1,570,41016902,20251030131021,4106836,20251030135446,4111598,1,01,4,27620,2665,N
20251030,M7731,41016902,20251030,41,11,08,41_6801229,2,570,41016902,20251030125314,4177637,20251030133855,4111588,0,01,4,25830,2741,N
20251030,M7731,41016902,20251030,41,11,08,41_6819392,2,570,41016902,20251030175813,4106836,20251030183229,4111588,0,01,1,24330,2056,N
20251030,M7731,41016902,20251030,41,11,08,41_6822404,2,570,41016902,20251030131437,4177448,20251030134024,4111588,0,01,1,22120,1547,N
20251030,M7731,41016902,20251030,41,41,08,41_6833784,2,570,41016902,20251030144526,4106837,20251030150405,4177511,1,01,2,5180,1119,N
20251030,M7731,41016902,20251030,41,11,08,41_6837622,1,570,41016902,20251030173900,4177532,20251030182000,4116126,0,01,3,24000,2460,N
20251030,M7731,41016902,20251030,41,11,08,41_6853209,2,570,41016902,20251030072002,4106836,20251030074941,4111599,1,01,2,28270,1779,N
20251030,M7731,41016902,20251030,41,11,08,41_6853209,2,570,41016902,20251030184239,4106836,20251030191148,4111599,1,01,3,28270,1749,N
20251030,M7731,41016902,20251030,41,11,08,41_6869837,1,570,41016902,20251030165526,4177637,20251030173714,4111599,0,01,1,29770,2508,N
20251030,M7731,41016902,20251030,41,11,08,41_6872337,2,570,41016902,20251030174301,4106836,20251030182426,4111599,0,01,4,28270,2485,N
20251030,M7731,41016902,20251030,41,11,08,41_6882802,2,570,41016902,20251030072901,4177637,20251030075840,4116126,0,01,3,26850,1779,N
20251030,M7731,41016902,20251030,41,11,08,41_6883179,2,570,41016902,20251030123156,4106836,20251030131737,4116126,0,01,1,25350,2741,N
20251030,M7731,41016902,20251030,41,11,08,41_6894812,2,570,41016902,20251030163733,4106836,20251030171856,4116130,0,01,4,26590,2483,N
20251030,M7731,41016902,20251030,41,11,08,41_6897607,2,570,41016902,20251030163940,4106836,20251030172103,4116130,0,01,2,26590,2483,N
20251030,M7731,41016902,20251030,41,11,08,41_6897839,2,570,41016902,20251030183310,4177448,20251030190219,4111588,1,01,2,22120,1749,N
20251030,M7731,41016902,20251030,41,11,08,41_6908783,2,570,41016902,20251030151324,4106836,20251030154202,4111588,0,01,4,24330,1718,N
20251030,M7731,41016902,20251030,41,11,08,41_6925760,2,570,41016902,20251030074536,4106836,20251030082838,4111588,0,01,3,24330,2582,N
20251030,M7731,41016902,20251030,41,11,08,41_6927613,2,570,41016902,20251030081640,4177637,20251030091431,4116126,0,01,3,26850,3471,N
20251030,M7731,41016902,20251030,41,11,08,41_693959,2,570,41016902,20251030200456,4106836,20251030204404,4116126,0,01,3,25350,2348,N
20251030,M7731,41016902,20251030,41,11,08,41_6947157,2,570,41016902,20251030162843,4177532,20251030171750,4111588,0,01,3,22980,2947,N
20251030,M7731,41016902,20251030,41,11,08,41_6988277,1,570,41016902,20251030084228,4106836,20251030093430,4116126,1,01,2,25350,3122,N
20251030,M7731,41016902,20251030,41,11,08,41_6993807,2,570,41016902,20251030063207,4177448,20251030065637,4111588,0,01,3,22120,1470,N
20251030,M7731,41016902,20251030,41,11,08,41_7040073,2,570,41016902,20251030134447,4106836,20251030142314,4111588,1,01,3,24330,2307,N
20251030,M7731,41016902,20251030,41,11,08,41_7052406,2,570,41016902,20251030173002,4177532,20251030180543,4111588,0,01,4,22980,2141,N
20251030,M7731,41016902,20251030,41,11,08,41_7079456,2,570,41016902,20251030180818,4177448,20251030184857,4116126,0,01,4,23140,2439,N
20251030,M7731,41016902,20251030,41,11,08,41_7080616,2,570,41016902,20251030053813,4177510,20251030062619,4116130,0,01,2,31760,2886,N
20251030,M7731,41016902,20251030,41,11,08,41_7088497,2,570,41016902,20251030083819,4106836,20251030091810,4116130,1,01,3,26590,2391,N
20251030,M7731,41016902,20251030,41,11,08,41_7091216,1,570,41016902,20251030071056,4177510,20251030074335,4111588,0,01,3,29500,1959,N
20251030,M7731,41016902,20251030,41,11,08,41_7107881,2,570,41016902,20251030065311,4107446,20251030074001,4111588,0,01,2,27870,2810,N
20251030,M7731,41016902,20251030,41,11,08,41_7115224,2,570,41016902,20251030102156,4177637,20251030110759,4111588,0,01,1,25830,2763,N
20251030,M7731,41016902,20251030,41,11,08,41_7121287,2,570,41016902,20251030101100,4106836,20251030103716,4111588,0,01,4,24330,1576,N
20251030,M7731,41016902,20251030,41,11,08,41_7125799,2,570,41016902,20251030164657,4106836,20251030173825,4111588,0,01,3,24330,3088,N
20251030,M7731,41016902,20251030,41,11,08,41_7125799,2,570,41016902,20251030190028,4106836,20251030193255,4111588,0,01,4,24330,1947,N
20251030,M7731,41016902,20251030,41,11,08,41_7148031,2,570,41016902,20251030183214,4177448,20251030190038,4111588,0,01,1,22120,1704,N
20251030,M7731,41016902,20251030,41,11,08,41_7167116,2,570,41016902,20251030175440,4106836,20251030183325,4116130,1,01,2,26590,2325,N
20251030,M7731,41016902,20251030,41,11,08,41_7197686,2,570,41016902,20251030090629,4106836,20251030094625,4111588,1,01,4,24330,2396,N
20251030,M7731,41016902,20251030,41,41,08,41_7237823,2,570,41016902,20251030060340,4177510,20251030061342,4107446,0,01,2,1630,602,N
20251030,M7731,41016902,20251030,41,41,08,41_7239627,1,570,41016902,20251030223100,4106837,20251030224407,4110934,1,01,3,4440,787,N
20251030,M7731,41016902,20251030,41,11,08,41_7280929,1,570,41016902,20251030232031,4106836,20251030235622,4111588,0,01,3,24330,2151,N
20251030,M7731,41016902,20251030,41,11,08,41_7283671,2,570,41016902,20251030192739,4106836,20251030195317,4116126,0,01,3,25350,1538,N
20251030,M7731,41016902,20251030,41,11,08,41_7298638,2,570,41016902,20251030211939,4177448,20251030214307,4111588,0,01,2,22120,1408,N
20251030,M7731,41016902,20251030,41,11,08,41_7301132,2,570,41016902,20251030160120,4110935,20251030164848,4111588,0,01,4,28710,2848,N
20251030,M7731,41016902,20251030,41,11,08,41_7311146,1,570,41016902,20251030103524,4177448,20251030111428,4116130,0,01,2,24380,2344,N
20251030,M7731,41016902,20251030,41,41,08,41_7313342,2,570,41016902,20251030145516,4106837,20251030150542,4107447,0,01,4,3540,626,N
20251030,M7731,41016902,20251030,41,11,08,41_7328516,1,570,41016902,20251030202037,4177532,20251030205950,4111588,0,01,1,22980,2353,N
20251030,M7731,41016902,20251030,41,41,08,41_7329690,2,570,41016902,20251030220744,4123056,20251030221603,4102447,2,01,1,3320,499,N
20251030,M7731,41016902,20251030,41,11,08,41_7350964,2,570,41016902,20251030183038,4106836,20251030191546,4111588,0,01,1,24330,2708,N
20251030,M7731,41016902,20251030,41,11,08,41_7355347,1,570,41016902,20251030182536,4177637,20251030190635,4111588,0,01,4,25830,2459,N
20251030,M7731,41016902,20251030,41,11,08,41_7365603,2,570,41016902,20251030093853,4106836,20251030102637,4116130,1,01,1,26590,2864,N
20251030,M7731,41016902,20251030,41,11,08,41_7378116,1,570,41016902,20251030134328,4177532,20251030142221,4116130,0,01,3,25240,2333,N
20251030,M7731,41016902,20251030,41,11,08,41_7383736,1,570,41016902,20251030101341,4177448,20251030105501,4111588,0,01,4,22120,2480,N
20251030,M7731,41016902,20251030,41,11,08,41_7392369,2,570,41016902,20251030101341,4177448,20251030105245,4116126,0,01,3,23140,2344,N
20251030,M7731,41016902,20251030,41,11,08,41_7394966,2,570,41016902,20251030155121,4177448,20251030163650,4111588,0,01,1,22120,2729,N
20251030,M7731,41016902,20251030,41,41,08,41_7419460,1,570,41016902,20251030150813,4177533,20251030151551,4106837,0,01,4,1360,458,N
20251030,M7731,41016902,20251030,41,11,08,41_7421630,2,570,41016902,20251030063439,4177637,20251030072558,4111588,0,01,4,25830,3079,N
20251030,M7731,41016902,20251030,41,11,08,41_7426955,2,570,41016902,20251030072814,4177448,20251030080211,4116126,0,01,3,23140,2037,N
20251030,M7731,41016902,20251030,41,11,08,41_7433280,1,570,41016902,20251030174101,4177532,20251030182647,4111588,0,01,1,22980,2746,N
20251030,M7731,41016902,20251030,41,11,08,41_7439883,2,570,41016902,20251030165125,4106836,20251030173009,4111588,0,01,1,24330,2324,N
20251030,M7731,41016902,20251030,41,41,08,41_7456280,1,570,41016902,20251030083107,4177637,20251030084032,4106836,0,01,2,1500,565,N
20251030,M7731,41016902,20251030,41,41,08,41_7461496,1,570,41016902,20251030202918,4123056,20251030210507,4177511,2,01,2,7120,2149,N
20251030,M7731,41016902,20251030,41,41,08,41_7476521,2,570,41016902,20251030094521,4106836,20251030095446,4177532,1,01,3,1350,565,N
20251030,M7731,41016902,20251030,41,11,08,41_751385,2,570,41016902,20251030130237,4106836,20251030133127,4111588,0,01,4,24330,1730,N
20251030,M7731,41016902,20251030,41,11,08,41_7546656,2,570,41016902,20251030192107,4106836,20251030201437,4111588,0,01,1,24330,3210,N
20251030,M7731,41016902,20251030,41,11,08,41_7572906,1,570,41016902,20251030153124,4177448,20251030162153,4111588,0,01,1,22120,3029,N
20251030,M7731,41016902,20251030,41,11,08,41_7582795,2,570,41016902,20251030062518,4177637,20251030072424,4111598,0,01,2,29120,3546,N
20251030,M7731,41016902,20251030,41,11,08,41_7582795,2,570,41016902,20251030073430,4177637,20251030083302,4111598,0,01,4,29120,3512,N
20251030,M7731,41016902,20251030,41,11,08,41_7582795,2,570,41016902,20251030092232,4177637,20251030101718,4111598,0,01,2,29120,3286,N
20251030,M7731,41016902,20251030,41,11,08,41_7583635,2,570,41016902,20251030073842,4177448,20251030083406,4111588,0,01,1,22120,3324,N
20251030,M7731,41016902,20251030,41,11,08,41_7617744,1,570,41016902,20251030072044,4177448,20251030074758,4116126,0,01,3,23140,1634,N
20251030,M7731,41016902,20251030,41,11,08,41_7621972,2,570,41016902,20251030191001,4177510,20251030193916,4111588,0,01,1,29500,1755,N
20251030,M7731,41016902,20251030,41,11,08,41_76730,2,570,41016902,20251030174711,4177448,20251030183053,4111588,0,01,1,22120,2622,N
20251030,M7731,41016902,20251030,41,11,08,41_7719155,2,570,41016902,20251030101438,4177637,20251030111101,4111588,0,01,3,25830,3383,N
20251030,M7731,41016902,20251030,41,11,08,41_7745567,2,570,41016902,20251030065609,4106836,20251030075153,4116126,0,01,4,25350,3344,N
20251030,M7731,41016902,20251030,41,41,08,41_7782726,2,570,41016902,20251031000534,4110935,20251031001245,4106836,0,01,1,4380,431,N
20251030,M7731,41016902,20251030,41,11,08,41_7826421,2,570,41016902,20251030150534,4106836,20251030160615,4116126,0,01,4,25350,3641,N
20251030,M7731,41016902,20251030,41,11,08,41_7826421,2,570,41016902,20251030210109,4106836,20251030213352,4116126,0,01,2,25350,1963,N
20251030,M7731,41016902,20251030,41,41,08,41_7833716,2,570,41016902,20251030202928,4123056,20251030210414,4177511,2,01,2,7120,2086,N
20251030,M7731,41016902,20251030,41,11,08,41_7835896,2,570,41016902,20251030152159,4177637,20251030162240,4111588,0,01,4,25830,3641,N
20251030,M7731,41016902,20251030,41,11,08,41_7840869,2,570,41016902,20251030191729,4177532,20251030195316,4111588,0,01,4,22980,2147,N
20251030,M7731,41016902,20251030,41,11,08,41_7849969,2,570,41016902,20251030082230,4106836,20251030091151,4111588,0,01,4,24330,2961,N
20251030,M7731,41016902,20251030,41,11,08,41_785242,2,570,41016902,20251030185121,4177448,20251030191837,4116126,0,01,2,23140,1636,N
20251030,M7731,41016902,20251030,41,11,08,41_7854137,2,570,41016902,20251030152159,4177637,20251030162553,4116130,0,01,1,28090,3834,N
20251030,M7731,41016902,20251030,41,11,08,41_7860383,2,570,41016902,20251030084148,4107446,20251030090357,4111588,0,01,2,27870,1329,N
20251030,M7731,41016902,20251030,41,11,08,41_7865098,2,570,41016902,20251030192947,4177532,20251030195642,4111588,0,01,4,22980,1615,N
20251030,M7731,41016902,20251030,41,11,08,41_7882136,2,570,41016902,20251030085908,4177448,20251030092113,4116130,0,01,3,24380,1325,N
20251030,M7731,41016902,20251030,41,11,08,41_7885790,2,570,41016902,20251030085902,4177448,20251030093005,4111588,0,01,2,22120,1863,N
20251030,M7731,41016902,20251030,41,11,08,41_7889753,1,570,41016902,20251031003516,4106836,20251031012303,4116126,0,01,4,25350,2867,N
20251030,M7731,41016902,20251030,41,41,08,41_7895939,2,570,41016902,20251030162033,4123056,20251030164905,4110934,0,01,4,6380,1712,N
20251030,M7731,41016902,20251030,41,11,08,41_7911228,2,570,41016902,20251030230636,4106836,20251030233946,4116126,0,01,4,25350,1990,N
20251030,M7731,41016902,20251030,41,11,08,41_7920285,2,570,41016902,20251030142909,4106836,20251030150319,4111588,0,01,3,24330,2050,N
20251030,M7731,41016902,20251030,41,11,08,41_7934055,1,570,41016902,20251030070207,4177448,20251030073544,4111588,1,01,4,22120,2017,N
20251030,M7731,41016902,20251030,41,41,08,41_7936232,2,570,41016902,20251030231000,4107446,20251030234441,4177448,0,01,3,5750,2081,N
20251030,M7731,41016902,20251030,41,11,08,41_7955578,2,570,41016902,20251030112019,4177448,20251030115356,4111588,0,01,1,22120,2017,N
20251030,M7731,41016902,20251030,41,11,08,41_7990557,1,570,41016902,20251030091340,4106836,20251030094449,4116130,0,01,3,26590,1869,N
20251030,M7731,41016902,20251030,41,11,08,41_7992906,2,570,41016902,20251030163340,4106836,20251030170653,4109162,0,01,1,29380,1993,N
20251030,M7731,41016902,20251030,41,11,08,41_8015551,2,570,41016902,20251030155146,4177448,20251030162556,4109162,1,01,4,27170,2050,N
20251030,M7731,41016902,20251030,41,41,08,41_8017694,2,570,41016902,20251030101021,4106837,20251030101624,4107447,1,01,3,3540,363,N
20251030,M7731,41016902,20251030,41,41,08,41_8017694,2,570,41016902,20251030212739,4107446,20251030213403,4106836,0,01,1,3540,384,N
20251030,M7731,41016902,20251030,41,11,08,41_8030074,2,570,41016902,20251030071044,4177637,20251030074234,4111588,0,01,4,25830,1910,N
20251030,M7731,41016902,20251030,41,11,08,41_8034469,2,570,41016902,20251030182541,4177448,20251030184541,4111588,0,01,3,22120,1200,N
20251030,M7731,41016902,20251030,41,11,08,41_8037086,1,570,41016902,20251030075517,4106836,20251030082223,4111588,0,01,4,24330,1626,N
20251030,M7731,41016902,20251030,41,41,08,41_8043107,2,570,41016902,20251030191419,4106837,20251030192041,4107447,1,01,3,3540,382,N
20251030,M7731,41016902,20251030,41,11,08,41_8075832,1,570,41016902,20251030075203,4106836,20251030081803,4111588,0,01,3,24330,1560,N
20251030,M7731,41016902,20251030,41,11,08,41_8091738,2,570,41016902,20251030221415,4106836,20251030225152,4116126,1,01,4,25350,2257,N
20251030,M7731,41016902,20251030,41,11,08,41_8111820,2,570,41016902,20251030174006,4177532,20251030181417,4116126,0,01,2,24000,2051,N
20251030,M7731,41016902,20251030,41,11,08,41_8115707,2,570,41016902,20251030162633,4177532,20251030170041,4116126,0,01,2,24000,2048,N
20251030,M7731,41016902,20251030,41,11,08,41_8182551,2,570,41016902,20251030214900,4106836,20251030222125,4116126,0,01,3,25350,1945,N
20251030,M7731,41016902,20251030,41,11,08,41_8183565,2,570,41016902,20251030214318,4106836,20251030221737,4111598,0,01,2,27620,2059,N
20251030,M7731,41016902,20251030,41,11,08,41_8197768,1,570,41016902,20251030162633,4177532,20251030170834,4111588,0,01,1,22980,2521,N
20251030,M7731,41016902,20251030,41,11,08,41_8197768,1,570,41016902,20251030174006,4177532,20251030181059,4111588,0,01,1,22980,1853,N
20251030,M7731,41016902,20251030,41,11,08,41_8202930,1,570,41016902,20251030054435,4177510,20251030064731,4111588,0,01,3,29500,3776,N
20251030,M7731,41016902,20251030,41,11,08,41_8231550,2,570,41016902,20251030234317,4107446,20251031000718,4116126,0,01,2,28890,1441,N
20251030,M7731,41016902,20251030,41,11,08,41_8238061,2,570,41016902,20251030174847,4177448,20251030182545,4116126,0,01,3,23140,2218,N
20251030,M7731,41016902,20251030,41,11,08,41_8242553,2,570,41016902,20251030203951,4177532,20251030210512,4111588,0,01,1,22980,1521,N
20251030,M7731,41016902,20251030,41,11,08,41_8286901,2,570,41016902,20251030183733,4106836,20251030192541,4111588,0,01,1,24330,2888,N
20251030,M7731,41016902,20251030,41,11,08,41_8311114,2,570,41016902,20251030182433,4177532,20251030185128,4111588,0,01,3,22980,1615,N
20251030,M7731,41016902,20251030,41,11,08,41_8311114,2,570,41016902,20251030201803,4177532,20251030211159,4111588,0,01,4,22980,3236,N
20251030,M7731,41016902,20251030,41,11,08,41_8324974,2,570,41016902,20251030091341,4106836,20251030100001,4116126,1,01,1,25350,2780,N
20251030,M7731,41016902,20251030,41,11,08,41_8359748,2,570,41016902,20251030114513,4106836,20251030122727,4111599,0,01,3,28270,2534,N
20251030,M7731,41016902,20251030,41,11,08,41_8366370,2,570,41016902,20251030123329,4177510,20251030135209,4116126,0,01,1,30520,4720,N
20251030,M7731,41016902,20251030,41,11,08,41_8368968,1,570,41016902,20251030200646,4177532,20251030204714,4116126,0,01,1,24000,2428,N
20251030,M7731,41016902,20251030,41,11,08,41_8386614,2,570,41016902,20251030213555,4107446,20251030222002,4111588,0,01,3,27870,2647,N
20251030,M7731,41016902,20251030,41,11,08,41_8391599,2,570,41016902,20251030131613,4107446,20251030135731,4111588,0,01,3,27870,2478,N
20251030,M7731,41016902,20251030,41,11,08,41_8396287,1,570,41016902,20251030145208,4177448,20251030152842,4111588,0,01,1,22120,2194,N
20251030,M7731,41016902,20251030,41,11,08,41_8406747,2,570,41016902,20251030212538,4106836,20251030220441,4111588,0,01,4,24330,2343,N
20251030,M7731,41016902,20251030,41,11,08,41_8423068,2,570,41016902,20251030074346,4107446,20251030081412,4111588,0,01,2,27870,1826,N
20251030,M7731,41016902,20251030,41,11,08,41_8484559,2,570,41016902,20251030085008,4177637,20251030092235,4111588,0,01,2,25830,1947,N
20251030,M7731,41016902,20251030,41,11,08,41_8523988,2,570,41016902,20251030134212,4177448,20251030142732,4116126,0,01,2,23140,2720,N
20251030,M7731,41016902,20251030,41,11,08,41_8526361,2,570,41016902,20251030094050,4177448,20251030100835,4116126,1,01,1,23140,1665,N
20251030,M7731,41016902,20251030,41,11,08,41_8526361,2,570,41016902,20251030113836,4177448,20251030122356,4116126,1,01,1,23140,2720,N
20251030,M7731,41016902,20251030,41,11,08,41_858476,2,570,41016902,20251030082556,4177510,20251030085533,4109162,0,01,3,34550,1777,N
20251030,M7731,41016902,20251030,41,41,08,41_8597514,1,570,41016902,20251030062650,4110935,20251030070350,4177448,0,01,1,6590,2220,N
20251030,M7731,41016902,20251030,41,41,08,41_8625959,2,570,41016902,20251030153836,4106836,20251030154328,4177532,0,01,4,1350,292,N
20251030,M7731,41016902,20251030,41,11,08,41_8677531,2,570,41016902,20251030090043,4106836,20251030100311,4116130,0,01,1,26590,3748,N
20251030,M7731,41016902,20251030,41,11,08,41_8677531,2,570,41016902,20251030112636,4106836,20251030120537,4116130,0,01,4,26590,2341,N
20251030,M7731,41016902,20251030,41,11,08,41_8677531,2,570,41016902,20251030230158,4106836,20251030235528,4116130,0,01,4,26590,3210,N
20251030,M7731,41016902,20251030,41,11,08,41_8684542,2,570,41016902,20251030081753,4177637,20251030085839,4116126,0,01,3,26850,2446,N
20251030,M7731,41016902,20251030,41,41,08,41_8702056,2,570,41016902,20251030065706,4106836,20251030070331,4177448,0,01,1,2210,385,N
20251030,M7731,41016902,20251030,41,11,08,41_8703660,1,570,41016902,20251030075323,4110868,20251030082918,4111588,0,01,1,26980,2155,N
20251030,M7731,41016902,20251030,41,11,08,41_8711506,1,570,41016902,20251030115619,4106836,20251030123420,4111588,0,01,2,24330,2281,N
20251030,M7731,41016902,20251030,41,11,08,41_8726855,2,570,41016902,20251030073531,4177532,20251030081905,4111588,0,01,4,22980,2614,N
20251030,M7731,41016902,20251030,41,11,08,41_8735591,2,570,41016902,20251030163342,4106836,20251030165757,4111588,0,01,1,24330,1455,N
20251030,M7731,41016902,20251030,41,41,08,41_8736986,2,570,41016902,20251030065706,4106836,20251030070331,4177448,0,01,4,2210,385,N
20251030,M7731,41016902,20251030,41,11,08,41_8744405,2,570,41016902,20251031001859,4177448,20251031005039,4111588,0,01,3,22120,1900,N
20251030,M7731,41016902,20251030,41,11,08,41_8791338,2,570,41016902,20251030190039,4177532,20251030194149,4111588,0,01,3,22980,2470,N
20251030,M7731,41016902,20251030,41,11,08,41_8793910,1,570,41016902,20251030060004,4106836,20251030064743,4116130,1,01,3,26590,2859,N
20251030,M7731,41016902,20251030,41,11,08,41_8799062,2,570,41016902,20251030103335,4106836,20251030111421,4116130,0,01,1,26590,2446,N
20251030,M7731,41016902,20251030,41,11,08,41_8852493,2,570,41016902,20251030101014,4110868,20251030104815,4111588,0,01,1,26980,2281,N
20251030,M7731,41016902,20251030,41,41,08,41_8876905,1,570,41016902,20251030145713,4123056,20251030151950,4110869,0,01,1,4580,1357,N
20251030,M7731,41016902,20251030,41,11,08,41_8878973,2,570,41016902,20251030172823,4177532,20251030175826,4111588,0,01,3,22980,1803,N
20251030,M7731,41016902,20251030,41,11,08,41_8907389,1,570,41016902,20251030202312,4106836,20251030210019,4111588,0,01,2,24330,2227,N
20251030,M7731,41016902,20251030,41,11,08,41_8919420,2,570,41016902,20251030161701,4177532,20251030164932,4111588,0,01,2,22980,1951,N
20251030,M7731,41016902,20251030,41,11,08,41_8927314,2,570,41016902,20251030062538,4110935,20251030070142,4116130,0,01,2,30970,2164,N
20251030,M7731,41016902,20251030,41,11,08,41_8943857,2,570,41016902,20251030173940,4106836,20251030181158,4116126,0,01,4,25350,1938,N
20251030,M7731,41016902,20251030,41,11,08,41_8966477,2,570,41016902,20251030080913,4106836,20251030083922,4116126,0,01,3,25350,1809,N
20251030,M7731,41016902,20251030,41,11,08,41_8973995,2,570,41016902,20251030080419,4106836,20251030085256,4111588,1,01,3,24330,2917,N
20251030,M7731,41016902,20251030,41,41,08,41_8986528,2,570,41016902,20251030212736,4107446,20251030214419,4177448,0,01,2,5750,1003,N
20251030,M7731,41016902,20251030,41,11,08,41_8995603,2,570,41016902,20251030162549,4106836,20251030175028,4111588,0,01,2,24330,5079,N
20251030,M7731,41016902,20251030,41,41,08,41_8999633,2,570,41016902,20251030162330,4123056,20251030164331,4107447,0,01,1,5480,1201,N
20251030,M7731,41016902,20251030,41,41,08,41_8999633,2,570,41016902,20251030211903,4107446,20251030213546,4177448,0,01,1,5750,1003,N
20251030,M7731,41016902,20251030,41,11,08,41_9020364,2,570,41016902,20251030165501,4177532,20251030174127,4116126,0,01,4,24000,2786,N
20251030,M7731,41016902,20251030,41,11,08,41_9043278,1,570,41016902,20251030065540,4177532,20251030072949,4111588,0,01,4,22980,2049,N
20251030,M7731,41016902,20251030,41,11,08,41_9068508,2,570,41016902,20251030232129,4177448,20251030235641,4111588,0,01,1,22120,2112,N
20251030,M7731,41016902,20251030,41,11,08,41_9075507,2,570,41016902,20251030130805,4177510,20251030135056,4111588,0,01,3,29500,2571,N
20251030,M7731,41016902,20251030,41,11,08,41_9106111,2,570,41016902,20251030115209,4106836,20251030122428,4111588,0,01,4,24330,1939,N
20251030,M7731,41016902,20251030,41,11,08,41_9107236,2,570,41016902,20251030145643,4106836,20251030153522,4111588,0,01,2,24330,2319,N
20251030,M7731,41016902,20251030,41,11,08,41_9107236,2,570,41016902,20251030163326,4106836,20251030170310,4111588,0,01,2,24330,1784,N
20251030,M7731,41016902,20251030,41,11,08,41_9107236,2,570,41016902,20251030192730,4106836,20251030202611,4111588,0,01,3,24330,3521,N
20251030,M7731,41016902,20251030,41,11,08,41_9117662,2,570,41016902,20251030085116,4177510,20251030091742,4111599,0,01,2,33440,1586,N
20251030,M7731,41016902,20251030,41,41,08,41_9127342,2,570,41016902,20251030083850,4123056,20251030085112,4107447,0,01,4,5480,742,N
20251030,M7731,41016902,20251030,41,11,08,41_9135743,1,570,41016902,20251030131054,4177532,20251030134801,4116126,0,01,2,24000,2227,N
20251030,M7731,41016902,20251030,41,11,08,41_9163597,2,570,41016902,20251030123937,4106836,20251030131043,4111588,0,01,3,24330,1866,N
20251030,M7731,41016902,20251030,41,11,08,41_9163597,2,570,41016902,20251030161623,4106836,20251030164614,4111588,0,01,1,24330,1791,N
20251030,M7731,41016902,20251030,41,11,08,41_9165140,2,570,41016902,20251030161245,4177532,20251030164217,4111588,0,01,2,22980,1772,N
20251030,M7731,41016902,20251030,41,11,08,41_9177564,2,570,41016902,20251030134205,4106836,20251030143453,4116126,0,01,2,25350,3168,N
20251030,M7731,41016902,20251030,41,11,08,41_920363,2,570,41016902,20251030070826,4177637,20251030075609,4111588,0,01,1,25830,2863,N
20251030,M7731,41016902,20251030,41,11,08,41_9205974,2,570,41016902,20251030225252,4177510,20251030231814,4111588,0,01,1,29500,1522,N
20251030,M7731,41016902,20251030,41,11,08,41_9210859,2,570,41016902,20251030085445,4177448,20251030091431,4111588,0,01,2,22120,1186,N
20251030,M7731,41016902,20251030,41,11,08,41_9210859,2,570,41016902,20251030141903,4177448,20251030145929,4111588,0,01,1,22120,2426,N
20251030,M7731,41016902,20251030,41,41,08,41_9224231,2,570,41016902,20251030071732,4107446,20251030072125,4106836,0,01,1,3540,233,N
20251030,M7731,41016902,20251030,41,11,08,41_9244971,1,570,41016902,20251030144513,4177637,20251030152845,4111588,0,01,2,25830,2612,N
20251030,M7731,41016902,20251030,41,11,08,41_9262407,1,570,41016902,20251030063116,4177510,20251030065323,4109162,0,01,2,34550,1327,N
20251030,M7731,41016902,20251030,41,11,08,41_9267495,1,570,41016902,20251030200303,4106836,20251030203747,4111588,1,01,4,24330,2084,N
20251030,M7731,41016902,20251030,41,41,08,41_9270733,2,570,41016902,20251030074436,4177637,20251030074835,4177448,0,01,4,3710,239,N
20251030,M7731,41016902,20251030,41,11,08,41_9327292,2,570,41016902,20251030210646,4106836,20251030214454,4111588,1,01,2,24330,2288,N
20251030,M7731,41016902,20251030,41,11,08,41_9327452,2,570,41016902,20251030170939,4177532,20251030174119,4111588,0,01,4,22980,1900,N
20251030,M7731,41016902,20251030,41,11,08,41_9354187,2,570,41016902,20251030222108,4107446,20251030230840,4111588,0,01,1,27870,2852,N
20251030,M7731,41016902,20251030,41,11,08,41_9365333,2,570,41016902,20251030090028,4177448,20251030092356,4111588,0,01,1,22120,1408,N
20251030,M7731,41016902,20251030,41,11,08,41_9396924,2,570,41016902,20251030193006,4106836,20251030200410,4111588,0,01,3,24330,2044,N
20251030,M7731,41016902,20251030,41,11,08,41_9412318,2,570,41016902,20251030210028,4177637,20251030214551,4111588,0,01,3,25830,2723,N
20251030,M7731,41016902,20251030,41,11,08,41_9415624,2,570,41016902,20251030084846,4106836,20251030091810,4111588,1,01,3,24330,1764,N
20251030,M7731,41016902,20251030,41,11,08,41_9416914,2,570,41016902,20251030061109,4177448,20251030065916,4109162,0,01,1,27170,2887,N
20251030,M7731,41016902,20251030,41,41,08,41_9435858,2,570,41016902,20251030233126,4106837,20251030235545,4177511,0,01,4,5180,1459,N
20251030,M7731,41016902,20251030,41,11,08,41_9440159,2,570,41016902,20251030111606,4177448,20251030114037,4111588,0,01,2,22120,1471,N
20251030,M7731,41016902,20251030,41,11,08,41_9452092,2,570,41016902,20251030094139,4177637,20251030101104,4111588,0,01,4,25830,1765,N
20251030,M7731,41016902,20251030,41,11,08,41_9463150,2,570,41016902,20251030172242,4177448,20251030174713,4111588,0,01,1,22120,1471,N
20251030,M7731,41016902,20251030,41,11,08,41_9507778,2,570,41016902,20251030172430,4106836,20251030175705,4111588,0,01,4,24330,1955,N
20251030,M7731,41016902,20251030,41,11,08,41_9511480,2,570,41016902,20251030143423,4110935,20251030150140,4111588,0,01,2,28710,1637,N
20251030,M7731,41016902,20251030,41,11,08,41_9530547,2,570,41016902,20251030062557,4177532,20251030065848,4111588,0,01,2,22980,1971,N
20251030,M7731,41016902,20251030,41,11,08,41_955081,1,570,41016902,20251030075114,4106836,20251030081515,4116126,0,01,2,25350,1441,N
20251030,M7731,41016902,20251030,41,11,08,41_9674083,1,570,41016902,20251030184725,4106836,20251030192115,4111588,0,01,4,24330,2030,N
20251030,M7731,41016902,20251030,41,11,08,41_9687829,1,570,41016902,20251030091901,4106836,20251030095612,4116126,0,01,1,25350,2231,N
20251030,M7731,41016902,20251030,41,11,08,41_9688113,2,570,41016902,20251030192541,4106836,20251030195641,4111588,0,01,2,24330,1860,N
20251030,M7731,41016902,20251030,41,41,08,41_970998,2,570,41016902,20251030150420,4177637,20251030151259,4177448,1,01,3,3710,519,N
20251030,M7731,41016902,20251030,41,11,08,41_9723654,2,570,41016902,20251030221242,4177532,20251030224335,4111588,0,01,3,22980,1853,N
20251030,M7731,41016902,20251030,41,41,08,41_9738528,2,570,41016902,20251030084730,4123056,20251030090916,4110869,0,01,3,4580,1306,N
20251030,M7731,41016902,20251030,41,11,08,41_974663,1,570,41016902,20251030064433,4177637,20251030080013,4111588,0,01,2,25830,4540,N
20251030,M7731,41016902,20251030,41,41,08,41_9759577,1,570,41016902,20251030224944,4123056,20251030230919,4107447,1,01,4,5480,1175,N
20251030,M7731,41016902,20251030,41,41,08,41_9759577,1,570,41016902,20251031010812,4123056,20251031013011,4107447,0,01,4,5480,1319,N
20251030,M7731,41016902,20251030,41,11,08,41_9777323,2,570,41016902,20251031001411,4177448,20251031005102,4116126,0,01,2,23140,2211,N
20251030,M7731,41016902,20251030,41,11,08,41_9786701,2,570,41016902,20251030150756,4106836,20251030155826,4111588,0,01,4,24330,3030,N
20251030,M7731,41016902,20251030,41,11,08,41_9813334,2,570,41016902,20251030121042,4177532,20251030124125,4111588,0,01,2,22980,1843,N
20251030,M7731,41016902,20251030,41,11,08,41_9866393,2,570,41016902,20251030181539,4177448,20251030184154,4116126,1,01,2,23140,1575,N
20251030,M7731,41016902,20251030,41,11,08,41_9890589,1,570,41016902,20251030121002,4177532,20251030124045,4111588,0,01,2,22980,1843,N
20251030,M7731,41016902,20251030,41,11,08,41_9895043,2,570,41016902,20251030222737,4106836,20251030225924,4111588,0,01,1,24330,1907,N
20251030,M7731,41016902,20251030,41,11,08,41_9934725,1,570,41016902,20251030142627,4107446,20251030145542,4116126,0,01,3,28890,1755,N
20251030,M7731,41016902,20251030,41,11,08,41_9941353,2,570,41016902,20251030191147,4107446,20251030193622,4116126,0,01,4,28890,1475,N
