query_date,query_route_no,query_route_id,opr_ymd,ride_ctpv_cd,goff_ctpv_cd,clcln_bzmn_id,vr_card_no,card_se_cd,clcln_bzmn_trfc_mns_cd,rte_id,ride_dt,ride_sttn_id,goff_dt,goff_sttn_id,trnf_cnt,users_type_cd,utztn_nope,utztn_dstnc,brdg_hr,msv_intrpl_yn
20251113,M7731,41016902,20251113,41,11,08,41_10004360,2,570,41016902,20251113060116,4177448,20251113063305,4111588,0,01,1,22120,1909,N
20251113,M7731,41016902,20251113,41,11,08,41_1002384,2,570,41016902,20251113113033,4177532,20251113120239,4111588,0,01,1,22980,1926,N
20251113,M7731,41016902,20251113,41,11,08,41_10026096,2,570,41016902,20251114000114,4177448,20251114002301,4116130,0,01,1,24380,1307,N
20251113,M7731,41016902,20251113,41,11,08,41_10036269,1,570,41016902,20251113113814,4177448,20251113120647,4111588,0,01,1,22120,1713,N
20251113,M7731,41016902,20251113,41,11,08,41_10065991,2,570,41016902,20251113205210,4106836,20251113212156,4109162,0,01,1,29380,1786,N
20251113,M7731,41016902,20251113,41,11,08,41_10071738,2,570,41016902,20251113093013,4106836,20251113101730,4111588,0,01,1,24330,2837,N
20251113,M7731,41016902,20251113,41,11,08,41_1008049,2,570,41016902,20251113135248,4177637,20251113143408,4116126,0,01,1,26850,2480,N
20251113,M7731,41016902,20251113,41,11,08,41_10174167,2,570,41016902,20251113073645,4177448,20251113083047,4111588,0,01,1,22120,3242,N
20251113,M7731,41016902,20251113,41,11,08,41_10176927,2,570,41016902,20251113073826,4177637,20251113083906,4111588,0,01,1,25830,3640,N
20251113,M7731,41016902,20251113,41,11,08,41_10189030,2,570,41016902,20251113070205,4106836,20251113074652,4111588,1,01,1,24330,2687,N
20251113,M7731,41016902,20251113,41,11,08,41_10195551,2,570,41016902,20251113054024,4106836,20251113061659,4111588,0,01,1,24330,2195,N
20251113,M7731,41016902,20251113,41,11,08,41_10214665,1,570,41016902,20251113201508,4110935,20251113204053,4111588,0,01,1,28710,1545,N
20251113,M7731,41016902,20251113,41,11,08,41_1021960,1,570,41016902,20251113124231,4177448,20251113132525,4111588,0,01,1,22120,2574,N
20251113,M7731,41016902,20251113,41,11,08,41_10223184,1,570,41016902,20251114002144,4177448,20251114004658,4116126,0,01,1,23140,1514,N
20251113,M7731,41016902,20251113,41,11,08,41_10269094,2,570,41016902,20251113180453,4177532,20251113184207,4111588,0,01,1,22980,2234,N
20251113,M7731,41016902,20251113,41,11,08,41_10289143,2,570,41016902,20251113104350,4177637,20251113110909,4111588,0,01,1,25830,1519,N
20251113,M7731,41016902,20251113,41,11,08,41_10299469,1,570,41016902,20251113122810,4177532,20251113130030,4111588,0,01,1,22980,1940,N
20251113,M7731,41016902,20251113,41,11,08,41_10314210,1,570,41016902,20251113064522,4177532,20251113070919,4111588,0,01,1,22980,1437,N
20251113,M7731,41016902,20251113,41,11,08,41_10338253,1,570,41016902,20251113074056,4177448,20251113080440,4111588,0,01,1,22120,1424,N
20251113,M7731,41016902,20251113,41,11,08,41_1034522,2,570,41016902,20251113121535,4106836,20251113130404,4111588,0,01,1,24330,2909,N
20251113,M7731,41016902,20251113,41,11,08,41_10367032,1,570,41016902,20251113114123,4177637,20251113122707,4111588,0,01,1,25830,2744,N
20251113,M7731,41016902,20251113,41,11,08,41_10372687,2,570,41016902,20251113175101,4106836,20251113182018,4111588,0,01,1,24330,1757,N
20251113,M7731,41016902,20251113,41,11,08,41_10396795,1,570,41016902,20251113064442,4177637,20251113073349,4111588,0,01,1,25830,2947,N
20251113,M7731,41016902,20251113,41,11,08,41_10433126,2,570,41016902,20251113061207,4177510,20251113072657,4111588,0,01,2,29500,4490,N
20251113,M7731,41016902,20251113,41,11,08,41_1049874,2,570,41016902,20251113123432,4177448,20251113131552,4116126,0,01,1,23140,2480,N
20251113,M7731,41016902,20251113,41,11,08,41_10516931,1,570,41016902,20251113052105,4177448,20251113055959,4109162,0,01,1,27170,2334,N
20251113,M7731,41016902,20251113,41,11,08,41_1052430,2,570,41016902,20251113113446,4107446,20251113121632,4111588,0,01,1,27870,2506,N
20251113,M7731,41016902,20251113,41,11,08,41_10529071,2,570,41016902,20251113070633,4106836,20251113082203,4116126,1,01,1,25350,4530,N
20251113,M7731,41016902,20251113,41,11,08,41_10536001,2,570,41016902,20251113181344,4177510,20251113190306,4116126,0,01,1,30520,2962,N
20251113,M7731,41016902,20251113,41,11,08,41_10545906,2,570,41016902,20251113073643,4177510,20251113082455,4116126,0,01,1,30520,2892,N
20251113,M7731,41016902,20251113,41,11,08,41_10552306,2,570,41016902,20251113171209,4177510,20251113181636,4111588,0,01,1,29500,3867,N
20251113,M7731,41016902,20251113,41,11,08,41_1056897,2,570,41016902,20251113081002,4177532,20251113085735,4111588,0,01,1,22980,2853,N
20251113,M7731,41016902,20251113,41,11,08,41_10572034,2,570,41016902,20251113121644,4106836,20251113124520,4111588,0,01,1,24330,1716,N
20251113,M7731,41016902,20251113,41,11,08,41_10572034,2,570,41016902,20251113152115,4106836,20251113154655,4111588,0,01,1,24330,1540,N
20251113,M7731,41016902,20251113,41,11,08,41_10572034,2,570,41016902,20251113213222,4106836,20251113221953,4111588,0,01,1,24330,2851,N
20251113,M7731,41016902,20251113,41,11,08,41_10574476,2,570,41016902,20251113181634,4177532,20251113190246,4111588,0,01,1,22980,2772,N
20251113,M7731,41016902,20251113,41,11,08,41_10578809,1,570,41016902,20251113213612,4106836,20251113225142,4116126,0,01,1,25350,4530,N
20251113,M7731,41016902,20251113,41,11,08,41_10621018,2,570,41016902,20251113131426,4177448,20251113134919,4111588,0,01,1,22120,2093,N
20251113,M7731,41016902,20251113,41,11,08,41_10640964,2,570,41016902,20251113062857,4177448,20251113071039,4111588,0,01,1,22120,2502,N
20251113,M7731,41016902,20251113,41,11,08,41_10644663,2,570,41016902,20251113091411,4106836,20251113094704,4111588,1,01,1,24330,1973,N
20251113,M7731,41016902,20251113,41,11,08,41_10650186,2,570,41016902,20251113180918,4106836,20251113183723,4116126,0,01,1,25350,1685,N
20251113,M7731,41016902,20251113,41,11,08,41_10650186,2,570,41016902,20251113213143,4106836,20251113215540,4116126,0,01,1,25350,1437,N
20251113,M7731,41016902,20251113,41,11,08,41_10657291,2,570,41016902,20251113045808,4177510,20251113060229,4111588,0,01,1,29500,3861,N
20251113,M7731,41016902,20251113,41,11,08,41_10676098,2,570,41016902,20251113150000,4177510,20251113155654,4111588,0,01,1,29500,3414,N
20251113,M7731,41016902,20251113,41,11,08,41_10704737,2,570,41016902,20251113144917,4106836,20251113153045,4116126,0,01,1,25350,2488,N
20251113,M7731,41016902,20251113,41,11,08,41_10725256,2,570,41016902,20251113062153,4177448,20251113071032,4109162,0,01,1,27170,2919,N
20251113,M7731,41016902,20251113,41,11,08,41_10735571,2,570,41016902,20251113085133,4177448,20251113095734,4111588,0,01,1,22120,3961,N
20251113,M7731,41016902,20251113,41,11,08,41_10753710,2,570,41016902,20251113171046,4106836,20251113175410,4111588,0,01,1,24330,2604,N
20251113,M7731,41016902,20251113,41,11,08,41_10790926,2,570,41016902,20251113144513,4177510,20251113151817,4116126,0,01,1,30520,1984,N
20251113,M7731,41016902,20251113,41,11,08,41_10796901,1,570,41016902,20251113163412,4107446,20251113170637,4111599,0,01,1,31810,1945,N
20251113,M7731,41016902,20251113,41,11,08,41_10808080,2,570,41016902,20251113123048,4177448,20251113130914,4116126,0,01,1,23140,2306,N
20251113,M7731,41016902,20251113,41,11,08,41_10813729,1,570,41016902,20251113192512,4106836,20251113200526,4111588,0,01,1,24330,2414,N
20251113,M7731,41016902,20251113,41,11,08,41_10842947,2,570,41016902,20251113065643,4177448,20251113074017,4111588,0,01,1,22120,2614,N
20251113,M7731,41016902,20251113,41,11,08,41_1085736,1,570,41016902,20251113080038,4106836,20251113084255,4111588,0,01,1,24330,2537,N
20251113,M7731,41016902,20251113,41,11,08,41_10872739,2,570,41016902,20251113110315,4177637,20251113114341,4116126,0,01,1,26850,2426,N
20251113,M7731,41016902,20251113,41,11,08,41_10898343,2,570,41016902,20251113121927,4177448,20251113124324,4111588,0,01,1,22120,1437,N
20251113,M7731,41016902,20251113,41,11,08,41_10898343,2,570,41016902,20251113171523,4177448,20251113175945,4111588,0,01,1,22120,2662,N
20251113,M7731,41016902,20251113,41,11,08,41_10976215,1,570,41016902,20251113163334,4177532,20251113170114,4111588,0,01,1,22980,1660,N
20251113,M7731,41016902,20251113,41,11,08,41_11031884,2,570,41016902,20251113194242,4106836,20251113201825,4111588,0,01,1,24330,2143,N
20251113,M7731,41016902,20251113,41,11,08,41_11067591,2,570,41016902,20251113123828,4177532,20251113131535,4111588,0,01,1,22980,2227,N
20251113,M7731,41016902,20251113,41,11,08,41_11123057,2,570,41016902,20251113144419,4177448,20251113151036,4116130,0,01,1,24380,1577,N
20251113,M7731,41016902,20251113,41,11,08,41_11137512,1,570,41016902,20251113092801,4177532,20251113095432,4111588,0,01,1,22980,1591,N
20251113,M7731,41016902,20251113,41,11,08,41_11157785,2,570,41016902,20251113144257,4177532,20251113151133,4111588,0,01,1,22980,1716,N
20251113,M7731,41016902,20251113,41,11,08,41_11158121,2,570,41016902,20251113154028,4177532,20251113160738,4116126,0,01,1,24000,1630,N
20251113,M7731,41016902,20251113,41,11,08,41_1116101,1,570,41016902,20251113111817,4177532,20251113115249,4111588,0,01,1,22980,2072,N
20251113,M7731,41016902,20251113,41,11,08,41_11162943,2,570,41016902,20251113083456,4177637,20251113085711,4116130,0,01,1,28090,1335,N
20251113,M7731,41016902,20251113,41,11,08,41_11162943,2,570,41016902,20251113142731,4177637,20251113145234,4116130,0,01,1,28090,1503,N
20251113,M7731,41016902,20251113,41,11,08,41_11191696,2,570,41016902,20251113193532,4177448,20251113200249,4111588,0,01,1,22120,1637,N
20251113,M7731,41016902,20251113,41,11,08,41_11194595,2,570,41016902,20251113144201,4177532,20251113150851,4116126,0,01,1,24000,1610,N
20251113,M7731,41016902,20251113,41,11,08,41_11201667,2,570,41016902,20251113121036,4106836,20251113125123,4111588,0,01,1,24330,2447,N
20251113,M7731,41016902,20251113,41,11,08,41_11223404,1,570,41016902,20251113120938,4106836,20251113124150,4111588,0,01,1,24330,1932,N
20251113,M7731,41016902,20251113,41,11,08,41_11226564,2,570,41016902,20251113182459,4177532,20251113191113,4116130,0,01,1,25240,2774,N
20251113,M7731,41016902,20251113,41,11,08,41_11231492,2,570,41016902,20251113075432,4177448,20251113081353,4111588,0,01,2,22120,1161,N
20251113,M7731,41016902,20251113,41,11,08,41_11236213,1,570,41016902,20251113164850,4177448,20251113172111,4111588,0,01,1,22120,1941,N
20251113,M7731,41016902,20251113,41,11,08,41_11275414,2,570,41016902,20251113171222,4177448,20251113173722,4111588,0,01,1,22120,1500,N
20251113,M7731,41016902,20251113,41,11,08,41_11303538,2,570,41016902,20251113082829,4110935,20251113093143,4111588,0,01,1,28710,3794,N
20251113,M7731,41016902,20251113,41,11,08,41_11311646,2,570,41016902,20251113061357,4177448,20251113070904,4109162,0,01,1,27170,3307,N
20251113,M7731,41016902,20251113,41,11,08,41_11351408,2,570,41016902,20251113064650,4177448,20251113070956,4111588,0,01,1,22120,1386,N
20251113,M7731,41016902,20251113,41,11,08,41_1135647,1,570,41016902,20251113113428,4177532,20251113115847,4116126,0,01,1,24000,1459,N
20251113,M7731,41016902,20251113,41,11,08,41_11359108,2,570,41016902,20251113065009,4177448,20251113071854,4111588,0,01,1,22120,1725,N
20251113,M7731,41016902,20251113,41,11,08,41_11440524,2,570,41016902,20251113070920,4177510,20251113073455,4111598,0,01,1,32790,1535,N
20251113,M7731,41016902,20251113,41,11,08,41_11454582,2,570,41016902,20251113220258,4106836,20251113230034,4116126,0,01,1,25350,3456,N
20251113,M7731,41016902,20251113,41,11,08,41_11467906,2,570,41016902,20251113192830,4106836,20251113195250,4111588,0,01,1,24330,1460,N
20251113,M7731,41016902,20251113,41,11,08,41_11477841,2,570,41016902,20251113074308,4106836,20251113081054,4116130,0,01,1,26590,1666,N
20251113,M7731,41016902,20251113,41,11,08,41_11486019,1,570,41016902,20251113055052,4106836,20251113062009,4111588,0,01,1,24330,1757,N
20251113,M7731,41016902,20251113,41,11,08,41_11490457,1,570,41016902,20251113181018,4106836,20251113184031,4116130,0,01,1,26590,1813,N
20251113,M7731,41016902,20251113,41,11,08,41_11514759,1,570,41016902,20251113052103,4177448,20251113054820,4111588,0,01,1,22120,1637,N
20251113,M7731,41016902,20251113,41,11,08,41_11524425,1,570,41016902,20251113091831,4106836,20251113101157,4116126,0,01,1,25350,3206,N
20251113,M7731,41016902,20251113,41,11,08,41_11524425,1,570,41016902,20251113111206,4106836,20251113120544,4116126,0,01,1,25350,3218,N
20251113,M7731,41016902,20251113,41,11,08,41_11588334,2,570,41016902,20251113133201,4106836,20251113135718,4111588,0,01,1,24330,1517,N
20251113,M7731,41016902,20251113,41,11,08,41_11588334,2,570,41016902,20251113161940,4106836,20251113170750,4111588,0,01,1,24330,2890,N
20251113,M7731,41016902,20251113,41,11,08,41_11597233,1,570,41016902,20251113070106,4110868,20251113074113,4116126,0,01,1,28000,2407,N
20251113,M7731,41016902,20251113,41,11,08,41_11635565,2,570,41016902,20251113105047,4177448,20251113112448,4111588,0,01,1,22120,2041,N
20251113,M7731,41016902,20251113,41,11,08,41_11641521,2,570,41016902,20251113194220,4106836,20251113202324,4116130,0,01,1,26590,2464,N
20251113,M7731,41016902,20251113,41,11,08,41_11647815,2,570,41016902,20251113100358,4177448,20251113104818,4111588,0,01,1,22120,2660,N
20251113,M7731,41016902,20251113,41,11,08,41_11664142,2,570,41016902,20251113215203,4106836,20251113224545,4116126,0,01,1,25350,3222,N
20251113,M7731,41016902,20251113,41,11,08,41_11669128,2,570,41016902,20251113105049,4177448,20251113113016,4116130,0,01,1,24380,2367,N
20251113,M7731,41016902,20251113,41,11,08,41_11687793,2,570,41016902,20251113232944,4106836,20251114001144,4116126,1,01,1,25350,2520,N
20251113,M7731,41016902,20251113,41,11,08,41_11731336,1,570,41016902,20251113110013,4177448,20251113113121,4111588,0,01,1,22120,1868,N
20251113,M7731,41016902,20251113,41,11,08,41_11768171,2,570,41016902,20251113122959,4106836,20251113130828,4111588,0,01,1,24330,2309,N
20251113,M7731,41016902,20251113,41,11,08,41_11768171,2,570,41016902,20251113213230,4106836,20251113215829,4111588,0,01,1,24330,1559,N
20251113,M7731,41016902,20251113,41,11,08,41_11801425,2,570,41016902,20251113102830,4110935,20251113110222,4111588,0,01,1,28710,2032,N
20251113,M7731,41016902,20251113,41,11,08,41_11801425,2,570,41016902,20251113112807,4110935,20251113120159,4111588,0,01,1,28710,2032,N
20251113,M7731,41016902,20251113,41,11,08,41_11818637,1,570,41016902,20251113120655,4177532,20251113125351,4116126,0,01,1,24000,2816,N
20251113,M7731,41016902,20251113,41,11,08,41_11829472,2,570,41016902,20251113151359,4106836,20251113160112,4111588,0,01,1,24330,2833,N
20251113,M7731,41016902,20251113,41,11,08,41_11845958,2,570,41016902,20251113075907,4177448,20251113083641,4111588,1,01,1,22120,2254,N
20251113,M7731,41016902,20251113,41,11,08,41_11874264,2,570,41016902,20251113163225,4106836,20251113171349,4111588,1,01,2,24330,2484,N
20251113,M7731,41016902,20251113,41,11,08,41_1196229,2,570,41016902,20251113062621,4177448,20251113065943,4111588,0,01,1,22120,2002,N
20251113,M7731,41016902,20251113,41,11,08,41_11975372,1,570,41016902,20251113063532,4177637,20251113073832,4111588,0,01,1,25830,3780,N
20251113,M7731,41016902,20251113,41,11,08,41_12015358,2,570,41016902,20251113084822,4177448,20251113101011,4111599,0,01,1,26060,4909,N
20251113,M7731,41016902,20251113,41,11,08,41_12022709,2,570,41016902,20251113084704,4177448,20251113092837,4116126,0,01,1,23140,2493,N
20251113,M7731,41016902,20251113,41,11,08,41_12044642,2,570,41016902,20251113131655,4177637,20251113141556,4111588,0,01,1,25830,3541,N
20251113,M7731,41016902,20251113,41,11,08,41_12046700,2,570,41016902,20251113181022,4177532,20251113184032,4116130,0,01,1,25240,1810,N
20251113,M7731,41016902,20251113,41,11,08,41_12069551,1,570,41016902,20251113141828,4106836,20251113150312,4111588,0,01,1,24330,2684,N
20251113,M7731,41016902,20251113,41,11,08,41_12094839,2,570,41016902,20251113162501,4177448,20251113165908,4111588,0,01,1,22120,2047,N
20251113,M7731,41016902,20251113,41,11,08,41_1210151,2,570,41016902,20251113134239,4177532,20251113141203,4111588,0,01,1,22980,1764,N
20251113,M7731,41016902,20251113,41,11,08,41_12110153,2,570,41016902,20251113173834,4106836,20251113181334,4116126,0,01,1,25350,2100,N
20251113,M7731,41016902,20251113,41,11,08,41_12131369,1,570,41016902,20251113114642,4106836,20251113121910,4116126,0,01,1,25350,1948,N
20251113,M7731,41016902,20251113,41,11,08,41_12144624,1,570,41016902,20251113080441,4106836,20251113090158,4116130,0,01,1,26590,3437,N
20251113,M7731,41016902,20251113,41,11,08,41_12144624,1,570,41016902,20251113115443,4106836,20251113122705,4116130,0,01,1,26590,1942,N
20251113,M7731,41016902,20251113,41,11,08,41_12170791,2,570,41016902,20251113104240,4106836,20251113111304,4111588,0,01,1,24330,1824,N
20251113,M7731,41016902,20251113,41,11,08,41_1218096,2,570,41016902,20251113133649,4177532,20251113140532,4116126,0,01,1,24000,1723,N
20251113,M7731,41016902,20251113,41,11,08,41_12192091,2,570,41016902,20251113090843,4106836,20251113101104,4111588,2,01,1,24330,3741,N
20251113,M7731,41016902,20251113,41,11,08,41_12195545,2,570,41016902,20251113054620,4110868,20251113061949,4111588,0,01,1,26980,2009,N
20251113,M7731,41016902,20251113,41,11,08,41_12233045,2,570,41016902,20251113102802,4177637,20251113110129,4111588,0,01,1,25830,2007,N
20251113,M7731,41016902,20251113,41,11,08,41_12349468,2,570,41016902,20251113152116,4177637,20251113155845,4111598,0,01,1,29120,2249,N
20251113,M7731,41016902,20251113,41,11,08,41_12351516,2,570,41016902,20251113164614,4106836,20251113171255,4116126,1,01,1,25350,1601,N
20251113,M7731,41016902,20251113,41,11,08,41_12363661,1,570,41016902,20251113231832,4177448,20251113234506,4111588,0,01,1,22120,1594,N
20251113,M7731,41016902,20251113,41,11,08,41_12363661,1,570,41016902,20251114003259,4177448,20251114005716,4111588,0,01,1,22120,1457,N
20251113,M7731,41016902,20251113,41,11,08,41_12372128,2,570,41016902,20251113084650,4110935,20251113095435,4111588,0,01,1,28710,4065,N
20251113,M7731,41016902,20251113,41,11,08,41_12377285,2,570,41016902,20251113220347,4177448,20251113223520,4111588,0,01,1,22120,1893,N
20251113,M7731,41016902,20251113,41,11,08,41_12380352,2,570,41016902,20251113182833,4177532,20251113185704,4111588,0,01,1,22980,1711,N
20251113,M7731,41016902,20251113,41,11,08,41_12384270,2,570,41016902,20251113165216,4106836,20251113173726,4111588,0,01,1,24330,2710,N
20251113,M7731,41016902,20251113,41,11,08,41_12384837,2,570,41016902,20251113165324,4106836,20251113173743,4111588,0,01,1,24330,2659,N
20251113,M7731,41016902,20251113,41,11,08,41_12405907,2,570,41016902,20251113074555,4177448,20251113082955,4111588,0,01,1,22120,2640,N
20251113,M7731,41016902,20251113,41,11,08,41_12407531,2,570,41016902,20251113045849,4106836,20251113053230,4116126,1,01,1,25350,2021,N
20251113,M7731,41016902,20251113,41,11,08,41_12407531,2,570,41016902,20251113114905,4106836,20251113123856,4116126,1,01,1,25350,2991,N
20251113,M7731,41016902,20251113,41,11,08,41_1240957,1,570,41016902,20251113081659,4177532,20251113085719,4111588,0,01,1,22980,2420,N
20251113,M7731,41016902,20251113,41,11,08,41_12410842,1,570,41016902,20251113150304,4177637,20251113153600,4116126,0,01,1,26850,1976,N
20251113,M7731,41016902,20251113,41,11,08,41_12410915,2,570,41016902,20251113145546,4177532,20251113152343,4111588,0,01,1,22980,1677,N
20251113,M7731,41016902,20251113,41,11,08,41_12414495,2,570,41016902,20251113060946,4177448,20251113064519,4111599,0,01,1,26060,2133,N
20251113,M7731,41016902,20251113,41,11,08,41_12450891,1,570,41016902,20251113123731,4177637,20251113131136,4111588,0,01,1,25830,2045,N
20251113,M7731,41016902,20251113,41,11,08,41_12467930,2,570,41016902,20251113203637,4177532,20251113211355,4111588,0,01,1,22980,2238,N
20251113,M7731,41016902,20251113,41,11,08,41_12475859,1,570,41016902,20251113070512,4177510,20251113080931,4111588,0,01,1,29500,3859,N
20251113,M7731,41016902,20251113,41,11,08,41_12486490,2,570,41016902,20251113170652,4106836,20251113174658,4111588,0,01,2,24330,2406,N
20251113,M7731,41016902,20251113,41,11,08,41_12488009,2,570,41016902,20251113170838,4106836,20251113173908,4111588,0,01,1,24330,1830,N
20251113,M7731,41016902,20251113,41,11,08,41_12497309,2,570,41016902,20251113190103,4106836,20251113193943,4111588,0,01,1,24330,2320,N
20251113,M7731,41016902,20251113,41,11,08,41_12501812,2,570,41016902,20251113164937,4106836,20251113171909,4116130,0,01,1,26590,1772,N
20251113,M7731,41016902,20251113,41,11,08,41_12501812,2,570,41016902,20251113193420,4106836,20251113200452,4116130,0,01,1,26590,1832,N
20251113,M7731,41016902,20251113,41,11,08,41_12501812,2,570,41016902,20251113211536,4106836,20251113214414,4116130,0,01,1,26590,1718,N
20251113,M7731,41016902,20251113,41,11,08,41_12522551,2,570,41016902,20251113082317,4177510,20251113085325,4111598,0,01,1,32790,1808,N
20251113,M7731,41016902,20251113,41,11,08,41_12525191,2,570,41016902,20251113151439,4177532,20251113154210,4111588,0,01,1,22980,1651,N
20251113,M7731,41016902,20251113,41,11,08,41_12527618,2,570,41016902,20251113192738,4106836,20251113202150,4111588,0,01,1,24330,3252,N
20251113,M7731,41016902,20251113,41,11,08,41_12548870,2,570,41016902,20251113153137,4106836,20251113160114,4116130,1,01,1,26590,1777,N
20251113,M7731,41016902,20251113,41,11,08,41_12549366,1,570,41016902,20251113112834,4177510,20251113120041,4116126,0,01,1,30520,1927,N
20251113,M7731,41016902,20251113,41,11,08,41_12558523,2,570,41016902,20251113104725,4106836,20251113112652,4116126,1,01,1,25350,2367,N
20251113,M7731,41016902,20251113,41,11,08,41_12572045,2,570,41016902,20251113132552,4177448,20251113135847,4111588,0,01,1,22120,1975,N
20251113,M7731,41016902,20251113,41,11,08,41_12583061,2,570,41016902,20251113152700,4106836,20251113155743,4111588,1,01,1,24330,1843,N
20251113,M7731,41016902,20251113,41,11,08,41_12604515,2,570,41016902,20251113072051,4177510,20251113075812,4111588,0,01,1,29500,2241,N
20251113,M7731,41016902,20251113,41,11,08,41_12617932,2,570,41016902,20251113061828,4177510,20251113070410,4111598,0,01,1,32790,2742,N
20251113,M7731,41016902,20251113,41,11,08,41_12617932,2,570,41016902,20251113072047,4177510,20251113075551,4111598,0,01,1,32790,2104,N
20251113,M7731,41016902,20251113,41,11,08,41_12617932,2,570,41016902,20251113101146,4177510,20251113104416,4111598,0,01,1,32790,1950,N
20251113,M7731,41016902,20251113,41,11,08,41_12649785,2,570,41016902,20251113121756,4177637,20251113125048,4111599,0,01,1,29770,1972,N
20251113,M7731,41016902,20251113,41,11,08,41_12650768,2,570,41016902,20251113173836,4177532,20251113181316,4116126,0,01,1,24000,2080,N
20251113,M7731,41016902,20251113,41,11,08,41_12681576,2,570,41016902,20251113182037,4177448,20251113184504,4111588,0,01,1,22120,1467,N
20251113,M7731,41016902,20251113,41,11,08,41_12696295,2,570,41016902,20251113173509,4177532,20251113180822,4111588,0,01,1,22980,1993,N
20251113,M7731,41016902,20251113,41,11,08,41_12702482,2,570,41016902,20251113150016,4177448,20251113152909,4116126,1,01,1,23140,1733,N
20251113,M7731,41016902,20251113,41,11,08,41_12845513,2,570,41016902,20251113102720,4177637,20251113110910,4111588,0,01,1,25830,2510,N
20251113,M7731,41016902,20251113,41,11,08,41_12907270,1,570,41016902,20251113162611,4177448,20251113165604,4116126,0,01,1,23140,1793,N
20251113,M7731,41016902,20251113,41,11,08,41_12907270,1,570,41016902,20251113183938,4177448,20251113190749,4111588,0,01,1,22120,1691,N
20251113,M7731,41016902,20251113,41,11,08,41_12927132,2,570,41016902,20251113114043,4177532,20251113120245,4116126,0,01,1,24000,1322,N
20251113,M7731,41016902,20251113,41,11,08,41_12931892,2,570,41016902,20251113112358,4106836,20251113121149,4116126,1,01,1,25350,2871,N
20251113,M7731,41016902,20251113,41,11,08,41_12933196,1,570,41016902,20251113113609,4177532,20251113120610,4111588,0,01,1,22980,1801,N
20251113,M7731,41016902,20251113,41,11,08,41_12940657,2,570,41016902,20251113173814,4177532,20251113181858,4111588,0,01,1,22980,2444,N
20251113,M7731,41016902,20251113,41,11,08,41_12945776,2,570,41016902,20251113161912,4177448,20251113165759,4111588,0,01,1,22120,2327,N
20251113,M7731,41016902,20251113,41,11,08,41_12971353,2,570,41016902,20251113060403,4177637,20251113064058,4111588,0,01,1,25830,2215,N
20251113,M7731,41016902,20251113,41,11,08,41_12992926,2,570,41016902,20251113162626,4177448,20251113165348,4111588,0,01,1,22120,1642,N
20251113,M7731,41016902,20251113,41,11,08,41_13032862,1,570,41016902,20251113183453,4177532,20251113191030,4116130,0,01,1,25240,2137,N
20251113,M7731,41016902,20251113,41,11,08,41_13066879,2,570,41016902,20251113160239,4177532,20251113163300,4111588,0,01,1,22980,1821,N
20251113,M7731,41016902,20251113,41,11,08,41_13090280,2,570,41016902,20251113071706,4107446,20251113075547,4111588,0,01,1,27870,2321,N
20251113,M7731,41016902,20251113,41,11,08,41_13136778,1,570,41016902,20251113124211,4110935,20251113131645,4111588,0,01,1,28710,2074,N
20251113,M7731,41016902,20251113,41,11,08,41_13202864,2,570,41016902,20251113090441,4106836,20251113094137,4116126,0,01,1,25350,2216,N
20251113,M7731,41016902,20251113,41,11,08,41_13243728,2,570,41016902,20251113072535,4177637,20251113074845,4111588,0,01,1,25830,1390,N
20251113,M7731,41016902,20251113,41,11,08,41_13251052,2,570,41016902,20251113180156,4177532,20251113183005,4111588,0,01,1,22980,1689,N
20251113,M7731,41016902,20251113,41,11,08,41_13295512,2,570,41016902,20251113180145,4177532,20251113182450,4116130,0,01,1,25240,1385,N
20251113,M7731,41016902,20251113,41,11,08,41_1334088,1,570,41016902,20251113074153,4177448,20251113083022,4116126,0,01,1,23140,2909,N
20251113,M7731,41016902,20251113,41,11,08,41_13355334,2,570,41016902,20251113082315,4177510,20251113085726,4111588,0,01,1,29500,2051,N
20251113,M7731,41016902,20251113,41,11,08,41_1338293,2,570,41016902,20251113102152,4177510,20251113105301,4111588,0,01,1,29500,1869,N
20251113,M7731,41016902,20251113,41,11,08,41_13436683,2,570,41016902,20251113063317,4106836,20251113075921,4111588,0,01,1,24330,5164,N
20251113,M7731,41016902,20251113,41,11,08,41_13445387,2,570,41016902,20251113184614,4106836,20251113191905,4111588,1,01,1,24330,1971,N
20251113,M7731,41016902,20251113,41,11,08,41_13445529,2,570,41016902,20251113175417,4106836,20251113185441,4116126,0,01,1,25350,3624,N
20251113,M7731,41016902,20251113,41,11,08,41_13449011,2,570,41016902,20251113162345,4106836,20251113165133,4111588,0,01,1,24330,1668,N
20251113,M7731,41016902,20251113,41,11,08,41_13449011,2,570,41016902,20251113175553,4106836,20251113190018,4111588,0,01,1,24330,3865,N
20251113,M7731,41016902,20251113,41,11,08,41_13449011,2,570,41016902,20251113211847,4106836,20251113215638,4111588,0,01,1,24330,2271,N
20251113,M7731,41016902,20251113,41,11,08,41_13478539,2,570,41016902,20251113154211,4106836,20251113161904,4111588,0,01,1,24330,2213,N
20251113,M7731,41016902,20251113,41,11,08,41_13500536,1,570,41016902,20251113083444,4177448,20251113090143,4116130,0,01,1,24380,1619,N
20251113,M7731,41016902,20251113,41,11,08,41_1351752,2,570,41016902,20251113094633,4106836,20251113101603,4111588,0,01,1,24330,1770,N
20251113,M7731,41016902,20251113,41,11,08,41_13523825,2,570,41016902,20251113063146,4106836,20251113071430,4111588,0,01,1,24330,2564,N
20251113,M7731,41016902,20251113,41,11,08,41_13532425,2,570,41016902,20251113100453,4107446,20251113105627,4111588,0,01,1,27870,3094,N
20251113,M7731,41016902,20251113,41,11,08,41_13535382,2,570,41016902,20251113095027,4177637,20251113101740,4111588,0,01,1,25830,1633,N
20251113,M7731,41016902,20251113,41,11,08,41_13581772,2,570,41016902,20251113125436,4106836,20251113134724,4111588,0,01,1,24330,3168,N
20251113,M7731,41016902,20251113,41,11,08,41_13593257,2,570,41016902,20251113064230,4177448,20251113072042,4111588,0,01,1,22120,2292,N
20251113,M7731,41016902,20251113,41,11,08,41_13642025,2,570,41016902,20251113082738,4177448,20251113085607,4116126,1,01,1,23140,1709,N
20251113,M7731,41016902,20251113,41,11,08,41_13644216,2,570,41016902,20251113181806,4177532,20251113190024,4111588,0,01,1,22980,2538,N
20251113,M7731,41016902,20251113,41,11,08,41_13669847,2,570,41016902,20251113061659,4177448,20251113064741,4111588,1,01,1,22120,1842,N
20251113,M7731,41016902,20251113,41,11,08,41_13680312,1,570,41016902,20251113172029,4177448,20251113175517,4111588,0,01,1,22120,2088,N
20251113,M7731,41016902,20251113,41,11,08,41_13695293,2,570,41016902,20251113140542,4177448,20251113142708,4111588,0,01,1,22120,1286,N
20251113,M7731,41016902,20251113,41,11,08,41_13709892,1,570,41016902,20251113070701,4106836,20251113074556,4111588,0,01,1,24330,2335,N
20251113,M7731,41016902,20251113,41,11,08,41_13718069,2,570,41016902,20251113080928,4106836,20251113085447,4116126,0,01,1,25350,2719,N
20251113,M7731,41016902,20251113,41,11,08,41_13725076,2,570,41016902,20251113162921,4177448,20251113171653,4111588,0,01,1,22120,2852,N
20251113,M7731,41016902,20251113,41,11,08,41_13751312,2,570,41016902,20251113202913,4106836,20251113211702,4116126,0,01,2,25350,2869,N
20251113,M7731,41016902,20251113,41,11,08,41_13752965,2,570,41016902,20251113212045,4177448,20251113220628,4111588,0,01,1,22120,2743,N
20251113,M7731,41016902,20251113,41,11,08,41_13762143,1,570,41016902,20251113153505,4106836,20251113163934,4111588,0,01,1,24330,3869,N
20251113,M7731,41016902,20251113,41,11,08,41_13843156,2,570,41016902,20251113062347,4110868,20251113071034,4111588,0,01,1,26980,2807,N
20251113,M7731,41016902,20251113,41,11,08,41_13903094,2,570,41016902,20251114003515,4177448,20251114005328,4116126,0,01,1,23140,1093,N
20251113,M7731,41016902,20251113,41,11,08,41_13925916,2,570,41016902,20251113162216,4106836,20251113170738,4116126,0,01,1,25350,2722,N
20251113,M7731,41016902,20251113,41,11,08,41_13925916,2,570,41016902,20251113202112,4106836,20251113205812,4116126,0,01,1,25350,2220,N
20251113,M7731,41016902,20251113,41,11,08,41_13925916,2,570,41016902,20251113230031,4106836,20251113232120,4116126,0,01,1,25350,1249,N
20251113,M7731,41016902,20251113,41,11,08,41_13941892,2,570,41016902,20251113130646,4106836,20251113134450,4111588,0,01,1,24330,2284,N
20251113,M7731,41016902,20251113,41,11,08,41_13948321,2,570,41016902,20251113110536,4106836,20251113115606,4116130,0,01,1,26590,3030,N
20251113,M7731,41016902,20251113,41,11,08,41_13969329,2,570,41016902,20251113162527,4177448,20251113171049,4116126,0,01,1,23140,2722,N
20251113,M7731,41016902,20251113,41,11,08,41_13996122,2,570,41016902,20251113162016,4177448,20251113170538,4116126,0,01,1,23140,2722,N
20251113,M7731,41016902,20251113,41,11,08,41_14007650,2,570,41016902,20251113170545,4106836,20251113175346,4116126,0,01,1,25350,2881,N
20251113,M7731,41016902,20251113,41,11,08,41_14007650,2,570,41016902,20251113180339,4106836,20251113183705,4116126,0,01,1,25350,2006,N
20251113,M7731,41016902,20251113,41,11,08,41_14028867,1,570,41016902,20251113180323,4177637,20251113183844,4111588,0,01,1,25830,2121,N
20251113,M7731,41016902,20251113,41,11,08,41_1405860,2,570,41016902,20251113080538,4177448,20251113083808,4116126,0,01,1,23140,1950,N
20251113,M7731,41016902,20251113,41,11,08,41_14079793,2,570,41016902,20251113180844,4177637,20251113184643,4116126,0,01,1,26850,2279,N
20251113,M7731,41016902,20251113,41,11,08,41_14147533,2,570,41016902,20251113121915,4177448,20251113125522,4116126,0,01,1,23140,2167,N
20251113,M7731,41016902,20251113,41,11,08,41_14173965,2,570,41016902,20251113212706,4177532,20251113220309,4111588,0,01,1,22980,2163,N
20251113,M7731,41016902,20251113,41,11,08,41_14183714,2,570,41016902,20251113121822,4177448,20251113125429,4116126,0,01,1,23140,2167,N
20251113,M7731,41016902,20251113,41,11,08,41_14199397,2,570,41016902,20251113203038,4177532,20251113210827,4116126,0,01,1,24000,2269,N
20251113,M7731,41016902,20251113,41,11,08,41_1420170,2,570,41016902,20251113091932,4106836,20251113100745,4111588,1,01,1,24330,2893,N
20251113,M7731,41016902,20251113,41,11,08,41_14220444,2,570,41016902,20251113204955,4177448,20251113213616,4111588,0,01,1,22120,2781,N
20251113,M7731,41016902,20251113,41,11,08,41_14257521,2,570,41016902,20251113100643,4177448,20251113105255,4111588,0,01,1,22120,2772,N
20251113,M7731,41016902,20251113,41,11,08,41_14307555,1,570,41016902,20251113124003,4177448,20251113130550,4111588,0,01,1,22120,1547,N
20251113,M7731,41016902,20251113,41,11,08,41_14324393,2,570,41016902,20251113153905,4177448,20251113160955,4111588,0,01,1,22120,1850,N
20251113,M7731,41016902,20251113,41,11,08,41_14341709,2,570,41016902,20251113141636,4107446,20251113151737,4116130,0,01,1,30130,3661,N
20251113,M7731,41016902,20251113,41,11,08,41_1444056,2,570,41016902,20251113140402,4106836,20251113143407,4111588,0,01,1,24330,1805,N
20251113,M7731,41016902,20251113,41,11,08,41_1444056,2,570,41016902,20251113190022,4106836,20251113194911,4111588,0,01,1,24330,2929,N
20251113,M7731,41016902,20251113,41,11,08,41_14475744,2,570,41016902,20251113080531,4110868,20251113084012,4111588,0,01,1,26980,2081,N
20251113,M7731,41016902,20251113,41,11,08,41_14498426,1,570,41016902,20251113210714,4177532,20251113213043,4111588,0,01,1,22980,1409,N
20251113,M7731,41016902,20251113,41,11,08,41_14542730,1,570,41016902,20251113144307,4106836,20251113150145,4116126,1,01,1,25350,1118,N
20251113,M7731,41016902,20251113,41,11,08,41_14566683,2,570,41016902,20251113202448,4106836,20251113211027,4111588,0,01,1,24330,2739,N
20251113,M7731,41016902,20251113,41,11,08,41_14583687,2,570,41016902,20251113143519,4106836,20251113150915,4111588,1,01,1,24330,2036,N
20251113,M7731,41016902,20251113,41,11,08,41_14587324,1,570,41016902,20251113065030,4110868,20251113072204,4111588,0,01,1,26980,1894,N
20251113,M7731,41016902,20251113,41,11,08,41_1459990,2,570,41016902,20251113191256,4106836,20251113195754,4116126,0,01,1,25350,2698,N
20251113,M7731,41016902,20251113,41,11,08,41_14608388,1,570,41016902,20251113185445,4106836,20251113193047,4111588,0,01,1,24330,2162,N
20251113,M7731,41016902,20251113,41,11,08,41_14608388,1,570,41016902,20251113203651,4106836,20251113212734,4111588,0,01,1,24330,3043,N
20251113,M7731,41016902,20251113,41,11,08,41_14608388,1,570,41016902,20251113220336,4106836,20251113223957,4111588,0,01,1,24330,2181,N
20251113,M7731,41016902,20251113,41,11,08,41_14625315,1,570,41016902,20251113200841,4177532,20251113204407,4116126,0,01,1,24000,2126,N
20251113,M7731,41016902,20251113,41,11,08,41_14649959,2,570,41016902,20251113085310,4177448,20251113092736,4111588,0,01,1,22120,2066,N
20251113,M7731,41016902,20251113,41,11,08,41_14666674,2,570,41016902,20251113200841,4177532,20251113203635,4111588,0,01,1,22980,1674,N
20251113,M7731,41016902,20251113,41,11,08,41_14672600,2,570,41016902,20251113091457,4177448,20251113100650,4116126,0,01,1,23140,3113,N
20251113,M7731,41016902,20251113,41,11,08,41_14687548,2,570,41016902,20251113221831,4106836,20251113225932,4116126,0,01,1,25350,2461,N
20251113,M7731,41016902,20251113,41,11,08,41_14688163,2,570,41016902,20251113074147,4177448,20251113081601,4111598,0,01,1,25410,2054,N
20251113,M7731,41016902,20251113,41,11,08,41_14713086,1,570,41016902,20251113071316,4177510,20251113082623,4111588,0,01,1,29500,4387,N
20251113,M7731,41016902,20251113,41,11,08,41_14719534,2,570,41016902,20251113052647,4110935,20251113060447,4116130,0,01,1,30970,2280,N
20251113,M7731,41016902,20251113,41,11,08,41_14730674,2,570,41016902,20251113130521,4106836,20251113134021,4111588,1,01,1,24330,2100,N
20251113,M7731,41016902,20251113,41,11,08,41_14782267,1,570,41016902,20251113193104,4106836,20251113201345,4111588,0,01,1,24330,2561,N
20251113,M7731,41016902,20251113,41,11,08,41_14782267,1,570,41016902,20251113210024,4106836,20251113215448,4111588,0,01,1,24330,3264,N
20251113,M7731,41016902,20251113,41,11,08,41_14782267,1,570,41016902,20251113225121,4106836,20251113233015,4111588,0,01,1,24330,2334,N
20251113,M7731,41016902,20251113,41,11,08,41_14788556,2,570,41016902,20251113181338,4177448,20251113185117,4111588,0,01,1,22120,2259,N
20251113,M7731,41016902,20251113,41,11,08,41_14802895,1,570,41016902,20251113170320,4177532,20251113175159,4116126,0,01,1,24000,2919,N
20251113,M7731,41016902,20251113,41,11,08,41_14812804,2,570,41016902,20251113140719,4177532,20251113143644,4111588,0,01,1,22980,1765,N
20251113,M7731,41016902,20251113,41,11,08,41_1481976,2,570,41016902,20251113134154,4177448,20251113141904,4111598,0,01,1,25410,2230,N
20251113,M7731,41016902,20251113,41,11,08,41_14820285,2,570,41016902,20251113212917,4106836,20251113220326,4111599,0,01,1,28270,2049,N
20251113,M7731,41016902,20251113,41,11,08,41_14844192,2,570,41016902,20251113140346,4106836,20251113143311,4116126,1,01,1,25350,1765,N
20251113,M7731,41016902,20251113,41,11,08,41_14884464,2,570,41016902,20251113202708,4177448,20251113210026,4111588,1,01,1,22120,1998,N
20251113,M7731,41016902,20251113,41,11,08,41_14930654,1,570,41016902,20251113133620,4177532,20251113140929,4111588,0,01,1,22980,1989,N
20251113,M7731,41016902,20251113,41,11,08,41_14933006,2,570,41016902,20251113172225,4177532,20251113173753,4116126,0,01,1,24000,928,N
20251113,M7731,41016902,20251113,41,11,08,41_14933623,2,570,41016902,20251113171153,4177532,20251113172721,4116126,0,01,1,24000,928,N
20251113,M7731,41016902,20251113,41,11,08,41_14938453,2,570,41016902,20251113171153,4177532,20251113172721,4116126,0,01,1,24000,928,N
20251113,M7731,41016902,20251113,41,11,08,41_14970129,2,570,41016902,20251113084941,4106836,20251113093237,4111588,0,01,1,24330,2576,N
20251113,M7731,41016902,20251113,41,11,08,41_15021706,1,570,41016902,20251113113612,4177510,20251113120633,4111588,0,01,1,29500,1821,N
20251113,M7731,41016902,20251113,41,11,08,41_15028678,2,570,41016902,20251113130140,4177448,20251113133004,4111588,0,01,1,22120,1704,N
20251113,M7731,41016902,20251113,41,11,08,41_15032307,2,570,41016902,20251113173344,4177510,20251113180817,4111588,0,01,1,29500,2073,N
20251113,M7731,41016902,20251113,41,11,08,41_15059976,2,570,41016902,20251113203306,4106836,20251113212740,4111588,0,01,1,24330,3274,N
20251113,M7731,41016902,20251113,41,11,08,41_15070167,2,570,41016902,20251113140424,4177532,20251113143558,4111588,0,01,1,22980,1894,N
20251113,M7731,41016902,20251113,41,11,08,41_15080190,1,570,41016902,20251113141748,4177448,20251113144612,4111588,0,01,1,22120,1704,N
20251113,M7731,41016902,20251113,41,11,08,41_15083075,1,570,41016902,20251113201443,4106836,20251113205218,4111588,0,01,1,24330,2255,N
20251113,M7731,41016902,20251113,41,11,08,41_15102101,2,570,41016902,20251113083654,4177532,20251113092425,4111588,1,01,1,22980,2851,N
20251113,M7731,41016902,20251113,41,11,08,41_15179627,2,570,41016902,20251113142924,4106836,20251113150829,4111598,0,01,1,27620,2345,N
20251113,M7731,41016902,20251113,41,11,08,41_15195864,2,570,41016902,20251113122455,4106836,20251113130341,4116126,0,01,1,25350,2326,N
20251113,M7731,41016902,20251113,41,11,08,41_15195864,2,570,41016902,20251113173121,4106836,20251113175826,4116126,0,01,1,25350,1625,N
20251113,M7731,41016902,20251113,41,11,08,41_15229202,2,570,41016902,20251113065820,4177448,20251113073520,4111588,0,01,1,22120,2220,N
20251113,M7731,41016902,20251113,41,11,08,41_15238822,2,570,41016902,20251113141214,4106836,20251113144206,4116126,0,01,1,25350,1792,N
20251113,M7731,41016902,20251113,41,11,08,41_15238822,2,570,41016902,20251113184334,4106836,20251113192150,4116126,0,01,1,25350,2296,N
20251113,M7731,41016902,20251113,41,11,08,41_15252238,2,570,41016902,20251113100027,4110935,20251113103025,4111598,0,01,1,32000,1798,N
20251113,M7731,41016902,20251113,41,11,08,41_15266720,2,570,41016902,20251113065817,4177448,20251113073517,4111588,0,01,1,22120,2220,N
20251113,M7731,41016902,20251113,41,11,08,41_15285575,2,570,41016902,20251113065138,4177448,20251113072704,4116126,0,01,1,23140,2126,N
20251113,M7731,41016902,20251113,41,11,08,41_15294346,2,570,41016902,20251113162257,4177448,20251113165341,4116126,0,01,1,23140,1844,N
20251113,M7731,41016902,20251113,41,11,08,41_15311466,2,570,41016902,20251113052249,4177510,20251113054535,4111588,0,01,1,29500,1366,N
20251113,M7731,41016902,20251113,41,11,08,41_15324417,2,570,41016902,20251113173331,4106836,20251113181021,4116130,0,01,1,26590,2210,N
20251113,M7731,41016902,20251113,41,11,08,41_15359655,2,570,41016902,20251113091151,4177448,20251113094608,4116126,0,01,1,23140,2057,N
20251113,M7731,41016902,20251113,41,11,08,41_1542889,2,570,41016902,20251113115155,4177448,20251113121937,4111588,0,01,1,22120,1662,N
20251113,M7731,41016902,20251113,41,11,08,41_1544161,2,570,41016902,20251113124915,4106836,20251113134527,4116126,1,01,1,25350,3372,N
20251113,M7731,41016902,20251113,41,11,08,41_1544161,2,570,41016902,20251113164851,4106836,20251113173440,4116126,1,01,1,25350,2749,N
20251113,M7731,41016902,20251113,41,11,08,41_15444892,1,570,41016902,20251113161243,4106836,20251113165507,4116126,1,01,1,25350,2544,N
20251113,M7731,41016902,20251113,41,11,08,41_15449850,1,570,41016902,20251113073601,4107446,20251113075443,4111588,0,01,1,27870,1122,N
20251113,M7731,41016902,20251113,41,11,08,41_15498211,1,570,41016902,20251113083339,4177448,20251113085429,4116126,0,01,1,23140,1250,N
20251113,M7731,41016902,20251113,41,11,08,41_15531071,2,570,41016902,20251113074015,4106836,20251113082110,4116130,1,01,1,26590,2455,N
20251113,M7731,41016902,20251113,41,11,08,41_15553014,2,570,41016902,20251113193254,4106836,20251113202016,4111588,0,01,1,24330,2842,N
20251113,M7731,41016902,20251113,41,11,08,41_15591537,1,570,41016902,20251113160005,4106836,20251113163350,4111588,0,01,1,24330,2025,N
20251113,M7731,41016902,20251113,41,11,08,41_15594731,2,570,41016902,20251113083040,4177448,20251113085540,4111588,0,01,1,22120,1500,N
20251113,M7731,41016902,20251113,41,11,08,41_15623464,2,570,41016902,20251113233335,4106836,20251114001818,4116126,0,01,1,25350,2683,N
20251113,M7731,41016902,20251113,41,11,08,41_15629908,2,570,41016902,20251113070927,4106836,20251113074104,4111588,0,01,1,24330,1897,N
20251113,M7731,41016902,20251113,41,11,08,41_15634670,2,570,41016902,20251113224248,4110868,20251113232453,4111588,0,01,1,26980,2525,N
20251113,M7731,41016902,20251113,41,11,08,41_15640067,2,570,41016902,20251113141922,4177532,20251113145243,4111588,0,01,1,22980,2001,N
20251113,M7731,41016902,20251113,41,11,08,41_15646107,2,570,41016902,20251113113542,4106836,20251113121545,4116126,0,01,1,25350,2403,N
20251113,M7731,41016902,20251113,41,11,08,41_1566464,2,570,41016902,20251113152427,4177532,20251113155345,4111588,0,01,1,22980,1758,N
20251113,M7731,41016902,20251113,41,11,08,41_1569639,2,570,41016902,20251113220512,4106836,20251113223730,4111588,0,01,1,24330,1938,N
20251113,M7731,41016902,20251113,41,11,08,41_15748701,2,570,41016902,20251113061002,4177448,20251113064429,4116126,0,01,1,23140,2067,N
20251113,M7731,41016902,20251113,41,11,08,41_15777125,1,570,41016902,20251113124240,4106836,20251113131744,4116126,1,01,1,25350,2104,N
20251113,M7731,41016902,20251113,41,11,08,41_15782704,2,570,41016902,20251113051637,4177510,20251113060709,4111588,0,01,1,29500,3032,N
20251113,M7731,41016902,20251113,41,11,08,41_15790095,2,570,41016902,20251113154640,4110935,20251113162051,4109162,0,01,1,33760,2051,N
20251113,M7731,41016902,20251113,41,11,08,41_15814186,1,570,41016902,20251113071925,4106836,20251113074340,4116126,0,01,1,25350,1455,N
20251113,M7731,41016902,20251113,41,11,08,41_1581564,1,570,41016902,20251113061352,4177448,20251113071300,4111588,0,01,1,22120,3548,N
20251113,M7731,41016902,20251113,41,11,08,41_15824561,2,570,41016902,20251113145743,4106836,20251113154238,4116126,0,01,1,25350,2695,N
20251113,M7731,41016902,20251113,41,11,08,41_15845290,1,570,41016902,20251113120948,4106836,20251113124616,4111588,0,01,1,24330,2188,N
20251113,M7731,41016902,20251113,41,11,08,41_15845290,1,570,41016902,20251113141819,4106836,20251113145342,4111588,0,01,1,24330,2123,N
20251113,M7731,41016902,20251113,41,11,08,41_15857891,2,570,41016902,20251113170559,4177532,20251113173934,4111588,0,01,1,22980,2015,N
20251113,M7731,41016902,20251113,41,11,08,41_15891177,2,570,41016902,20251113220519,4106836,20251113225014,4116126,0,01,1,25350,2695,N
20251113,M7731,41016902,20251113,41,11,08,41_15897346,1,570,41016902,20251113073841,4177637,20251113080420,4116126,0,01,1,26850,1539,N
20251113,M7731,41016902,20251113,41,11,08,41_15969937,2,570,41016902,20251113060357,4177510,20251113071035,4111588,0,01,1,29500,3998,N
20251113,M7731,41016902,20251113,41,11,08,41_15985898,2,570,41016902,20251113074115,4106836,20251113084923,4111588,0,01,1,24330,4088,N
20251113,M7731,41016902,20251113,41,11,08,41_15986713,2,570,41016902,20251113165220,4177448,20251113171359,4111588,0,01,1,22120,1299,N
20251113,M7731,41016902,20251113,41,11,08,41_15991391,2,570,41016902,20251113083032,4106836,20251113091649,4111588,0,01,1,24330,2777,N
20251113,M7731,41016902,20251113,41,11,08,41_16011971,2,570,41016902,20251113214556,4177510,20251113222853,4111588,0,01,1,29500,2577,N
20251113,M7731,41016902,20251113,41,11,08,41_16014232,2,570,41016902,20251113161148,4106836,20251113164829,4111588,0,01,1,24330,2201,N
20251113,M7731,41016902,20251113,41,11,08,41_16021707,1,570,41016902,20251113184047,4177448,20251113190726,4111588,0,01,1,22120,1599,N
20251113,M7731,41016902,20251113,41,11,08,41_16030152,1,570,41016902,20251113134851,4177532,20251113141806,4111588,0,01,1,22980,1755,N
20251113,M7731,41016902,20251113,41,11,08,41_16036768,1,570,41016902,20251113134451,4177532,20251113141826,4116130,0,01,1,25240,2015,N
20251113,M7731,41016902,20251113,41,11,08,41_16036768,1,570,41016902,20251113170258,4177532,20251113174410,4116130,0,01,1,25240,2472,N
20251113,M7731,41016902,20251113,41,11,08,41_16064638,2,570,41016902,20251113135651,4177532,20251113142606,4111588,0,01,1,22980,1755,N
20251113,M7731,41016902,20251113,41,11,08,41_1609995,2,570,41016902,20251113161113,4177448,20251113165531,4111588,0,01,1,22120,2658,N
20251113,M7731,41016902,20251113,41,11,08,41_1609995,2,570,41016902,20251113170522,4177448,20251113172802,4111588,0,01,1,22120,1360,N
20251113,M7731,41016902,20251113,41,11,08,41_16132194,1,570,41016902,20251113071055,4177510,20251113081815,4111588,0,01,1,29500,4040,N
20251113,M7731,41016902,20251113,41,11,08,41_16140000,2,570,41016902,20251113163506,4106836,20251113170036,4111588,0,01,1,24330,1530,N
20251113,M7731,41016902,20251113,41,11,08,41_16188250,1,570,41016902,20251113220236,4177532,20251113223449,4111588,0,01,1,22980,1933,N
20251113,M7731,41016902,20251113,41,11,08,41_16203396,2,570,41016902,20251113123403,4177532,20251113130227,4111588,0,01,1,22980,1704,N
20251113,M7731,41016902,20251113,41,11,08,41_16209810,1,570,41016902,20251113074409,4177448,20251113082041,4116126,0,01,1,23140,2192,N
20251113,M7731,41016902,20251113,41,11,08,41_16245645,2,570,41016902,20251113074134,4177448,20251113082924,4116126,0,01,1,23140,2870,N
20251113,M7731,41016902,20251113,41,11,08,41_16251826,1,570,41016902,20251113174507,4177532,20251113182255,4111588,0,01,1,22980,2268,N
20251113,M7731,41016902,20251113,41,11,08,41_16304238,2,570,41016902,20251113182853,4106836,20251113192314,4111588,0,01,1,24330,3261,N
20251113,M7731,41016902,20251113,41,11,08,41_16310285,1,570,41016902,20251113192716,4177448,20251113195324,4111588,0,01,1,22120,1568,N
20251113,M7731,41016902,20251113,41,11,08,41_16327459,1,570,41016902,20251113212144,4106836,20251113221605,4111588,0,01,1,24330,3261,N
20251113,M7731,41016902,20251113,41,11,08,41_16368936,1,570,41016902,20251113082517,4106836,20251113090051,4116126,0,01,1,25350,2134,N
20251113,M7731,41016902,20251113,41,11,08,41_16368936,1,570,41016902,20251113104547,4106836,20251113112148,4116126,0,01,1,25350,2161,N
20251113,M7731,41016902,20251113,41,11,08,41_16373261,1,570,41016902,20251113072249,4177448,20251113074901,4111588,0,01,1,22120,1572,N
20251113,M7731,41016902,20251113,41,11,08,41_16389930,2,570,41016902,20251113183422,4106836,20251113191030,4116130,0,01,1,26590,2168,N
20251113,M7731,41016902,20251113,41,11,08,41_16391885,1,570,41016902,20251113072706,4106836,20251113082953,4111588,0,01,1,24330,3767,N
20251113,M7731,41016902,20251113,41,11,08,41_16411528,1,570,41016902,20251113134056,4177448,20251113142956,4116126,0,01,1,23140,2940,N
20251113,M7731,41016902,20251113,41,11,08,41_1642499,1,570,41016902,20251113161113,4177448,20251113164412,4116126,0,01,1,23140,1979,N
20251113,M7731,41016902,20251113,41,11,08,41_16433363,2,570,41016902,20251113144935,4106836,20251113153212,4111588,0,01,1,24330,2557,N
20251113,M7731,41016902,20251113,41,11,08,41_16433809,2,570,41016902,20251113151800,4177448,20251113153940,4111588,0,01,1,22120,1300,N
20251113,M7731,41016902,20251113,41,11,08,41_16466264,2,570,41016902,20251113170319,4177510,20251113180206,4111588,0,01,1,29500,3527,N
20251113,M7731,41016902,20251113,41,11,08,41_16467236,1,570,41016902,20251113230729,4177448,20251113233231,4111588,0,01,1,22120,1502,N
20251113,M7731,41016902,20251113,41,11,08,41_16470475,1,570,41016902,20251113144020,4177532,20251113151601,4111588,0,01,1,22980,2141,N
20251113,M7731,41016902,20251113,41,11,08,41_16475607,2,570,41016902,20251113212603,4177448,20251113215033,4111588,0,01,1,22120,1470,N
20251113,M7731,41016902,20251113,41,11,08,41_16485398,2,570,41016902,20251113122441,4177448,20251113130936,4116130,0,01,1,24380,2695,N
20251113,M7731,41016902,20251113,41,11,08,41_16485398,2,570,41016902,20251113230729,4177448,20251113235018,4116130,0,01,1,24380,2569,N
20251113,M7731,41016902,20251113,41,11,08,41_16506765,1,570,41016902,20251113143722,4106836,20251113151237,4116126,0,01,1,25350,2115,N
20251113,M7731,41016902,20251113,41,11,08,41_16556503,2,570,41016902,20251113195110,4107446,20251113203725,4111588,0,01,1,27870,2775,N
20251113,M7731,41016902,20251113,41,11,08,41_16592006,2,570,41016902,20251113055659,4107446,20251113065502,4111588,0,01,1,27870,3483,N
20251113,M7731,41016902,20251113,41,11,08,41_1662120,1,570,41016902,20251113064643,4177637,20251113071929,4111588,0,01,1,25830,1966,N
20251113,M7731,41016902,20251113,41,11,08,41_16632788,1,570,41016902,20251113073641,4177637,20251113080511,4111588,0,01,1,25830,1710,N
20251113,M7731,41016902,20251113,41,11,08,41_16632788,1,570,41016902,20251113121445,4177637,20251113124921,4111598,0,01,1,29120,2076,N
20251113,M7731,41016902,20251113,41,11,08,41_16741291,2,570,41016902,20251113063352,4177637,20251113074738,4111588,0,01,1,25830,4426,N
20251113,M7731,41016902,20251113,41,11,08,41_16763884,2,570,41016902,20251113174032,4106836,20251113181115,4116126,1,01,1,25350,1843,N
20251113,M7731,41016902,20251113,41,11,08,41_16802427,2,570,41016902,20251113121335,4177448,20251113123702,4111588,0,01,1,22120,1407,N
20251113,M7731,41016902,20251113,41,11,08,41_16819364,2,570,41016902,20251113211032,4177532,20251113213610,4111588,0,01,1,22980,1538,N
20251113,M7731,41016902,20251113,41,11,08,41_1683272,2,570,41016902,20251113073815,4177532,20251113080724,4116126,0,01,1,24000,1749,N
20251113,M7731,41016902,20251113,41,11,08,41_16870711,1,570,41016902,20251113154655,4177448,20251113161855,4111588,0,01,1,22120,1920,N
20251113,M7731,41016902,20251113,41,11,08,41_16888564,2,570,41016902,20251113062829,4177637,20251113075949,4111588,0,01,1,25830,5480,N
20251113,M7731,41016902,20251113,41,11,08,41_16907138,2,570,41016902,20251113142831,4106836,20251113145417,4111588,1,01,1,24330,1546,N
20251113,M7731,41016902,20251113,41,11,08,41_16942848,1,570,41016902,20251113111956,4177637,20251113115354,4111588,0,01,1,25830,2038,N
20251113,M7731,41016902,20251113,41,11,08,41_16966155,2,570,41016902,20251113161313,4177532,20251113164452,4111588,0,01,1,22980,1899,N
20251113,M7731,41016902,20251113,41,11,08,41_16974694,1,570,41016902,20251113181812,4177532,20251113184309,4111588,0,01,1,22980,1497,N
20251113,M7731,41016902,20251113,41,11,08,41_16998026,1,570,41016902,20251113083424,4177532,20251113085810,4111588,1,01,1,22980,1426,N
20251113,M7731,41016902,20251113,41,11,08,41_17003921,2,570,41016902,20251114005252,4106836,20251114014814,4111588,0,01,1,24330,3322,N
20251113,M7731,41016902,20251113,41,11,08,41_17005035,1,570,41016902,20251113192827,4177448,20251113200101,4111588,0,01,1,22120,1954,N
20251113,M7731,41016902,20251113,41,11,08,41_17006264,1,570,41016902,20251113220956,4177637,20251113224226,4111588,0,01,1,25830,1950,N
20251113,M7731,41016902,20251113,41,11,08,41_17009907,2,570,41016902,20251113060911,4110868,20251113062129,4111588,0,01,1,26980,738,N
20251113,M7731,41016902,20251113,41,11,08,41_17018503,2,570,41016902,20251113180616,4177448,20251113183710,4111588,0,01,1,22120,1854,N
20251113,M7731,41016902,20251113,41,11,08,41_17030203,2,570,41016902,20251113192649,4107446,20251113194513,4111588,0,01,1,27870,1104,N
20251113,M7731,41016902,20251113,41,11,08,41_17058571,2,570,41016902,20251113130906,4110935,20251113132311,4111588,0,01,1,28710,845,N
20251113,M7731,41016902,20251113,41,11,08,41_17066968,1,570,41016902,20251113063533,4106836,20251113073919,4111588,0,01,1,24330,3826,N
20251113,M7731,41016902,20251113,41,11,08,41_1706980,1,570,41016902,20251113165534,4177448,20251113172710,4111588,0,01,1,22120,1896,N
20251113,M7731,41016902,20251113,41,11,08,41_17104990,2,570,41016902,20251113132006,4177532,20251113135904,4111588,0,01,1,22980,2338,N
20251113,M7731,41016902,20251113,41,11,08,41_17127068,1,570,41016902,20251113201939,4106836,20251113205508,4111588,0,01,1,24330,2129,N
20251113,M7731,41016902,20251113,41,11,08,41_17222657,2,570,41016902,20251113173356,4110935,20251113175449,4111588,0,01,1,28710,1253,N
20251113,M7731,41016902,20251113,41,11,08,41_17256236,2,570,41016902,20251113134732,4106836,20251113141954,4116126,0,01,1,25350,1942,N
20251113,M7731,41016902,20251113,41,11,08,41_17299182,1,570,41016902,20251113120028,4177532,20251113122142,4116126,0,01,1,24000,1274,N
20251113,M7731,41016902,20251113,41,11,08,41_1731708,2,570,41016902,20251113224855,4106836,20251113230740,4116126,0,01,1,25350,1125,N
20251113,M7731,41016902,20251113,41,11,08,41_17347853,1,570,41016902,20251113070048,4106836,20251113075732,4111588,0,01,1,24330,3404,N
20251113,M7731,41016902,20251113,41,11,08,41_1736589,1,570,41016902,20251113114114,4106836,20251113122017,4111588,0,01,1,24330,2343,N
20251113,M7731,41016902,20251113,41,11,08,41_17441241,2,570,41016902,20251113101224,4177532,20251113104524,4111588,0,01,1,22980,1980,N
20251113,M7731,41016902,20251113,41,11,08,41_17445464,2,570,41016902,20251113221610,4177532,20251113224029,4111588,0,01,1,22980,1459,N
20251113,M7731,41016902,20251113,41,11,08,41_17522452,2,570,41016902,20251113151815,4177532,20251113155608,4111588,0,01,1,22980,2273,N
20251113,M7731,41016902,20251113,41,11,08,41_17539179,1,570,41016902,20251113091501,4177448,20251113100356,4111599,0,01,1,26060,2935,N
20251113,M7731,41016902,20251113,41,11,08,41_17542692,2,570,41016902,20251113151832,4177532,20251113155625,4111588,0,01,1,22980,2273,N
20251113,M7731,41016902,20251113,41,11,08,41_17544839,1,570,41016902,20251113082921,4177448,20251113092005,4109162,0,01,1,27170,3044,N
20251113,M7731,41016902,20251113,41,11,08,41_1756322,2,570,41016902,20251113113928,4106836,20251113121008,4111588,0,01,1,24330,1840,N
20251113,M7731,41016902,20251113,41,11,08,41_17586226,2,570,41016902,20251113060843,4177448,20251113071033,4109162,0,01,1,27170,3710,N
20251113,M7731,41016902,20251113,41,11,08,41_1759454,1,570,41016902,20251113161412,4177532,20251113164529,4111588,0,01,1,22980,1877,N
20251113,M7731,41016902,20251113,41,11,08,41_17624093,1,570,41016902,20251113074702,4177448,20251113081448,4111588,0,01,1,22120,1666,N
20251113,M7731,41016902,20251113,41,11,08,41_17636025,2,570,41016902,20251113231850,4106836,20251113235637,4116126,0,01,1,25350,2267,N
20251113,M7731,41016902,20251113,41,11,08,41_1764343,2,570,41016902,20251113082226,4177637,20251113091756,4111588,0,01,1,25830,3330,N
20251113,M7731,41016902,20251113,41,11,08,41_17678192,2,570,41016902,20251113210711,4106836,20251113213921,4111588,0,01,1,24330,1930,N
20251113,M7731,41016902,20251113,41,11,08,41_17684927,2,570,41016902,20251113163337,4177448,20251113170507,4116126,0,01,1,23140,1890,N
20251113,M7731,41016902,20251113,41,11,08,41_1769829,2,570,41016902,20251113212023,4106836,20251113220308,4111588,0,01,1,24330,2565,N
20251113,M7731,41016902,20251113,41,11,08,41_17780150,2,570,41016902,20251113061527,4177637,20251113065800,4111598,0,01,1,29120,2553,N
20251113,M7731,41016902,20251113,41,11,08,41_17780750,2,570,41016902,20251113123412,4177532,20251113131030,4111588,0,01,1,22980,2178,N
20251113,M7731,41016902,20251113,41,11,08,41_17781163,1,570,41016902,20251113061527,4177637,20251113065637,4109162,0,01,1,30880,2470,N
20251113,M7731,41016902,20251113,41,11,08,41_17815159,2,570,41016902,20251113165854,4106836,20251113173530,4111588,1,01,1,24330,2196,N
20251113,M7731,41016902,20251113,41,11,08,41_17833724,2,570,41016902,20251113061012,4177510,20251113070339,4111588,0,01,1,29500,3207,N
20251113,M7731,41016902,20251113,41,11,08,41_17861031,2,570,41016902,20251113173458,4106836,20251113180331,4116126,0,01,1,25350,1713,N
20251113,M7731,41016902,20251113,41,11,08,41_17878398,2,570,41016902,20251113053038,4177510,20251113063017,4111588,0,01,1,29500,3579,N
20251113,M7731,41016902,20251113,41,11,08,41_17898410,2,570,41016902,20251113072431,4106836,20251113083238,4111588,0,01,1,24330,4087,N
20251113,M7731,41016902,20251113,41,11,08,41_17917831,2,570,41016902,20251113153204,4177532,20251113161515,4116126,0,01,1,24000,2591,N
20251113,M7731,41016902,20251113,41,11,08,41_17933900,2,570,41016902,20251113172525,4106836,20251113180838,4116126,0,01,1,25350,2593,N
20251113,M7731,41016902,20251113,41,11,08,41_17946142,2,570,41016902,20251113153635,4177532,20251113161037,4111588,0,01,1,22980,2042,N
20251113,M7731,41016902,20251113,41,11,08,41_18018752,2,570,41016902,20251113112816,4177637,20251113121239,4111588,0,01,1,25830,2663,N
20251113,M7731,41016902,20251113,41,11,08,41_1803096,2,570,41016902,20251113171939,4177532,20251113175225,4111588,0,01,1,22980,1966,N
20251113,M7731,41016902,20251113,41,11,08,41_18053688,2,570,41016902,20251113183444,4177637,20251113190830,4116126,0,01,1,26850,2026,N
20251113,M7731,41016902,20251113,41,11,08,41_18056931,2,570,41016902,20251113182717,4177637,20251113190107,4111588,0,01,1,25830,2030,N
20251113,M7731,41016902,20251113,41,11,08,41_18059044,1,570,41016902,20251113113506,4177637,20251113121929,4111588,0,01,1,25830,2663,N
20251113,M7731,41016902,20251113,41,11,08,41_18059044,1,570,41016902,20251113132050,4177637,20251113135724,4111588,0,01,1,25830,2194,N
20251113,M7731,41016902,20251113,41,11,08,41_18071806,1,570,41016902,20251113065505,4177532,20251113072641,4111588,0,01,1,22980,1896,N
20251113,M7731,41016902,20251113,41,11,08,41_18076586,2,570,41016902,20251113171233,4106836,20251113180454,4116130,0,01,1,26590,3141,N
20251113,M7731,41016902,20251113,41,11,08,41_18082558,2,570,41016902,20251113065310,4110868,20251113075427,4116126,0,01,1,28000,3677,N
20251113,M7731,41016902,20251113,41,11,08,41_18126535,2,570,41016902,20251113161203,4177532,20251113165224,4111588,0,01,1,22980,2421,N
20251113,M7731,41016902,20251113,41,11,08,41_18136668,1,570,41016902,20251113160946,4177532,20251113165242,4116126,0,01,1,24000,2576,N
20251113,M7731,41016902,20251113,41,11,08,41_18136668,1,570,41016902,20251113172119,4177532,20251113180517,4116126,0,01,1,24000,2638,N
20251113,M7731,41016902,20251113,41,11,08,41_18144685,2,570,41016902,20251113054822,4177532,20251113063338,4111588,0,01,1,22980,2716,N
20251113,M7731,41016902,20251113,41,11,08,41_1816860,2,570,41016902,20251113082859,4177448,20251113090052,4111588,0,01,1,22120,1913,N
20251113,M7731,41016902,20251113,41,11,08,41_18180956,2,570,41016902,20251113193823,4106836,20251113201245,4111588,0,01,1,24330,2062,N
20251113,M7731,41016902,20251113,41,11,08,41_18189149,2,570,41016902,20251113123422,4177448,20251113132332,4111588,0,01,1,22120,2950,N
20251113,M7731,41016902,20251113,41,11,08,41_18220494,1,570,41016902,20251113183412,4106836,20251113192719,4116126,0,01,1,25350,3187,N
20251113,M7731,41016902,20251113,41,11,08,41_1823971,2,570,41016902,20251113060427,4177637,20251113070051,4116126,0,01,1,26850,3384,N
20251113,M7731,41016902,20251113,41,11,08,41_18246914,1,570,41016902,20251113120454,4177448,20251113123003,4111588,0,01,1,22120,1509,N
20251113,M7731,41016902,20251113,41,11,08,41_18263480,2,570,41016902,20251113161540,4177532,20251113164101,4111588,0,01,1,22980,1521,N
20251113,M7731,41016902,20251113,41,11,08,41_18273222,2,570,41016902,20251113155310,4106836,20251113164235,4111588,0,01,1,24330,2965,N
20251113,M7731,41016902,20251113,41,11,08,41_18291471,2,570,41016902,20251113132524,4106836,20251113135645,4111588,1,01,1,24330,1881,N
20251113,M7731,41016902,20251113,41,11,08,41_18298476,2,570,41016902,20251113110241,4177532,20251113112935,4111588,0,01,1,22980,1614,N
20251113,M7731,41016902,20251113,41,11,08,41_18327652,2,570,41016902,20251113153953,4177448,20251113161521,4111588,1,01,1,22120,2128,N
20251113,M7731,41016902,20251113,41,11,08,41_18444647,2,570,41016902,20251113235149,4107446,20251114002553,4111588,0,01,1,27870,2044,N
20251113,M7731,41016902,20251113,41,11,08,41_18459159,2,570,41016902,20251113055650,4106836,20251113064312,4116126,0,01,1,25350,2782,N
20251113,M7731,41016902,20251113,41,11,08,41_18472173,1,570,41016902,20251113083425,4177448,20251113090015,4111588,0,01,1,22120,1550,N
20251113,M7731,41016902,20251113,41,11,08,41_18479932,2,570,41016902,20251113151407,4177532,20251113154153,4111588,0,01,1,22980,1666,N
20251113,M7731,41016902,20251113,41,11,08,41_18481553,2,570,41016902,20251113235150,4107446,20251114002554,4111588,0,01,2,27870,2044,N
20251113,M7731,41016902,20251113,41,11,08,41_18493174,2,570,41016902,20251113235149,4107446,20251114002553,4111588,0,01,1,27870,2044,N
20251113,M7731,41016902,20251113,41,11,08,41_18498854,2,570,41016902,20251113090745,4177448,20251113094456,4111588,0,01,1,22120,2231,N
20251113,M7731,41016902,20251113,41,11,08,41_18498854,2,570,41016902,20251113141624,4177448,20251113151844,4111588,0,01,1,22120,3740,N
20251113,M7731,41016902,20251113,41,11,08,41_18508089,2,570,41016902,20251113061304,4110868,20251113065854,4111588,0,01,1,26980,2750,N
20251113,M7731,41016902,20251113,41,11,08,41_18540807,2,570,41016902,20251113163740,4106836,20251113174001,4116126,0,01,1,25350,3741,N
20251113,M7731,41016902,20251113,41,11,08,41_18576852,2,570,41016902,20251113201437,4177448,20251113205851,4111588,0,01,1,22120,2654,N
20251113,M7731,41016902,20251113,41,11,08,41_18606646,2,570,41016902,20251113082613,4177448,20251113092913,4111588,0,01,1,22120,3780,N
20251113,M7731,41016902,20251113,41,11,08,41_18609312,2,570,41016902,20251113112004,4107446,20251113114631,4111588,0,01,1,27870,1587,N
20251113,M7731,41016902,20251113,41,11,08,41_18625794,1,570,41016902,20251113163354,4106836,20251113171422,4111588,1,01,1,24330,2428,N
20251113,M7731,41016902,20251113,41,11,08,41_18627571,2,570,41016902,20251113150046,4177532,20251113152507,4111588,0,01,1,22980,1461,N
20251113,M7731,41016902,20251113,41,11,08,41_18658756,1,570,41016902,20251113141828,4106836,20251113150749,4111588,0,01,1,24330,2961,N
20251113,M7731,41016902,20251113,41,11,08,41_18672549,2,570,41016902,20251113093736,4106836,20251113102455,4111588,0,01,1,24330,2839,N
20251113,M7731,41016902,20251113,41,11,08,41_1867793,1,570,41016902,20251113150721,4106836,20251113154554,4116126,0,01,1,25350,2313,N
20251113,M7731,41016902,20251113,41,11,08,41_1867793,1,570,41016902,20251113170519,4106836,20251113181645,4116126,0,01,1,25350,4286,N
20251113,M7731,41016902,20251113,41,11,08,41_18699935,2,570,41016902,20251113131739,4110935,20251113134231,4111588,0,01,1,28710,1492,N
20251113,M7731,41016902,20251113,41,11,08,41_18713079,1,570,41016902,20251113123223,4177637,20251113125823,4111588,0,01,1,25830,1560,N
20251113,M7731,41016902,20251113,41,11,08,41_18715437,1,570,41016902,20251113133708,4177510,20251113140308,4116126,0,01,1,30520,1560,N
20251113,M7731,41016902,20251113,41,11,08,41_18739957,2,570,41016902,20251113191830,4106836,20251113194551,4111588,0,01,1,24330,1641,N
20251113,M7731,41016902,20251113,41,11,08,41_18751316,2,570,41016902,20251113171505,4177532,20251113174505,4116126,0,01,1,24000,1800,N
20251113,M7731,41016902,20251113,41,11,08,41_18805724,2,570,41016902,20251113082904,4177532,20251113091228,4111588,1,01,1,22980,2604,N
20251113,M7731,41016902,20251113,41,11,08,41_18847361,2,570,41016902,20251113112735,4177448,20251113115325,4116126,0,01,1,23140,1550,N
20251113,M7731,41016902,20251113,41,11,08,41_18851306,2,570,41016902,20251113133502,4177532,20251113140234,4116126,0,01,1,24000,1652,N
20251113,M7731,41016902,20251113,41,11,08,41_18854977,2,570,41016902,20251113214844,4106836,20251113223202,4116126,0,01,1,25350,2598,N
20251113,M7731,41016902,20251113,41,11,08,41_18862886,2,570,41016902,20251113124451,4106836,20251113131842,4111588,0,01,1,24330,2031,N
20251113,M7731,41016902,20251113,41,11,08,41_18887560,2,570,41016902,20251113133243,4106836,20251113140015,4109162,0,01,1,29380,1652,N
20251113,M7731,41016902,20251113,41,11,08,41_18927019,2,570,41016902,20251113133236,4106836,20251113140315,4116126,0,01,1,25350,1839,N
20251113,M7731,41016902,20251113,41,11,08,41_18927019,2,570,41016902,20251113194826,4106836,20251113201911,4116126,0,01,1,25350,1845,N
20251113,M7731,41016902,20251113,41,11,08,41_18939154,2,570,41016902,20251113211135,4177448,20251113213851,4111588,0,01,1,22120,1636,N
20251113,M7731,41016902,20251113,41,11,08,41_18939154,2,570,41016902,20251113214423,4177448,20251113222759,4111588,0,01,1,22120,2616,N
20251113,M7731,41016902,20251113,41,11,08,41_18951287,2,570,41016902,20251113173811,4107446,20251113180911,4111588,0,01,1,27870,1860,N
20251113,M7731,41016902,20251113,41,11,08,41_19027521,1,570,41016902,20251113180925,4177448,20251113184943,4109162,0,01,1,27170,2418,N
20251113,M7731,41016902,20251113,41,11,08,41_19148389,1,570,41016902,20251113171617,4177448,20251113175420,4111588,0,01,1,22120,2283,N
20251113,M7731,41016902,20251113,41,11,08,41_19167259,2,570,41016902,20251113162145,4177532,20251113165759,4111588,0,01,1,22980,2174,N
20251113,M7731,41016902,20251113,41,11,08,41_19178268,2,570,41016902,20251113093658,4106836,20251113101610,4111588,1,01,1,24330,2352,N
20251113,M7731,41016902,20251113,41,11,08,41_19184875,2,570,41016902,20251113064337,4110868,20251113072348,4111588,0,01,1,26980,2411,N
20251113,M7731,41016902,20251113,41,11,08,41_19194576,1,570,41016902,20251113165156,4106836,20251113174251,4116126,0,01,1,25350,3055,N
20251113,M7731,41016902,20251113,41,11,08,41_19214966,1,570,41016902,20251113163720,4177448,20251113165951,4111588,0,01,1,22120,1351,N
20251113,M7731,41016902,20251113,41,11,08,41_19219814,2,570,41016902,20251113130737,4110935,20251113134446,4111588,0,01,1,28710,2229,N
20251113,M7731,41016902,20251113,41,11,08,41_19227811,2,570,41016902,20251113223458,4177448,20251113225318,4111588,0,01,1,22120,1100,N
20251113,M7731,41016902,20251113,41,11,08,41_19246943,2,570,41016902,20251113183252,4177510,20251113190959,4111588,0,01,1,29500,2227,N
20251113,M7731,41016902,20251113,41,11,08,41_19290054,2,570,41016902,20251113092537,4177448,20251113101213,4116126,0,01,1,23140,2796,N
20251113,M7731,41016902,20251113,41,11,08,41_19290878,2,570,41016902,20251113201541,4106836,20251113204508,4111588,0,01,1,24330,1767,N
20251113,M7731,41016902,20251113,41,11,08,41_19297301,2,570,41016902,20251113235546,4106836,20251114003212,4111588,0,01,1,24330,2186,N
20251113,M7731,41016902,20251113,41,11,08,41_19325836,2,570,41016902,20251113161559,4177532,20251113165207,4111588,0,01,1,22980,2168,N
20251113,M7731,41016902,20251113,41,11,08,41_19341464,2,570,41016902,20251113120443,4106836,20251113123704,4111588,0,01,1,24330,1941,N
20251113,M7731,41016902,20251113,41,11,08,41_19341464,2,570,41016902,20251113153017,4106836,20251113160154,4111588,0,01,1,24330,1897,N
20251113,M7731,41016902,20251113,41,11,08,41_19341464,2,570,41016902,20251113194543,4106836,20251113203743,4111588,0,01,1,24330,3120,N
20251113,M7731,41016902,20251113,41,11,08,41_19367972,2,570,41016902,20251113082317,4106836,20251113092734,4111588,0,01,1,24330,3857,N
20251113,M7731,41016902,20251113,41,11,08,41_19400074,2,570,41016902,20251113141312,4177448,20251113144413,4116126,0,01,1,23140,1861,N
20251113,M7731,41016902,20251113,41,11,08,41_19406999,1,570,41016902,20251113045828,4177510,20251113054239,4111588,0,01,1,29500,2651,N
20251113,M7731,41016902,20251113,41,11,08,41_19409433,2,570,41016902,20251113150906,4106836,20251113154630,4111588,0,01,1,24330,2244,N
20251113,M7731,41016902,20251113,41,11,08,41_19417137,2,570,41016902,20251113070456,4177448,20251113074057,4111588,0,01,1,22120,2161,N
20251113,M7731,41016902,20251113,41,11,08,41_19417137,2,570,41016902,20251113140519,4177448,20251113145710,4111588,0,01,1,22120,3111,N
20251113,M7731,41016902,20251113,41,11,08,41_19446976,2,570,41016902,20251113161536,4177532,20251113164043,4111588,0,01,1,22980,1507,N
20251113,M7731,41016902,20251113,41,11,08,41_1946829,2,570,41016902,20251113194935,4177448,20251113200831,4111588,0,01,1,22120,1136,N
20251113,M7731,41016902,20251113,41,11,08,41_19489222,1,570,41016902,20251113114909,4107446,20251113122022,4111588,0,01,1,27870,1873,N
20251113,M7731,41016902,20251113,41,11,08,41_19489222,1,570,41016902,20251113211228,4107446,20251113214656,4111588,0,01,1,27870,2068,N
20251113,M7731,41016902,20251113,41,11,08,41_19502481,2,570,41016902,20251113112928,4106836,20251113120548,4116126,0,01,1,25350,2180,N
20251113,M7731,41016902,20251113,41,11,08,41_19502481,2,570,41016902,20251113212807,4106836,20251113221049,4116126,0,01,1,25350,2562,N
20251113,M7731,41016902,20251113,41,11,08,41_19540071,2,570,41016902,20251113132105,4177532,20251113135137,4111588,0,01,1,22980,1832,N
20251113,M7731,41016902,20251113,41,11,08,41_19584480,1,570,41016902,20251113151413,4177532,20251113155229,4116126,0,01,2,24000,2296,N
20251113,M7731,41016902,20251113,41,11,08,41_19593666,2,570,41016902,20251113183723,4106836,20251113191650,4111588,0,01,1,24330,2367,N
20251113,M7731,41016902,20251113,41,11,08,41_19613773,2,570,41016902,20251113083425,4106836,20251113092639,4116126,1,01,1,25350,3134,N
20251113,M7731,41016902,20251113,41,11,08,41_19640020,2,570,41016902,20251113124356,4177448,20251113131652,4111588,0,01,1,22120,1976,N
20251113,M7731,41016902,20251113,41,11,08,41_19699121,2,570,41016902,20251113160608,4177532,20251113165317,4111588,0,01,1,22980,2829,N
20251113,M7731,41016902,20251113,41,11,08,41_19730319,1,570,41016902,20251113170353,4177448,20251113174732,4111588,0,01,1,22120,2619,N
20251113,M7731,41016902,20251113,41,11,08,41_19732309,1,570,41016902,20251113213459,4177532,20251113220204,4111588,0,01,1,22980,1625,N
20251113,M7731,41016902,20251113,41,11,08,41_19796632,2,570,41016902,20251113144447,4177532,20251113150844,4111588,0,01,1,22980,1437,N
20251113,M7731,41016902,20251113,41,11,08,41_19796632,2,570,41016902,20251113151502,4177532,20251113160243,4111588,0,01,1,22980,2861,N
20251113,M7731,41016902,20251113,41,11,08,41_19802076,1,570,41016902,20251113060708,4177532,20251113062739,4111588,0,01,1,22980,1231,N
20251113,M7731,41016902,20251113,41,11,08,41_19802076,1,570,41016902,20251114000423,4177532,20251114003051,4111588,0,01,1,22980,1588,N
20251113,M7731,41016902,20251113,41,11,08,41_19835014,2,570,41016902,20251113083404,4110935,20251113092101,4111588,0,01,1,28710,2817,N
20251113,M7731,41016902,20251113,41,11,08,41_19847172,2,570,41016902,20251113191153,4106836,20251113195237,4116130,0,01,1,26590,2444,N
20251113,M7731,41016902,20251113,41,11,08,41_19890931,2,570,41016902,20251113085623,4177448,20251113094044,4116126,0,01,1,23140,2661,N
20251113,M7731,41016902,20251113,41,11,08,41_19898969,2,570,41016902,20251113093122,4106836,20251113101449,4111588,1,01,1,24330,2607,N
20251113,M7731,41016902,20251113,41,11,08,41_19914691,2,570,41016902,20251113152124,4177532,20251113160345,4116126,0,01,1,24000,2541,N
20251113,M7731,41016902,20251113,41,11,08,41_19983837,2,570,41016902,20251113083459,4106836,20251113092658,4111588,1,01,1,24330,3119,N
20251113,M7731,41016902,20251113,41,11,08,41_19988799,1,570,41016902,20251113140623,4106836,20251113144332,4116126,0,01,1,25350,2229,N
20251113,M7731,41016902,20251113,41,11,08,41_19993138,2,570,41016902,20251114002252,4177532,20251114003627,4116126,0,01,1,24000,815,N
20251113,M7731,41016902,20251113,41,11,08,41_20006697,1,570,41016902,20251113124845,4177448,20251113132038,4111588,0,01,1,22120,1913,N
20251113,M7731,41016902,20251113,41,11,08,41_20006697,1,570,41016902,20251113173400,4177448,20251113180320,4111588,0,01,1,22120,1760,N
20251113,M7731,41016902,20251113,41,11,08,41_20032935,2,570,41016902,20251113130030,4177637,20251113135502,4111588,0,01,2,25830,3272,N
20251113,M7731,41016902,20251113,41,11,08,41_2008621,2,570,41016902,20251113081207,4177532,20251113084200,4116126,1,01,1,24000,1793,N
20251113,M7731,41016902,20251113,41,11,08,41_2012244,2,570,41016902,20251113124300,4177637,20251113132635,4111588,0,01,1,25830,2615,N
20251113,M7731,41016902,20251113,41,11,08,41_2014928,1,570,41016902,20251113170409,4177448,20251113173441,4111588,0,01,1,22120,1832,N
20251113,M7731,41016902,20251113,41,11,08,41_20154607,1,570,41016902,20251113080425,4177637,20251113084008,4111588,0,01,1,25830,2143,N
20251113,M7731,41016902,20251113,41,11,08,41_20162668,1,570,41016902,20251113132901,4106836,20251113140518,4116126,0,01,1,25350,2177,N
20251113,M7731,41016902,20251113,41,11,08,41_20186663,2,570,41016902,20251113063335,4177510,20251113071420,4116126,0,01,1,30520,2445,N
20251113,M7731,41016902,20251113,41,11,08,41_20222147,1,570,41016902,20251114004211,4177448,20251114010320,4111588,0,01,1,22120,1269,N
20251113,M7731,41016902,20251113,41,11,08,41_20242431,2,570,41016902,20251113081707,4177532,20251113090009,4111588,0,01,1,22980,2582,N
20251113,M7731,41016902,20251113,41,11,08,41_20288975,2,570,41016902,20251114002701,4177448,20251114004324,4116126,0,01,1,23140,983,N
20251113,M7731,41016902,20251113,41,11,08,41_20298977,2,570,41016902,20251113163353,4106836,20251113171513,4116126,0,01,1,25350,2480,N
20251113,M7731,41016902,20251113,41,11,08,41_20300549,2,570,41016902,20251113084606,4177510,20251113094844,4111588,0,01,1,29500,3758,N
20251113,M7731,41016902,20251113,41,11,08,41_20304885,2,570,41016902,20251113123652,4106836,20251113130439,4111598,0,01,1,27620,1667,N
20251113,M7731,41016902,20251113,41,11,08,41_20357136,2,570,41016902,20251113180446,4177532,20251113184342,4111588,0,01,1,22980,2336,N
20251113,M7731,41016902,20251113,41,11,08,41_20400935,2,570,41016902,20251113165926,4177637,20251113174253,4111588,0,01,1,25830,2607,N
20251113,M7731,41016902,20251113,41,11,08,41_20401809,2,570,41016902,20251113203354,4177448,20251113212330,4111588,0,01,1,22120,2976,N
20251113,M7731,41016902,20251113,41,11,08,41_20447751,2,570,41016902,20251113123145,4177637,20251113131646,4111588,0,01,1,25830,2701,N
20251113,M7731,41016902,20251113,41,11,08,41_20482364,1,570,41016902,20251113084338,4106836,20251113091104,4116130,1,01,1,26590,1646,N
20251113,M7731,41016902,20251113,41,11,08,41_20484401,1,570,41016902,20251113080450,4110935,20251113083341,4111588,0,01,1,28710,1731,N
20251113,M7731,41016902,20251113,41,11,08,41_20497143,2,570,41016902,20251113084249,4177448,20251113094105,4111588,0,01,1,22120,3496,N
20251113,M7731,41016902,20251113,41,11,08,41_20504680,1,570,41016902,20251113181402,4177448,20251113183837,4111588,0,01,1,22120,1475,N
20251113,M7731,41016902,20251113,41,11,08,41_20547,2,570,41016902,20251113125755,4177532,20251113133556,4111588,0,01,1,22980,2281,N
20251113,M7731,41016902,20251113,41,11,08,41_20553429,2,570,41016902,20251113181500,4177448,20251113183532,4111588,0,01,1,22120,1232,N
20251113,M7731,41016902,20251113,41,11,08,41_20562229,1,570,41016902,20251113202454,4177448,20251113210201,4116126,0,01,1,23140,2227,N
20251113,M7731,41016902,20251113,41,11,08,41_20599109,1,570,41016902,20251113212441,4106836,20251113220355,4116126,0,01,1,25350,2354,N
20251113,M7731,41016902,20251113,41,11,08,41_20600495,2,570,41016902,20251113173349,4177532,20251113181223,4116126,0,01,2,24000,2314,N
20251113,M7731,41016902,20251113,41,11,08,41_20616086,2,570,41016902,20251113114910,4177637,20251113121725,4116126,0,01,1,26850,1695,N
20251113,M7731,41016902,20251113,41,11,08,41_20617117,2,570,41016902,20251113140735,4177637,20251113143635,4116126,0,01,1,26850,1740,N
20251113,M7731,41016902,20251113,41,11,08,41_20631356,2,570,41016902,20251113221529,4106836,20251113225154,4111588,0,01,1,24330,2185,N
20251113,M7731,41016902,20251113,41,11,08,41_20639905,1,570,41016902,20251113142916,4177448,20251113144901,4111588,0,01,1,22120,1185,N
20251113,M7731,41016902,20251113,41,11,08,41_20642954,1,570,41016902,20251113142629,4177448,20251113144923,4111588,0,01,1,22120,1374,N
20251113,M7731,41016902,20251113,41,11,08,41_20649181,2,570,41016902,20251113183317,4177637,20251113190838,4111588,0,01,1,25830,2121,N
20251113,M7731,41016902,20251113,41,11,08,41_20661069,2,570,41016902,20251113161021,4106836,20251113165756,4111588,0,01,1,24330,2855,N
20251113,M7731,41016902,20251113,41,11,08,41_20680949,2,570,41016902,20251113160547,4177532,20251113164202,4111588,0,01,1,22980,2175,N
20251113,M7731,41016902,20251113,41,11,08,41_20720938,2,570,41016902,20251113181149,4177532,20251113185203,4111588,0,01,1,22980,2414,N
20251113,M7731,41016902,20251113,41,11,08,41_20738651,2,570,41016902,20251113193233,4106836,20251113202749,4116126,1,01,1,25350,3316,N
20251113,M7731,41016902,20251113,41,11,08,41_20742426,2,570,41016902,20251113130320,4177532,20251113133524,4111588,0,01,1,22980,1924,N
20251113,M7731,41016902,20251113,41,11,08,41_20751568,2,570,41016902,20251113054957,4177510,20251113071215,4111588,0,01,1,29500,4938,N
20251113,M7731,41016902,20251113,41,11,08,41_20759708,2,570,41016902,20251113072341,4177448,20251113075605,4111588,0,01,1,22120,1944,N
20251113,M7731,41016902,20251113,41,11,08,41_20784571,2,570,41016902,20251113083116,4106836,20251113091441,4116126,0,01,1,25350,2605,N
20251113,M7731,41016902,20251113,41,11,08,41_2078477,1,570,41016902,20251113065330,4110935,20251113072922,4111588,0,01,1,28710,2152,N
20251113,M7731,41016902,20251113,41,11,08,41_2080888,2,570,41016902,20251113174806,4177448,20251113180920,4111588,0,01,1,22120,1274,N
20251113,M7731,41016902,20251113,41,11,08,41_20864100,1,570,41016902,20251113193402,4106836,20251113201650,4111588,0,01,1,24330,2568,N
20251113,M7731,41016902,20251113,41,11,08,41_2088352,2,570,41016902,20251113044437,4106836,20251113054245,4111588,0,01,1,24330,3488,N
20251113,M7731,41016902,20251113,41,11,08,41_20913599,2,570,41016902,20251113100318,4177637,20251113103337,4111588,0,01,1,25830,1819,N
20251113,M7731,41016902,20251113,41,11,08,41_20921429,2,570,41016902,20251113121941,4106836,20251113130807,4116126,0,01,1,25350,2906,N
20251113,M7731,41016902,20251113,41,11,08,41_2095174,2,570,41016902,20251113111407,4177510,20251113120916,4111588,0,01,1,29500,3309,N
20251113,M7731,41016902,20251113,41,11,08,41_20965207,2,570,41016902,20251113121941,4106836,20251113130432,4111588,0,01,1,24330,2691,N
20251113,M7731,41016902,20251113,41,11,08,41_20965207,2,570,41016902,20251113192519,4106836,20251113200616,4111588,0,01,1,24330,2457,N
20251113,M7731,41016902,20251113,41,11,08,41_2097133,1,570,41016902,20251113181519,4106836,20251113185726,4111588,0,01,1,24330,2527,N
20251113,M7731,41016902,20251113,41,11,08,41_20979462,2,570,41016902,20251113071807,4106836,20251113080826,4116126,1,01,1,25350,3019,N
20251113,M7731,41016902,20251113,41,11,08,41_20982520,2,570,41016902,20251113060604,4106836,20251113070610,4116126,0,01,1,25350,3606,N
20251113,M7731,41016902,20251113,41,11,08,41_2098671,2,570,41016902,20251113174721,4177532,20251113183208,4111588,0,01,1,22980,2687,N
20251113,M7731,41016902,20251113,41,11,08,41_2099203,2,570,41016902,20251113172829,4177532,20251113175444,4111588,0,01,1,22980,1575,N
20251113,M7731,41016902,20251113,41,11,08,41_20998839,2,570,41016902,20251113150020,4177532,20251113153110,4116126,0,01,1,24000,1850,N
20251113,M7731,41016902,20251113,41,11,08,41_21019340,2,570,41016902,20251113204432,4177637,20251113211951,4116126,0,01,1,26850,2119,N
20251113,M7731,41016902,20251113,41,11,08,41_21019716,2,570,41016902,20251113161231,4177637,20251113165140,4111588,0,01,1,25830,2349,N
20251113,M7731,41016902,20251113,41,11,08,41_21019716,2,570,41016902,20251113204432,4177637,20251113211836,4111588,0,01,1,25830,2044,N
20251113,M7731,41016902,20251113,41,11,08,41_21019785,2,570,41016902,20251113085219,4177532,20251113093316,4111588,0,01,1,22980,2457,N
20251113,M7731,41016902,20251113,41,11,08,41_21030101,2,570,41016902,20251113094836,4177637,20251113102745,4111588,0,01,1,25830,2349,N
20251113,M7731,41016902,20251113,41,11,08,41_21048263,1,570,41016902,20251113063948,4177510,20251113075406,4111588,0,01,1,29500,4458,N
20251113,M7731,41016902,20251113,41,11,08,41_21048263,1,570,41016902,20251113222200,4177510,20251113231434,4111588,0,01,1,29500,3154,N
20251113,M7731,41016902,20251113,41,11,08,41_21068727,2,570,41016902,20251113070543,4177637,20251113073939,4111588,0,01,1,25830,2036,N
20251113,M7731,41016902,20251113,41,11,08,41_21079884,1,570,41016902,20251113133319,4177532,20251113141729,4116126,0,01,1,24000,2650,N
20251113,M7731,41016902,20251113,41,11,08,41_21105139,2,570,41016902,20251113144005,4106836,20251113152807,4116126,0,01,1,25350,2882,N
20251113,M7731,41016902,20251113,41,11,08,41_21105139,2,570,41016902,20251113163941,4106836,20251113171929,4116126,0,01,1,25350,2388,N
20251113,M7731,41016902,20251113,41,11,08,41_21115631,2,570,41016902,20251113091849,4177532,20251113100827,4111588,0,01,1,22980,2978,N
20251113,M7731,41016902,20251113,41,11,08,41_21139555,2,570,41016902,20251113143821,4177532,20251113151311,4116126,0,01,1,24000,2090,N
20251113,M7731,41016902,20251113,41,11,08,41_21146051,1,570,41016902,20251113111220,4106836,20251113115352,4116126,0,01,1,25350,2492,N
20251113,M7731,41016902,20251113,41,11,08,41_2114641,2,570,41016902,20251113145132,4106836,20251113151023,4111588,0,01,1,24330,1131,N
20251113,M7731,41016902,20251113,41,11,08,41_21185282,2,570,41016902,20251113065028,4110868,20251113073129,4111588,0,01,1,26980,2461,N
20251113,M7731,41016902,20251113,41,11,08,41_21194827,2,570,41016902,20251113092341,4177532,20251113100740,4111588,0,01,1,22980,2639,N
20251113,M7731,41016902,20251113,41,11,08,41_21212762,2,570,41016902,20251113150515,4106836,20251113154736,4111588,1,01,1,24330,2541,N
20251113,M7731,41016902,20251113,41,11,08,41_21221832,1,570,41016902,20251113200512,4106836,20251113204230,4116130,0,01,1,26590,2238,N
20251113,M7731,41016902,20251113,41,11,08,41_21241832,2,570,41016902,20251113062812,4106836,20251113071938,4116126,1,01,1,25350,3086,N
20251113,M7731,41016902,20251113,41,11,08,41_21242299,2,570,41016902,20251113111429,4106836,20251113120621,4116126,0,01,1,25350,3112,N
20251113,M7731,41016902,20251113,41,11,08,41_21313547,2,570,41016902,20251113070035,4106836,20251113074255,4111588,0,01,1,24330,2540,N
20251113,M7731,41016902,20251113,41,11,08,41_21339335,2,570,41016902,20251113154938,4106836,20251113161136,4116126,0,01,1,25350,1318,N
20251113,M7731,41016902,20251113,41,11,08,41_21347246,2,570,41016902,20251113052435,4106836,20251113055020,4116130,1,01,1,26590,1545,N
20251113,M7731,41016902,20251113,41,11,08,41_2135794,2,570,41016902,20251114000456,4106836,20251114002727,4116126,0,01,1,25350,1351,N
20251113,M7731,41016902,20251113,41,11,08,41_21359925,1,570,41016902,20251113212218,4177448,20251113214241,4111588,0,01,1,22120,1223,N
20251113,M7731,41016902,20251113,41,11,08,41_21376984,2,570,41016902,20251113222943,4106836,20251113231101,4111588,1,01,1,24330,2478,N
20251113,M7731,41016902,20251113,41,11,08,41_21383121,2,570,41016902,20251113161524,4177532,20251113170503,4111588,0,01,1,22980,2979,N
20251113,M7731,41016902,20251113,41,11,08,41_21403551,2,570,41016902,20251113154832,4106836,20251113162339,4111588,0,01,1,24330,2107,N
20251113,M7731,41016902,20251113,41,11,08,41_21405096,1,570,41016902,20251113135403,4177637,20251113142731,4116126,0,01,1,26850,2008,N
20251113,M7731,41016902,20251113,41,11,08,41_21407329,2,570,41016902,20251113153954,4177448,20251113160631,4111588,0,01,1,22120,1597,N
20251113,M7731,41016902,20251113,41,11,08,41_2141980,2,570,41016902,20251113103700,4177448,20251113110008,4111588,0,01,1,22120,1388,N
20251113,M7731,41016902,20251113,41,11,08,41_21456910,1,570,41016902,20251113103741,4177448,20251113110241,4111588,0,01,1,22120,1500,N
20251113,M7731,41016902,20251113,41,11,08,41_21456910,1,570,41016902,20251113115225,4177448,20251113121725,4111588,0,01,1,22120,1500,N
20251113,M7731,41016902,20251113,41,11,08,41_21457327,1,570,41016902,20251113181242,4106836,20251113184806,4116126,0,01,1,25350,2124,N
20251113,M7731,41016902,20251113,41,11,08,41_21466470,2,570,41016902,20251113135440,4177637,20251113144459,4111588,0,01,1,25830,3019,N
20251113,M7731,41016902,20251113,41,11,08,41_21484254,2,570,41016902,20251113213611,4177637,20251113223633,4111588,0,01,1,25830,3622,N
20251113,M7731,41016902,20251113,41,11,08,41_21511248,1,570,41016902,20251113184144,4106836,20251113190725,4111588,0,01,1,24330,1541,N
20251113,M7731,41016902,20251113,41,11,08,41_21515593,2,570,41016902,20251113153022,4106836,20251113162409,4111588,0,01,1,24330,3227,N
20251113,M7731,41016902,20251113,41,11,08,41_21517800,2,570,41016902,20251113171533,4177448,20251113174446,4111588,0,01,1,22120,1753,N
20251113,M7731,41016902,20251113,41,11,08,41_21559618,2,570,41016902,20251113174337,4177532,20251113181501,4111588,0,01,1,22980,1884,N
20251113,M7731,41016902,20251113,41,11,08,41_21575406,2,570,41016902,20251113174337,4177532,20251113180108,4116126,0,01,1,24000,1051,N
20251113,M7731,41016902,20251113,41,11,08,41_21638491,2,570,41016902,20251113071119,4177637,20251113075625,4111588,0,01,1,25830,2706,N
20251113,M7731,41016902,20251113,41,11,08,41_21640154,1,570,41016902,20251113151908,4177532,20251113155136,4111588,0,01,1,22980,1948,N
20251113,M7731,41016902,20251113,41,11,08,41_21648755,2,570,41016902,20251113163650,4106836,20251113170917,4111588,1,01,1,24330,1947,N
20251113,M7731,41016902,20251113,41,11,08,41_21666879,1,570,41016902,20251113184441,4177448,20251113192324,4116126,0,01,1,23140,2323,N
20251113,M7731,41016902,20251113,41,11,08,41_21669300,2,570,41016902,20251113153043,4177532,20251113155956,4111588,0,01,1,22980,1753,N
20251113,M7731,41016902,20251113,41,11,08,41_21682837,1,570,41016902,20251113071520,4177510,20251113082813,4111588,0,01,1,29500,4373,N
20251113,M7731,41016902,20251113,41,11,08,41_2169210,2,570,41016902,20251113201910,4177448,20251113205100,4111588,0,01,1,22120,1910,N
20251113,M7731,41016902,20251113,41,11,08,41_21702752,2,570,41016902,20251113171315,4177532,20251113174019,4111588,0,01,1,22980,1624,N
20251113,M7731,41016902,20251113,41,11,08,41_21739222,2,570,41016902,20251113073835,4106836,20251113081219,4111588,0,01,1,24330,2024,N
20251113,M7731,41016902,20251113,41,11,08,41_21739435,1,570,41016902,20251113061520,4177637,20251113064506,4109162,0,01,1,30880,1786,N
20251113,M7731,41016902,20251113,41,11,08,41_21763253,2,570,41016902,20251113211740,4106836,20251113215736,4111588,0,01,1,24330,2396,N
20251113,M7731,41016902,20251113,41,11,08,41_21777885,2,570,41016902,20251113180436,4177532,20251113183127,4111588,0,01,1,22980,1611,N
20251113,M7731,41016902,20251113,41,11,08,41_21779235,2,570,41016902,20251113120959,4107446,20251113124521,4111588,0,01,1,27870,2122,N
20251113,M7731,41016902,20251113,41,11,08,41_21794227,2,570,41016902,20251113172131,4177448,20251113180406,4116126,0,01,1,23140,2555,N
20251113,M7731,41016902,20251113,41,11,08,41_21809284,2,570,41016902,20251113195418,4106836,20251113202609,4111588,0,01,1,24330,1911,N
20251113,M7731,41016902,20251113,41,11,08,41_21851475,2,570,41016902,20251113112242,4177532,20251113115948,4116126,0,01,1,24000,2226,N
20251113,M7731,41016902,20251113,41,11,08,41_21853971,2,570,41016902,20251113194524,4107446,20251113200902,4111588,0,01,1,27870,1418,N
20251113,M7731,41016902,20251113,41,11,08,41_21900938,1,570,41016902,20251113080106,4177448,20251113082459,4111588,0,01,1,22120,1433,N
20251113,M7731,41016902,20251113,41,11,08,41_21939353,2,570,41016902,20251113071625,4106836,20251113075307,4116126,0,01,1,25350,2202,N
20251113,M7731,41016902,20251113,41,11,08,41_21944175,1,570,41016902,20251113164717,4177532,20251113173852,4111588,0,01,1,22980,3095,N
20251113,M7731,41016902,20251113,41,11,08,41_22044262,2,570,41016902,20251113191427,4106836,20251113194744,4116126,0,01,1,25350,1997,N
20251113,M7731,41016902,20251113,41,11,08,41_22081072,1,570,41016902,20251113201142,4177637,20251113205618,4111588,0,01,1,25830,2676,N
20251113,M7731,41016902,20251113,41,11,08,41_22093826,2,570,41016902,20251113160412,4177448,20251113162843,4111588,0,01,1,22120,1471,N
20251113,M7731,41016902,20251113,41,11,08,41_22109253,2,570,41016902,20251113100451,4106836,20251113105208,4111588,1,01,1,24330,2837,N
20251113,M7731,41016902,20251113,41,11,08,41_22117285,1,570,41016902,20251113160207,4106836,20251113162915,4111588,0,01,1,24330,1628,N
20251113,M7731,41016902,20251113,41,11,08,41_22122662,2,570,41016902,20251113231602,4177448,20251113234152,4111588,0,01,1,22120,1550,N
20251113,M7731,41016902,20251113,41,11,08,41_22135699,2,570,41016902,20251113100936,4106836,20251113104753,4111588,1,01,1,24330,2297,N
20251113,M7731,41016902,20251113,41,11,08,41_22200376,2,570,41016902,20251113135441,4177637,20251113142808,4111588,0,01,1,25830,2007,N
20251113,M7731,41016902,20251113,41,11,08,41_22221445,2,570,41016902,20251113104640,4106836,20251113113826,4111588,1,01,1,24330,3106,N
20251113,M7731,41016902,20251113,41,11,08,41_22221445,2,570,41016902,20251113131454,4106836,20251113135025,4111588,1,01,1,24330,2131,N
20251113,M7731,41016902,20251113,41,11,08,41_22235757,1,570,41016902,20251113182148,4177448,20251113183949,4111588,0,01,1,22120,1081,N
20251113,M7731,41016902,20251113,41,11,08,41_22266886,2,570,41016902,20251113123708,4177448,20251113130907,4111588,0,01,1,22120,1919,N
20251113,M7731,41016902,20251113,41,11,08,41_22279505,2,570,41016902,20251113181043,4106836,20251113185016,4111588,0,01,1,24330,2373,N
20251113,M7731,41016902,20251113,41,11,08,41_22333169,2,570,41016902,20251113054718,4177448,20251113060910,4111588,0,01,1,22120,1312,N
20251113,M7731,41016902,20251113,41,11,08,41_22333321,2,570,41016902,20251113164202,4106836,20251113172550,4116126,1,01,1,25350,2628,N
20251113,M7731,41016902,20251113,41,11,08,41_22343036,2,570,41016902,20251113135854,4106836,20251113143535,4111588,0,01,1,24330,2201,N
20251113,M7731,41016902,20251113,41,11,08,41_22344264,2,570,41016902,20251113071012,4106836,20251113081729,4109162,1,01,1,29380,4037,N
20251113,M7731,41016902,20251113,41,11,08,41_22344264,2,570,41016902,20251113134905,4106836,20251113154241,4109162,1,01,1,29380,6816,N
20251113,M7731,41016902,20251113,41,11,08,41_22346201,2,570,41016902,20251113112453,4106836,20251113120729,4116126,1,01,1,25350,2556,N
20251113,M7731,41016902,20251113,41,11,08,41_22346201,2,570,41016902,20251113135150,4106836,20251113144123,4116126,1,01,1,25350,2973,N
20251113,M7731,41016902,20251113,41,11,08,41_22382641,2,570,41016902,20251113153332,4177637,20251113160921,4111588,0,01,1,25830,2149,N
20251113,M7731,41016902,20251113,41,11,08,41_22410282,1,570,41016902,20251113122839,4177448,20251113130015,4116126,0,01,1,23140,1896,N
20251113,M7731,41016902,20251113,41,11,08,41_22434178,2,570,41016902,20251113170255,4106836,20251113174832,4111588,0,01,1,24330,2737,N
20251113,M7731,41016902,20251113,41,11,08,41_22437346,2,570,41016902,20251113192819,4106836,20251113201011,4116126,0,01,1,25350,2512,N
20251113,M7731,41016902,20251113,41,11,08,41_22540912,1,570,41016902,20251113062645,4177510,20251113075842,4109162,0,01,1,34550,5517,N
20251113,M7731,41016902,20251113,41,11,08,41_22571869,1,570,41016902,20251113060530,4177637,20251113071019,4116126,0,01,1,26850,3889,N
20251113,M7731,41016902,20251113,41,11,08,41_22619106,1,570,41016902,20251113071949,4106836,20251113081640,4111588,1,01,1,24330,3411,N
20251113,M7731,41016902,20251113,41,11,08,41_22630387,2,570,41016902,20251113131054,4106836,20251113134327,4116130,0,01,1,26590,1953,N
20251113,M7731,41016902,20251113,41,11,08,41_22651196,2,570,41016902,20251113104958,4177637,20251113112328,4116130,0,01,1,28090,2010,N
20251113,M7731,41016902,20251113,41,11,08,41_22655947,2,570,41016902,20251113182704,4177448,20251113190253,4111588,0,01,1,22120,2149,N
20251113,M7731,41016902,20251113,41,11,08,41_22657669,2,570,41016902,20251113064357,4177532,20251113070838,4111588,1,01,1,22980,1481,N
20251113,M7731,41016902,20251113,41,11,08,41_22670308,1,570,41016902,20251113131510,4177448,20251113134631,4111588,0,01,1,22120,1881,N
20251113,M7731,41016902,20251113,41,11,08,41_22712700,1,570,41016902,20251113203555,4106836,20251113211351,4111588,0,01,1,24330,2276,N
20251113,M7731,41016902,20251113,41,11,08,41_22717530,2,570,41016902,20251113061251,4177510,20251113063718,4111588,0,01,1,29500,1467,N
20251113,M7731,41016902,20251113,41,11,08,41_22744185,2,570,41016902,20251113200435,4106836,20251113203216,4116126,0,01,1,25350,1661,N
20251113,M7731,41016902,20251113,41,11,08,41_2274444,2,570,41016902,20251113175106,4106836,20251113182203,4111588,0,01,1,24330,1857,N
20251113,M7731,41016902,20251113,41,11,08,41_22756562,2,570,41016902,20251113115740,4177637,20251113124424,4116126,0,01,1,26850,2804,N
20251113,M7731,41016902,20251113,41,11,08,41_22756731,2,570,41016902,20251113211522,4106836,20251113213946,4111599,0,01,1,28270,1464,N
20251113,M7731,41016902,20251113,41,11,08,41_2275795,2,570,41016902,20251113123327,4106836,20251113131618,4111588,1,01,1,24330,2571,N
20251113,M7731,41016902,20251113,41,11,08,41_22784436,2,570,41016902,20251113085614,4106836,20251113092924,4116126,1,01,1,25350,1990,N
20251113,M7731,41016902,20251113,41,11,08,41_22797778,2,570,41016902,20251113144700,4177532,20251113150607,4111588,0,01,1,22980,1147,N
20251113,M7731,41016902,20251113,41,11,08,41_2283654,2,570,41016902,20251113063220,4106836,20251113072649,4116126,1,01,1,25350,3269,N
20251113,M7731,41016902,20251113,41,11,08,41_22867878,2,570,41016902,20251113154508,4106836,20251113162421,4111588,0,01,1,24330,2353,N
20251113,M7731,41016902,20251113,41,11,08,41_22869056,1,570,41016902,20251113153527,4177532,20251113160950,4116130,0,01,1,25240,2063,N
20251113,M7731,41016902,20251113,41,11,08,41_22894091,2,570,41016902,20251113083434,4107446,20251113090547,4116130,0,01,1,30130,1873,N
20251113,M7731,41016902,20251113,41,11,08,41_22921065,2,570,41016902,20251113153737,4177637,20251113162022,4116126,0,01,1,26850,2565,N
20251113,M7731,41016902,20251113,41,11,08,41_22932811,2,570,41016902,20251113082038,4177448,20251113084958,4116126,0,01,1,23140,1760,N
20251113,M7731,41016902,20251113,41,11,08,41_22940300,2,570,41016902,20251113095214,4177510,20251113103607,4116130,0,01,1,31760,2633,N
20251113,M7731,41016902,20251113,41,11,08,41_2294639,2,570,41016902,20251113074510,4110868,20251113081448,4111588,0,01,1,26980,1778,N
20251113,M7731,41016902,20251113,41,11,08,41_22948744,2,570,41016902,20251113153617,4177637,20251113161902,4116126,0,01,1,26850,2565,N
20251113,M7731,41016902,20251113,41,11,08,41_22959984,2,570,41016902,20251113081424,4106836,20251113084625,4116130,0,01,1,26590,1921,N
20251113,M7731,41016902,20251113,41,11,08,41_22969006,1,570,41016902,20251113100527,4106836,20251113104808,4116126,0,01,1,25350,2561,N
20251113,M7731,41016902,20251113,41,11,08,41_22976088,1,570,41016902,20251113220957,4177448,20251113230759,4111588,0,01,1,22120,3482,N
20251113,M7731,41016902,20251113,41,11,08,41_230015,2,570,41016902,20251113085241,4177532,20251113092946,4111588,0,01,1,22980,2225,N
20251113,M7731,41016902,20251113,41,11,08,41_23012215,2,570,41016902,20251113070723,4177448,20251113073957,4116126,0,01,1,23140,1954,N
20251113,M7731,41016902,20251113,41,11,08,41_23012215,2,570,41016902,20251113090440,4177448,20251113095205,4116126,0,01,1,23140,2845,N
20251113,M7731,41016902,20251113,41,11,08,41_23012215,2,570,41016902,20251113121537,4177448,20251113131231,4116126,0,01,1,23140,3414,N
20251113,M7731,41016902,20251113,41,11,08,41_23012215,2,570,41016902,20251113144826,4177448,20251113153551,4116126,0,01,1,23140,2845,N
20251113,M7731,41016902,20251113,41,11,08,41_2303333,2,570,41016902,20251113221946,4106836,20251113225716,4116126,0,01,1,25350,2250,N
20251113,M7731,41016902,20251113,41,11,08,41_23059014,1,570,41016902,20251113054259,4177637,20251113060526,4116130,0,01,1,28090,1347,N
20251113,M7731,41016902,20251113,41,11,08,41_23065140,2,570,41016902,20251113191703,4106836,20251113194548,4111588,0,01,1,24330,1725,N
20251113,M7731,41016902,20251113,41,11,08,41_23096467,2,570,41016902,20251113054247,4177510,20251113060626,4116130,0,01,1,31760,1419,N
20251113,M7731,41016902,20251113,41,11,08,41_23099766,2,570,41016902,20251113123444,4107446,20251113130141,4111588,0,01,1,27870,1617,N
20251113,M7731,41016902,20251113,41,11,08,41_23099766,2,570,41016902,20251113144547,4107446,20251113151244,4111588,0,01,1,27870,1617,N
20251113,M7731,41016902,20251113,41,11,08,41_23099766,2,570,41016902,20251113154547,4107446,20251113161258,4111588,0,01,1,27870,1631,N
20251113,M7731,41016902,20251113,41,11,08,41_23128368,2,570,41016902,20251113101938,4106836,20251113105740,4116126,0,01,1,25350,2282,N
20251113,M7731,41016902,20251113,41,11,08,41_23135019,1,570,41016902,20251113172548,4177532,20251113180524,4111588,0,01,1,22980,2376,N
20251113,M7731,41016902,20251113,41,11,08,41_23172873,2,570,41016902,20251113062129,4177448,20251113064301,4111588,0,01,1,22120,1292,N
20251113,M7731,41016902,20251113,41,11,08,41_23177144,1,570,41016902,20251113160759,4177532,20251113165117,4116126,0,01,1,24000,2598,N
20251113,M7731,41016902,20251113,41,11,08,41_23210776,1,570,41016902,20251113204535,4177448,20251113212331,4111588,0,01,1,22120,2276,N
20251113,M7731,41016902,20251113,41,11,08,41_23233031,1,570,41016902,20251113110422,4177532,20251113113907,4111588,0,01,1,22980,2085,N
20251113,M7731,41016902,20251113,41,11,08,41_23238152,2,570,41016902,20251113113624,4177637,20251113121557,4111588,0,01,1,25830,2373,N
20251113,M7731,41016902,20251113,41,11,08,41_23240462,1,570,41016902,20251113113301,4106836,20251113121036,4116126,1,01,1,25350,2255,N
20251113,M7731,41016902,20251113,41,11,08,41_23246974,2,570,41016902,20251113065915,4177448,20251113072947,4111588,1,01,1,22120,1832,N
20251113,M7731,41016902,20251113,41,11,08,41_23247433,2,570,41016902,20251113095355,4177637,20251113102225,4111588,0,01,1,25830,1710,N
20251113,M7731,41016902,20251113,41,11,08,41_23256839,2,570,41016902,20251114000338,4177510,20251114003922,4111588,0,01,1,29500,2144,N
20251113,M7731,41016902,20251113,41,11,08,41_23270746,1,570,41016902,20251114000944,4177532,20251114004618,4111588,0,01,1,22980,2194,N
20251113,M7731,41016902,20251113,41,11,08,41_23296954,2,570,41016902,20251113142708,4177448,20251113150754,4111588,0,01,1,22120,2446,N
20251113,M7731,41016902,20251113,41,11,08,41_23308730,1,570,41016902,20251113162738,4177532,20251113165802,4111588,0,01,1,22980,1824,N
20251113,M7731,41016902,20251113,41,11,08,41_23353132,2,570,41016902,20251113170525,4177532,20251113173545,4111588,0,01,1,22980,1820,N
20251113,M7731,41016902,20251113,41,11,08,41_23355773,2,570,41016902,20251113201754,4177448,20251113205918,4116126,0,01,1,23140,2484,N
20251113,M7731,41016902,20251113,41,11,08,41_23365281,2,570,41016902,20251113075338,4106836,20251113082150,4111588,0,01,1,24330,1692,N
20251113,M7731,41016902,20251113,41,11,08,41_23417162,2,570,41016902,20251113161228,4106836,20251113163207,4116130,0,01,1,26590,1179,N
20251113,M7731,41016902,20251113,41,11,08,41_23420875,2,570,41016902,20251113181707,4177448,20251113184811,4111588,0,01,1,22120,1864,N
20251113,M7731,41016902,20251113,41,11,08,41_2343777,2,570,41016902,20251114000241,4177637,20251114005248,4111588,0,01,1,25830,3007,N
20251113,M7731,41016902,20251113,41,11,08,41_23448059,2,570,41016902,20251113071418,4106836,20251113074241,4111588,0,01,1,24330,1703,N
20251113,M7731,41016902,20251113,41,11,08,41_2345505,2,570,41016902,20251113083324,4177637,20251113090858,4116126,0,01,1,26850,2134,N
20251113,M7731,41016902,20251113,41,11,08,41_23462512,2,570,41016902,20251113102257,4106836,20251113110637,4116126,0,01,1,25350,2620,N
20251113,M7731,41016902,20251113,41,11,08,41_23462512,2,570,41016902,20251113194145,4106836,20251113201922,4116126,0,01,1,25350,2257,N
20251113,M7731,41016902,20251113,41,11,08,41_23515098,2,570,41016902,20251113052122,4177448,20251113055321,4111588,0,01,1,22120,1919,N
20251113,M7731,41016902,20251113,41,11,08,41_23533987,1,570,41016902,20251113221852,4177532,20251113224126,4116126,0,01,1,24000,1354,N
20251113,M7731,41016902,20251113,41,11,08,41_23537562,1,570,41016902,20251113051801,4177448,20251113053855,4111588,0,01,1,22120,1254,N
20251113,M7731,41016902,20251113,41,11,08,41_2355702,2,570,41016902,20251113193203,4106836,20251113200547,4116130,0,01,1,26590,2024,N
20251113,M7731,41016902,20251113,41,11,08,41_23557162,2,570,41016902,20251113073517,4177532,20251113075733,4111588,0,01,1,22980,1336,N
20251113,M7731,41016902,20251113,41,11,08,41_23562249,2,570,41016902,20251113221852,4177532,20251113224810,4111588,0,01,1,22980,1758,N
20251113,M7731,41016902,20251113,41,11,08,41_23570630,2,570,41016902,20251113155558,4106836,20251113164828,4111588,0,01,1,24330,3150,N
20251113,M7731,41016902,20251113,41,11,08,41_23571358,1,570,41016902,20251113201148,4106836,20251113205434,4116130,0,01,1,26590,2566,N
20251113,M7731,41016902,20251113,41,11,08,41_23602801,2,570,41016902,20251113161129,4177448,20251113163902,4116126,0,01,1,23140,1653,N
20251113,M7731,41016902,20251113,41,11,08,41_23605265,1,570,41016902,20251113071350,4177448,20251113074138,4111599,0,01,1,26060,1668,N
20251113,M7731,41016902,20251113,41,11,08,41_23623085,1,570,41016902,20251113212033,4177532,20251113214332,4111588,0,01,1,22980,1379,N
20251113,M7731,41016902,20251113,41,11,08,41_23632432,2,570,41016902,20251113071952,4177448,20251113075821,4111588,0,01,1,22120,2309,N
20251113,M7731,41016902,20251113,41,11,08,41_23632432,2,570,41016902,20251113090915,4177448,20251113093715,4111588,0,01,1,22120,1680,N
20251113,M7731,41016902,20251113,41,11,08,41_23642551,1,570,41016902,20251113081759,4110935,20251113084220,4111588,0,01,1,28710,1461,N
20251113,M7731,41016902,20251113,41,11,08,41_23677582,2,570,41016902,20251113071350,4177448,20251113074926,4116126,0,01,1,23140,2136,N
20251113,M7731,41016902,20251113,41,11,08,41_23677582,2,570,41016902,20251113090915,4177448,20251113094451,4116126,0,01,1,23140,2136,N
20251113,M7731,41016902,20251113,41,11,08,41_23680194,2,570,41016902,20251113170638,4106836,20251113173234,4111588,0,01,1,24330,1556,N
20251113,M7731,41016902,20251113,41,11,08,41_23693052,2,570,41016902,20251113211939,4177448,20251113220928,4111588,0,01,1,22120,2989,N
20251113,M7731,41016902,20251113,41,11,08,41_23773204,2,570,41016902,20251113124114,4177532,20251113131255,4111588,0,01,1,22980,1901,N
20251113,M7731,41016902,20251113,41,11,08,41_2378963,2,570,41016902,20251113055147,4177510,20251113065725,4116130,0,01,1,31760,3938,N
20251113,M7731,41016902,20251113,41,11,08,41_23798003,2,570,41016902,20251113162216,4106836,20251113170742,4111588,0,01,1,24330,2726,N
20251113,M7731,41016902,20251113,41,11,08,41_23844820,2,570,41016902,20251113164917,4177637,20251113171728,4116126,0,01,1,26850,1691,N
20251113,M7731,41016902,20251113,41,11,08,41_23863853,2,570,41016902,20251113125253,4106836,20251113132257,4116126,0,01,1,25350,1804,N
20251113,M7731,41016902,20251113,41,11,08,41_23879754,1,570,41016902,20251113192826,4177448,20251113195327,4111588,0,01,1,22120,1501,N
20251113,M7731,41016902,20251113,41,11,08,41_23883647,2,570,41016902,20251113123733,4106836,20251113130907,4116130,1,01,1,26590,1894,N
20251113,M7731,41016902,20251113,41,11,08,41_23908907,2,570,41016902,20251113210909,4106836,20251113215436,4116126,0,01,1,25350,2727,N
20251113,M7731,41016902,20251113,41,11,08,41_23928883,2,570,41016902,20251113093548,4110868,20251113100337,4111588,0,01,1,26980,1669,N
20251113,M7731,41016902,20251113,41,11,08,41_23931894,2,570,41016902,20251114003241,4177448,20251114011320,4116126,0,01,1,23140,2439,N
20251113,M7731,41016902,20251113,41,11,08,41_23937766,1,570,41016902,20251113200417,4177532,20251113203300,4111588,0,01,1,22980,1723,N
20251113,M7731,41016902,20251113,41,11,08,41_23995207,2,570,41016902,20251113085312,4110935,20251113092024,4116130,0,01,1,30970,1632,N
20251113,M7731,41016902,20251113,41,11,08,41_240018,2,570,41016902,20251113160910,4106836,20251113164516,4111588,1,01,1,24330,2166,N
20251113,M7731,41016902,20251113,41,11,08,41_2400888,2,570,41016902,20251113124024,4177532,20251113130653,4111588,0,01,1,22980,1589,N
20251113,M7731,41016902,20251113,41,11,08,41_24018412,1,570,41016902,20251113091015,4106836,20251113094901,4111588,0,01,1,24330,2326,N
20251113,M7731,41016902,20251113,41,11,08,41_24021503,2,570,41016902,20251113162536,4106836,20251113170405,4116126,1,01,1,25350,2309,N
20251113,M7731,41016902,20251113,41,11,08,41_2403051,2,570,41016902,20251113103330,4110935,20251113104611,4116126,0,01,1,29730,761,N
20251113,M7731,41016902,20251113,41,11,08,41_24033749,2,570,41016902,20251113131916,4106836,20251113134948,4109162,0,01,1,29380,1832,N
20251113,M7731,41016902,20251113,41,11,08,41_2408199,2,570,41016902,20251113122852,4177532,20251113125456,4111588,0,01,1,22980,1564,N
20251113,M7731,41016902,20251113,41,11,08,41_24096755,2,570,41016902,20251113133750,4106836,20251113141729,4116126,0,01,1,25350,2379,N
20251113,M7731,41016902,20251113,41,11,08,41_24111511,1,570,41016902,20251113101453,4106836,20251113104140,4111588,0,01,1,24330,1607,N
20251113,M7731,41016902,20251113,41,11,08,41_24115572,2,570,41016902,20251113180213,4177532,20251113182958,4111588,0,01,1,22980,1665,N
20251113,M7731,41016902,20251113,41,11,08,41_24117447,2,570,41016902,20251113051911,4177532,20251113054913,4111588,0,01,1,22980,1802,N
20251113,M7731,41016902,20251113,41,11,08,41_24172485,1,570,41016902,20251113162603,4177532,20251113165043,4111588,0,01,1,22980,1480,N
20251113,M7731,41016902,20251113,41,11,08,41_24220078,2,570,41016902,20251113071238,4106836,20251113075107,4111588,0,01,1,24330,2309,N
20251113,M7731,41016902,20251113,41,11,08,41_24264090,1,570,41016902,20251113170110,4177448,20251113173552,4111588,0,01,1,22120,2082,N
20251113,M7731,41016902,20251113,41,11,08,41_24276130,1,570,41016902,20251113172742,4106836,20251113180709,4111588,0,01,1,24330,2367,N
20251113,M7731,41016902,20251113,41,11,08,41_24352287,1,570,41016902,20251113142703,4177448,20251113150532,4111588,0,01,1,22120,2309,N
20251113,M7731,41016902,20251113,41,11,08,41_24362002,2,570,41016902,20251113183918,4177532,20251113193108,4111588,0,01,1,22980,3110,N
20251113,M7731,41016902,20251113,41,11,08,41_24373198,2,570,41016902,20251113093400,4177637,20251113101204,4116130,0,01,1,28090,2284,N
20251113,M7731,41016902,20251113,41,11,08,41_24380488,2,570,41016902,20251113151018,4106836,20251113160634,4116126,0,01,1,25350,3376,N
20251113,M7731,41016902,20251113,41,11,08,41_24380573,2,570,41016902,20251113145607,4177448,20251113152440,4111588,0,01,1,22120,1713,N
20251113,M7731,41016902,20251113,41,11,08,41_24384487,1,570,41016902,20251113064528,4177448,20251113071709,4111588,1,01,1,22120,1901,N
20251113,M7731,41016902,20251113,41,11,08,41_24388164,1,570,41016902,20251113142719,4177448,20251113150008,4111588,0,01,2,22120,1969,N
20251113,M7731,41016902,20251113,41,11,08,41_24404955,2,570,41016902,20251113080713,4177448,20251113083509,4111588,0,01,1,22120,1676,N
20251113,M7731,41016902,20251113,41,11,08,41_2441658,2,570,41016902,20251113180848,4177532,20251113183302,4111588,0,01,1,22980,1454,N
20251113,M7731,41016902,20251113,41,11,08,41_24418287,2,570,41016902,20251113074937,4106836,20251113085704,4111588,0,01,1,24330,4047,N
20251113,M7731,41016902,20251113,41,11,08,41_24418287,2,570,41016902,20251113174324,4177532,20251113181740,4111588,0,01,1,22980,2056,N
20251113,M7731,41016902,20251113,41,11,08,41_24439669,2,570,41016902,20251113065433,4177637,20251113073223,4116126,0,01,1,26850,2270,N
20251113,M7731,41016902,20251113,41,11,08,41_24439669,2,570,41016902,20251113151409,4177637,20251113154206,4116130,0,01,1,28090,1677,N
20251113,M7731,41016902,20251113,41,11,08,41_24460145,2,570,41016902,20251113213311,4177448,20251113222007,4111588,0,01,1,22120,2816,N
20251113,M7731,41016902,20251113,41,11,08,41_24460967,2,570,41016902,20251113215045,4177448,20251113222047,4109162,0,01,1,27170,1802,N
20251113,M7731,41016902,20251113,41,11,08,41_24482371,2,570,41016902,20251113143657,4177532,20251113150537,4116126,0,01,1,24000,1720,N
20251113,M7731,41016902,20251113,41,11,08,41_24483662,1,570,41016902,20251113065433,4177637,20251113073223,4111599,0,01,1,29770,2270,N
20251113,M7731,41016902,20251113,41,11,08,41_24483662,1,570,41016902,20251113151409,4177637,20251113154159,4111599,0,01,1,29770,1670,N
20251113,M7731,41016902,20251113,41,11,08,41_24485172,2,570,41016902,20251113120419,4106836,20251113124550,4111588,0,01,1,24330,2491,N
20251113,M7731,41016902,20251113,41,11,08,41_24485172,2,570,41016902,20251113175930,4106836,20251113185426,4111588,0,01,1,24330,3296,N
20251113,M7731,41016902,20251113,41,11,08,41_24485172,2,570,41016902,20251113220113,4106836,20251113230057,4111588,0,01,1,24330,3584,N
20251113,M7731,41016902,20251113,41,11,08,41_24487602,2,570,41016902,20251113135107,4106836,20251113141823,4116126,1,01,1,25350,1636,N
20251113,M7731,41016902,20251113,41,11,08,41_24522639,1,570,41016902,20251113052116,4106836,20251113062831,4111588,1,01,1,24330,4035,N
20251113,M7731,41016902,20251113,41,11,08,41_24524375,2,570,41016902,20251113124818,4106836,20251113132137,4111588,0,01,1,24330,1999,N
20251113,M7731,41016902,20251113,41,11,08,41_24565688,1,570,41016902,20251113162438,4106836,20251113170023,4111588,1,01,1,24330,2145,N
20251113,M7731,41016902,20251113,41,11,08,41_2457390,1,570,41016902,20251113121616,4177637,20251113122911,4111588,0,01,1,25830,775,N
20251113,M7731,41016902,20251113,41,11,08,41_24580568,1,570,41016902,20251113060202,4177637,20251113063523,4109162,0,01,1,30880,2001,N
20251113,M7731,41016902,20251113,41,11,08,41_2458703,2,570,41016902,20251113123558,4177448,20251113130349,4111588,0,01,1,22120,1671,N
20251113,M7731,41016902,20251113,41,11,08,41_2458703,2,570,41016902,20251113165103,4177448,20251113171637,4111588,0,01,1,22120,1534,N
20251113,M7731,41016902,20251113,41,11,08,41_24620625,1,570,41016902,20251113090244,4106836,20251113094127,4111588,0,01,1,24330,2323,N
20251113,M7731,41016902,20251113,41,11,08,41_24668310,1,570,41016902,20251113073635,4177510,20251113080525,4116126,0,01,1,30520,1730,N
20251113,M7731,41016902,20251113,41,11,08,41_24668310,1,570,41016902,20251113102524,4177510,20251113111418,4116126,0,01,1,30520,2934,N
20251113,M7731,41016902,20251113,41,11,08,41_24752490,2,570,41016902,20251113193924,4177448,20251113203448,4111588,0,01,1,22120,3324,N
20251113,M7731,41016902,20251113,41,11,08,41_24770190,2,570,41016902,20251113222214,4106836,20251113230331,4111588,0,01,1,24330,2477,N
20251113,M7731,41016902,20251113,41,11,08,41_2479257,2,570,41016902,20251113222231,4177448,20251113224637,4111588,0,01,1,22120,1446,N
20251113,M7731,41016902,20251113,41,11,08,41_24815405,2,570,41016902,20251113063702,4110935,20251113075443,4111588,0,01,1,28710,4661,N
20251113,M7731,41016902,20251113,41,11,08,41_24827305,2,570,41016902,20251113164941,4177532,20251113172236,4111588,0,01,2,22980,1975,N
20251113,M7731,41016902,20251113,41,11,08,41_24876096,2,570,41016902,20251113070253,4106836,20251113074621,4111588,1,01,1,24330,2608,N
20251113,M7731,41016902,20251113,41,11,08,41_24878589,1,570,41016902,20251113130012,4177532,20251113133100,4111588,0,01,1,22980,1848,N
20251113,M7731,41016902,20251113,41,11,08,41_24949502,2,570,41016902,20251113080443,4110935,20251113084948,4111588,0,01,1,28710,2705,N
20251113,M7731,41016902,20251113,41,11,08,41_24950049,2,570,41016902,20251113220440,4177448,20251113222908,4111588,0,01,1,22120,1468,N
20251113,M7731,41016902,20251113,41,11,08,41_25015133,1,570,41016902,20251113063512,4177637,20251113071516,4111588,0,01,1,25830,2404,N
20251113,M7731,41016902,20251113,41,11,08,41_25015133,1,570,41016902,20251113170552,4177637,20251113174451,4111588,0,01,1,25830,2339,N
20251113,M7731,41016902,20251113,41,11,08,41_25027992,2,570,41016902,20251113212344,4106836,20251113220321,4116130,0,01,1,26590,2377,N
20251113,M7731,41016902,20251113,41,11,08,41_25050028,2,570,41016902,20251113132205,4177532,20251113140906,4111588,0,01,1,22980,2821,N
20251113,M7731,41016902,20251113,41,11,08,41_25053395,2,570,41016902,20251113132205,4177532,20251113140427,4111599,0,01,1,26920,2542,N
20251113,M7731,41016902,20251113,41,11,08,41_25058219,2,570,41016902,20251113165255,4177532,20251113172638,4111588,0,01,1,22980,2023,N
20251113,M7731,41016902,20251113,41,11,08,41_25085584,2,570,41016902,20251113123942,4106836,20251113132055,4111588,0,01,1,24330,2473,N
20251113,M7731,41016902,20251113,41,11,08,41_25093666,2,570,41016902,20251113170740,4177532,20251113173338,4111588,0,01,1,22980,1558,N
20251113,M7731,41016902,20251113,41,11,08,41_2511912,2,570,41016902,20251113075839,4106836,20251113083708,4111588,0,01,1,24330,2309,N
20251113,M7731,41016902,20251113,41,11,08,41_25143340,2,570,41016902,20251113063421,4107446,20251113072911,4111588,0,01,1,27870,3290,N
20251113,M7731,41016902,20251113,41,11,08,41_25174114,2,570,41016902,20251113200339,4106836,20251113204119,4116130,0,01,1,26590,2260,N
20251113,M7731,41016902,20251113,41,11,08,41_25175997,2,570,41016902,20251113203106,4177532,20251113210402,4111588,0,01,1,22980,1976,N
20251113,M7731,41016902,20251113,41,11,08,41_25182899,2,570,41016902,20251113212949,4177532,20251113220047,4111588,0,01,1,22980,1858,N
20251113,M7731,41016902,20251113,41,11,08,41_25238750,2,570,41016902,20251113191400,4177637,20251113194724,4111588,0,01,1,25830,2004,N
20251113,M7731,41016902,20251113,41,11,08,41_25243593,2,570,41016902,20251113092059,4106836,20251113095423,4116126,1,01,1,25350,2004,N
20251113,M7731,41016902,20251113,41,11,08,41_2524879,2,570,41016902,20251113153125,4107446,20251113160730,4111588,0,01,1,27870,2165,N
20251113,M7731,41016902,20251113,41,11,08,41_25256666,1,570,41016902,20251113190847,4177637,20251113194359,4109162,0,01,1,30880,2112,N
20251113,M7731,41016902,20251113,41,11,08,41_2528664,2,570,41016902,20251113124013,4177448,20251113131410,4116130,0,01,1,24380,2037,N
20251113,M7731,41016902,20251113,41,11,08,41_25340751,1,570,41016902,20251113094622,4177448,20251113102006,4116126,0,01,1,23140,2024,N
20251113,M7731,41016902,20251113,41,11,08,41_25418000,2,570,41016902,20251113120442,4106836,20251113124439,4116130,1,01,1,26590,2397,N
20251113,M7731,41016902,20251113,41,11,08,41_25426676,2,570,41016902,20251113125315,4106836,20251113133752,4116126,0,01,1,25350,2677,N
20251113,M7731,41016902,20251113,41,11,08,41_25444933,2,570,41016902,20251113083842,4106836,20251113092210,4109162,0,01,1,29380,2608,N
20251113,M7731,41016902,20251113,41,11,08,41_25444933,2,570,41016902,20251113132156,4106836,20251113140417,4111599,0,01,1,28270,2541,N
20251113,M7731,41016902,20251113,41,11,08,41_25444933,2,570,41016902,20251113194135,4106836,20251113202258,4111599,0,01,1,28270,2483,N
20251113,M7731,41016902,20251113,41,11,08,41_25482297,2,570,41016902,20251113130845,4110935,20251113135140,4116126,0,01,1,29730,2575,N
20251113,M7731,41016902,20251113,41,11,08,41_25491076,2,570,41016902,20251113120442,4177637,20251113124737,4116126,0,01,1,26850,2575,N
20251113,M7731,41016902,20251113,41,11,08,41_25494107,1,570,41016902,20251113071339,4106836,20251113082025,4111588,1,01,1,24330,4006,N
20251113,M7731,41016902,20251113,41,11,08,41_25524499,2,570,41016902,20251113072442,4177448,20251113074621,4111588,0,01,1,22120,1299,N
20251113,M7731,41016902,20251113,41,11,08,41_25524499,2,570,41016902,20251113075219,4177448,20251113081358,4111588,0,01,1,22120,1299,N
20251113,M7731,41016902,20251113,41,11,08,41_25534416,1,570,41016902,20251113074800,4177448,20251113080939,4109162,0,01,1,27170,1299,N
20251113,M7731,41016902,20251113,41,11,08,41_25534416,1,570,41016902,20251113103653,4177448,20251113110056,4109162,0,01,1,27170,1443,N
20251113,M7731,41016902,20251113,41,11,08,41_25534416,1,570,41016902,20251113225134,4177448,20251113231525,4109162,0,01,1,27170,1431,N
20251113,M7731,41016902,20251113,41,11,08,41_25537281,2,570,41016902,20251113075018,4177448,20251113081304,4116126,0,01,1,23140,1366,N
20251113,M7731,41016902,20251113,41,11,08,41_25537281,2,570,41016902,20251113103733,4177448,20251113110200,4116126,0,01,1,23140,1467,N
20251113,M7731,41016902,20251113,41,11,08,41_25589801,2,570,41016902,20251113224931,4177448,20251113231354,4116130,0,01,1,24380,1463,N
20251113,M7731,41016902,20251113,41,11,08,41_25603421,2,570,41016902,20251113170213,4177532,20251113172521,4116130,0,01,1,25240,1388,N
20251113,M7731,41016902,20251113,41,11,08,41_25631931,2,570,41016902,20251113194451,4177448,20251113200609,4111588,0,01,1,22120,1278,N
20251113,M7731,41016902,20251113,41,11,08,41_25633465,2,570,41016902,20251113210124,4177448,20251113212713,4111588,0,01,1,22120,1549,N
20251113,M7731,41016902,20251113,41,11,08,41_2564941,1,570,41016902,20251113180447,4177532,20251113184530,4116130,0,01,1,25240,2443,N
20251113,M7731,41016902,20251113,41,11,08,41_2570439,2,570,41016902,20251113170805,4106836,20251113181532,4111588,0,01,1,24330,4047,N
20251113,M7731,41016902,20251113,41,11,08,41_25715363,2,570,41016902,20251113135410,4177448,20251113141719,4116126,0,01,1,23140,1389,N
20251113,M7731,41016902,20251113,41,11,08,41_25809964,2,570,41016902,20251113193442,4177448,20251113201332,4111588,0,01,1,22120,2330,N
20251113,M7731,41016902,20251113,41,11,08,41_25837478,2,570,41016902,20251113161917,4177448,20251113165131,4111588,0,01,1,22120,1934,N
20251113,M7731,41016902,20251113,41,11,08,41_25855726,1,570,41016902,20251113093206,4107446,20251113100844,4116126,0,01,1,28890,2198,N
20251113,M7731,41016902,20251113,41,11,08,41_25863660,2,570,41016902,20251113161917,4177448,20251113164958,4111588,0,01,1,22120,1841,N
20251113,M7731,41016902,20251113,41,11,08,41_25882664,2,570,41016902,20251113111004,4177448,20251113114402,4116126,0,01,1,23140,2038,N
20251113,M7731,41016902,20251113,41,11,08,41_25882664,2,570,41016902,20251113141607,4177448,20251113145004,4116126,0,01,1,23140,2037,N
20251113,M7731,41016902,20251113,41,11,08,41_25899339,2,570,41016902,20251113173626,4106836,20251113181206,4111588,0,01,1,24330,2140,N
20251113,M7731,41016902,20251113,41,11,08,41_2591226,2,570,41016902,20251113110605,4106836,20251113114152,4116130,0,01,1,26590,2147,N
20251113,M7731,41016902,20251113,41,11,08,41_25934653,2,570,41016902,20251113081808,4177637,20251113085640,4111588,0,01,1,25830,2312,N
20251113,M7731,41016902,20251113,41,11,08,41_25940067,2,570,41016902,20251113131421,4177532,20251113134624,4111588,0,01,1,22980,1923,N
20251113,M7731,41016902,20251113,41,11,08,41_25946156,2,570,41016902,20251113125221,4177448,20251113131626,4111588,0,01,1,22120,1445,N
20251113,M7731,41016902,20251113,41,11,08,41_25965144,2,570,41016902,20251113220503,4177532,20251113223228,4111588,0,01,1,22980,1645,N
20251113,M7731,41016902,20251113,41,11,08,41_25969391,2,570,41016902,20251113124504,4110868,20251113131605,4111588,0,01,1,26980,1861,N
20251113,M7731,41016902,20251113,41,11,08,41_25995757,2,570,41016902,20251113061448,4106836,20251113070446,4111588,0,01,1,24330,2998,N
20251113,M7731,41016902,20251113,41,11,08,41_25998906,2,570,41016902,20251113224255,4106836,20251113231804,4111588,0,01,1,24330,2109,N
20251113,M7731,41016902,20251113,41,11,08,41_26020505,2,570,41016902,20251113114437,4106836,20251113122228,4116130,1,01,1,26590,2271,N
20251113,M7731,41016902,20251113,41,11,08,41_26052673,2,570,41016902,20251113183142,4177532,20251113185902,4111588,0,01,1,22980,1640,N
20251113,M7731,41016902,20251113,41,11,08,41_26069148,2,570,41016902,20251113134654,4106836,20251113143153,4111588,1,01,1,24330,2699,N
20251113,M7731,41016902,20251113,41,11,08,41_26101196,2,570,41016902,20251113170729,4177532,20251113173750,4111588,0,01,1,22980,1821,N
20251113,M7731,41016902,20251113,41,11,08,41_26103291,2,570,41016902,20251113222139,4177448,20251113224444,4111588,0,01,1,22120,1385,N
20251113,M7731,41016902,20251113,41,11,08,41_26107777,2,570,41016902,20251113135142,4177532,20251113142322,4111588,0,01,1,22980,1900,N
20251113,M7731,41016902,20251113,41,11,08,41_26115761,2,570,41016902,20251113200854,4177448,20251113203429,4116126,0,01,1,23140,1535,N
20251113,M7731,41016902,20251113,41,11,08,41_26115761,2,570,41016902,20251113210709,4177448,20251113213244,4116126,0,01,1,23140,1535,N
20251113,M7731,41016902,20251113,41,11,08,41_26147533,2,570,41016902,20251113170646,4177532,20251113174933,4116126,0,01,1,24000,2567,N
20251113,M7731,41016902,20251113,41,11,08,41_26157664,2,570,41016902,20251113072536,4110935,20251113081513,4111588,0,01,1,28710,2977,N
20251113,M7731,41016902,20251113,41,11,08,41_26160926,1,570,41016902,20251113052158,4177637,20251113055850,4111588,0,01,1,25830,2212,N
20251113,M7731,41016902,20251113,41,11,08,41_26198135,2,570,41016902,20251113182709,4177532,20251113185219,4111588,0,01,1,22980,1510,N
20251113,M7731,41016902,20251113,41,11,08,41_2624476,2,570,41016902,20251113151126,4106836,20251113155756,4111588,0,01,1,24330,2790,N
20251113,M7731,41016902,20251113,41,11,08,41_26252185,2,570,41016902,20251113062919,4110935,20251113070626,4111599,0,01,1,32650,2227,N
20251113,M7731,41016902,20251113,41,11,08,41_26258972,2,570,41016902,20251113161125,4106836,20251113165659,4116126,0,01,1,25350,2734,N
20251113,M7731,41016902,20251113,41,11,08,41_26258972,2,570,41016902,20251113222052,4106836,20251113230007,4116126,0,01,1,25350,2355,N
20251113,M7731,41016902,20251113,41,11,08,41_26308671,2,570,41016902,20251113124549,4106836,20251113132409,4111588,1,01,1,24330,2300,N
20251113,M7731,41016902,20251113,41,11,08,41_26314590,2,570,41016902,20251113160206,4106836,20251113164238,4111588,0,01,1,24330,2432,N
20251113,M7731,41016902,20251113,41,11,08,41_26317145,1,570,41016902,20251113160400,4106836,20251113163823,4111588,0,01,1,24330,2063,N
20251113,M7731,41016902,20251113,41,11,08,41_2647273,1,570,41016902,20251113185011,4106836,20251113191722,4111588,0,01,1,24330,1631,N
20251113,M7731,41016902,20251113,41,11,08,41_2662380,2,570,41016902,20251113092723,4177532,20251113095654,4111588,0,01,1,22980,1771,N
20251113,M7731,41016902,20251113,41,11,08,41_2666284,2,570,41016902,20251113213253,4177448,20251113222116,4111588,0,01,1,22120,2903,N
20251113,M7731,41016902,20251113,41,11,08,41_266845,1,570,41016902,20251113161213,4177532,20251113163923,4111588,0,01,1,22980,1630,N
20251113,M7731,41016902,20251113,41,11,08,41_268275,2,570,41016902,20251113071057,4177448,20251113080209,4111588,0,01,1,22120,3072,N
20251113,M7731,41016902,20251113,41,11,08,41_2761638,1,570,41016902,20251113105232,4177637,20251113113220,4109162,0,01,1,30880,2388,N
20251113,M7731,41016902,20251113,41,11,08,41_2795104,2,570,41016902,20251113090147,4110935,20251113093718,4111588,0,01,1,28710,2131,N
20251113,M7731,41016902,20251113,41,11,08,41_2816717,2,570,41016902,20251113051455,4177510,20251113053945,4111588,0,01,1,29500,1490,N
20251113,M7731,41016902,20251113,41,11,08,41_2845939,1,570,41016902,20251113073243,4106836,20251113080704,4111588,0,01,1,24330,2061,N
20251113,M7731,41016902,20251113,41,11,08,41_2906675,2,570,41016902,20251113124059,4177532,20251113131219,4116126,0,01,1,24000,1880,N
20251113,M7731,41016902,20251113,41,11,08,41_2910835,2,570,41016902,20251113180800,4177448,20251113183947,4111588,0,01,1,22120,1907,N
20251113,M7731,41016902,20251113,41,11,08,41_2913788,2,570,41016902,20251113123159,4177637,20251113131240,4116126,0,01,1,26850,2441,N
20251113,M7731,41016902,20251113,41,11,08,41_2919964,2,570,41016902,20251113214509,4177448,20251113222250,4116126,0,01,1,23140,2261,N
20251113,M7731,41016902,20251113,41,11,08,41_293419,2,570,41016902,20251113213034,4106836,20251113215827,4111588,1,01,1,24330,1673,N
20251113,M7731,41016902,20251113,41,11,08,41_2942260,2,570,41016902,20251113135726,4177637,20251113145447,4111588,0,01,1,25830,3441,N
20251113,M7731,41016902,20251113,41,11,08,41_2998219,2,570,41016902,20251113112658,4107446,20251113122132,4111588,0,01,1,27870,3274,N
20251113,M7731,41016902,20251113,41,11,08,41_3000440,2,570,41016902,20251113050907,4177637,20251113055441,4116126,1,01,1,26850,2734,N
20251113,M7731,41016902,20251113,41,11,08,41_3001644,2,570,41016902,20251113182935,4177532,20251113191918,4111588,0,01,1,22980,2983,N
20251113,M7731,41016902,20251113,41,11,08,41_3002485,2,570,41016902,20251113154447,4177532,20251113161600,4111588,0,01,1,22980,1873,N
20251113,M7731,41016902,20251113,41,11,08,41_3016286,2,570,41016902,20251113183132,4177532,20251113185801,4116126,0,01,1,24000,1589,N
20251113,M7731,41016902,20251113,41,11,08,41_3023012,2,570,41016902,20251113092145,4177637,20251113094816,4111588,0,01,1,25830,1591,N
20251113,M7731,41016902,20251113,41,11,08,41_3023164,2,570,41016902,20251113154447,4177448,20251113161532,4111588,0,01,1,22120,1845,N
20251113,M7731,41016902,20251113,41,11,08,41_3029776,1,570,41016902,20251113092145,4177637,20251113094816,4116126,0,01,1,26850,1591,N
20251113,M7731,41016902,20251113,41,11,08,41_3029804,2,570,41016902,20251113202542,4177532,20251113205528,4111588,0,01,1,22980,1786,N
20251113,M7731,41016902,20251113,41,11,08,41_303481,2,570,41016902,20251113080507,4110935,20251113083205,4116130,0,01,1,30970,1618,N
20251113,M7731,41016902,20251113,41,11,08,41_3038985,1,570,41016902,20251113202029,4177532,20251113205433,4111588,0,01,1,22980,2044,N
20251113,M7731,41016902,20251113,41,11,08,41_3044830,2,570,41016902,20251113154447,4177532,20251113162105,4111588,0,01,1,22980,2178,N
20251113,M7731,41016902,20251113,41,11,08,41_3060707,2,570,41016902,20251113134326,4110935,20251113140810,4111588,0,01,1,28710,1484,N
20251113,M7731,41016902,20251113,41,11,08,41_3062674,2,570,41016902,20251113125239,4106836,20251113131723,4116130,1,01,1,26590,1484,N
20251113,M7731,41016902,20251113,41,11,08,41_3062674,2,570,41016902,20251113234014,4106836,20251114002930,4111588,0,01,1,24330,2956,N
20251113,M7731,41016902,20251113,41,11,08,41_3071035,2,570,41016902,20251113191916,4107446,20251113195142,4111588,0,01,1,27870,1946,N
20251113,M7731,41016902,20251113,41,11,08,41_3073555,2,570,41016902,20251113182935,4177532,20251113185242,4111588,0,01,1,22980,1387,N
20251113,M7731,41016902,20251113,41,11,08,41_3087416,2,570,41016902,20251113183434,4177532,20251113190103,4116126,0,01,1,24000,1589,N
20251113,M7731,41016902,20251113,41,11,08,41_3092787,2,570,41016902,20251113202419,4177532,20251113204556,4116126,0,01,1,24000,1297,N
20251113,M7731,41016902,20251113,41,11,08,41_310642,1,570,41016902,20251113171415,4106836,20251113180406,4116126,1,01,1,25350,2991,N
20251113,M7731,41016902,20251113,41,11,08,41_3109653,1,570,41016902,20251113174407,4106836,20251113182858,4111588,0,01,1,24330,2691,N
20251113,M7731,41016902,20251113,41,11,08,41_313292,1,570,41016902,20251113172506,4106836,20251113181022,4111588,0,01,1,24330,2716,N
20251113,M7731,41016902,20251113,41,11,08,41_3158719,2,570,41016902,20251113094129,4106836,20251113101459,4111588,0,01,1,24330,2010,N
20251113,M7731,41016902,20251113,41,11,08,41_3170751,2,570,41016902,20251113080812,4106836,20251113083906,4116126,0,01,1,25350,1854,N
20251113,M7731,41016902,20251113,41,11,08,41_3170751,2,570,41016902,20251113142310,4177532,20251113145449,4116126,0,01,1,24000,1899,N
20251113,M7731,41016902,20251113,41,11,08,41_3193673,1,570,41016902,20251113101802,4106836,20251113104748,4116126,1,01,1,25350,1786,N
20251113,M7731,41016902,20251113,41,11,08,41_3208540,2,570,41016902,20251113135545,4106836,20251113143842,4116126,1,01,1,25350,2577,N
20251113,M7731,41016902,20251113,41,11,08,41_3208540,2,570,41016902,20251113205051,4106836,20251113212655,4116126,0,01,1,25350,2164,N
20251113,M7731,41016902,20251113,41,11,08,41_3209956,1,570,41016902,20251113171712,4177532,20251113174140,4111588,0,01,1,22980,1468,N
20251113,M7731,41016902,20251113,41,11,08,41_3241383,2,570,41016902,20251113145526,4177532,20251113151756,4116126,0,01,1,24000,1350,N
20251113,M7731,41016902,20251113,41,11,08,41_3257710,2,570,41016902,20251113090244,4177637,20251113092510,4111588,0,01,2,25830,1346,N
20251113,M7731,41016902,20251113,41,11,08,41_3271903,2,570,41016902,20251113144448,4177532,20251113150718,4116126,0,01,1,24000,1350,N
20251113,M7731,41016902,20251113,41,11,08,41_3274082,2,570,41016902,20251113204400,4106836,20251113211451,4111588,0,01,1,24330,1851,N
20251113,M7731,41016902,20251113,41,11,08,41_3285996,1,570,41016902,20251113115244,4106836,20251113122636,4116126,0,01,1,25350,2032,N
20251113,M7731,41016902,20251113,41,11,08,41_3301900,2,570,41016902,20251113101622,4177448,20251113104328,4111588,0,01,1,22120,1626,N
20251113,M7731,41016902,20251113,41,11,08,41_3301900,2,570,41016902,20251113161856,4177448,20251113165752,4111588,0,01,1,22120,2336,N
20251113,M7731,41016902,20251113,41,11,08,41_3344726,1,570,41016902,20251113160724,4177532,20251113163208,4111588,0,01,1,22980,1484,N
20251113,M7731,41016902,20251113,41,11,08,41_3347979,1,570,41016902,20251113160724,4177532,20251113163745,4109162,0,01,1,28030,1821,N
20251113,M7731,41016902,20251113,41,11,08,41_3365577,1,570,41016902,20251113134134,4106836,20251113141438,4111588,0,01,1,24330,1984,N
20251113,M7731,41016902,20251113,41,11,08,41_3384632,2,570,41016902,20251113101620,4177448,20251113105213,4116126,0,01,1,23140,2153,N
20251113,M7731,41016902,20251113,41,11,08,41_3384632,2,570,41016902,20251113165526,4177448,20251113172547,4116126,0,01,1,23140,1821,N
20251113,M7731,41016902,20251113,41,11,08,41_3431956,2,570,41016902,20251113130244,4106836,20251113134340,4111588,0,01,1,24330,2456,N
20251113,M7731,41016902,20251113,41,11,08,41_346918,1,570,41016902,20251113174017,4177448,20251113180809,4111588,0,01,1,22120,1672,N
20251113,M7731,41016902,20251113,41,11,08,41_3476034,2,570,41016902,20251113110538,4106836,20251113113222,4116130,0,01,1,26590,1604,N
20251113,M7731,41016902,20251113,41,11,08,41_3515926,1,570,41016902,20251113173603,4177532,20251113180004,4111588,0,01,1,22980,1441,N
20251113,M7731,41016902,20251113,41,11,08,41_3548781,2,570,41016902,20251113083823,4177448,20251113091404,4111588,1,01,1,22120,2141,N
20251113,M7731,41016902,20251113,41,11,08,41_3588841,2,570,41016902,20251113170117,4177532,20251113172518,4111588,0,01,1,22980,1441,N
20251113,M7731,41016902,20251113,41,11,08,41_3611657,2,570,41016902,20251113101235,4106836,20251113111728,4116126,0,01,1,25350,3893,N
20251113,M7731,41016902,20251113,41,11,08,41_3614181,2,570,41016902,20251113081549,4177532,20251113085340,4111588,0,01,1,22980,2271,N
20251113,M7731,41016902,20251113,41,11,08,41_3619900,2,570,41016902,20251113162047,4106836,20251113171432,4116130,0,01,1,26590,3225,N
20251113,M7731,41016902,20251113,41,11,08,41_3627069,1,570,41016902,20251113071838,4177448,20251113081006,4116126,0,01,1,23140,3088,N
20251113,M7731,41016902,20251113,41,11,08,41_3654605,2,570,41016902,20251113100732,4106836,20251113104747,4111588,0,01,1,24330,2415,N
20251113,M7731,41016902,20251113,41,11,08,41_3660920,2,570,41016902,20251113160721,4177532,20251113164028,4111588,0,01,1,22980,1987,N
20251113,M7731,41016902,20251113,41,11,08,41_3868074,2,570,41016902,20251113163523,4106836,20251113171511,4111588,0,01,1,24330,2388,N
20251113,M7731,41016902,20251113,41,11,08,41_389324,2,570,41016902,20251113211031,4106836,20251113215926,4116126,0,01,1,25350,2935,N
20251113,M7731,41016902,20251113,41,11,08,41_3900514,2,570,41016902,20251113221130,4177532,20251113230144,4111588,0,01,1,22980,3014,N
20251113,M7731,41016902,20251113,41,11,08,41_3961173,2,570,41016902,20251113131346,4106836,20251113134801,4111588,0,01,1,24330,2055,N
20251113,M7731,41016902,20251113,41,11,08,41_4036782,2,570,41016902,20251113172845,4177532,20251113175701,4111588,0,01,1,22980,1696,N
20251113,M7731,41016902,20251113,41,11,08,41_4103048,2,570,41016902,20251113150709,4177637,20251113155320,4116126,0,01,1,26850,2771,N
20251113,M7731,41016902,20251113,41,11,08,41_4109006,1,570,41016902,20251113171257,4106836,20251113175946,4116126,1,01,1,25350,2809,N
20251113,M7731,41016902,20251113,41,11,08,41_4129911,1,570,41016902,20251113101907,4177448,20251113111200,4111588,0,01,1,22120,3173,N
20251113,M7731,41016902,20251113,41,11,08,41_4131906,2,570,41016902,20251113112920,4177510,20251113122151,4111588,0,01,1,29500,3151,N
20251113,M7731,41016902,20251113,41,11,08,41_4161471,2,570,41016902,20251113105051,4177448,20251113114344,4116126,0,01,1,23140,3173,N
20251113,M7731,41016902,20251113,41,11,08,41_4199405,2,570,41016902,20251113105051,4177448,20251113114344,4111588,0,01,1,22120,3173,N
20251113,M7731,41016902,20251113,41,11,08,41_4242110,2,570,41016902,20251113093814,4106836,20251113101817,4111588,0,01,1,24330,2403,N
20251113,M7731,41016902,20251113,41,11,08,41_4252412,1,570,41016902,20251113144524,4106836,20251113151943,4111598,0,01,1,27620,2059,N
20251113,M7731,41016902,20251113,41,11,08,41_4255281,2,570,41016902,20251113074517,4177637,20251113083528,4111588,0,01,1,25830,3011,N
20251113,M7731,41016902,20251113,41,11,08,41_4269223,2,570,41016902,20251113181920,4106836,20251113185137,4111588,0,01,1,24330,1937,N
20251113,M7731,41016902,20251113,41,11,08,41_4269227,2,570,41016902,20251113125013,4177448,20251113132625,4116126,0,01,1,23140,2172,N
20251113,M7731,41016902,20251113,41,11,08,41_428024,2,570,41016902,20251113070631,4177532,20251113074012,4111588,1,01,1,22980,2021,N
20251113,M7731,41016902,20251113,41,11,08,41_433224,2,570,41016902,20251113070757,4177532,20251113075022,4111588,0,01,1,22980,2545,N
20251113,M7731,41016902,20251113,41,11,08,41_4336088,2,570,41016902,20251113110819,4106836,20251113120646,4116126,1,01,1,25350,3507,N
20251113,M7731,41016902,20251113,41,11,08,41_4337670,2,570,41016902,20251113131656,4106836,20251113140218,4116126,0,01,1,25350,2722,N
20251113,M7731,41016902,20251113,41,11,08,41_4337670,2,570,41016902,20251113201743,4106836,20251113210451,4116126,0,01,1,25350,2828,N
20251113,M7731,41016902,20251113,41,11,08,41_4340459,2,570,41016902,20251113231541,4177637,20251114001442,4111588,0,01,1,25830,3541,N
20251113,M7731,41016902,20251113,41,11,08,41_435016,2,570,41016902,20251113223210,4106836,20251113230807,4116130,0,01,1,26590,2157,N
20251113,M7731,41016902,20251113,41,11,08,41_4393245,2,570,41016902,20251113083538,4177637,20251113091449,4111588,0,01,1,25830,2351,N
20251113,M7731,41016902,20251113,41,11,08,41_4414367,2,570,41016902,20251113173313,4177532,20251113175223,4116126,0,01,1,24000,1150,N
20251113,M7731,41016902,20251113,41,11,08,41_4424730,2,570,41016902,20251113205636,4106836,20251113212302,4116126,1,01,1,25350,1586,N
20251113,M7731,41016902,20251113,41,11,08,41_4489998,2,570,41016902,20251113173711,4106836,20251113175522,4111588,0,01,1,24330,1091,N
20251113,M7731,41016902,20251113,41,11,08,41_4489998,2,570,41016902,20251113192756,4106836,20251113195005,4111588,0,01,1,24330,1329,N
20251113,M7731,41016902,20251113,41,11,08,41_4540086,2,570,41016902,20251113140520,4177637,20251113143837,4111588,0,01,1,25830,1997,N
20251113,M7731,41016902,20251113,41,11,08,41_454095,2,570,41016902,20251113071113,4177532,20251113074454,4111588,0,01,1,22980,2021,N
20251113,M7731,41016902,20251113,41,11,08,41_4544079,1,570,41016902,20251113171433,4177532,20251113174034,4111588,0,01,3,22980,1561,N
20251113,M7731,41016902,20251113,41,11,08,41_4563324,2,570,41016902,20251113080644,4177448,20251113085058,4116130,0,01,1,24380,2654,N
20251113,M7731,41016902,20251113,41,11,08,41_4588068,2,570,41016902,20251113183438,4177448,20251113190649,4111588,0,01,1,22120,1931,N
20251113,M7731,41016902,20251113,41,11,08,41_4595121,1,570,41016902,20251113183510,4177448,20251113192504,4116130,0,01,1,24380,2994,N
20251113,M7731,41016902,20251113,41,11,08,41_459574,1,570,41016902,20251113230036,4106836,20251113235023,4111588,0,01,1,24330,2987,N
20251113,M7731,41016902,20251113,41,11,08,41_4645220,1,570,41016902,20251113081643,4110868,20251113090010,4111588,0,01,1,26980,2607,N
20251113,M7731,41016902,20251113,41,11,08,41_4661853,2,570,41016902,20251113103414,4177448,20251113111843,4116126,0,01,1,23140,2669,N
20251113,M7731,41016902,20251113,41,11,08,41_4666810,2,570,41016902,20251113160146,4177448,20251113164200,4111588,0,01,1,22120,2414,N
20251113,M7731,41016902,20251113,41,11,08,41_4703437,2,570,41016902,20251113101138,4177510,20251113103444,4111588,0,01,1,29500,1386,N
20251113,M7731,41016902,20251113,41,11,08,41_471347,1,570,41016902,20251113135504,4110935,20251113143218,4116126,0,01,1,29730,2234,N
20251113,M7731,41016902,20251113,41,11,08,41_471551,2,570,41016902,20251113154144,4177637,20251113161842,4111588,0,01,1,25830,2218,N
20251113,M7731,41016902,20251113,41,11,08,41_4765573,2,570,41016902,20251113185347,4106836,20251113193239,4111588,1,01,1,24330,2332,N
20251113,M7731,41016902,20251113,41,11,08,41_4776649,2,570,41016902,20251113154353,4106836,20251113162522,4111588,0,01,1,24330,2489,N
20251113,M7731,41016902,20251113,41,11,08,41_478105,1,570,41016902,20251113075436,4177448,20251113082045,4111588,0,01,1,22120,1569,N
20251113,M7731,41016902,20251113,41,11,08,41_4804848,2,570,41016902,20251113145939,4106836,20251113153051,4116126,0,01,1,25350,1872,N
20251113,M7731,41016902,20251113,41,11,08,41_480640,1,570,41016902,20251113070757,4177532,20251113073629,4116126,0,01,1,24000,1712,N
20251113,M7731,41016902,20251113,41,11,08,41_4856435,1,570,41016902,20251113165318,4177532,20251113172636,4111588,0,01,1,22980,1998,N
20251113,M7731,41016902,20251113,41,11,08,41_4914493,2,570,41016902,20251113140114,4177448,20251113143216,4116126,0,01,1,23140,1862,N
20251113,M7731,41016902,20251113,41,11,08,41_492210,2,570,41016902,20251113181801,4106836,20251113184748,4111588,1,01,1,24330,1787,N
20251113,M7731,41016902,20251113,41,11,08,41_4928584,2,570,41016902,20251113140830,4177448,20251113145800,4116126,0,01,1,23140,2970,N
20251113,M7731,41016902,20251113,41,11,08,41_4938292,1,570,41016902,20251113213513,4177532,20251113221058,4111588,0,01,1,22980,2145,N
20251113,M7731,41016902,20251113,41,11,08,41_4946410,2,570,41016902,20251113111759,4106836,20251113114256,4116130,0,01,2,26590,1497,N
20251113,M7731,41016902,20251113,41,11,08,41_4958783,2,570,41016902,20251113143748,4177532,20251113150047,4111588,0,01,1,22980,1379,N
20251113,M7731,41016902,20251113,41,11,08,41_4980453,2,570,41016902,20251113202823,4106836,20251113205358,4116126,0,01,1,25350,1535,N
20251113,M7731,41016902,20251113,41,11,08,41_4987632,2,570,41016902,20251113143328,4177532,20251113145802,4116126,0,01,1,24000,1474,N
20251113,M7731,41016902,20251113,41,11,08,41_4990678,2,570,41016902,20251113143543,4177532,20251113150245,4111588,0,01,1,22980,1622,N
20251113,M7731,41016902,20251113,41,11,08,41_5014495,2,570,41016902,20251113131812,4106836,20251113135729,4111588,0,01,1,24330,2357,N
20251113,M7731,41016902,20251113,41,11,08,41_5040960,2,570,41016902,20251113212814,4106836,20251113220129,4116130,0,01,1,26590,1995,N
20251113,M7731,41016902,20251113,41,11,08,41_5066988,1,570,41016902,20251113183804,4110868,20251113191412,4116126,0,01,1,28000,2168,N
20251113,M7731,41016902,20251113,41,11,08,41_5108553,1,570,41016902,20251113111435,4177532,20251113114836,4111588,0,01,1,22980,2041,N
20251113,M7731,41016902,20251113,41,11,08,41_512278,2,570,41016902,20251113174732,4106836,20251113183356,4111588,0,01,1,24330,2784,N
20251113,M7731,41016902,20251113,41,11,08,41_513374,2,570,41016902,20251113061757,4177532,20251113072612,4109162,0,01,1,28030,4095,N
20251113,M7731,41016902,20251113,41,11,08,41_5136312,2,570,41016902,20251113090357,4106836,20251113093852,4111598,0,01,1,27620,2095,N
20251113,M7731,41016902,20251113,41,11,08,41_5142778,2,570,41016902,20251113174330,4177532,20251113181801,4111588,0,01,1,22980,2071,N
20251113,M7731,41016902,20251113,41,11,08,41_5143422,2,570,41016902,20251113091134,4106836,20251113095135,4111588,0,01,1,24330,2401,N
20251113,M7731,41016902,20251113,41,11,08,41_5148202,2,570,41016902,20251113201139,4177448,20251113203735,4111588,0,01,1,22120,1556,N
20251113,M7731,41016902,20251113,41,11,08,41_5159151,1,570,41016902,20251113081936,4177448,20251113091052,4116126,0,01,1,23140,3076,N
20251113,M7731,41016902,20251113,41,11,08,41_5203218,2,570,41016902,20251113091215,4177637,20251113093545,4111588,0,01,1,25830,1410,N
20251113,M7731,41016902,20251113,41,11,08,41_526935,1,570,41016902,20251113141841,4177448,20251113151047,4111598,0,01,1,25410,3126,N
20251113,M7731,41016902,20251113,41,11,08,41_5279670,2,570,41016902,20251113124506,4177532,20251113132539,4116126,0,01,1,24000,2433,N
20251113,M7731,41016902,20251113,41,11,08,41_5313614,2,570,41016902,20251113131625,4177532,20251113134121,4116126,0,01,1,24000,1496,N
20251113,M7731,41016902,20251113,41,11,08,41_5317177,2,570,41016902,20251113073938,4177532,20251113080413,4111588,0,01,1,22980,1475,N
20251113,M7731,41016902,20251113,41,11,08,41_5332786,1,570,41016902,20251113092757,4177448,20251113100547,4111588,0,01,1,22120,2270,N
20251113,M7731,41016902,20251113,41,11,08,41_5334890,2,570,41016902,20251113165815,4177532,20251113173459,4111588,0,01,1,22980,2204,N
20251113,M7731,41016902,20251113,41,11,08,41_5359517,2,570,41016902,20251113145737,4106836,20251113153508,4111588,1,01,1,24330,2251,N
20251113,M7731,41016902,20251113,41,11,08,41_5368805,2,570,41016902,20251113142614,4177448,20251113150017,4111588,1,01,1,22120,2043,N
20251113,M7731,41016902,20251113,41,11,08,41_5372661,2,570,41016902,20251113175322,4106836,20251113182524,4111588,1,01,1,24330,1922,N
20251113,M7731,41016902,20251113,41,11,08,41_5381480,1,570,41016902,20251113165719,4177532,20251113173233,4111588,0,01,1,22980,2114,N
20251113,M7731,41016902,20251113,41,11,08,41_5427552,2,570,41016902,20251113072224,4106836,20251113082836,4116130,1,01,1,26590,3972,N
20251113,M7731,41016902,20251113,41,11,08,41_5445809,2,570,41016902,20251113174647,4177532,20251113182218,4111588,0,01,1,22980,2131,N
20251113,M7731,41016902,20251113,41,11,08,41_5468124,1,570,41016902,20251113161525,4177532,20251113164433,4111588,0,01,1,22980,1748,N
20251113,M7731,41016902,20251113,41,11,08,41_5483035,1,570,41016902,20251113181146,4106836,20251113183043,4111588,0,01,1,24330,1137,N
20251113,M7731,41016902,20251113,41,11,08,41_5505211,2,570,41016902,20251113180438,4177532,20251113183135,4111588,0,01,1,22980,1617,N
20251113,M7731,41016902,20251113,41,11,08,41_5546340,2,570,41016902,20251113054719,4177448,20251113061241,4111588,0,01,1,22120,1522,N
20251113,M7731,41016902,20251113,41,11,08,41_5598264,1,570,41016902,20251113180534,4177532,20251113183828,4111588,0,01,1,22980,1974,N
20251113,M7731,41016902,20251113,41,11,08,41_5605135,2,570,41016902,20251113190738,4177448,20251113192919,4111588,0,01,1,22120,1301,N
20251113,M7731,41016902,20251113,41,11,08,41_5607809,2,570,41016902,20251113070727,4177448,20251113073257,4111588,0,01,1,22120,1530,N
20251113,M7731,41016902,20251113,41,11,08,41_5614549,2,570,41016902,20251113070657,4177448,20251113074623,4116126,0,01,1,23140,2366,N
20251113,M7731,41016902,20251113,41,11,08,41_5639212,1,570,41016902,20251113173606,4106836,20251113181532,4116126,0,01,1,25350,2366,N
20251113,M7731,41016902,20251113,41,11,08,41_5655738,2,570,41016902,20251113190922,4177448,20251113195128,4116126,0,01,1,23140,2526,N
20251113,M7731,41016902,20251113,41,11,08,41_5695976,2,570,41016902,20251113070657,4177448,20251113073112,4111588,0,01,1,22120,1455,N
20251113,M7731,41016902,20251113,41,11,08,41_5702953,1,570,41016902,20251113070221,4106836,20251113073409,4111588,1,01,1,24330,1908,N
20251113,M7731,41016902,20251113,41,11,08,41_5748692,2,570,41016902,20251113074933,4177637,20251113085620,4116126,0,01,1,26850,4007,N
20251113,M7731,41016902,20251113,41,11,08,41_5788621,1,570,41016902,20251113072042,4177448,20251113080002,4111588,0,01,1,22120,2360,N
20251113,M7731,41016902,20251113,41,11,08,41_5843120,1,570,41016902,20251113151244,4177532,20251113155640,4111599,0,01,1,26920,2636,N
20251113,M7731,41016902,20251113,41,11,08,41_585317,2,570,41016902,20251113061755,4177637,20251113071141,4111588,0,01,1,25830,3226,N
20251113,M7731,41016902,20251113,41,11,08,41_5854763,2,570,41016902,20251113180206,4177637,20251113183628,4111588,0,01,1,25830,2062,N
20251113,M7731,41016902,20251113,41,11,08,41_5885381,2,570,41016902,20251113065108,4177448,20251113075232,4111598,0,01,1,25410,3684,N
20251113,M7731,41016902,20251113,41,11,08,41_5891035,2,570,41016902,20251113080715,4177448,20251113084322,4111588,0,01,1,22120,2167,N
20251113,M7731,41016902,20251113,41,11,08,41_5902156,2,570,41016902,20251113183820,4106836,20251113192711,4116126,0,01,1,25350,2931,N
20251113,M7731,41016902,20251113,41,11,08,41_5942030,2,570,41016902,20251113065337,4177637,20251113071545,4116126,0,01,1,26850,1328,N
20251113,M7731,41016902,20251113,41,11,08,41_5942030,2,570,41016902,20251113094838,4177637,20251113101200,4116126,0,01,1,26850,1402,N
20251113,M7731,41016902,20251113,41,11,08,41_5949606,1,570,41016902,20251113064439,4177637,20251113070647,4111588,0,01,1,25830,1328,N
20251113,M7731,41016902,20251113,41,11,08,41_5949606,1,570,41016902,20251113110554,4106836,20251113114457,4111588,1,01,1,24330,2343,N
20251113,M7731,41016902,20251113,41,11,08,41_598377,2,570,41016902,20251113172802,4106836,20251113180957,4111588,0,01,1,24330,2515,N
20251113,M7731,41016902,20251113,41,11,08,41_5994166,2,570,41016902,20251113202411,4177448,20251113204830,4111588,0,01,1,22120,1459,N
20251113,M7731,41016902,20251113,41,11,08,41_5998418,2,570,41016902,20251113171422,4177510,20251113173508,4111588,0,01,1,29500,1246,N
20251113,M7731,41016902,20251113,41,11,08,41_6002659,2,570,41016902,20251113181109,4177532,20251113183942,4111588,0,01,1,22980,1713,N
20251113,M7731,41016902,20251113,41,11,08,41_6018145,2,570,41016902,20251113114205,4106836,20251113122257,4111588,1,01,1,24330,2452,N
20251113,M7731,41016902,20251113,41,11,08,41_6034039,2,570,41016902,20251113175612,4106836,20251113183529,4116126,0,01,1,25350,2357,N
20251113,M7731,41016902,20251113,41,11,08,41_6099791,2,570,41016902,20251113102230,4177448,20251113110135,4111588,0,01,1,22120,2345,N
20251113,M7731,41016902,20251113,41,11,08,41_610625,2,570,41016902,20251113124127,4106836,20251113131905,4111588,0,01,1,24330,2258,N
20251113,M7731,41016902,20251113,41,11,08,41_6117590,2,570,41016902,20251113174119,4106836,20251113183146,4116126,0,01,1,25350,3027,N
20251113,M7731,41016902,20251113,41,11,08,41_6126263,2,570,41016902,20251113111310,4177637,20251113115946,4116126,0,01,1,26850,2796,N
20251113,M7731,41016902,20251113,41,11,08,41_612754,2,570,41016902,20251113074048,4110935,20251113085206,4111588,0,01,1,28710,4278,N
20251113,M7731,41016902,20251113,41,11,08,41_6137994,2,570,41016902,20251113143358,4177532,20251113153637,4111588,0,01,1,22980,3759,N
20251113,M7731,41016902,20251113,41,11,08,41_6149377,2,570,41016902,20251113060336,4177448,20251113063117,4111588,0,01,1,22120,1661,N
20251113,M7731,41016902,20251113,41,11,08,41_6150829,1,570,41016902,20251113082459,4106836,20251113091148,4116126,0,01,1,25350,2809,N
20251113,M7731,41016902,20251113,41,11,08,41_6155474,2,570,41016902,20251113145437,4106836,20251113154408,4111588,0,01,1,24330,2971,N
20251113,M7731,41016902,20251113,41,11,08,41_6155474,2,570,41016902,20251113161207,4106836,20251113165447,4111588,0,01,1,24330,2560,N
20251113,M7731,41016902,20251113,41,11,08,41_6155474,2,570,41016902,20251113220723,4106836,20251113224746,4111588,0,01,1,24330,2423,N
20251113,M7731,41016902,20251113,41,11,08,41_6162109,1,570,41016902,20251113064952,4177532,20251113072407,4111588,0,01,1,22980,2055,N
20251113,M7731,41016902,20251113,41,11,08,41_6192539,2,570,41016902,20251113071009,4110935,20251113075756,4111588,0,01,1,28710,2867,N
20251113,M7731,41016902,20251113,41,11,08,41_6194557,2,570,41016902,20251113081919,4106836,20251113085227,4111588,1,01,1,24330,1988,N
20251113,M7731,41016902,20251113,41,11,08,41_6201544,2,570,41016902,20251113171241,4177532,20251113174324,4111588,0,01,1,22980,1843,N
20251113,M7731,41016902,20251113,41,11,08,41_6206921,1,570,41016902,20251113182139,4177532,20251113190314,4111588,0,01,1,22980,2495,N
20251113,M7731,41016902,20251113,41,11,08,41_6230383,2,570,41016902,20251113165830,4106836,20251113174218,4116126,1,01,1,25350,2628,N
20251113,M7731,41016902,20251113,41,11,08,41_6247531,2,570,41016902,20251113100152,4177448,20251113103735,4116126,0,01,1,23140,2143,N
20251113,M7731,41016902,20251113,41,11,08,41_6288864,2,570,41016902,20251113070356,4177510,20251113073454,4111588,0,01,1,29500,1858,N
20251113,M7731,41016902,20251113,41,11,08,41_6293284,2,570,41016902,20251113134453,4177637,20251113143205,4111588,0,01,1,25830,2832,N
20251113,M7731,41016902,20251113,41,11,08,41_6293873,2,570,41016902,20251113100957,4177448,20251113103536,4111588,0,01,1,22120,1539,N
20251113,M7731,41016902,20251113,41,11,08,41_6293873,2,570,41016902,20251113173005,4177448,20251113180137,4111588,0,01,1,22120,1892,N
20251113,M7731,41016902,20251113,41,11,08,41_6297302,1,570,41016902,20251113080052,4106836,20251113085955,4111588,1,01,1,24330,3543,N
20251113,M7731,41016902,20251113,41,11,08,41_6400738,1,570,41016902,20251113203708,4177448,20251113211231,4111588,0,01,1,22120,2123,N
20251113,M7731,41016902,20251113,41,11,08,41_6431529,2,570,41016902,20251113172722,4106836,20251113180710,4111588,1,01,1,24330,2388,N
20251113,M7731,41016902,20251113,41,11,08,41_6503241,2,570,41016902,20251113083516,4177637,20251113091430,4111588,0,01,1,25830,2354,N
20251113,M7731,41016902,20251113,41,11,08,41_6514087,2,570,41016902,20251113121925,4177448,20251113125243,4111588,0,01,1,22120,1998,N
20251113,M7731,41016902,20251113,41,11,08,41_6543493,2,570,41016902,20251113091244,4177637,20251113095035,4111588,0,01,1,25830,2271,N
20251113,M7731,41016902,20251113,41,11,08,41_6543493,2,570,41016902,20251113111356,4177637,20251113115153,4111598,0,01,1,29120,2277,N
20251113,M7731,41016902,20251113,41,11,08,41_655677,2,570,41016902,20251113194608,4177448,20251113201401,4116126,0,01,1,23140,1673,N
20251113,M7731,41016902,20251113,41,11,08,41_6560245,2,570,41016902,20251113132903,4106836,20251113135514,4111588,0,01,1,24330,1571,N
20251113,M7731,41016902,20251113,41,11,08,41_6598412,2,570,41016902,20251113090831,4177637,20251113101634,4111588,0,01,1,25830,4083,N
20251113,M7731,41016902,20251113,41,11,08,41_6602496,2,570,41016902,20251113093200,4106836,20251113103113,4116126,0,01,1,25350,3553,N
20251113,M7731,41016902,20251113,41,11,08,41_6605392,1,570,41016902,20251113181151,4106836,20251113190007,4116126,0,01,1,25350,2896,N
20251113,M7731,41016902,20251113,41,11,08,41_6628728,2,570,41016902,20251113085403,4177448,20251113092902,4116126,0,01,1,23140,2099,N
20251113,M7731,41016902,20251113,41,11,08,41_6660094,2,570,41016902,20251113085403,4177448,20251113092902,4116126,0,01,1,23140,2099,N
20251113,M7731,41016902,20251113,41,11,08,41_6668598,2,570,41016902,20251113182908,4106836,20251113190125,4111588,0,01,1,24330,1937,N
20251113,M7731,41016902,20251113,41,11,08,41_6679354,1,570,41016902,20251113185019,4106836,20251113193710,4116126,1,01,1,25350,2811,N
20251113,M7731,41016902,20251113,41,11,08,41_6713777,2,570,41016902,20251113111929,4177448,20251113114230,4116126,0,01,1,23140,1381,N
20251113,M7731,41016902,20251113,41,11,08,41_6713777,2,570,41016902,20251113202104,4177448,20251113204414,4116126,0,01,1,23140,1390,N
20251113,M7731,41016902,20251113,41,11,08,41_6713777,2,570,41016902,20251113212412,4177448,20251113214722,4116126,0,01,1,23140,1390,N
20251113,M7731,41016902,20251113,41,11,08,41_6715296,2,570,41016902,20251113154259,4177532,20251113163056,4111588,0,01,1,22980,2877,N
20251113,M7731,41016902,20251113,41,11,08,41_6721288,2,570,41016902,20251113201444,4106836,20251113205658,4111588,0,01,1,24330,2534,N
20251113,M7731,41016902,20251113,41,11,08,41_6727826,2,570,41016902,20251113192126,4177448,20251113195243,4111588,0,01,1,22120,1877,N
20251113,M7731,41016902,20251113,41,11,08,41_6795696,2,570,41016902,20251113065242,4177637,20251113071150,4109162,0,01,1,30880,1148,N
20251113,M7731,41016902,20251113,41,11,08,41_6809937,2,570,41016902,20251113171343,4106836,20251113173950,4116126,0,01,1,25350,1567,N
20251113,M7731,41016902,20251113,41,11,08,41_6854638,2,570,41016902,20251113124303,4106836,20251113131852,4116126,0,01,1,25350,2149,N
20251113,M7731,41016902,20251113,41,11,08,41_6876337,2,570,41016902,20251113071158,4107446,20251113073757,4116126,0,01,1,28890,1559,N
20251113,M7731,41016902,20251113,41,11,08,41_6876337,2,570,41016902,20251113112251,4107446,20251113115850,4116126,0,01,1,28890,2159,N
20251113,M7731,41016902,20251113,41,11,08,41_6893637,1,570,41016902,20251113071554,4177448,20251113074600,4111588,0,01,1,22120,1806,N
20251113,M7731,41016902,20251113,41,11,08,41_6926218,2,570,41016902,20251113141453,4177510,20251113145515,4111588,0,01,1,29500,2422,N
20251113,M7731,41016902,20251113,41,11,08,41_7006218,2,570,41016902,20251113064408,4110935,20251113072441,4111588,0,01,1,28710,2433,N
20251113,M7731,41016902,20251113,41,11,08,41_7006218,2,570,41016902,20251113150525,4110935,20251113154828,4111588,0,01,1,28710,2583,N
20251113,M7731,41016902,20251113,41,11,08,41_7030183,1,570,41016902,20251113141838,4106836,20251113145210,4111588,0,01,1,24330,2012,N
20251113,M7731,41016902,20251113,41,11,08,41_7033966,2,570,41016902,20251113070644,4107446,20251113074952,4116126,0,01,1,28890,2588,N
20251113,M7731,41016902,20251113,41,11,08,41_7033966,2,570,41016902,20251113122921,4107446,20251113130247,4116126,0,01,1,28890,2006,N
20251113,M7731,41016902,20251113,41,11,08,41_7035329,1,570,41016902,20251113054852,4177448,20251113062719,4111588,0,01,1,22120,2307,N
20251113,M7731,41016902,20251113,41,11,08,41_7037950,2,570,41016902,20251113070913,4107446,20251113075503,4111588,0,01,1,27870,2750,N
20251113,M7731,41016902,20251113,41,11,08,41_7043764,1,570,41016902,20251113074656,4177448,20251113083030,4111588,0,01,1,22120,2614,N
20251113,M7731,41016902,20251113,41,11,08,41_7050368,1,570,41016902,20251113213316,4177448,20251113220656,4111588,0,01,1,22120,2020,N
20251113,M7731,41016902,20251113,41,11,08,41_7074435,2,570,41016902,20251113061111,4177448,20251113064520,4111588,0,01,1,22120,2049,N
20251113,M7731,41016902,20251113,41,11,08,41_7087498,2,570,41016902,20251113124642,4107446,20251113132240,4116130,0,01,1,30130,2158,N
20251113,M7731,41016902,20251113,41,11,08,41_7111055,2,570,41016902,20251113111705,4177448,20251113113731,4111588,0,01,1,22120,1226,N
20251113,M7731,41016902,20251113,41,11,08,41_7116130,2,570,41016902,20251113053512,4177637,20251113062228,4111588,0,01,1,25830,2836,N
20251113,M7731,41016902,20251113,41,11,08,41_7167921,1,570,41016902,20251113102841,4177637,20251113111010,4111588,0,01,1,25830,2489,N
20251113,M7731,41016902,20251113,41,11,08,41_7172650,2,570,41016902,20251113101158,4177448,20251113104303,4116126,0,01,1,23140,1865,N
20251113,M7731,41016902,20251113,41,11,08,41_7184341,2,570,41016902,20251113135342,4177448,20251113143712,4111588,0,01,1,22120,2610,N
20251113,M7731,41016902,20251113,41,11,08,41_7214287,2,570,41016902,20251113085716,4110868,20251113094440,4111588,0,01,1,26980,2844,N
20251113,M7731,41016902,20251113,41,11,08,41_7215849,2,570,41016902,20251113192959,4106836,20251113201741,4111588,1,01,1,24330,2862,N
20251113,M7731,41016902,20251113,41,11,08,41_7230725,2,570,41016902,20251113093052,4106836,20251113100312,4111588,1,01,1,24330,1940,N
20251113,M7731,41016902,20251113,41,11,08,41_724025,2,570,41016902,20251113073558,4177637,20251113082004,4111588,0,01,1,25830,2646,N
20251113,M7731,41016902,20251113,41,11,08,41_7258173,2,570,41016902,20251113185502,4177448,20251113195335,4111588,0,01,1,22120,3513,N
20251113,M7731,41016902,20251113,41,11,08,41_7267303,2,570,41016902,20251113072940,4177532,20251113080853,4111599,1,01,1,26920,2353,N
20251113,M7731,41016902,20251113,41,11,08,41_729141,2,570,41016902,20251113144007,4177448,20251113151401,4116126,0,01,1,23140,2034,N
20251113,M7731,41016902,20251113,41,11,08,41_7305240,1,570,41016902,20251113073520,4106836,20251113080624,4111588,0,01,1,24330,1864,N
20251113,M7731,41016902,20251113,41,11,08,41_7328554,2,570,41016902,20251113121231,4177532,20251113123835,4116126,0,01,1,24000,1564,N
20251113,M7731,41016902,20251113,41,11,08,41_7328554,2,570,41016902,20251113144158,4177532,20251113150802,4116126,0,01,1,24000,1564,N
20251113,M7731,41016902,20251113,41,11,08,41_7390112,2,570,41016902,20251113221058,4177532,20251113223856,4111588,0,01,1,22980,1678,N
20251113,M7731,41016902,20251113,41,11,08,41_7398294,2,570,41016902,20251113101840,4106836,20251113110101,4111588,0,01,1,24330,2541,N
20251113,M7731,41016902,20251113,41,11,08,41_7410996,1,570,41016902,20251113192606,4110935,20251113195120,4111588,0,01,1,28710,1514,N
20251113,M7731,41016902,20251113,41,11,08,41_7433372,2,570,41016902,20251114003748,4177448,20251114010952,4116126,0,01,1,23140,1924,N
20251113,M7731,41016902,20251113,41,11,08,41_7459321,2,570,41016902,20251113120136,4177532,20251113123223,4116126,0,01,1,24000,1847,N
20251113,M7731,41016902,20251113,41,11,08,41_746699,1,570,41016902,20251113144007,4177448,20251113151401,4116126,0,01,1,23140,2034,N
20251113,M7731,41016902,20251113,41,11,08,41_7470589,1,570,41016902,20251113074335,4177510,20251113081141,4111588,0,01,1,29500,1686,N
20251113,M7731,41016902,20251113,41,11,08,41_7470621,2,570,41016902,20251113120741,4177448,20251113123133,4111588,0,01,1,22120,1432,N
20251113,M7731,41016902,20251113,41,11,08,41_7471564,2,570,41016902,20251113181039,4177532,20251113184122,4111588,0,01,1,22980,1843,N
20251113,M7731,41016902,20251113,41,11,08,41_7477527,2,570,41016902,20251113120350,4177532,20251113123318,4116130,0,01,1,25240,1768,N
20251113,M7731,41016902,20251113,41,11,08,41_748654,2,570,41016902,20251113070840,4177637,20251113075246,4111588,0,01,1,25830,2646,N
20251113,M7731,41016902,20251113,41,11,08,41_7494561,2,570,41016902,20251113120846,4177448,20251113123353,4111588,0,01,1,22120,1507,N
20251113,M7731,41016902,20251113,41,11,08,41_7494638,2,570,41016902,20251113123205,4177510,20251113130133,4116130,1,01,1,31760,1768,N
20251113,M7731,41016902,20251113,41,11,08,41_750505,2,570,41016902,20251113151904,4106836,20251113155633,4111588,0,01,1,24330,2249,N
20251113,M7731,41016902,20251113,41,11,08,41_7505899,1,570,41016902,20251113053109,4177510,20251113063616,4116126,0,01,1,30520,3907,N
20251113,M7731,41016902,20251113,41,11,08,41_7531803,2,570,41016902,20251113115847,4177510,20251113125823,4111588,0,01,1,29500,3576,N
20251113,M7731,41016902,20251113,41,11,08,41_7544812,2,570,41016902,20251113175200,4106836,20251113183248,4116126,0,01,1,25350,2448,N
20251113,M7731,41016902,20251113,41,11,08,41_7550250,2,570,41016902,20251113111921,4106836,20251113121050,4111588,0,01,1,24330,3089,N
20251113,M7731,41016902,20251113,41,11,08,41_7561123,2,570,41016902,20251113081409,4110868,20251113090705,4111588,0,01,1,26980,3176,N
20251113,M7731,41016902,20251113,41,11,08,41_7573798,2,570,41016902,20251113162526,4177637,20251113171143,4111588,0,01,1,25830,2777,N
20251113,M7731,41016902,20251113,41,11,08,41_7581042,2,570,41016902,20251113081044,4177448,20251113083625,4111588,0,01,1,22120,1541,N
20251113,M7731,41016902,20251113,41,11,08,41_7584804,2,570,41016902,20251113125423,4106836,20251113134533,4116130,0,01,1,26590,3070,N
20251113,M7731,41016902,20251113,41,11,08,41_7587172,2,570,41016902,20251113125751,4177532,20251113133729,4116130,0,01,1,25240,2378,N
20251113,M7731,41016902,20251113,41,11,08,41_7591797,1,570,41016902,20251113191503,4177448,20251113195855,4116130,0,01,1,24380,2632,N
20251113,M7731,41016902,20251113,41,11,08,41_7606209,2,570,41016902,20251113130226,4106836,20251113135636,4111588,0,01,1,24330,3250,N
20251113,M7731,41016902,20251113,41,11,08,41_7611741,2,570,41016902,20251113183544,4177510,20251113192816,4111588,0,01,1,29500,3152,N
20251113,M7731,41016902,20251113,41,11,08,41_7725789,1,570,41016902,20251113181933,4177448,20251113184328,4111588,0,01,1,22120,1435,N
20251113,M7731,41016902,20251113,41,11,08,41_7744326,2,570,41016902,20251113072248,4106836,20251113075216,4109162,1,01,1,29380,1768,N
20251113,M7731,41016902,20251113,41,11,08,41_7748333,1,570,41016902,20251113113731,4106836,20251113122238,4111588,1,01,1,24330,2707,N
20251113,M7731,41016902,20251113,41,11,08,41_7754207,2,570,41016902,20251113151442,4106836,20251113160136,4116126,0,01,1,25350,2814,N
20251113,M7731,41016902,20251113,41,11,08,41_7756166,2,570,41016902,20251113055609,4177637,20251113063829,4116126,0,01,1,26850,2540,N
20251113,M7731,41016902,20251113,41,11,08,41_7765605,1,570,41016902,20251113163653,4177532,20251113170221,4116126,0,01,1,24000,1528,N
20251113,M7731,41016902,20251113,41,11,08,41_7792135,1,570,41016902,20251113054456,4177510,20251113070452,4116130,0,01,1,31760,4796,N
20251113,M7731,41016902,20251113,41,11,08,41_7805999,1,570,41016902,20251113050613,4177448,20251113053513,4111588,0,01,1,22120,1740,N
20251113,M7731,41016902,20251113,41,11,08,41_7809465,2,570,41016902,20251113060219,4177448,20251113063621,4111588,0,01,1,22120,2042,N
20251113,M7731,41016902,20251113,41,11,08,41_78147,1,570,41016902,20251113074649,4177448,20251113082624,4111588,0,01,1,22120,2375,N
20251113,M7731,41016902,20251113,41,11,08,41_7822146,1,570,41016902,20251113162229,4106836,20251113165952,4111588,0,01,1,24330,2243,N
20251113,M7731,41016902,20251113,41,11,08,41_7822146,1,570,41016902,20251113220139,4106836,20251113224512,4111588,0,01,1,24330,2613,N
20251113,M7731,41016902,20251113,41,11,08,41_7831560,2,570,41016902,20251113165249,4177532,20251113173055,4116126,0,01,1,24000,2286,N
20251113,M7731,41016902,20251113,41,11,08,41_7849785,1,570,41016902,20251113122014,4106836,20251113124622,4111588,1,01,1,24330,1568,N
20251113,M7731,41016902,20251113,41,11,08,41_7855423,2,570,41016902,20251113150111,4177510,20251113153846,4111588,0,01,1,29500,2255,N
20251113,M7731,41016902,20251113,41,11,08,41_7857400,1,570,41016902,20251113201737,4106836,20251113204319,4111588,1,01,1,24330,1542,N
20251113,M7731,41016902,20251113,41,11,08,41_7902547,1,570,41016902,20251113115804,4110935,20251113122937,4111588,0,01,1,28710,1893,N
20251113,M7731,41016902,20251113,41,11,08,41_7945516,2,570,41016902,20251113234201,4177448,20251114003152,4111588,0,01,1,22120,2991,N
20251113,M7731,41016902,20251113,41,11,08,41_7951623,2,570,41016902,20251113234654,4177448,20251114001734,4116126,0,01,1,23140,1840,N
20251113,M7731,41016902,20251113,41,11,08,41_7953238,2,570,41016902,20251114000003,4177532,20251114002850,4111588,0,01,1,22980,1727,N
20251113,M7731,41016902,20251113,41,11,08,41_7966371,2,570,41016902,20251113234201,4177448,20251114001802,4111588,0,01,1,22120,2161,N
20251113,M7731,41016902,20251113,41,11,08,41_7970000,1,570,41016902,20251113162419,4177532,20251113164357,4116126,0,01,1,24000,1178,N
20251113,M7731,41016902,20251113,41,11,08,41_7975325,2,570,41016902,20251113140034,4177532,20251113142845,4111588,0,01,1,22980,1691,N
20251113,M7731,41016902,20251113,41,11,08,41_8009399,2,570,41016902,20251113082246,4177532,20251113085708,4111588,0,01,1,22980,2062,N
20251113,M7731,41016902,20251113,41,11,08,41_8014328,2,570,41016902,20251113054731,4106836,20251113062132,4111588,0,01,1,24330,2041,N
20251113,M7731,41016902,20251113,41,11,08,41_8073755,2,570,41016902,20251113090758,4106836,20251113094818,4111588,0,01,1,24330,2420,N
20251113,M7731,41016902,20251113,41,11,08,41_8083164,2,570,41016902,20251113203456,4177532,20251113210453,4111588,0,01,1,22980,1797,N
20251113,M7731,41016902,20251113,41,11,08,41_810881,2,570,41016902,20251113191202,4177532,20251113193844,4111588,0,01,1,22980,1602,N
20251113,M7731,41016902,20251113,41,11,08,41_8113723,2,570,41016902,20251114001459,4107446,20251114004347,4116126,0,01,1,28890,1728,N
20251113,M7731,41016902,20251113,41,11,08,41_8117012,2,570,41016902,20251113202434,4177448,20251113205124,4111588,0,01,1,22120,1610,N
20251113,M7731,41016902,20251113,41,11,08,41_8166634,1,570,41016902,20251113091933,4106836,20251113095700,4116126,0,01,1,25350,2247,N
20251113,M7731,41016902,20251113,41,11,08,41_8174975,1,570,41016902,20251113181238,4177532,20251113185744,4111588,0,01,1,22980,2706,N
20251113,M7731,41016902,20251113,41,11,08,41_8175505,1,570,41016902,20251113054750,4177510,20251113063124,4111588,0,01,1,29500,2614,N
20251113,M7731,41016902,20251113,41,11,08,41_8175575,2,570,41016902,20251113143549,4177510,20251113154324,4111588,0,01,1,29500,4055,N
20251113,M7731,41016902,20251113,41,11,08,41_820851,2,570,41016902,20251113111656,4177532,20251113120152,4111588,0,01,1,22980,2696,N
20251113,M7731,41016902,20251113,41,11,08,41_8239766,2,570,41016902,20251113102033,4177637,20251113110528,4116130,0,01,1,28090,2695,N
20251113,M7731,41016902,20251113,41,11,08,41_8239766,2,570,41016902,20251113231135,4177637,20251113235144,4116130,0,01,1,28090,2409,N
20251113,M7731,41016902,20251113,41,11,08,41_82473,2,570,41016902,20251113070822,4177448,20251113073143,4111588,0,01,1,22120,1401,N
20251113,M7731,41016902,20251113,41,11,08,41_8249014,1,570,41016902,20251113191152,4177532,20251113194537,4111588,0,01,1,22980,2025,N
20251113,M7731,41016902,20251113,41,11,08,41_8264386,2,570,41016902,20251113132227,4107446,20251113140744,4111598,0,01,1,31160,2717,N
20251113,M7731,41016902,20251113,41,11,08,41_8266589,2,570,41016902,20251113190243,4106836,20251113195217,4111588,1,01,1,24330,2974,N
20251113,M7731,41016902,20251113,41,11,08,41_8271612,1,570,41016902,20251113092559,4106836,20251113101611,4111588,0,01,1,24330,3012,N
20251113,M7731,41016902,20251113,41,11,08,41_8275079,2,570,41016902,20251113113320,4177448,20251113121035,4111588,0,01,1,22120,2235,N
20251113,M7731,41016902,20251113,41,11,08,41_8275129,2,570,41016902,20251113173023,4106836,20251113180804,4116126,0,01,1,25350,2261,N
20251113,M7731,41016902,20251113,41,11,08,41_8279378,2,570,41016902,20251113160934,4106836,20251113164802,4111588,0,01,1,24330,2308,N
20251113,M7731,41016902,20251113,41,11,08,41_8279378,2,570,41016902,20251113164928,4106836,20251113172438,4111588,0,01,1,24330,2110,N
20251113,M7731,41016902,20251113,41,11,08,41_8279511,2,570,41016902,20251113161808,4177532,20251113170439,4116126,0,01,1,24000,2791,N
20251113,M7731,41016902,20251113,41,11,08,41_8289951,2,570,41016902,20251113063142,4110868,20251113071908,4109162,0,01,1,32030,2846,N
20251113,M7731,41016902,20251113,41,11,08,41_8328448,1,570,41016902,20251113124334,4106836,20251113130949,4116130,0,01,1,26590,1575,N
20251113,M7731,41016902,20251113,41,11,08,41_832849,2,570,41016902,20251113073208,4106836,20251113075751,4111588,0,01,1,24330,1543,N
20251113,M7731,41016902,20251113,41,11,08,41_8377346,1,570,41016902,20251113130629,4177532,20251113133239,4116126,0,01,1,24000,1570,N
20251113,M7731,41016902,20251113,41,11,08,41_8385210,2,570,41016902,20251113130939,4177532,20251113133745,4111588,0,01,1,22980,1686,N
20251113,M7731,41016902,20251113,41,11,08,41_8385210,2,570,41016902,20251113151852,4177532,20251113154932,4111588,0,01,1,22980,1840,N
20251113,M7731,41016902,20251113,41,11,08,41_8396808,2,570,41016902,20251113225230,4106836,20251113234141,4111588,0,01,1,24330,2951,N
20251113,M7731,41016902,20251113,41,11,08,41_8397894,2,570,41016902,20251113131921,4177532,20251113135509,4111588,0,01,1,22980,2148,N
20251113,M7731,41016902,20251113,41,11,08,41_8402052,2,570,41016902,20251113235940,4107446,20251114003813,4111588,0,01,1,27870,2313,N
20251113,M7731,41016902,20251113,41,11,08,41_8415943,2,570,41016902,20251113204913,4177532,20251113214345,4116126,0,01,1,24000,3272,N
20251113,M7731,41016902,20251113,41,11,08,41_8440096,2,570,41016902,20251113200112,4106836,20251113205239,4111588,0,01,1,24330,3087,N
20251113,M7731,41016902,20251113,41,11,08,41_8478113,2,570,41016902,20251113235940,4107446,20251114005031,4116126,0,01,1,28890,3051,N
20251113,M7731,41016902,20251113,41,11,08,41_8513757,2,570,41016902,20251113132426,4177510,20251113135741,4111588,0,01,1,29500,1995,N
20251113,M7731,41016902,20251113,41,11,08,41_8514350,2,570,41016902,20251113155600,4106836,20251113163132,4111588,0,01,1,24330,2132,N
20251113,M7731,41016902,20251113,41,11,08,41_8515408,2,570,41016902,20251113074612,4106836,20251113082700,4116126,0,01,1,25350,2448,N
20251113,M7731,41016902,20251113,41,11,08,41_8529436,2,570,41016902,20251113161136,4177448,20251113165124,4116126,0,01,1,23140,2388,N
20251113,M7731,41016902,20251113,41,11,08,41_8533290,2,570,41016902,20251113094507,4177448,20251113101437,4116130,1,01,1,24380,1770,N
20251113,M7731,41016902,20251113,41,11,08,41_8548769,2,570,41016902,20251113071353,4177637,20251113075441,4111588,0,01,1,25830,2448,N
20251113,M7731,41016902,20251113,41,11,08,41_8571969,2,570,41016902,20251113141951,4106836,20251113145117,4116126,1,01,1,25350,1886,N
20251113,M7731,41016902,20251113,41,11,08,41_857499,2,570,41016902,20251113185214,4177637,20251113194534,4111588,0,01,1,25830,3200,N
20251113,M7731,41016902,20251113,41,11,08,41_8599836,2,570,41016902,20251113133538,4177532,20251113140321,4111588,0,01,1,22980,1663,N
20251113,M7731,41016902,20251113,41,11,08,41_8601449,2,570,41016902,20251113144419,4177510,20251113153405,4116130,0,01,1,31760,2986,N
20251113,M7731,41016902,20251113,41,11,08,41_8605676,2,570,41016902,20251113185051,4177448,20251113193858,4116126,0,01,1,23140,2887,N
20251113,M7731,41016902,20251113,41,11,08,41_8627070,2,570,41016902,20251113130416,4177637,20251113134901,4116126,0,01,1,26850,2685,N
20251113,M7731,41016902,20251113,41,11,08,41_8627070,2,570,41016902,20251113144527,4177637,20251113153055,4116126,0,01,1,26850,2728,N
20251113,M7731,41016902,20251113,41,11,08,41_8646308,2,570,41016902,20251113132848,4106836,20251113141235,4116126,0,01,1,25350,2627,N
20251113,M7731,41016902,20251113,41,11,08,41_8681050,2,570,41016902,20251113073546,4177448,20251113081852,4111588,0,01,1,22120,2586,N
20251113,M7731,41016902,20251113,41,11,08,41_8691201,1,570,41016902,20251113180915,4177532,20251113183934,4111588,0,01,1,22980,1819,N
20251113,M7731,41016902,20251113,41,11,08,41_876128,1,570,41016902,20251113051616,4106836,20251113054450,4116126,1,01,1,25350,1714,N
20251113,M7731,41016902,20251113,41,11,08,41_8768404,2,570,41016902,20251113062618,4106836,20251113071007,4111588,0,01,2,24330,2629,N
20251113,M7731,41016902,20251113,41,11,08,41_8835304,2,570,41016902,20251113173844,4177532,20251113180332,4111588,0,01,1,22980,1488,N
20251113,M7731,41016902,20251113,41,11,08,41_8866166,2,570,41016902,20251113074127,4177532,20251113083353,4116126,0,01,1,24000,3146,N
20251113,M7731,41016902,20251113,41,11,08,41_8930134,1,570,41016902,20251113065304,4110868,20251113072630,4111588,0,01,1,26980,2006,N
20251113,M7731,41016902,20251113,41,11,08,41_900558,2,570,41016902,20251113075136,4177448,20251113081124,4111588,0,01,1,22120,1188,N
20251113,M7731,41016902,20251113,41,11,08,41_9008398,2,570,41016902,20251113185515,4177448,20251113193055,4111588,0,01,1,22120,2140,N
20251113,M7731,41016902,20251113,41,11,08,41_9026883,2,570,41016902,20251113121137,4106836,20251113123913,4116126,1,01,1,25350,1656,N
20251113,M7731,41016902,20251113,41,11,08,41_9032275,2,570,41016902,20251113065325,4177448,20251113071634,4111588,1,01,1,22120,1389,N
20251113,M7731,41016902,20251113,41,11,08,41_9034363,2,570,41016902,20251113183117,4177448,20251113190139,4111588,0,01,1,22120,1822,N
20251113,M7731,41016902,20251113,41,11,08,41_9048744,2,570,41016902,20251113102855,4106836,20251113110410,4111588,0,01,1,24330,2115,N
20251113,M7731,41016902,20251113,41,11,08,41_9048744,2,570,41016902,20251113113342,4106836,20251113121725,4111588,0,01,1,24330,2623,N
20251113,M7731,41016902,20251113,41,11,08,41_9128631,2,570,41016902,20251113142335,4110935,20251113145628,4111588,0,01,1,28710,1973,N
20251113,M7731,41016902,20251113,41,11,08,41_9215333,2,570,41016902,20251113221051,4106836,20251113223105,4111588,0,01,1,24330,1214,N
20251113,M7731,41016902,20251113,41,11,08,41_9236337,2,570,41016902,20251113185324,4177448,20251113192550,4111598,0,01,1,25410,1946,N
20251113,M7731,41016902,20251113,41,11,08,41_9249171,2,570,41016902,20251113185249,4177448,20251113193410,4111598,0,01,1,25410,2481,N
20251113,M7731,41016902,20251113,41,11,08,41_9303789,2,570,41016902,20251113223615,4106836,20251113231256,4116126,0,01,1,25350,2201,N
20251113,M7731,41016902,20251113,41,11,08,41_9304833,2,570,41016902,20251113095220,4177637,20251113102339,4111598,0,01,1,29120,1879,N
20251113,M7731,41016902,20251113,41,11,08,41_9350161,2,570,41016902,20251113140832,4177448,20251113144744,4116126,0,01,1,23140,2352,N
20251113,M7731,41016902,20251113,41,11,08,41_9369788,2,570,41016902,20251113143259,4106836,20251113151449,4111588,0,01,1,24330,2510,N
20251113,M7731,41016902,20251113,41,11,08,41_9394808,2,570,41016902,20251113141243,4177448,20251113143851,4111588,0,01,1,22120,1568,N
20251113,M7731,41016902,20251113,41,11,08,41_940202,1,570,41016902,20251113095937,4106836,20251113103021,4111588,1,01,1,24330,1844,N
20251113,M7731,41016902,20251113,41,11,08,41_9412390,2,570,41016902,20251113071351,4177532,20251113074925,4111588,0,01,1,22980,2134,N
20251113,M7731,41016902,20251113,41,11,08,41_9437383,2,570,41016902,20251113054954,4177448,20251113061749,4111588,0,01,1,22120,1675,N
20251113,M7731,41016902,20251113,41,11,08,41_9504045,2,570,41016902,20251113111533,4177532,20251113114856,4111588,0,01,1,22980,2003,N
20251113,M7731,41016902,20251113,41,11,08,41_9510760,2,570,41016902,20251113110313,4177532,20251113114317,4116126,0,01,1,24000,2404,N
20251113,M7731,41016902,20251113,41,11,08,41_9521385,2,570,41016902,20251113181803,4177532,20251113184345,4111588,0,01,1,22980,1542,N
20251113,M7731,41016902,20251113,41,11,08,41_9524413,1,570,41016902,20251113180310,4106836,20251113183731,4116130,0,01,1,26590,2061,N
20251113,M7731,41016902,20251113,41,11,08,41_9583468,2,570,41016902,20251113065515,4177637,20251113073841,4116126,0,01,1,26850,2606,N
20251113,M7731,41016902,20251113,41,11,08,41_9588203,2,570,41016902,20251113080235,4177448,20251113084158,4116130,0,01,1,24380,2363,N
20251113,M7731,41016902,20251113,41,11,08,41_9588203,2,570,41016902,20251113084610,4177448,20251113095233,4116130,0,01,1,24380,3983,N
20251113,M7731,41016902,20251113,41,11,08,41_9592196,2,570,41016902,20251113080235,4177448,20251113082745,4111588,0,01,1,22120,1510,N
20251113,M7731,41016902,20251113,41,11,08,41_9592196,2,570,41016902,20251113090843,4177448,20251113093325,4111588,0,01,1,22120,1482,N
20251113,M7731,41016902,20251113,41,11,08,41_9595537,2,570,41016902,20251113221131,4177532,20251113225718,4116126,0,01,1,24000,2747,N
20251113,M7731,41016902,20251113,41,11,08,41_9628113,2,570,41016902,20251113140622,4106836,20251113145857,4111588,0,01,1,24330,3155,N
20251113,M7731,41016902,20251113,41,11,08,41_9632574,2,570,41016902,20251113113411,4110935,20251113121435,4111588,0,01,1,28710,2424,N
20251113,M7731,41016902,20251113,41,11,08,41_9663816,2,570,41016902,20251113093928,4106836,20251113100158,4116126,0,01,1,25350,1350,N
20251113,M7731,41016902,20251113,41,11,08,41_9678593,2,570,41016902,20251113103704,4177448,20251113111740,4116130,0,01,1,24380,2436,N
20251113,M7731,41016902,20251113,41,11,08,41_9685173,1,570,41016902,20251113064809,4107446,20251113075111,4111588,0,01,1,27870,3782,N
20251113,M7731,41016902,20251113,41,11,08,41_9719339,2,570,41016902,20251113135613,4177448,20251113144000,4111588,0,01,1,22120,2627,N
20251113,M7731,41016902,20251113,41,11,08,41_9724439,1,570,41016902,20251113121649,4110935,20251113125453,4111588,0,01,1,28710,2284,N
20251113,M7731,41016902,20251113,41,11,08,41_9729888,2,570,41016902,20251113070459,4107446,20251113074701,4116126,1,01,1,28890,2522,N
20251113,M7731,41016902,20251113,41,11,08,41_9753336,2,570,41016902,20251113135850,4177532,20251113144502,4111588,0,01,1,22980,2772,N
20251113,M7731,41016902,20251113,41,11,08,41_9754330,2,570,41016902,20251113071308,4106836,20251113075320,4111588,0,01,1,24330,2412,N
20251113,M7731,41016902,20251113,41,11,08,41_9757503,2,570,41016902,20251113200641,4106836,20251113203939,4111588,0,01,1,24330,1978,N
20251113,M7731,41016902,20251113,41,11,08,41_9777456,2,570,41016902,20251113122532,4106836,20251113130336,4111599,0,01,1,28270,2284,N
20251113,M7731,41016902,20251113,41,11,08,41_9777456,2,570,41016902,20251113194033,4106836,20251113202037,4111599,0,01,1,28270,2404,N
20251113,M7731,41016902,20251113,41,11,08,41_9777456,2,570,41016902,20251113202637,4106836,20251113210513,4116130,0,01,1,26590,2316,N
20251113,M7731,41016902,20251113,41,11,08,41_9781667,1,570,41016902,20251113160503,4177532,20251113164223,4111588,0,01,1,22980,2240,N
20251113,M7731,41016902,20251113,41,11,08,41_9789864,2,570,41016902,20251113140442,4177532,20251113144328,4116130,0,01,1,25240,2326,N
20251113,M7731,41016902,20251113,41,11,08,41_9816771,2,570,41016902,20251113112215,4106836,20251113121251,4111588,1,01,1,24330,3036,N
20251113,M7731,41016902,20251113,41,11,08,41_9852429,2,570,41016902,20251113091747,4177637,20251113094150,4111588,0,01,1,25830,1443,N
20251113,M7731,41016902,20251113,41,11,08,41_9869666,2,570,41016902,20251113171010,4177637,20251113173915,4111588,0,01,1,25830,1745,N
20251113,M7731,41016902,20251113,41,11,08,41_9883299,2,570,41016902,20251113171010,4177637,20251113173915,4111588,0,01,1,25830,1745,N
20251113,M7731,41016902,20251113,41,11,08,41_9897508,2,570,41016902,20251113112825,4106836,20251113115826,4116126,1,01,1,25350,1801,N
20251113,M7731,41016902,20251113,41,11,08,41_9899331,2,570,41016902,20251113210718,4177532,20251113212933,4111588,0,01,1,22980,1335,N
20251113,M7731,41016902,20251113,41,11,08,41_9906621,2,570,41016902,20251113095929,4177637,20251113102227,4111588,0,01,1,25830,1378,N
20251113,M7731,41016902,20251113,41,11,08,41_991959,1,570,41016902,20251113200725,4177448,20251113210359,4111588,0,01,1,22120,3394,N
20251113,M7731,41016902,20251113,41,11,08,41_9937832,1,570,41016902,20251113150421,4177448,20251113152812,4111588,0,01,1,22120,1431,N
20251113,M7731,41016902,20251113,41,11,08,41_9970944,2,570,41016902,20251113072344,4177448,20251113074827,4116130,0,01,1,24380,1483,N
20251113,M7731,41016902,20251113,41,11,08,41_9999137,1,570,41016902,20251113084509,4177448,20251113093044,4111588,1,01,1,22120,2735,N
