query_date,query_route_no,query_route_id,opr_ymd,ride_ctpv_cd,goff_ctpv_cd,clcln_bzmn_id,vr_card_no,card_se_cd,clcln_bzmn_trfc_mns_cd,rte_id,ride_dt,ride_sttn_id,goff_dt,goff_sttn_id,trnf_cnt,users_type_cd,utztn_nope,utztn_dstnc,brdg_hr,msv_intrpl_yn
20251106,M7731,41016902,20251106,41,11,08,41_10019816,2,570,41016902,20251106163018,4177448,20251106165815,4116126,0,01,1,23140,1677,N
20251106,M7731,41016902,20251106,41,11,08,41_10020981,2,570,41016902,20251106063405,4177637,20251106071146,4111588,0,01,1,25830,2261,N
20251106,M7731,41016902,20251106,41,11,08,41_10020981,2,570,41016902,20251106081139,4177637,20251106091909,4111588,0,01,1,25830,4050,N
20251106,M7731,41016902,20251106,41,11,08,41_10045374,2,570,41016902,20251106055341,4177637,20251106062751,4111588,0,01,1,25830,2050,N
20251106,M7731,41016902,20251106,41,11,08,41_10065991,2,570,41016902,20251106194524,4106836,20251106201437,4109162,0,01,1,29380,1753,N
20251106,M7731,41016902,20251106,41,41,08,41_10076999,2,570,41016902,20251106093841,4177637,20251106094509,4177448,0,01,1,3710,388,N
20251106,M7731,41016902,20251106,41,11,08,41_10086609,2,570,41016902,20251106200505,4106836,20251106204058,4111588,0,01,1,24330,2153,N
20251106,M7731,41016902,20251106,41,11,08,41_10107505,2,570,41016902,20251106180453,4177532,20251106185635,4111599,0,01,1,26920,3102,N
20251106,M7731,41016902,20251106,41,11,08,41_10141286,2,570,41016902,20251106073221,4177448,20251106082121,4116126,0,01,1,23140,2940,N
20251106,M7731,41016902,20251106,41,11,08,41_10145082,1,570,41016902,20251106134626,4177532,20251106142020,4111588,0,01,1,22980,2034,N
20251106,M7731,41016902,20251106,41,11,08,41_10179110,2,570,41016902,20251106180712,4177532,20251106184114,4111588,0,01,1,22980,2042,N
20251106,M7731,41016902,20251106,41,11,08,41_10189030,2,570,41016902,20251106073129,4106836,20251106080959,4111588,0,01,1,24330,2310,N
20251106,M7731,41016902,20251106,41,11,08,41_10190799,1,570,41016902,20251106192918,4177532,20251106203331,4116126,0,01,1,24000,3853,N
20251106,M7731,41016902,20251106,41,11,08,41_10195551,2,570,41016902,20251106053719,4106836,20251106061034,4111588,0,01,1,24330,1995,N
20251106,M7731,41016902,20251106,41,11,08,41_10197097,1,570,41016902,20251106134626,4177510,20251106143452,4111588,0,01,1,29500,2906,N
20251106,M7731,41016902,20251106,41,11,08,41_1021960,1,570,41016902,20251106180345,4177448,20251106182721,4111588,0,01,1,22120,1416,N
20251106,M7731,41016902,20251106,41,11,08,41_10250210,2,570,41016902,20251106171723,4106836,20251106173831,4111588,0,01,1,24330,1268,N
20251106,M7731,41016902,20251106,41,11,08,41_10264972,2,570,41016902,20251106161802,4177448,20251106164114,4116130,0,01,1,24380,1392,N
20251106,M7731,41016902,20251106,41,11,08,41_10274468,2,570,41016902,20251106083049,4177637,20251106085618,4111588,0,01,1,25830,1529,N
20251106,M7731,41016902,20251106,41,11,08,41_10286765,2,570,41016902,20251106161726,4177448,20251106164038,4116130,0,01,1,24380,1392,N
20251106,M7731,41016902,20251106,41,11,08,41_1029854,2,570,41016902,20251106181545,4177448,20251106185301,4116130,0,01,1,24380,2236,N
20251106,M7731,41016902,20251106,41,11,08,41_1034522,2,570,41016902,20251106143946,4106836,20251106151455,4111588,0,01,1,24330,2109,N
20251106,M7731,41016902,20251106,41,11,08,41_10367032,1,570,41016902,20251106114422,4177637,20251106123006,4111588,0,01,1,25830,2744,N
20251106,M7731,41016902,20251106,41,11,08,41_10395383,2,570,41016902,20251106192626,4177448,20251106195022,4111588,0,01,1,22120,1436,N
20251106,M7731,41016902,20251106,41,11,08,41_10415239,2,570,41016902,20251106085035,4177448,20251106091438,4111588,0,01,1,22120,1443,N
20251106,M7731,41016902,20251106,41,11,08,41_10423347,2,570,41016902,20251106132452,4177448,20251106140237,4111588,0,01,1,22120,2265,N
20251106,M7731,41016902,20251106,41,11,08,41_10433126,2,570,41016902,20251106061943,4177510,20251106074809,4111588,0,01,1,29500,5306,N
20251106,M7731,41016902,20251106,41,11,08,41_10435318,1,570,41016902,20251106184558,4106836,20251106191944,4116130,1,01,1,26590,2026,N
20251106,M7731,41016902,20251106,41,11,08,41_10449147,2,570,41016902,20251106120040,4106836,20251106125437,4111588,0,01,2,24330,3237,N
20251106,M7731,41016902,20251106,41,11,08,41_10464613,2,570,41016902,20251106085816,4106836,20251106093343,4111588,1,01,1,24330,2127,N
20251106,M7731,41016902,20251106,41,41,08,41_10483970,2,570,41016902,20251106151928,4123056,20251106155454,4177511,0,01,1,7120,2126,N
20251106,M7731,41016902,20251106,41,11,08,41_1049874,2,570,41016902,20251106181850,4177448,20251106185546,4116126,0,01,1,23140,2216,N
20251106,M7731,41016902,20251106,41,11,08,41_10516931,1,570,41016902,20251106052036,4177448,20251106055915,4109162,0,01,1,27170,2319,N
20251106,M7731,41016902,20251106,41,11,08,41_10524560,2,570,41016902,20251106173528,4106836,20251106181551,4111588,0,01,1,24330,2423,N
20251106,M7731,41016902,20251106,41,11,08,41_10532481,1,570,41016902,20251106091133,4177448,20251106095410,4111588,0,01,1,22120,2557,N
20251106,M7731,41016902,20251106,41,11,08,41_10532536,2,570,41016902,20251106181342,4106836,20251106185259,4111588,0,01,1,24330,2357,N
20251106,M7731,41016902,20251106,41,11,08,41_10545906,2,570,41016902,20251106075106,4177510,20251106090701,4111588,0,01,1,29500,4555,N
20251106,M7731,41016902,20251106,41,11,08,41_10547938,2,570,41016902,20251106181334,4106836,20251106184940,4111588,0,01,1,24330,2166,N
20251106,M7731,41016902,20251106,41,11,08,41_10557818,2,570,41016902,20251106112648,4106836,20251106120108,4111588,0,01,1,24330,2060,N
20251106,M7731,41016902,20251106,41,11,08,41_10567768,2,570,41016902,20251106130937,4177637,20251106140812,4111588,0,01,1,25830,3515,N
20251106,M7731,41016902,20251106,41,11,08,41_10572034,2,570,41016902,20251106153823,4106836,20251106161651,4111588,0,01,1,24330,2308,N
20251106,M7731,41016902,20251106,41,11,08,41_10596764,1,570,41016902,20251106072150,4177637,20251106080656,4116126,0,01,1,26850,2706,N
20251106,M7731,41016902,20251106,41,11,08,41_10596764,1,570,41016902,20251106083634,4177637,20251106092301,4116126,0,01,1,26850,2787,N
20251106,M7731,41016902,20251106,41,11,08,41_10597318,2,570,41016902,20251106053753,4106836,20251106062311,4111588,1,01,1,24330,2718,N
20251106,M7731,41016902,20251106,41,11,08,41_10597424,1,570,41016902,20251106163024,4177532,20251106171553,4116126,0,01,1,24000,2729,N
20251106,M7731,41016902,20251106,41,11,08,41_10599639,2,570,41016902,20251106131232,4177637,20251106134937,4116126,0,01,1,26850,2225,N
20251106,M7731,41016902,20251106,41,11,08,41_10610362,2,570,41016902,20251106082717,4177637,20251106085242,4111588,0,01,1,25830,1525,N
20251106,M7731,41016902,20251106,41,11,08,41_10618115,1,570,41016902,20251106103805,4110868,20251106111107,4111588,0,01,1,26980,1982,N
20251106,M7731,41016902,20251106,41,11,08,41_10621018,2,570,41016902,20251106131519,4177448,20251106135012,4111588,0,01,1,22120,2093,N
20251106,M7731,41016902,20251106,41,41,08,41_10621605,2,570,41016902,20251106182425,4106837,20251106182906,4107447,1,01,1,3540,281,N
20251106,M7731,41016902,20251106,41,11,08,41_10656239,2,570,41016902,20251106152416,4177532,20251106154928,4111588,0,01,1,22980,1512,N
20251106,M7731,41016902,20251106,41,11,08,41_10665337,2,570,41016902,20251106220922,4106836,20251106224048,4116126,0,01,1,25350,1886,N
20251106,M7731,41016902,20251106,41,11,08,41_10679248,2,570,41016902,20251106170339,4177532,20251106173850,4111588,0,01,1,22980,2111,N
20251106,M7731,41016902,20251106,41,11,08,41_10704560,2,570,41016902,20251106213758,4110935,20251106220837,4111588,0,01,1,28710,1839,N
20251106,M7731,41016902,20251106,41,11,08,41_10725256,2,570,41016902,20251106061830,4177448,20251106070934,4109162,0,01,1,27170,3064,N
20251106,M7731,41016902,20251106,41,11,08,41_10725256,2,570,41016902,20251106183750,4177448,20251106193505,4109162,0,01,1,27170,3435,N
20251106,M7731,41016902,20251106,41,11,08,41_10743022,2,570,41016902,20251106062049,4177448,20251106065000,4116126,0,01,1,23140,1751,N
20251106,M7731,41016902,20251106,41,11,08,41_10761556,2,570,41016902,20251106172354,4177448,20251106175245,4111588,0,01,1,22120,1731,N
20251106,M7731,41016902,20251106,41,11,08,41_10783102,2,570,41016902,20251106185529,4106836,20251106194033,4116126,0,01,1,25350,2704,N
20251106,M7731,41016902,20251106,41,11,08,41_10796901,1,570,41016902,20251106165549,4107446,20251106172814,4111599,0,01,1,31810,1945,N
20251106,M7731,41016902,20251106,41,11,08,41_10810647,2,570,41016902,20251106110734,4177637,20251106114800,4116126,0,01,1,26850,2426,N
20251106,M7731,41016902,20251106,41,41,08,41_10820176,2,570,41016902,20251106074342,4177637,20251106074821,4106836,0,01,1,1500,279,N
20251106,M7731,41016902,20251106,41,11,08,41_10822717,2,570,41016902,20251106132032,4177532,20251106140029,4111588,0,01,1,22980,2397,N
20251106,M7731,41016902,20251106,41,11,08,41_10841315,2,570,41016902,20251106175510,4177448,20251106183212,4111588,0,01,1,22120,2222,N
20251106,M7731,41016902,20251106,41,11,08,41_10842947,2,570,41016902,20251106065621,4177448,20251106071934,4111588,0,01,1,22120,1393,N
20251106,M7731,41016902,20251106,41,11,08,41_10842947,2,570,41016902,20251106090913,4177448,20251106094402,4116130,0,01,1,24380,2089,N
20251106,M7731,41016902,20251106,41,11,08,41_10850921,2,570,41016902,20251106150757,4106836,20251106154400,4116126,0,01,1,25350,2163,N
20251106,M7731,41016902,20251106,41,41,08,41_10863650,1,570,41016902,20251106083632,4177637,20251106084212,4106836,0,01,1,1500,340,N
20251106,M7731,41016902,20251106,41,41,08,41_10863650,1,570,41016902,20251107002605,4106837,20251107003220,4102447,2,01,1,1380,375,N
20251106,M7731,41016902,20251106,41,41,08,41_1086485,2,570,41016902,20251106133317,4106836,20251106133936,4177448,1,01,1,2210,379,N
20251106,M7731,41016902,20251106,41,11,08,41_10874059,2,570,41016902,20251106151958,4106836,20251106160009,4111588,0,01,1,24330,2411,N
20251106,M7731,41016902,20251106,41,11,08,41_10888073,2,570,41016902,20251106092229,4177448,20251106094540,4111588,0,01,1,22120,1391,N
20251106,M7731,41016902,20251106,41,11,08,41_10898855,2,570,41016902,20251106162627,4106836,20251106170116,4116126,0,01,1,25350,2089,N
20251106,M7731,41016902,20251106,41,41,08,41_10917097,2,570,41016902,20251106223248,4123056,20251106223948,4102447,2,01,1,3320,420,N
20251106,M7731,41016902,20251106,41,11,08,41_10938444,2,570,41016902,20251107003235,4177510,20251107010612,4111588,0,01,1,29500,2017,N
20251106,M7731,41016902,20251106,41,41,08,41_10969011,2,570,41016902,20251106081527,4123056,20251106084628,4110934,1,01,1,6380,1861,N
20251106,M7731,41016902,20251106,41,11,08,41_10994300,2,570,41016902,20251106142948,4177532,20251106150711,4111588,0,01,1,22980,2243,N
20251106,M7731,41016902,20251106,41,41,08,41_10999826,2,570,41016902,20251106195333,4123056,20251106200846,4107447,0,01,1,5480,913,N
20251106,M7731,41016902,20251106,41,11,08,41_1100423,2,570,41016902,20251106144744,4177532,20251106151447,4111588,0,01,1,22980,1623,N
20251106,M7731,41016902,20251106,41,11,08,41_11009766,2,570,41016902,20251106181311,4106836,20251106185016,4116126,0,01,1,25350,2225,N
20251106,M7731,41016902,20251106,41,41,08,41_11021567,1,570,41016902,20251106072301,4177637,20251106073340,4177448,0,01,1,3710,639,N
20251106,M7731,41016902,20251106,41,11,08,41_11029805,2,570,41016902,20251106070520,4106836,20251106074528,4116126,0,01,1,25350,2408,N
20251106,M7731,41016902,20251106,41,41,08,41_11041668,2,570,41016902,20251106195130,4107447,20251106200004,4177511,1,01,1,1640,514,N
20251106,M7731,41016902,20251106,41,11,08,41_11058575,2,570,41016902,20251106170644,4177532,20251106174107,4116126,0,01,1,24000,2063,N
20251106,M7731,41016902,20251106,41,41,08,41_11066334,2,570,41016902,20251106185731,4123056,20251106193221,4177511,2,01,1,7120,2090,N
20251106,M7731,41016902,20251106,41,11,08,41_11067591,2,570,41016902,20251106170320,4177532,20251106174021,4111588,0,01,1,22980,2221,N
20251106,M7731,41016902,20251106,41,11,08,41_11076706,2,570,41016902,20251106153017,4106836,20251106160420,4116126,0,01,1,25350,2043,N
20251106,M7731,41016902,20251106,41,41,08,41_1109481,2,570,41016902,20251106074618,4177637,20251106075456,4177448,0,01,1,3710,518,N
20251106,M7731,41016902,20251106,41,11,08,41_11118546,2,570,41016902,20251106173108,4177448,20251106175231,4111598,0,01,1,25410,1283,N
20251106,M7731,41016902,20251106,41,11,08,41_1112269,1,570,41016902,20251106063650,4110935,20251106071915,4111588,0,01,1,28710,2545,N
20251106,M7731,41016902,20251106,41,11,08,41_11139264,1,570,41016902,20251106170452,4106836,20251106172604,4116126,0,01,1,25350,1272,N
20251106,M7731,41016902,20251106,41,41,08,41_111489,2,570,41016902,20251106131404,4177533,20251106131937,4106837,0,01,1,1360,333,N
20251106,M7731,41016902,20251106,41,41,08,41_11189824,1,570,41016902,20251106120912,4106837,20251106122842,4110934,0,01,1,4440,1170,N
20251106,M7731,41016902,20251106,41,41,08,41_11189824,1,570,41016902,20251106204759,4106837,20251106210248,4110934,0,01,1,4440,889,N
20251106,M7731,41016902,20251106,41,11,08,41_11208977,2,570,41016902,20251106152603,4177532,20251106155114,4111588,0,01,1,22980,1511,N
20251106,M7731,41016902,20251106,41,11,08,41_11227155,2,570,41016902,20251106183911,4177532,20251106192729,4116126,0,01,1,24000,2898,N
20251106,M7731,41016902,20251106,41,11,08,41_11230818,2,570,41016902,20251106080625,4177448,20251106085435,4116130,0,01,1,24380,2890,N
20251106,M7731,41016902,20251106,41,11,08,41_11231492,2,570,41016902,20251106080134,4177448,20251106082605,4111588,0,01,1,22120,1471,N
20251106,M7731,41016902,20251106,41,11,08,41_11255347,2,570,41016902,20251106080041,4177448,20251106084605,4111588,0,01,1,22120,2724,N
20251106,M7731,41016902,20251106,41,11,08,41_11258465,2,570,41016902,20251106142302,4177448,20251106150635,4116130,0,01,1,24380,2613,N
20251106,M7731,41016902,20251106,41,11,08,41_11258465,2,570,41016902,20251106234445,4106836,20251107001709,4111588,0,01,1,24330,1944,N
20251106,M7731,41016902,20251106,41,11,08,41_11273777,1,570,41016902,20251106112735,4106836,20251106120133,4111588,0,01,1,24330,2038,N
20251106,M7731,41016902,20251106,41,11,08,41_11275414,2,570,41016902,20251106142012,4177448,20251106150610,4111588,0,01,1,22120,2758,N
20251106,M7731,41016902,20251106,41,11,08,41_11295674,2,570,41016902,20251106080041,4177448,20251106083321,4111588,0,01,1,22120,1960,N
20251106,M7731,41016902,20251106,41,41,08,41_11297256,1,570,41016902,20251106220218,4107446,20251106223305,4177448,0,01,1,5750,1847,N
20251106,M7731,41016902,20251106,41,11,08,41_11306966,2,570,41016902,20251106070151,4110935,20251106081632,4111588,0,01,1,28710,4481,N
20251106,M7731,41016902,20251106,41,11,08,41_11351408,2,570,41016902,20251106135307,4177448,20251106141949,4111588,0,01,1,22120,1602,N
20251106,M7731,41016902,20251106,41,11,08,41_11378468,2,570,41016902,20251106084003,4106836,20251106091154,4111588,0,01,1,24330,1911,N
20251106,M7731,41016902,20251106,41,11,08,41_11440524,2,570,41016902,20251106075432,4177510,20251106082007,4111598,0,01,1,32790,1535,N
20251106,M7731,41016902,20251106,41,11,08,41_11454582,2,570,41016902,20251106101523,4106836,20251106111710,4116126,0,01,1,25350,3707,N
20251106,M7731,41016902,20251106,41,11,08,41_11460710,2,570,41016902,20251106070634,4177510,20251106073420,4111588,0,01,1,29500,1666,N
20251106,M7731,41016902,20251106,41,11,08,41_11461798,1,570,41016902,20251106072810,4177448,20251106075644,4116130,0,01,1,24380,1714,N
20251106,M7731,41016902,20251106,41,11,08,41_11490457,1,570,41016902,20251106204216,4106836,20251106210621,4111599,0,01,1,28270,1445,N
20251106,M7731,41016902,20251106,41,11,08,41_11496143,1,570,41016902,20251106072912,4177448,20251106080356,4116126,0,01,1,23140,2084,N
20251106,M7731,41016902,20251106,41,11,08,41_11497073,2,570,41016902,20251106233522,4106836,20251107003852,4116126,0,01,1,25350,3810,N
20251106,M7731,41016902,20251106,41,11,08,41_11549125,1,570,41016902,20251106113937,4177448,20251106123024,4111588,0,01,1,22120,3047,N
20251106,M7731,41016902,20251106,41,11,08,41_11556405,2,570,41016902,20251106090543,4177637,20251106095558,4111588,0,01,1,25830,3015,N
20251106,M7731,41016902,20251106,41,11,08,41_1159415,2,570,41016902,20251106195045,4177510,20251106204213,4111588,0,01,1,29500,3088,N
20251106,M7731,41016902,20251106,41,11,08,41_11597233,1,570,41016902,20251106071201,4110868,20251106075208,4116126,0,01,2,28000,2407,N
20251106,M7731,41016902,20251106,41,11,08,41_11634355,2,570,41016902,20251106053230,4177637,20251106060600,4109162,0,01,1,30880,2010,N
20251106,M7731,41016902,20251106,41,41,08,41_11636378,2,570,41016902,20251106103430,4106836,20251106104352,4177448,1,01,1,2210,562,N
20251106,M7731,41016902,20251106,41,11,08,41_11647815,2,570,41016902,20251106111543,4177448,20251106114525,4111588,1,01,1,22120,1782,N
20251106,M7731,41016902,20251106,41,41,08,41_11687328,2,570,41016902,20251106063407,4177637,20251106064702,4177448,0,01,1,3710,775,N
20251106,M7731,41016902,20251106,41,41,08,41_11687328,2,570,41016902,20251106222351,4123056,20251106223507,4102447,2,01,1,3320,676,N
20251106,M7731,41016902,20251106,41,11,08,41_11704298,2,570,41016902,20251106132233,4106836,20251106134832,4111588,0,01,1,24330,1559,N
20251106,M7731,41016902,20251106,41,11,08,41_11735033,2,570,41016902,20251106124602,4177532,20251106131710,4111588,0,01,1,22980,1868,N
20251106,M7731,41016902,20251106,41,11,08,41_11769453,2,570,41016902,20251106154602,4177532,20251106161407,4111588,0,01,1,22980,1685,N
20251106,M7731,41016902,20251106,41,11,08,41_11832347,1,570,41016902,20251106124646,4177448,20251106133357,4116126,0,01,1,23140,2831,N
20251106,M7731,41016902,20251106,41,41,08,41_11837257,2,570,41016902,20251106080452,4110935,20251106082252,4177532,0,01,1,5730,1080,N
20251106,M7731,41016902,20251106,41,11,08,41_1184569,1,570,41016902,20251107004454,4177448,20251107010357,4109162,0,01,1,27170,1143,N
20251106,M7731,41016902,20251106,41,11,08,41_11848952,2,570,41016902,20251106061026,4107446,20251106064445,4116126,0,01,1,28890,2059,N
20251106,M7731,41016902,20251106,41,11,08,41_11857269,2,570,41016902,20251106080448,4110935,20251106083630,4111588,0,01,1,28710,1902,N
20251106,M7731,41016902,20251106,41,11,08,41_11861168,2,570,41016902,20251106073221,4177448,20251106082446,4111588,0,01,1,22120,3145,N
20251106,M7731,41016902,20251106,41,11,08,41_11876760,2,570,41016902,20251106190808,4177448,20251106194608,4111588,0,01,1,22120,2280,N
20251106,M7731,41016902,20251106,41,11,08,41_1190036,2,570,41016902,20251106180802,4177532,20251106184127,4111588,0,01,1,22980,2005,N
20251106,M7731,41016902,20251106,41,11,08,41_11924250,2,570,41016902,20251106051007,4177510,20251106053643,4111588,0,01,1,29500,1596,N
20251106,M7731,41016902,20251106,41,11,08,41_11934542,2,570,41016902,20251106151350,4177448,20251106153907,4109162,0,01,1,27170,1517,N
20251106,M7731,41016902,20251106,41,11,08,41_11943099,2,570,41016902,20251106140813,4177448,20251106143010,4111588,0,01,1,22120,1317,N
20251106,M7731,41016902,20251106,41,11,08,41_1195493,1,570,41016902,20251106150704,4177510,20251106161124,4111588,0,01,1,29500,3860,N
20251106,M7731,41016902,20251106,41,11,08,41_1196229,2,570,41016902,20251106061300,4177448,20251106064328,4111588,0,01,1,22120,1828,N
20251106,M7731,41016902,20251106,41,41,08,41_11975372,1,570,41016902,20251106194601,4123056,20251106195803,4102447,2,01,1,3320,722,N
20251106,M7731,41016902,20251106,41,11,08,41_11997058,1,570,41016902,20251106131200,4106836,20251106135430,4111588,0,01,1,24330,2550,N
20251106,M7731,41016902,20251106,41,41,08,41_11999040,2,570,41016902,20251106050958,4177637,20251106052047,4177448,0,01,1,3710,649,N
20251106,M7731,41016902,20251106,41,11,08,41_1200613,2,570,41016902,20251106083125,4106836,20251106092949,4111588,0,01,1,24330,3504,N
20251106,M7731,41016902,20251106,41,11,08,41_12022709,2,570,41016902,20251106080709,4177448,20251106084842,4116126,0,01,1,23140,2493,N
20251106,M7731,41016902,20251106,41,11,08,41_12058328,2,570,41016902,20251106081415,4177448,20251106085349,4111588,0,01,1,22120,2374,N
20251106,M7731,41016902,20251106,41,11,08,41_12069551,1,570,41016902,20251106135808,4106836,20251106143235,4111588,0,01,1,24330,2067,N
20251106,M7731,41016902,20251106,41,41,08,41_12073314,2,570,41016902,20251106073853,4177637,20251106074622,4177448,0,01,1,3710,449,N
20251106,M7731,41016902,20251106,41,41,08,41_12073314,2,570,41016902,20251106145458,4123056,20251106150630,4102447,2,01,1,3320,692,N
20251106,M7731,41016902,20251106,41,11,08,41_12083870,2,570,41016902,20251106082110,4177448,20251106091431,4111599,0,01,1,26060,3201,N
20251106,M7731,41016902,20251106,41,11,08,41_12088768,1,570,41016902,20251106080709,4177448,20251106084842,4116126,0,01,1,23140,2493,N
20251106,M7731,41016902,20251106,41,11,08,41_12107063,2,570,41016902,20251106133252,4106836,20251106140543,4116130,0,01,1,26590,1971,N
20251106,M7731,41016902,20251106,41,11,08,41_12143969,2,570,41016902,20251106144549,4177448,20251106151526,4111588,0,01,1,22120,1777,N
20251106,M7731,41016902,20251106,41,11,08,41_12182290,1,570,41016902,20251106181339,4106836,20251106190310,4111588,0,01,1,24330,2971,N
20251106,M7731,41016902,20251106,41,11,08,41_12192091,2,570,41016902,20251106075407,4106836,20251106083251,4111588,0,01,1,24330,2324,N
20251106,M7731,41016902,20251106,41,11,08,41_12195545,2,570,41016902,20251106051818,4110868,20251106055147,4111588,0,01,1,26980,2009,N
20251106,M7731,41016902,20251106,41,41,08,41_12220578,2,570,41016902,20251106214222,4123056,20251106214925,4102447,2,01,1,3320,423,N
20251106,M7731,41016902,20251106,41,11,08,41_1223253,2,570,41016902,20251106094446,4177510,20251106101855,4111588,0,01,1,29500,2049,N
20251106,M7731,41016902,20251106,41,41,08,41_12259800,2,570,41016902,20251107001412,4106837,20251107002505,4110934,1,01,1,4440,653,N
20251106,M7731,41016902,20251106,41,11,08,41_12274508,2,570,41016902,20251106210538,4177448,20251106213936,4116126,0,01,1,23140,2038,N
20251106,M7731,41016902,20251106,41,11,08,41_12276273,2,570,41016902,20251106090224,4177448,20251106092449,4111588,0,01,1,22120,1345,N
20251106,M7731,41016902,20251106,41,11,08,41_12276273,2,570,41016902,20251106210652,4177448,20251106213502,4111588,0,01,1,22120,1690,N
20251106,M7731,41016902,20251106,41,11,08,41_12284147,2,570,41016902,20251106101824,4110868,20251106105329,4109162,0,01,1,32030,2105,N
20251106,M7731,41016902,20251106,41,41,08,41_12309768,2,570,41016902,20251106080429,4123056,20251106082421,4107447,0,01,1,5480,1192,N
20251106,M7731,41016902,20251106,41,41,08,41_12309768,2,570,41016902,20251106171048,4107446,20251106172745,4177448,0,01,1,5750,1017,N
20251106,M7731,41016902,20251106,41,11,08,41_12319088,1,570,41016902,20251106175447,4177532,20251106182248,4111588,0,01,1,22980,1681,N
20251106,M7731,41016902,20251106,41,11,08,41_12354099,2,570,41016902,20251106160446,4177532,20251106163006,4111588,0,01,1,22980,1520,N
20251106,M7731,41016902,20251106,41,11,08,41_12354099,2,570,41016902,20251106170942,4177532,20251106173743,4111588,0,01,1,22980,1681,N
20251106,M7731,41016902,20251106,41,11,08,41_12363661,1,570,41016902,20251107001021,4177448,20251107003655,4111588,0,01,1,22120,1594,N
20251106,M7731,41016902,20251106,41,11,08,41_12372128,2,570,41016902,20251106083144,4110935,20251106093929,4111588,0,01,1,28710,4065,N
20251106,M7731,41016902,20251106,41,11,08,41_12377285,2,570,41016902,20251106145113,4177448,20251106151644,4111588,0,01,1,22120,1531,N
20251106,M7731,41016902,20251106,41,11,08,41_12410915,2,570,41016902,20251106174652,4177532,20251106181802,4111588,0,01,1,22980,1870,N
20251106,M7731,41016902,20251106,41,11,08,41_12420554,1,570,41016902,20251106164233,4177532,20251106174136,4116126,0,01,1,24000,3543,N
20251106,M7731,41016902,20251106,41,11,08,41_12435944,2,570,41016902,20251106175102,4177532,20251106185808,4116126,0,01,1,24000,4026,N
20251106,M7731,41016902,20251106,41,11,08,41_12508104,2,570,41016902,20251106180319,4177637,20251106191309,4109162,0,01,1,30880,4190,N
20251106,M7731,41016902,20251106,41,11,08,41_1255274,2,570,41016902,20251106154851,4106836,20251106162245,4116126,0,01,1,25350,2034,N
20251106,M7731,41016902,20251106,41,41,08,41_12558016,2,570,41016902,20251106055501,4110935,20251106060711,4106836,0,01,1,4380,730,N
20251106,M7731,41016902,20251106,41,41,08,41_12558016,2,570,41016902,20251106191150,4110935,20251106192040,4106836,0,01,1,4380,530,N
20251106,M7731,41016902,20251106,41,11,08,41_12617932,2,570,41016902,20251106072038,4177510,20251106075542,4111598,0,01,1,32790,2104,N
20251106,M7731,41016902,20251106,41,11,08,41_12617932,2,570,41016902,20251106132047,4177510,20251106135747,4111588,0,01,1,29500,2220,N
20251106,M7731,41016902,20251106,41,41,08,41_12625551,2,570,41016902,20251106082056,4107446,20251106084247,4177532,0,01,1,4890,1311,N
20251106,M7731,41016902,20251106,41,41,08,41_12625551,2,570,41016902,20251106171659,4177533,20251106173815,4107447,0,01,1,4900,1276,N
20251106,M7731,41016902,20251106,41,11,08,41_12646468,2,570,41016902,20251106071407,4110935,20251106074744,4111588,0,01,1,28710,2017,N
20251106,M7731,41016902,20251106,41,11,08,41_12649785,2,570,41016902,20251106114231,4177637,20251106121338,4111599,0,01,1,29770,1867,N
20251106,M7731,41016902,20251106,41,11,08,41_12665474,2,570,41016902,20251106184231,4106836,20251106191206,4111588,0,01,1,24330,1775,N
20251106,M7731,41016902,20251106,41,11,08,41_12685375,2,570,41016902,20251106114209,4177637,20251106121439,4111588,0,01,1,25830,1950,N
20251106,M7731,41016902,20251106,41,11,08,41_12699552,2,570,41016902,20251106082237,4106836,20251106085806,4116130,0,01,1,26590,2129,N
20251106,M7731,41016902,20251106,41,11,08,41_12702423,2,570,41016902,20251106144046,4177532,20251106150918,4111588,0,01,1,22980,1712,N
20251106,M7731,41016902,20251106,41,41,08,41_12703093,1,570,41016902,20251106123959,4123056,20251106130016,4107447,2,01,1,5480,1217,N
20251106,M7731,41016902,20251106,41,41,08,41_1271,2,570,41016902,20251106113018,4107446,20251106114108,4106836,0,01,1,3540,650,N
20251106,M7731,41016902,20251106,41,41,08,41_1271,2,570,41016902,20251106153852,4106837,20251106154832,4107447,0,01,1,3540,580,N
20251106,M7731,41016902,20251106,41,11,08,41_12758814,2,570,41016902,20251106154141,4177448,20251106160946,4116126,0,01,1,23140,1685,N
20251106,M7731,41016902,20251106,41,11,08,41_12765918,2,570,41016902,20251106091501,4177448,20251106093815,4111588,1,01,1,22120,1394,N
20251106,M7731,41016902,20251106,41,11,08,41_12774088,2,570,41016902,20251106171824,4177532,20251106173447,4111588,0,01,1,22980,983,N
20251106,M7731,41016902,20251106,41,41,08,41_12790505,2,570,41016902,20251106182512,4123056,20251106183601,4102447,0,01,1,3320,649,N
20251106,M7731,41016902,20251106,41,11,08,41_12795105,2,570,41016902,20251106154141,4177448,20251106162143,4116126,0,01,1,23140,2402,N
20251106,M7731,41016902,20251106,41,41,08,41_12798320,1,570,41016902,20251106074305,4107446,20251106075843,4177532,1,01,1,4890,938,N
20251106,M7731,41016902,20251106,41,41,08,41_12798320,1,570,41016902,20251106192741,4177533,20251106194102,4107447,0,01,1,4900,801,N
20251106,M7731,41016902,20251106,41,11,08,41_12799329,1,570,41016902,20251106130908,4177532,20251106133740,4111588,0,01,1,22980,1712,N
20251106,M7731,41016902,20251106,41,11,08,41_12801763,2,570,41016902,20251106142554,4110935,20251106150503,4111588,0,01,1,28710,2349,N
20251106,M7731,41016902,20251106,41,11,08,41_12830081,2,570,41016902,20251106083659,4106836,20251106091050,4111588,0,01,1,24330,2031,N
20251106,M7731,41016902,20251106,41,11,08,41_12845513,2,570,41016902,20251106103107,4177637,20251106110954,4111588,0,01,1,25830,2327,N
20251106,M7731,41016902,20251106,41,11,08,41_12876432,2,570,41016902,20251106122213,4106836,20251106125915,4116130,0,01,1,26590,2222,N
20251106,M7731,41016902,20251106,41,11,08,41_12900476,2,570,41016902,20251106160810,4177532,20251106163747,4116126,0,01,1,24000,1777,N
20251106,M7731,41016902,20251106,41,11,08,41_12909347,2,570,41016902,20251106201208,4106836,20251106204312,4111588,0,01,1,24330,1864,N
20251106,M7731,41016902,20251106,41,11,08,41_12913780,2,570,41016902,20251106071756,4106836,20251106080608,4116126,0,01,1,25350,2892,N
20251106,M7731,41016902,20251106,41,11,08,41_12939501,2,570,41016902,20251106173310,4106836,20251106181342,4111588,0,01,1,24330,2432,N
20251106,M7731,41016902,20251106,41,11,08,41_12985204,2,570,41016902,20251106203318,4106836,20251106211618,4111588,0,01,1,24330,2580,N
20251106,M7731,41016902,20251106,41,11,08,41_13032862,1,570,41016902,20251106184147,4177532,20251106191724,4116130,0,01,1,25240,2137,N
20251106,M7731,41016902,20251106,41,11,08,41_13073380,2,570,41016902,20251106150304,4106836,20251106153923,4111598,0,01,1,27620,2179,N
20251106,M7731,41016902,20251106,41,11,08,41_13090280,2,570,41016902,20251106071416,4107446,20251106075257,4111588,0,01,1,27870,2321,N
20251106,M7731,41016902,20251106,41,11,08,41_13122389,2,570,41016902,20251106160444,4177448,20251106165041,4111588,0,01,1,22120,2757,N
20251106,M7731,41016902,20251106,41,11,08,41_13127820,2,570,41016902,20251106122914,4110935,20251106133207,4116130,0,01,1,30970,3773,N
20251106,M7731,41016902,20251106,41,11,08,41_13128831,2,570,41016902,20251106164344,4177510,20251106172556,4116126,0,01,1,30520,2532,N
20251106,M7731,41016902,20251106,41,11,08,41_13173703,2,570,41016902,20251106072018,4177448,20251106074727,4111588,0,01,1,22120,1629,N
20251106,M7731,41016902,20251106,41,11,08,41_1317450,2,570,41016902,20251106094059,4107446,20251106100436,4111588,0,01,1,27870,1417,N
20251106,M7731,41016902,20251106,41,11,08,41_13189605,2,570,41016902,20251106185056,4177448,20251106192935,4116130,0,01,1,24380,2319,N
20251106,M7731,41016902,20251106,41,11,08,41_13202864,2,570,41016902,20251106111851,4106836,20251106120100,4116126,0,01,1,25350,2529,N
20251106,M7731,41016902,20251106,41,11,08,41_13209697,2,570,41016902,20251106060202,4106836,20251106063900,4111588,1,01,1,24330,2218,N
20251106,M7731,41016902,20251106,41,11,08,41_13216436,1,570,41016902,20251106181404,4110935,20251106183709,4116126,0,01,1,29730,1385,N
20251106,M7731,41016902,20251106,41,11,08,41_13237192,2,570,41016902,20251106175415,4177448,20251106182533,4116126,0,01,1,23140,1878,N
20251106,M7731,41016902,20251106,41,11,08,41_13251052,2,570,41016902,20251106150628,4177532,20251106154336,4111588,0,01,1,22980,2228,N
20251106,M7731,41016902,20251106,41,11,08,41_13264165,2,570,41016902,20251106122942,4106836,20251106130900,4116126,0,01,1,25350,2358,N
20251106,M7731,41016902,20251106,41,11,08,41_13264165,2,570,41016902,20251106134034,4106836,20251106141723,4116126,0,01,1,25350,2209,N
20251106,M7731,41016902,20251106,41,11,08,41_13264165,2,570,41016902,20251106180131,4106836,20251106184127,4116126,0,01,1,25350,2396,N
20251106,M7731,41016902,20251106,41,11,08,41_13295971,2,570,41016902,20251106114544,4106836,20251106124003,4116126,1,01,1,25350,3259,N
20251106,M7731,41016902,20251106,41,11,08,41_13311049,2,570,41016902,20251106163117,4177532,20251106170028,4111588,0,01,1,22980,1751,N
20251106,M7731,41016902,20251106,41,11,08,41_13313363,2,570,41016902,20251106180612,4177448,20251106184250,4111588,0,01,1,22120,2198,N
20251106,M7731,41016902,20251106,41,11,08,41_13355334,2,570,41016902,20251106065442,4177510,20251106072122,4111588,0,01,1,29500,1600,N
20251106,M7731,41016902,20251106,41,11,08,41_13357022,2,570,41016902,20251106053506,4177448,20251106060731,4109162,0,01,1,27170,1945,N
20251106,M7731,41016902,20251106,41,11,08,41_13373718,2,570,41016902,20251106154223,4177532,20251106161106,4111588,0,01,1,22980,1723,N
20251106,M7731,41016902,20251106,41,11,08,41_13387273,2,570,41016902,20251106104045,4177637,20251106111640,4116126,0,01,1,26850,2155,N
20251106,M7731,41016902,20251106,41,11,08,41_13387273,2,570,41016902,20251106153557,4177637,20251106160917,4116126,0,01,1,26850,2000,N
20251106,M7731,41016902,20251106,41,11,08,41_13413151,2,570,41016902,20251106145303,4177532,20251106153908,4111588,0,01,1,22980,2765,N
20251106,M7731,41016902,20251106,41,11,08,41_13413151,2,570,41016902,20251106164233,4177532,20251106172050,4111588,1,01,1,22980,2297,N
20251106,M7731,41016902,20251106,41,11,08,41_13416316,2,570,41016902,20251106152259,4106836,20251106155127,4111588,0,01,1,24330,1708,N
20251106,M7731,41016902,20251106,41,11,08,41_13435949,1,570,41016902,20251106221258,4177448,20251106223120,4111588,0,01,1,22120,1102,N
20251106,M7731,41016902,20251106,41,11,08,41_13436683,2,570,41016902,20251106062026,4106836,20251106065122,4111588,0,01,1,24330,1856,N
20251106,M7731,41016902,20251106,41,11,08,41_13445387,2,570,41016902,20251106174236,4106836,20251106180948,4111588,1,01,1,24330,1632,N
20251106,M7731,41016902,20251106,41,11,08,41_13445529,2,570,41016902,20251106180727,4106836,20251106185125,4116126,0,01,1,25350,2638,N
20251106,M7731,41016902,20251106,41,11,08,41_13447255,2,570,41016902,20251106095117,4177532,20251106103447,4111588,0,01,1,22980,2610,N
20251106,M7731,41016902,20251106,41,11,08,41_13449011,2,570,41016902,20251106174748,4106836,20251106183501,4111588,0,01,1,24330,2833,N
20251106,M7731,41016902,20251106,41,11,08,41_13495501,2,570,41016902,20251106063645,4107446,20251106065635,4116130,0,01,1,30130,1190,N
20251106,M7731,41016902,20251106,41,11,08,41_13500536,1,570,41016902,20251106122008,4177448,20251106124404,4116130,0,01,1,24380,1436,N
20251106,M7731,41016902,20251106,41,11,08,41_13523825,2,570,41016902,20251106063926,4106836,20251106071035,4111588,0,01,1,24330,1869,N
20251106,M7731,41016902,20251106,41,11,08,41_13532425,2,570,41016902,20251106095830,4107446,20251106104655,4111588,0,01,1,27870,2905,N
20251106,M7731,41016902,20251106,41,11,08,41_13546312,2,570,41016902,20251106071234,4177448,20251106080318,4111588,0,01,1,22120,3044,N
20251106,M7731,41016902,20251106,41,11,08,41_13588094,2,570,41016902,20251106061509,4177532,20251106063510,4109162,0,01,1,28030,1201,N
20251106,M7731,41016902,20251106,41,11,08,41_13588094,2,570,41016902,20251106074842,4177532,20251106082006,4109162,0,01,1,28030,1884,N
20251106,M7731,41016902,20251106,41,11,08,41_13593257,2,570,41016902,20251106064459,4177448,20251106074352,4111588,0,01,1,22120,3533,N
20251106,M7731,41016902,20251106,41,11,08,41_13680312,1,570,41016902,20251106172803,4177448,20251106180046,4111588,0,01,1,22120,1963,N
20251106,M7731,41016902,20251106,41,11,08,41_13681894,2,570,41016902,20251106103914,4177637,20251106113145,4111588,0,01,1,25830,3151,N
20251106,M7731,41016902,20251106,41,11,08,41_13686056,2,570,41016902,20251106052244,4177448,20251106055527,4111588,0,01,1,22120,1963,N
20251106,M7731,41016902,20251106,41,11,08,41_13693453,1,570,41016902,20251106103914,4177637,20251106113145,4116126,0,01,1,26850,3151,N
20251106,M7731,41016902,20251106,41,11,08,41_13697910,2,570,41016902,20251106133822,4106836,20251106142856,4111588,0,01,1,24330,3034,N
20251106,M7731,41016902,20251106,41,11,08,41_13725076,2,570,41016902,20251106201010,4177448,20251106205553,4111588,0,01,1,22120,2743,N
20251106,M7731,41016902,20251106,41,11,08,41_13739250,2,570,41016902,20251106103243,4177448,20251106111534,4111588,0,01,1,22120,2571,N
20251106,M7731,41016902,20251106,41,11,08,41_13759061,2,570,41016902,20251106091612,4106836,20251106100023,4111588,1,01,1,24330,2651,N
20251106,M7731,41016902,20251106,41,11,08,41_13768413,2,570,41016902,20251106101405,4106836,20251106105935,4116130,1,01,1,26590,2730,N
20251106,M7731,41016902,20251106,41,11,08,41_13772983,2,570,41016902,20251106072644,4177637,20251106081230,4111588,0,01,1,25830,2746,N
20251106,M7731,41016902,20251106,41,11,08,41_13772983,2,570,41016902,20251106092221,4177637,20251106101204,4111588,0,01,1,25830,2983,N
20251106,M7731,41016902,20251106,41,11,08,41_13793587,2,570,41016902,20251106172303,4106836,20251106181736,4111588,0,01,1,24330,3273,N
20251106,M7731,41016902,20251106,41,11,08,41_13822096,2,570,41016902,20251106234056,4177448,20251107003648,4111588,0,01,1,22120,3352,N
20251106,M7731,41016902,20251106,41,11,08,41_13868137,2,570,41016902,20251106231618,4177448,20251107001107,4116126,0,01,1,23140,3289,N
20251106,M7731,41016902,20251106,41,11,08,41_13894882,2,570,41016902,20251106081922,4177448,20251106091025,4111588,0,01,1,22120,3063,N
20251106,M7731,41016902,20251106,41,11,08,41_13900030,2,570,41016902,20251106103656,4177637,20251106111656,4111588,0,01,1,25830,2400,N
20251106,M7731,41016902,20251106,41,41,08,41_13940424,2,570,41016902,20251106180155,4123056,20251106181036,4106837,0,01,1,1940,521,N
20251106,M7731,41016902,20251106,41,11,08,41_13951119,2,570,41016902,20251106164354,4106836,20251106171318,4111588,1,01,1,24330,1764,N
20251106,M7731,41016902,20251106,41,11,08,41_13951119,2,570,41016902,20251106195022,4177448,20251106201225,4111588,0,01,1,22120,1323,N
20251106,M7731,41016902,20251106,41,11,08,41_13959461,2,570,41016902,20251106081520,4177637,20251106090716,4116126,0,01,1,26850,3116,N
20251106,M7731,41016902,20251106,41,11,08,41_13981722,2,570,41016902,20251106053114,4177448,20251106055549,4111588,0,01,1,22120,1475,N
20251106,M7731,41016902,20251106,41,11,08,41_14004846,2,570,41016902,20251106113742,4177532,20251106120830,4116126,0,01,1,24000,1848,N
20251106,M7731,41016902,20251106,41,11,08,41_14028447,1,570,41016902,20251106180459,4106836,20251106185122,4116126,0,01,1,25350,2783,N
20251106,M7731,41016902,20251106,41,11,08,41_14037423,1,570,41016902,20251106154123,4177532,20251106161044,4116126,0,01,1,24000,1761,N
20251106,M7731,41016902,20251106,41,11,08,41_14037423,1,570,41016902,20251106212243,4177532,20251106215331,4116126,0,01,1,24000,1848,N
20251106,M7731,41016902,20251106,41,11,08,41_14048618,2,570,41016902,20251106170843,4177448,20251106173656,4116126,0,01,1,23140,1693,N
20251106,M7731,41016902,20251106,41,11,08,41_14055343,2,570,41016902,20251106223709,4106836,20251106231910,4116126,0,01,1,25350,2521,N
20251106,M7731,41016902,20251106,41,11,08,41_14064786,2,570,41016902,20251106163701,4106836,20251106172324,4116126,0,01,1,25350,2783,N
20251106,M7731,41016902,20251106,41,11,08,41_14072182,2,570,41016902,20251106100319,4177637,20251106103442,4111588,0,01,1,25830,1883,N
20251106,M7731,41016902,20251106,41,11,08,41_14083917,2,570,41016902,20251106164018,4106836,20251106172218,4116126,0,01,1,25350,2520,N
20251106,M7731,41016902,20251106,41,11,08,41_14147533,2,570,41016902,20251106120800,4177448,20251106124407,4116126,0,01,1,23140,2167,N
20251106,M7731,41016902,20251106,41,41,08,41_14153384,2,570,41016902,20251106174413,4177637,20251106175209,4177448,0,01,1,3710,476,N
20251106,M7731,41016902,20251106,41,11,08,41_14159243,1,570,41016902,20251106154109,4106836,20251106160457,4111588,0,01,1,24330,1428,N
20251106,M7731,41016902,20251106,41,11,08,41_14164412,2,570,41016902,20251106080217,4177448,20251106084029,4111588,0,01,1,22120,2292,N
20251106,M7731,41016902,20251106,41,11,08,41_14184913,1,570,41016902,20251106070327,4110935,20251106074641,4111588,0,01,1,28710,2594,N
20251106,M7731,41016902,20251106,41,11,08,41_14191747,2,570,41016902,20251106180259,4177448,20251106184716,4116130,0,01,1,24380,2657,N
20251106,M7731,41016902,20251106,41,11,08,41_14200648,2,570,41016902,20251106064526,4177532,20251106071927,4109162,1,01,1,28030,2041,N
20251106,M7731,41016902,20251106,41,11,08,41_1420170,2,570,41016902,20251106112305,4106836,20251106120802,4111588,1,01,1,24330,2697,N
20251106,M7731,41016902,20251106,41,11,08,41_1420170,2,570,41016902,20251106122305,4106836,20251106131227,4111588,1,01,1,24330,2962,N
20251106,M7731,41016902,20251106,41,41,08,41_14202791,2,570,41016902,20251106073217,4107446,20251106073724,4177532,0,01,1,4890,307,N
20251106,M7731,41016902,20251106,41,11,08,41_14207141,2,570,41016902,20251106174518,4106836,20251106182823,4111588,0,01,1,24330,2585,N
20251106,M7731,41016902,20251106,41,11,08,41_1423893,1,570,41016902,20251106055745,4110935,20251106064112,4111588,0,01,1,28710,2607,N
20251106,M7731,41016902,20251106,41,11,08,41_14250331,2,570,41016902,20251106061951,4106836,20251106070538,4111588,1,01,1,24330,2747,N
20251106,M7731,41016902,20251106,41,11,08,41_14258108,2,570,41016902,20251106161508,4177532,20251106164117,4111588,0,01,1,22980,1569,N
20251106,M7731,41016902,20251106,41,11,08,41_14275026,1,570,41016902,20251106160720,4177532,20251106163035,4111588,0,01,1,22980,1395,N
20251106,M7731,41016902,20251106,41,11,08,41_14293348,1,570,41016902,20251106164057,4177532,20251106170939,4111588,0,01,1,22980,1722,N
20251106,M7731,41016902,20251106,41,11,08,41_14299315,1,570,41016902,20251106160720,4177532,20251106163440,4111588,0,01,1,22980,1640,N
20251106,M7731,41016902,20251106,41,11,08,41_14332847,2,570,41016902,20251106174850,4177448,20251106181822,4111588,0,01,1,22120,1772,N
20251106,M7731,41016902,20251106,41,11,08,41_14338159,2,570,41016902,20251106154304,4177532,20251106162722,4111588,0,01,1,22980,2658,N
20251106,M7731,41016902,20251106,41,11,08,41_14361447,1,570,41016902,20251106235020,4177448,20251107001614,4111588,0,01,1,22120,1554,N
20251106,M7731,41016902,20251106,41,41,08,41_14384819,1,570,41016902,20251106061250,4177510,20251106063740,4177448,0,01,1,7380,1490,N
20251106,M7731,41016902,20251106,41,11,08,41_14403964,2,570,41016902,20251106082134,4106836,20251106090948,4116126,1,01,1,25350,2894,N
20251106,M7731,41016902,20251106,41,11,08,41_14416173,1,570,41016902,20251106181857,4177448,20251106185435,4116126,0,01,1,23140,2138,N
20251106,M7731,41016902,20251106,41,11,08,41_14427315,1,570,41016902,20251106175010,4106836,20251106182711,4116126,0,01,1,25350,2221,N
20251106,M7731,41016902,20251106,41,11,08,41_14464942,2,570,41016902,20251106050815,4177510,20251106054208,4111588,0,01,1,29500,2033,N
20251106,M7731,41016902,20251106,41,11,08,41_14475744,2,570,41016902,20251106074134,4110868,20251106081600,4111588,0,01,1,26980,2066,N
20251106,M7731,41016902,20251106,41,41,08,41_14478817,2,570,41016902,20251106072129,4107446,20251106072808,4177637,0,01,1,2040,399,N
20251106,M7731,41016902,20251106,41,41,08,41_1449110,1,570,41016902,20251106171353,4123056,20251106172011,4106837,2,01,1,1940,378,N
20251106,M7731,41016902,20251106,41,11,08,41_14522098,1,570,41016902,20251106065533,4107446,20251106073133,4111588,0,01,1,27870,2160,N
20251106,M7731,41016902,20251106,41,11,08,41_14540657,2,570,41016902,20251106184230,4177448,20251106190834,4116126,0,01,1,23140,1564,N
20251106,M7731,41016902,20251106,41,11,08,41_14546568,2,570,41016902,20251106184213,4106836,20251106193224,4111588,0,01,1,24330,3011,N
20251106,M7731,41016902,20251106,41,11,08,41_14587324,1,570,41016902,20251106064506,4110868,20251106071640,4111588,0,01,1,26980,1894,N
20251106,M7731,41016902,20251106,41,11,08,41_14595922,1,570,41016902,20251106080128,4177532,20251106082756,4109162,1,01,1,28030,1588,N
20251106,M7731,41016902,20251106,41,11,08,41_14608388,1,570,41016902,20251106191639,4106836,20251106195358,4111588,0,01,1,24330,2239,N
20251106,M7731,41016902,20251106,41,11,08,41_14609591,2,570,41016902,20251106151650,4177532,20251106154553,4116126,0,01,1,24000,1743,N
20251106,M7731,41016902,20251106,41,11,08,41_14649959,2,570,41016902,20251106073134,4177448,20251106081519,4111588,0,01,1,22120,2625,N
20251106,M7731,41016902,20251106,41,11,08,41_14649959,2,570,41016902,20251106090141,4177448,20251106093903,4111588,0,01,1,22120,2242,N
20251106,M7731,41016902,20251106,41,11,08,41_14666674,2,570,41016902,20251106152545,4177532,20251106155448,4116126,0,01,1,24000,1743,N
20251106,M7731,41016902,20251106,41,11,08,41_14684652,2,570,41016902,20251106174744,4106836,20251106182106,4111588,0,01,1,24330,2002,N
20251106,M7731,41016902,20251106,41,11,08,41_14696074,1,570,41016902,20251106090143,4177448,20251106094204,4111588,0,01,1,22120,2421,N
20251106,M7731,41016902,20251106,41,11,08,41_14710993,2,570,41016902,20251106085150,4177448,20251106091251,4111588,0,01,1,22120,1261,N
20251106,M7731,41016902,20251106,41,11,08,41_14713086,1,570,41016902,20251106071754,4177510,20251106080612,4111588,0,01,2,29500,2898,N
20251106,M7731,41016902,20251106,41,11,08,41_14719534,2,570,41016902,20251106052548,4110935,20251106060348,4116130,0,01,1,30970,2280,N
20251106,M7731,41016902,20251106,41,11,08,41_14722175,1,570,41016902,20251106164629,4177532,20251106171916,4116126,0,01,1,24000,1967,N
20251106,M7731,41016902,20251106,41,11,08,41_14736802,2,570,41016902,20251106094729,4177510,20251106102450,4116126,0,01,1,30520,2241,N
20251106,M7731,41016902,20251106,41,11,08,41_14742068,2,570,41016902,20251106164714,4177532,20251106172001,4111588,0,01,1,22980,1967,N
20251106,M7731,41016902,20251106,41,11,08,41_14782267,1,570,41016902,20251106133334,4106836,20251106141011,4111588,0,01,1,24330,2197,N
20251106,M7731,41016902,20251106,41,11,08,41_1478254,1,570,41016902,20251106061831,4106836,20251106065445,4111588,1,01,1,24330,2174,N
20251106,M7731,41016902,20251106,41,41,08,41_14804338,2,570,41016902,20251106092129,4110868,20251106092931,4106836,0,01,1,2650,482,N
20251106,M7731,41016902,20251106,41,11,08,41_14812804,2,570,41016902,20251106144705,4177532,20251106152119,4116126,0,01,1,24000,2054,N
20251106,M7731,41016902,20251106,41,11,08,41_14812804,2,570,41016902,20251106161406,4177532,20251106164859,4116126,0,01,1,24000,2093,N
20251106,M7731,41016902,20251106,41,11,08,41_1481976,2,570,41016902,20251106081030,4177448,20251106084300,4111599,0,01,2,26060,1950,N
20251106,M7731,41016902,20251106,41,11,08,41_1481976,2,570,41016902,20251106110104,4177448,20251106113926,4111598,0,01,1,25410,2302,N
20251106,M7731,41016902,20251106,41,11,08,41_1481976,2,570,41016902,20251106173915,4177448,20251106181353,4111598,0,01,1,25410,2078,N
20251106,M7731,41016902,20251106,41,11,08,41_14826020,2,570,41016902,20251106050720,4177637,20251106054105,4111588,0,01,1,25830,2025,N
20251106,M7731,41016902,20251106,41,11,08,41_14849613,2,570,41016902,20251106132747,4177532,20251106135712,4111588,0,01,1,22980,1765,N
20251106,M7731,41016902,20251106,41,11,08,41_14856044,2,570,41016902,20251106144321,4177532,20251106151246,4111588,0,01,1,22980,1765,N
20251106,M7731,41016902,20251106,41,11,08,41_14894593,2,570,41016902,20251106205128,4177637,20251106212409,4111588,0,01,1,25830,1961,N
20251106,M7731,41016902,20251106,41,11,08,41_14908812,2,570,41016902,20251106110100,4177532,20251106113231,4111588,0,01,1,22980,1891,N
20251106,M7731,41016902,20251106,41,11,08,41_14968640,1,570,41016902,20251106185609,4177448,20251106191042,4116126,0,01,1,23140,873,N
20251106,M7731,41016902,20251106,41,11,08,41_14988456,1,570,41016902,20251106050425,4177637,20251106052648,4111599,0,01,1,29770,1343,N
20251106,M7731,41016902,20251106,41,11,08,41_14994497,2,570,41016902,20251106095639,4106836,20251106101442,4116126,0,01,1,25350,1083,N
20251106,M7731,41016902,20251106,41,11,08,41_15025480,2,570,41016902,20251106091731,4106836,20251106094325,4111588,1,01,1,24330,1554,N
20251106,M7731,41016902,20251106,41,11,08,41_15032307,2,570,41016902,20251106093737,4110935,20251106101002,4111588,0,01,1,28710,1945,N
20251106,M7731,41016902,20251106,41,11,08,41_15043508,2,570,41016902,20251106172140,4177532,20251106175127,4111588,0,01,1,22980,1787,N
20251106,M7731,41016902,20251106,41,11,08,41_15049411,1,570,41016902,20251106065240,4177637,20251106073536,4109162,0,01,1,30880,2576,N
20251106,M7731,41016902,20251106,41,11,08,41_15071933,2,570,41016902,20251106144706,4177532,20251106153051,4111588,0,01,1,22980,2625,N
20251106,M7731,41016902,20251106,41,11,08,41_15091639,2,570,41016902,20251106143959,4177637,20251106150957,4111588,0,01,1,25830,1798,N
20251106,M7731,41016902,20251106,41,11,08,41_15093089,1,570,41016902,20251106140211,4177532,20251106144306,4111588,0,01,1,22980,2455,N
20251106,M7731,41016902,20251106,41,11,08,41_15102101,2,570,41016902,20251106084439,4177532,20251106092127,4111588,0,01,1,22980,2208,N
20251106,M7731,41016902,20251106,41,11,08,41_15144353,2,570,41016902,20251106180512,4177532,20251106183742,4111588,0,01,1,22980,1950,N
20251106,M7731,41016902,20251106,41,11,08,41_15160869,2,570,41016902,20251106063745,4106836,20251106070845,4111588,0,01,1,24330,1860,N
20251106,M7731,41016902,20251106,41,11,08,41_15195864,2,570,41016902,20251106211900,4106836,20251106220120,4116126,0,01,1,25350,2540,N
20251106,M7731,41016902,20251106,41,41,08,41_15219335,2,570,41016902,20251106212950,4123056,20251106213609,4106837,2,01,1,1940,379,N
20251106,M7731,41016902,20251106,41,11,08,41_1531092,1,570,41016902,20251106151731,4177448,20251106154414,4116126,0,01,1,23140,1603,N
20251106,M7731,41016902,20251106,41,11,08,41_15425267,2,570,41016902,20251106112204,4177532,20251106120754,4116126,0,01,1,24000,2750,N
20251106,M7731,41016902,20251106,41,11,08,41_15444892,1,570,41016902,20251106132546,4177532,20251106141508,4116126,0,01,1,24000,2962,N
20251106,M7731,41016902,20251106,41,11,08,41_15453350,2,570,41016902,20251106091504,4110935,20251106093013,4111588,0,01,1,28710,909,N
20251106,M7731,41016902,20251106,41,11,08,41_15453859,1,570,41016902,20251106104631,4177637,20251106110129,4111588,0,01,1,25830,898,N
20251106,M7731,41016902,20251106,41,11,08,41_15471970,2,570,41016902,20251106223627,4106836,20251106225109,4116130,0,01,1,26590,882,N
20251106,M7731,41016902,20251106,41,11,08,41_15527444,1,570,41016902,20251106060336,4110935,20251106063700,4111588,0,01,1,28710,2004,N
20251106,M7731,41016902,20251106,41,41,08,41_15546284,2,570,41016902,20251106064420,4177637,20251106065041,4177448,0,01,1,3710,381,N
20251106,M7731,41016902,20251106,41,11,08,41_1557455,1,570,41016902,20251106153639,4177448,20251106161044,4111588,0,01,1,22120,2045,N
20251106,M7731,41016902,20251106,41,41,08,41_15576661,2,570,41016902,20251106051944,4110868,20251106053222,4177532,0,01,1,4000,758,N
20251106,M7731,41016902,20251106,41,41,08,41_15576661,2,570,41016902,20251106143221,4177533,20251106145027,4110869,0,01,1,4000,1086,N
20251106,M7731,41016902,20251106,41,41,08,41_15576661,2,570,41016902,20251106164940,4177533,20251106170614,4110869,0,01,2,4000,994,N
20251106,M7731,41016902,20251106,41,41,08,41_15576661,2,570,41016902,20251106170625,4177533,20251106172006,4110869,0,01,1,4000,821,N
20251106,M7731,41016902,20251106,41,41,08,41_15576661,2,570,41016902,20251106174236,4177533,20251106180143,4110869,0,01,1,4000,1147,N
20251106,M7731,41016902,20251106,41,11,08,41_15583167,2,570,41016902,20251106093043,4177448,20251106100731,4116126,0,01,1,23140,2208,N
20251106,M7731,41016902,20251106,41,11,08,41_15584685,2,570,41016902,20251106124056,4110935,20251106132243,4111588,0,01,1,28710,2507,N
20251106,M7731,41016902,20251106,41,11,08,41_15591537,1,570,41016902,20251106152030,4106836,20251106155333,4111588,0,01,1,24330,1983,N
20251106,M7731,41016902,20251106,41,11,08,41_15594731,2,570,41016902,20251106085742,4177448,20251106094759,4111588,0,01,1,22120,3017,N
20251106,M7731,41016902,20251106,41,11,08,41_15597685,1,570,41016902,20251106142757,4177532,20251106151002,4116126,0,01,1,24000,2525,N
20251106,M7731,41016902,20251106,41,41,08,41_15607818,2,570,41016902,20251106180104,4102447,20251106180600,4107447,0,01,1,2160,296,N
20251106,M7731,41016902,20251106,41,11,08,41_15621526,2,570,41016902,20251106051206,4177510,20251106061923,4111588,0,01,1,29500,4037,N
20251106,M7731,41016902,20251106,41,11,08,41_15635999,2,570,41016902,20251106181606,4177532,20251106185411,4111588,0,01,1,22980,2285,N
20251106,M7731,41016902,20251106,41,11,08,41_15672634,2,570,41016902,20251106080004,4177510,20251106092017,4111588,0,01,1,29500,4813,N
20251106,M7731,41016902,20251106,41,11,08,41_1569639,2,570,41016902,20251106172636,4106836,20251106175629,4111588,0,01,1,24330,1793,N
20251106,M7731,41016902,20251106,41,11,08,41_15748701,2,570,41016902,20251106064116,4177448,20251106074703,4111588,0,01,1,22120,3947,N
20251106,M7731,41016902,20251106,41,11,08,41_15782704,2,570,41016902,20251106060220,4177510,20251106070246,4111588,0,01,1,29500,3626,N
20251106,M7731,41016902,20251106,41,11,08,41_15785662,2,570,41016902,20251106100739,4110935,20251106104301,4116130,0,01,1,30970,2122,N
20251106,M7731,41016902,20251106,41,11,08,41_15790095,2,570,41016902,20251106065026,4110935,20251106072453,4109162,0,01,1,33760,2067,N
20251106,M7731,41016902,20251106,41,11,08,41_15811752,1,570,41016902,20251106102938,4177532,20251106111426,4116126,0,01,1,24000,2688,N
20251106,M7731,41016902,20251106,41,11,08,41_15839707,1,570,41016902,20251106151856,4177532,20251106160414,4116126,0,01,1,24000,2718,N
20251106,M7731,41016902,20251106,41,11,08,41_15845290,1,570,41016902,20251106234730,4106836,20251107001955,4111588,0,01,1,24330,1945,N
20251106,M7731,41016902,20251106,41,11,08,41_15855817,2,570,41016902,20251106072018,4106836,20251106074842,4111588,0,01,1,24330,1704,N
20251106,M7731,41016902,20251106,41,11,08,41_15930977,2,570,41016902,20251106154202,4106836,20251106162722,4111588,0,01,1,24330,2720,N
20251106,M7731,41016902,20251106,41,11,08,41_15956810,1,570,41016902,20251106075403,4106836,20251106083923,4111588,0,01,1,24330,2720,N
20251106,M7731,41016902,20251106,41,11,08,41_15958140,2,570,41016902,20251106062519,4177637,20251106070832,4111588,0,01,1,25830,2593,N
20251106,M7731,41016902,20251106,41,11,08,41_15961899,2,570,41016902,20251106134607,4177532,20251106140326,4116126,0,01,1,24000,1039,N
20251106,M7731,41016902,20251106,41,11,08,41_15962303,2,570,41016902,20251106155146,4106836,20251106164437,4111588,0,01,1,24330,3171,N
20251106,M7731,41016902,20251106,41,11,08,41_15969937,2,570,41016902,20251106060315,4177510,20251106070222,4111588,0,01,1,29500,3547,N
20251106,M7731,41016902,20251106,41,11,08,41_15986576,2,570,41016902,20251106104149,4106836,20251106115801,4111599,1,01,1,28270,4572,N
20251106,M7731,41016902,20251106,41,11,08,41_15986713,2,570,41016902,20251106183525,4177448,20251106185423,4111588,0,01,1,22120,1138,N
20251106,M7731,41016902,20251106,41,11,08,41_15995703,1,570,41016902,20251106153829,4177532,20251106160017,4111588,0,01,1,22980,1308,N
20251106,M7731,41016902,20251106,41,11,08,41_15999208,1,570,41016902,20251106155034,4106836,20251106164345,4111588,0,01,1,24330,3191,N
20251106,M7731,41016902,20251106,41,11,08,41_15999970,2,570,41016902,20251106134607,4177532,20251106140232,4111588,0,01,1,22980,985,N
20251106,M7731,41016902,20251106,41,11,08,41_16004197,2,570,41016902,20251106061430,4106836,20251106072522,4109162,1,01,1,29380,4252,N
20251106,M7731,41016902,20251106,41,41,08,41_16011007,2,570,41016902,20251106081643,4177510,20251106083922,4106836,0,01,1,5170,1359,N
20251106,M7731,41016902,20251106,41,11,08,41_16036768,1,570,41016902,20251106162839,4177532,20251106171003,4116130,0,01,1,25240,2484,N
20251106,M7731,41016902,20251106,41,11,08,41_16036768,1,570,41016902,20251106173743,4177448,20251106181911,4116130,0,01,1,24380,2488,N
20251106,M7731,41016902,20251106,41,11,08,41_16036768,1,570,41016902,20251106190545,4177532,20251106194621,4116130,0,01,1,25240,2436,N
20251106,M7731,41016902,20251106,41,11,08,41_16055127,1,570,41016902,20251106162839,4177532,20251106170445,4111588,0,01,1,22980,2166,N
20251106,M7731,41016902,20251106,41,11,08,41_16063896,2,570,41016902,20251106140210,4177448,20251106143545,4116126,0,01,1,23140,2015,N
20251106,M7731,41016902,20251106,41,11,08,41_16079070,2,570,41016902,20251106172847,4177448,20251106175510,4111588,0,01,1,22120,1583,N
20251106,M7731,41016902,20251106,41,11,08,41_16089831,2,570,41016902,20251106131530,4106836,20251106134905,4116126,0,01,1,25350,2015,N
20251106,M7731,41016902,20251106,41,41,08,41_16093595,2,570,41016902,20251106235857,4123056,20251107001310,4107447,0,01,1,5480,853,N
20251106,M7731,41016902,20251106,41,11,08,41_1609995,2,570,41016902,20251106130759,4177448,20251106133202,4111588,0,01,1,22120,1443,N
20251106,M7731,41016902,20251106,41,11,08,41_1611618,1,570,41016902,20251106072801,4177532,20251106075928,4111588,0,01,1,22980,1887,N
20251106,M7731,41016902,20251106,41,11,08,41_16132194,1,570,41016902,20251106070153,4177510,20251106075822,4111588,0,01,1,29500,3389,N
20251106,M7731,41016902,20251106,41,11,08,41_16150783,2,570,41016902,20251106201020,4177532,20251106205909,4109162,0,01,1,28030,2929,N
20251106,M7731,41016902,20251106,41,11,08,41_16197707,2,570,41016902,20251106193158,4106836,20251106200227,4111588,0,01,1,24330,1829,N
20251106,M7731,41016902,20251106,41,41,08,41_16206700,2,570,41016902,20251106091956,4106837,20251106092506,4107447,0,01,1,3540,310,N
20251106,M7731,41016902,20251106,41,11,08,41_16226059,1,570,41016902,20251106144012,4177532,20251106152131,4111588,0,01,1,22980,2479,N
20251106,M7731,41016902,20251106,41,11,08,41_16230517,2,570,41016902,20251106144009,4177532,20251106150648,4116126,0,01,1,24000,1599,N
20251106,M7731,41016902,20251106,41,11,08,41_16238357,1,570,41016902,20251106140229,4177637,20251106142907,4111588,0,01,1,25830,1598,N
20251106,M7731,41016902,20251106,41,11,08,41_16259765,2,570,41016902,20251106132401,4177510,20251106135043,4116126,0,01,1,30520,1602,N
20251106,M7731,41016902,20251106,41,11,08,41_16259765,2,570,41016902,20251106174155,4177510,20251106180519,4116126,0,01,1,30520,1404,N
20251106,M7731,41016902,20251106,41,41,08,41_16276433,1,570,41016902,20251106062904,4110935,20251106065408,4177448,0,01,1,6590,1504,N
20251106,M7731,41016902,20251106,41,41,08,41_16282629,2,570,41016902,20251106212809,4123056,20251106214446,4107447,0,01,1,5480,997,N
20251106,M7731,41016902,20251106,41,11,08,41_16291423,2,570,41016902,20251106174403,4177510,20251106180727,4116126,0,01,1,30520,1404,N
20251106,M7731,41016902,20251106,41,11,08,41_16304238,2,570,41016902,20251106194204,4106836,20251106203855,4111588,0,01,1,24330,3411,N
20251106,M7731,41016902,20251106,41,11,08,41_16304818,2,570,41016902,20251106100539,4106836,20251106111055,4111588,0,01,1,24330,3916,N
20251106,M7731,41016902,20251106,41,11,08,41_1630783,2,570,41016902,20251106153239,4106836,20251106160938,4111588,1,01,1,24330,2219,N
20251106,M7731,41016902,20251106,41,11,08,41_16325453,1,570,41016902,20251106072342,4177448,20251106074247,4111588,0,01,1,22120,1145,N
20251106,M7731,41016902,20251106,41,41,08,41_16325453,1,570,41016902,20251106181126,4123056,20251106181631,4102447,0,01,1,3320,305,N
20251106,M7731,41016902,20251106,41,11,08,41_16342877,2,570,41016902,20251106074341,4177637,20251106081749,4116130,0,01,1,28090,2048,N
20251106,M7731,41016902,20251106,41,41,08,41_16384822,2,570,41016902,20251106061605,4177637,20251106062518,4177448,0,01,1,3710,553,N
20251106,M7731,41016902,20251106,41,11,08,41_16389930,2,570,41016902,20251106110930,4106836,20251106114531,4116130,0,01,1,26590,2161,N
20251106,M7731,41016902,20251106,41,11,08,41_16391885,1,570,41016902,20251106072436,4106836,20251106081904,4111588,0,01,1,24330,3268,N
20251106,M7731,41016902,20251106,41,11,08,41_1639653,2,570,41016902,20251106165800,4177510,20251106173211,4111588,0,01,1,29500,2051,N
20251106,M7731,41016902,20251106,41,11,08,41_16411528,1,570,41016902,20251106072935,4177448,20251106082701,4116126,0,01,1,23140,3446,N
20251106,M7731,41016902,20251106,41,11,08,41_16411528,1,570,41016902,20251106102601,4177448,20251106110837,4116126,0,01,1,23140,2556,N
20251106,M7731,41016902,20251106,41,11,08,41_16411528,1,570,41016902,20251106220221,4177448,20251106224405,4116126,0,01,1,23140,2504,N
20251106,M7731,41016902,20251106,41,11,08,41_16428383,2,570,41016902,20251106130336,4177532,20251106133342,4111588,0,01,1,22980,1806,N
20251106,M7731,41016902,20251106,41,11,08,41_16433363,2,570,41016902,20251106220059,4106836,20251106224400,4111588,0,01,1,24330,2581,N
20251106,M7731,41016902,20251106,41,11,08,41_16447739,2,570,41016902,20251106220059,4106836,20251106224459,4116126,0,01,1,25350,2640,N
20251106,M7731,41016902,20251106,41,11,08,41_16470849,1,570,41016902,20251106060653,4106836,20251106065337,4116130,1,01,1,26590,2804,N
20251106,M7731,41016902,20251106,41,11,08,41_16488481,1,570,41016902,20251106072254,4177448,20251106074427,4111588,0,01,1,22120,1293,N
20251106,M7731,41016902,20251106,41,11,08,41_16492347,1,570,41016902,20251106162838,4177532,20251106165857,4111588,0,01,1,22980,1819,N
20251106,M7731,41016902,20251106,41,11,08,41_16512514,1,570,41016902,20251106064513,4107446,20251106073616,4111588,0,01,1,27870,3063,N
20251106,M7731,41016902,20251106,41,11,08,41_1654960,2,570,41016902,20251106115646,4177532,20251106123043,4116126,0,01,1,24000,2037,N
20251106,M7731,41016902,20251106,41,11,08,41_16561595,2,570,41016902,20251106080537,4177448,20251106082857,4111588,0,01,1,22120,1400,N
20251106,M7731,41016902,20251106,41,11,08,41_1656347,1,570,41016902,20251106130220,4177448,20251106133630,4116126,0,01,1,23140,2050,N
20251106,M7731,41016902,20251106,41,11,08,41_16579121,1,570,41016902,20251106144957,4177448,20251106151806,4111588,0,01,1,22120,1689,N
20251106,M7731,41016902,20251106,41,11,08,41_16590239,2,570,41016902,20251106152803,4106836,20251106160318,4116126,0,01,1,25350,2115,N
20251106,M7731,41016902,20251106,41,11,08,41_16604075,1,570,41016902,20251106171432,4177532,20251106174405,4116126,0,01,1,24000,1773,N
20251106,M7731,41016902,20251106,41,11,08,41_1662120,1,570,41016902,20251106063409,4177637,20251106073307,4111588,0,01,1,25830,3538,N
20251106,M7731,41016902,20251106,41,11,08,41_16622267,2,570,41016902,20251106063726,4177448,20251106071226,4116126,0,01,1,23140,2100,N
20251106,M7731,41016902,20251106,41,11,08,41_16647851,2,570,41016902,20251106070615,4177510,20251106073244,4111588,0,01,1,29500,1589,N
20251106,M7731,41016902,20251106,41,11,08,41_16651016,2,570,41016902,20251106120216,4177637,20251106123637,4111588,0,01,1,25830,2061,N
20251106,M7731,41016902,20251106,41,41,08,41_16705142,1,570,41016902,20251106232241,4123056,20251106234506,4177511,2,01,1,7120,1345,N
20251106,M7731,41016902,20251106,41,11,08,41_16710663,2,570,41016902,20251106133635,4177448,20251106140029,4111588,0,01,1,22120,1434,N
20251106,M7731,41016902,20251106,41,11,08,41_16721546,2,570,41016902,20251106084129,4177448,20251106093027,4116126,0,01,1,23140,2938,N
20251106,M7731,41016902,20251106,41,11,08,41_16722873,2,570,41016902,20251106221635,4177532,20251106225124,4111588,0,01,1,22980,2089,N
20251106,M7731,41016902,20251106,41,11,08,41_16729203,2,570,41016902,20251106084220,4177448,20251106092946,4111588,0,01,1,22120,2846,N
20251106,M7731,41016902,20251106,41,41,08,41_16766600,2,570,41016902,20251106172344,4123056,20251106173732,4106837,2,01,1,1940,828,N
20251106,M7731,41016902,20251106,41,11,08,41_16786453,2,570,41016902,20251106171319,4106836,20251106181348,4111588,0,01,1,24330,3629,N
20251106,M7731,41016902,20251106,41,11,08,41_16854860,2,570,41016902,20251106131850,4106836,20251106135201,4111588,0,01,1,24330,1991,N
20251106,M7731,41016902,20251106,41,11,08,41_16856206,2,570,41016902,20251106072945,4106836,20251106083054,4111588,1,01,1,24330,3669,N
20251106,M7731,41016902,20251106,41,11,08,41_16888564,2,570,41016902,20251106062308,4177637,20251106072218,4111588,0,01,1,25830,3550,N
20251106,M7731,41016902,20251106,41,11,08,41_16921309,2,570,41016902,20251106101702,4177448,20251106105600,4111588,0,01,1,22120,2338,N
20251106,M7731,41016902,20251106,41,11,08,41_16929835,2,570,41016902,20251106132211,4177510,20251106135118,4116126,0,01,1,30520,1747,N
20251106,M7731,41016902,20251106,41,11,08,41_16974694,1,570,41016902,20251106183521,4177532,20251106191610,4111588,0,01,1,22980,2449,N
20251106,M7731,41016902,20251106,41,11,08,41_16988161,2,570,41016902,20251106102000,4177448,20251106105858,4111588,0,01,1,22120,2338,N
20251106,M7731,41016902,20251106,41,11,08,41_16998650,2,570,41016902,20251106080954,4177637,20251106090735,4111588,0,01,1,25830,3461,N
20251106,M7731,41016902,20251106,41,11,08,41_16998941,2,570,41016902,20251106062524,4106836,20251106072056,4116126,1,01,1,25350,3332,N
20251106,M7731,41016902,20251106,41,11,08,41_17006264,1,570,41016902,20251106223549,4177637,20251106230748,4111588,0,01,1,25830,1919,N
20251106,M7731,41016902,20251106,41,11,08,41_17018503,2,570,41016902,20251106182707,4177448,20251106184829,4111588,0,01,1,22120,1282,N
20251106,M7731,41016902,20251106,41,11,08,41_17022069,1,570,41016902,20251106054523,4177637,20251106061053,4111599,0,01,1,29770,1530,N
20251106,M7731,41016902,20251106,41,11,08,41_17058061,2,570,41016902,20251106181905,4177448,20251106185531,4111588,0,01,1,22120,2186,N
20251106,M7731,41016902,20251106,41,11,08,41_17066968,1,570,41016902,20251106062949,4106836,20251106071021,4111588,0,01,2,24330,2432,N
20251106,M7731,41016902,20251106,41,41,08,41_17098935,2,570,41016902,20251106062102,4110868,20251106062706,4177532,0,01,1,4000,364,N
20251106,M7731,41016902,20251106,41,11,08,41_17104990,2,570,41016902,20251106140139,4177532,20251106143146,4111588,0,01,1,22980,1807,N
20251106,M7731,41016902,20251106,41,11,08,41_17117577,2,570,41016902,20251106170217,4177637,20251106174055,4111588,0,01,1,25830,2318,N
20251106,M7731,41016902,20251106,41,11,08,41_17132896,2,570,41016902,20251106132011,4177532,20251106141426,4111588,0,01,1,22980,3255,N
20251106,M7731,41016902,20251106,41,11,08,41_17180207,2,570,41016902,20251106140139,4177532,20251106145458,4116126,0,01,1,24000,3199,N
20251106,M7731,41016902,20251106,41,11,08,41_17186000,2,570,41016902,20251106053414,4177448,20251106060905,4116130,0,01,1,24380,2091,N
20251106,M7731,41016902,20251106,41,11,08,41_17189170,2,570,41016902,20251106154922,4177448,20251106162218,4111588,0,01,1,22120,1976,N
20251106,M7731,41016902,20251106,41,11,08,41_17195664,1,570,41016902,20251106184518,4106836,20251106192913,4111599,1,01,1,28270,2635,N
20251106,M7731,41016902,20251106,41,11,08,41_17214008,2,570,41016902,20251106055532,4110935,20251106062027,4111588,0,01,1,28710,1495,N
20251106,M7731,41016902,20251106,41,11,08,41_17220648,2,570,41016902,20251106114312,4177637,20251106120317,4111588,0,01,1,25830,1205,N
20251106,M7731,41016902,20251106,41,11,08,41_17222982,1,570,41016902,20251106112123,4177532,20251106115140,4111588,0,01,1,22980,1817,N
20251106,M7731,41016902,20251106,41,11,08,41_17256236,2,570,41016902,20251106154256,4106836,20251106161934,4116126,1,01,1,25350,2198,N
20251106,M7731,41016902,20251106,41,11,08,41_17278416,1,570,41016902,20251106121708,4177532,20251106125257,4111588,0,01,1,22980,2149,N
20251106,M7731,41016902,20251106,41,11,08,41_17278416,1,570,41016902,20251106143108,4177532,20251106145618,4111588,0,01,1,22980,1510,N
20251106,M7731,41016902,20251106,41,11,08,41_17295702,2,570,41016902,20251106180731,4106836,20251106184409,4116126,0,01,1,25350,2198,N
20251106,M7731,41016902,20251106,41,11,08,41_17330654,1,570,41016902,20251106070110,4177637,20251106075030,4111588,0,01,1,25830,2960,N
20251106,M7731,41016902,20251106,41,41,08,41_17330654,1,570,41016902,20251106185710,4123056,20251106190334,4102447,2,01,1,3320,384,N
20251106,M7731,41016902,20251106,41,11,08,41_17347853,1,570,41016902,20251106065530,4106836,20251106073351,4111588,0,01,1,24330,2301,N
20251106,M7731,41016902,20251106,41,11,08,41_17347853,1,570,41016902,20251106155136,4106836,20251106163111,4111588,0,01,1,24330,2375,N
20251106,M7731,41016902,20251106,41,11,08,41_17347853,1,570,41016902,20251106163504,4106836,20251106171032,4111588,0,01,1,24330,2128,N
20251106,M7731,41016902,20251106,41,11,08,41_17373010,1,570,41016902,20251106103154,4106836,20251106112154,4111588,0,01,1,24330,3000,N
20251106,M7731,41016902,20251106,41,11,08,41_17384468,2,570,41016902,20251106141802,4106836,20251106145339,4116130,0,01,1,26590,2137,N
20251106,M7731,41016902,20251106,41,41,08,41_1748368,2,570,41016902,20251106190957,4106837,20251106192156,4107447,0,01,1,3540,719,N
20251106,M7731,41016902,20251106,41,41,08,41_17493402,2,570,41016902,20251106161839,4123056,20251106163435,4107447,0,01,1,5480,956,N
20251106,M7731,41016902,20251106,41,41,08,41_17493402,2,570,41016902,20251106220152,4123056,20251106221642,4107447,0,01,1,5480,890,N
20251106,M7731,41016902,20251106,41,11,08,41_17498085,2,570,41016902,20251106222023,4177532,20251106230127,4111588,0,01,1,22980,2464,N
20251106,M7731,41016902,20251106,41,11,08,41_17513893,2,570,41016902,20251106050145,4110935,20251106055836,4111588,0,01,1,28710,3411,N
20251106,M7731,41016902,20251106,41,11,08,41_17539179,1,570,41016902,20251106183852,4177448,20251106193751,4109162,0,01,1,27170,3539,N
20251106,M7731,41016902,20251106,41,11,08,41_1756322,2,570,41016902,20251106112351,4106836,20251106115927,4111588,0,01,1,24330,2136,N
20251106,M7731,41016902,20251106,41,11,08,41_17592207,2,570,41016902,20251106222108,4106836,20251106230137,4111588,0,01,1,24330,2429,N
20251106,M7731,41016902,20251106,41,41,08,41_17593105,2,570,41016902,20251106123129,4107447,20251106124006,4177511,0,01,1,1640,517,N
20251106,M7731,41016902,20251106,41,11,08,41_17602337,2,570,41016902,20251106211023,4177532,20251106213543,4111588,0,01,1,22980,1520,N
20251106,M7731,41016902,20251106,41,11,08,41_17636025,2,570,41016902,20251106170328,4106836,20251106174338,4116126,0,01,1,25350,2410,N
20251106,M7731,41016902,20251106,41,11,08,41_17642804,2,570,41016902,20251106092729,4177532,20251106101551,4111588,0,01,1,22980,2902,N
20251106,M7731,41016902,20251106,41,11,08,41_17682902,2,570,41016902,20251106172638,4177532,20251106175834,4116126,0,01,1,24000,1916,N
20251106,M7731,41016902,20251106,41,11,08,41_17726131,2,570,41016902,20251106184910,4177448,20251106192707,4111588,0,01,1,22120,2277,N
20251106,M7731,41016902,20251106,41,11,08,41_17759109,1,570,41016902,20251106170005,4177532,20251106174345,4111588,0,01,1,22980,2620,N
20251106,M7731,41016902,20251106,41,11,08,41_17760615,2,570,41016902,20251106081451,4177448,20251106085256,4116126,0,01,1,23140,2285,N
20251106,M7731,41016902,20251106,41,11,08,41_17780150,2,570,41016902,20251106061508,4177637,20251106065741,4111598,0,01,1,29120,2553,N
20251106,M7731,41016902,20251106,41,11,08,41_17782738,1,570,41016902,20251106081238,4177448,20251106085043,4116130,0,01,1,24380,2285,N
20251106,M7731,41016902,20251106,41,11,08,41_17791258,2,570,41016902,20251106220518,4106836,20251106224139,4111588,0,01,1,24330,2181,N
20251106,M7731,41016902,20251106,41,11,08,41_17801089,2,570,41016902,20251106212524,4177637,20251106215352,4116126,0,01,1,26850,1708,N
20251106,M7731,41016902,20251106,41,11,08,41_17806115,2,570,41016902,20251106202011,4177532,20251106204708,4111588,0,01,1,22980,1617,N
20251106,M7731,41016902,20251106,41,11,08,41_17833724,2,570,41016902,20251106051152,4177510,20251106060049,4111588,0,01,1,29500,2937,N
20251106,M7731,41016902,20251106,41,11,08,41_17840171,2,570,41016902,20251106173152,4177448,20251106180034,4111588,0,01,1,22120,1722,N
20251106,M7731,41016902,20251106,41,41,08,41_17865102,2,570,41016902,20251106063351,4177637,20251106063929,4177448,0,01,1,3710,338,N
20251106,M7731,41016902,20251106,41,11,08,41_17893693,2,570,41016902,20251106192716,4177532,20251106195317,4116126,0,01,1,24000,1561,N
20251106,M7731,41016902,20251106,41,11,08,41_17917831,2,570,41016902,20251106153107,4177532,20251106161418,4116126,0,01,1,24000,2591,N
20251106,M7731,41016902,20251106,41,11,08,41_17941288,2,570,41016902,20251106172421,4177532,20251106175718,4111588,0,01,1,22980,1977,N
20251106,M7731,41016902,20251106,41,11,08,41_17979900,2,570,41016902,20251106153414,4177532,20251106162650,4111588,0,01,1,22980,3156,N
20251106,M7731,41016902,20251106,41,11,08,41_1799165,2,570,41016902,20251106202152,4177448,20251106204502,4111588,0,01,1,22120,1390,N
20251106,M7731,41016902,20251106,41,11,08,41_18002950,1,570,41016902,20251106185256,4177448,20251106192502,4116126,0,01,1,23140,1926,N
20251106,M7731,41016902,20251106,41,11,08,41_18076586,2,570,41016902,20251106081847,4106836,20251106085152,4116130,1,01,1,26590,1985,N
20251106,M7731,41016902,20251106,41,11,08,41_18079838,2,570,41016902,20251106071410,4106836,20251106074714,4109162,0,01,1,29380,1984,N
20251106,M7731,41016902,20251106,41,41,08,41_18102547,2,570,41016902,20251106150641,4106837,20251106151608,4102447,2,01,1,1380,567,N
20251106,M7731,41016902,20251106,41,41,08,41_18117330,2,570,41016902,20251106065202,4177637,20251106065728,4106836,0,01,1,1500,326,N
20251106,M7731,41016902,20251106,41,41,08,41_18139764,2,570,41016902,20251106065253,4177637,20251106065831,4106836,0,01,1,1500,338,N
20251106,M7731,41016902,20251106,41,41,08,41_18139764,2,570,41016902,20251106183632,4106837,20251106184515,4102447,0,01,1,1380,523,N
20251106,M7731,41016902,20251106,41,11,08,41_18142045,2,570,41016902,20251106113422,4177448,20251106120521,4111588,0,01,1,22120,1859,N
20251106,M7731,41016902,20251106,41,11,08,41_18143981,2,570,41016902,20251106185105,4177448,20251106193034,4111588,0,01,1,22120,2369,N
20251106,M7731,41016902,20251106,41,11,08,41_18156274,1,570,41016902,20251106134800,4177448,20251106143503,4111598,0,01,1,25410,2823,N
20251106,M7731,41016902,20251106,41,11,08,41_18156274,1,570,41016902,20251106184506,4177448,20251106193221,4116130,0,01,1,24380,2835,N
20251106,M7731,41016902,20251106,41,11,08,41_18173987,1,570,41016902,20251106141712,4106836,20251106150415,4116130,0,01,1,26590,2823,N
20251106,M7731,41016902,20251106,41,11,08,41_18189149,2,570,41016902,20251106113422,4177448,20251106122332,4111588,0,01,1,22120,2950,N
20251106,M7731,41016902,20251106,41,11,08,41_18197713,1,570,41016902,20251106155421,4177532,20251106163704,4111588,0,01,1,22980,2563,N
20251106,M7731,41016902,20251106,41,11,08,41_18201518,2,570,41016902,20251106120052,4106836,20251106124157,4111588,1,01,1,24330,2465,N
20251106,M7731,41016902,20251106,41,11,08,41_18202643,1,570,41016902,20251106173524,4177448,20251106175829,4116126,0,01,1,23140,1385,N
20251106,M7731,41016902,20251106,41,11,08,41_18224598,2,570,41016902,20251106193258,4106836,20251106200550,4111588,0,01,1,24330,1972,N
20251106,M7731,41016902,20251106,41,11,08,41_1823971,2,570,41016902,20251106061516,4177637,20251106073758,4116126,0,01,1,26850,4962,N
20251106,M7731,41016902,20251106,41,11,08,41_18242724,2,570,41016902,20251106170326,4177532,20251106173338,4111588,0,01,1,22980,1812,N
20251106,M7731,41016902,20251106,41,11,08,41_18252666,1,570,41016902,20251106122115,4106836,20251106124816,4116130,0,01,1,26590,1621,N
20251106,M7731,41016902,20251106,41,11,08,41_18262912,2,570,41016902,20251106053615,4110935,20251106060627,4116130,0,01,1,30970,1812,N
20251106,M7731,41016902,20251106,41,11,08,41_18283819,2,570,41016902,20251106133954,4106836,20251106143229,4111588,0,01,1,24330,3155,N
20251106,M7731,41016902,20251106,41,11,08,41_18286400,2,570,41016902,20251106224127,4106836,20251106231335,4111588,0,01,1,24330,1928,N
20251106,M7731,41016902,20251106,41,11,08,41_18335498,2,570,41016902,20251106171715,4106836,20251106175120,4111588,1,01,1,24330,2045,N
20251106,M7731,41016902,20251106,41,11,08,41_18381769,2,570,41016902,20251106150550,4177637,20251106154536,4111588,0,01,1,25830,2386,N
20251106,M7731,41016902,20251106,41,11,08,41_18391347,2,570,41016902,20251106151325,4177637,20251106155512,4116126,0,01,1,26850,2507,N
20251106,M7731,41016902,20251106,41,11,08,41_18433039,2,570,41016902,20251106160753,4177532,20251106163418,4111588,0,01,1,22980,1585,N
20251106,M7731,41016902,20251106,41,11,08,41_18446965,2,570,41016902,20251106110521,4177637,20251106114001,4111598,0,01,1,29120,2080,N
20251106,M7731,41016902,20251106,41,11,08,41_18480470,1,570,41016902,20251106153217,4177532,20251106160003,4111588,0,01,1,22980,1666,N
20251106,M7731,41016902,20251106,41,11,08,41_18488690,1,570,41016902,20251106160753,4177532,20251106165306,4116126,0,01,1,24000,2713,N
20251106,M7731,41016902,20251106,41,11,08,41_18498854,2,570,41016902,20251106071218,4177448,20251106074238,4111588,0,01,1,22120,1820,N
20251106,M7731,41016902,20251106,41,41,08,41_18499039,2,570,41016902,20251106105435,4106836,20251106110035,4177448,0,01,1,2210,360,N
20251106,M7731,41016902,20251106,41,11,08,41_18499039,2,570,41016902,20251106120314,4177448,20251106123334,4111588,0,01,1,22120,1820,N
20251106,M7731,41016902,20251106,41,11,08,41_18508089,2,570,41016902,20251106061521,4110868,20251106070111,4111588,0,01,1,26980,2750,N
20251106,M7731,41016902,20251106,41,11,08,41_18508089,2,570,41016902,20251106092836,4110868,20251106094433,4111588,0,01,1,26980,957,N
20251106,M7731,41016902,20251106,41,11,08,41_18573894,2,570,41016902,20251106142519,4177532,20251106143920,4111588,0,01,1,22980,841,N
20251106,M7731,41016902,20251106,41,11,08,41_18574791,2,570,41016902,20251106164700,4106836,20251106174040,4116126,1,01,1,25350,3220,N
20251106,M7731,41016902,20251106,41,11,08,41_18584899,2,570,41016902,20251106105412,4177637,20251106113254,4116126,0,01,1,26850,2322,N
20251106,M7731,41016902,20251106,41,11,08,41_1859053,1,570,41016902,20251106185438,4106836,20251106193532,4116126,0,01,1,25350,2454,N
20251106,M7731,41016902,20251106,41,41,08,41_18591703,2,570,41016902,20251106130128,4106837,20251106130652,4110934,0,01,1,4440,324,N
20251106,M7731,41016902,20251106,41,11,08,41_18671222,2,570,41016902,20251106121848,4110935,20251106124515,4116130,0,01,1,30970,1587,N
20251106,M7731,41016902,20251106,41,11,08,41_18672549,2,570,41016902,20251106084025,4106836,20251106092744,4111588,0,01,1,24330,2839,N
20251106,M7731,41016902,20251106,41,11,08,41_18672549,2,570,41016902,20251106180625,4106836,20251106185026,4111588,0,01,1,24330,2641,N
20251106,M7731,41016902,20251106,41,41,08,41_18678681,2,570,41016902,20251106074830,4110868,20251106075349,4106836,0,01,1,2650,319,N
20251106,M7731,41016902,20251106,41,11,08,41_18705455,2,570,41016902,20251106072524,4110935,20251106075531,4109162,0,01,1,33760,1807,N
20251106,M7731,41016902,20251106,41,11,08,41_18707427,2,570,41016902,20251106160259,4177448,20251106163233,4116130,0,01,1,24380,1774,N
20251106,M7731,41016902,20251106,41,11,08,41_18715437,1,570,41016902,20251106113302,4177510,20251106115859,4116126,0,01,1,30520,1557,N
20251106,M7731,41016902,20251106,41,11,08,41_18737117,1,570,41016902,20251106170312,4177532,20251106173119,4111588,0,01,1,22980,1687,N
20251106,M7731,41016902,20251106,41,11,08,41_18809777,2,570,41016902,20251106104125,4177637,20251106110800,4116130,0,01,1,28090,1595,N
20251106,M7731,41016902,20251106,41,11,08,41_18809777,2,570,41016902,20251106162414,4177637,20251106165843,4116126,0,01,1,26850,2069,N
20251106,M7731,41016902,20251106,41,11,08,41_1885589,2,570,41016902,20251106102140,4106836,20251106110333,4111588,1,01,1,24330,2513,N
20251106,M7731,41016902,20251106,41,11,08,41_1885589,2,570,41016902,20251106115549,4106836,20251106123223,4111588,1,01,1,24330,2194,N
20251106,M7731,41016902,20251106,41,11,08,41_18869383,2,570,41016902,20251106175459,4177532,20251106182439,4111588,0,01,1,22980,1780,N
20251106,M7731,41016902,20251106,41,11,08,41_18887560,2,570,41016902,20251106114609,4106836,20251106124616,4111588,0,01,1,24330,3607,N
20251106,M7731,41016902,20251106,41,11,08,41_18933656,1,570,41016902,20251106171951,4177532,20251106175107,4111588,0,01,1,22980,1876,N
20251106,M7731,41016902,20251106,41,11,08,41_18939154,2,570,41016902,20251106171944,4177532,20251106175104,4116126,0,01,1,24000,1880,N
20251106,M7731,41016902,20251106,41,41,08,41_18978165,2,570,41016902,20251106163234,4106836,20251106163849,4177448,0,01,1,2210,375,N
20251106,M7731,41016902,20251106,41,11,08,41_19024840,2,570,41016902,20251106102509,4106836,20251106112257,4111588,0,01,1,24330,3468,N
20251106,M7731,41016902,20251106,41,11,08,41_19027521,1,570,41016902,20251106165456,4177448,20251106172936,4109162,0,01,1,27170,2080,N
20251106,M7731,41016902,20251106,41,11,08,41_19028059,1,570,41016902,20251106165250,4177448,20251106172521,4116130,0,01,1,24380,1951,N
20251106,M7731,41016902,20251106,41,11,08,41_19049001,2,570,41016902,20251106183520,4177448,20251106191258,4116130,0,01,1,24380,2258,N
20251106,M7731,41016902,20251106,41,41,08,41_19065246,1,570,41016902,20251106192803,4123056,20251106200832,4177511,2,01,1,7120,2429,N
20251106,M7731,41016902,20251106,41,41,08,41_19065246,1,570,41016902,20251106222415,4123056,20251106225524,4177511,2,01,2,7120,1869,N
20251106,M7731,41016902,20251106,41,11,08,41_19084104,2,570,41016902,20251106145133,4106836,20251106153129,4111588,0,01,1,24330,2396,N
20251106,M7731,41016902,20251106,41,11,08,41_19084104,2,570,41016902,20251106164406,4106836,20251106170847,4111588,0,01,1,24330,1481,N
20251106,M7731,41016902,20251106,41,11,08,41_19086886,2,570,41016902,20251106165114,4177448,20251106172345,4111588,0,01,1,22120,1951,N
20251106,M7731,41016902,20251106,41,11,08,41_19102105,1,570,41016902,20251106200927,4106836,20251106204228,4111599,0,01,2,28270,1981,N
20251106,M7731,41016902,20251106,41,11,08,41_19110601,2,570,41016902,20251106171639,4177448,20251106174448,4111588,0,01,1,22120,1689,N
20251106,M7731,41016902,20251106,41,11,08,41_19111846,2,570,41016902,20251106143257,4106836,20251106151209,4111588,0,01,1,24330,2352,N
20251106,M7731,41016902,20251106,41,11,08,41_19118000,2,570,41016902,20251106075531,4177448,20251106082559,4116130,0,01,1,24380,1828,N
20251106,M7731,41016902,20251106,41,11,08,41_19159575,1,570,41016902,20251106183443,4177637,20251106190504,4111588,0,01,1,25830,1821,N
20251106,M7731,41016902,20251106,41,11,08,41_19275649,2,570,41016902,20251106085911,4177448,20251106092821,4111588,0,01,1,22120,1750,N
20251106,M7731,41016902,20251106,41,11,08,41_19309789,2,570,41016902,20251106141538,4177532,20251106145049,4111588,0,01,1,22980,2111,N
20251106,M7731,41016902,20251106,41,11,08,41_19317254,2,570,41016902,20251106082419,4106836,20251106091816,4116126,1,01,1,25350,3237,N
20251106,M7731,41016902,20251106,41,11,08,41_19325836,2,570,41016902,20251106142825,4177532,20251106145423,4111588,0,01,1,22980,1558,N
20251106,M7731,41016902,20251106,41,11,08,41_19325836,2,570,41016902,20251106170737,4177532,20251106173702,4111588,0,01,1,22980,1765,N
20251106,M7731,41016902,20251106,41,11,08,41_19335652,1,570,41016902,20251106183523,4177448,20251106190950,4111588,0,01,1,22120,2067,N
20251106,M7731,41016902,20251106,41,11,08,41_19341464,2,570,41016902,20251106154032,4106836,20251106161543,4111588,0,01,1,24330,2111,N
20251106,M7731,41016902,20251106,41,11,08,41_19341464,2,570,41016902,20251106170716,4106836,20251106173605,4111588,0,01,1,24330,1729,N
20251106,M7731,41016902,20251106,41,11,08,41_19367972,2,570,41016902,20251106100842,4106836,20251106104427,4111588,0,01,1,24330,2145,N
20251106,M7731,41016902,20251106,41,11,08,41_19372113,2,570,41016902,20251106180735,4177448,20251106184424,4116130,0,01,1,24380,2209,N
20251106,M7731,41016902,20251106,41,11,08,41_19394685,2,570,41016902,20251106113352,4177532,20251106121000,4111588,0,01,1,22980,2168,N
20251106,M7731,41016902,20251106,41,11,08,41_19406999,1,570,41016902,20251106050014,4177510,20251106054152,4111588,0,01,1,29500,2498,N
20251106,M7731,41016902,20251106,41,11,08,41_19417137,2,570,41016902,20251106053404,4177448,20251106063219,4111588,0,01,1,22120,3495,N
20251106,M7731,41016902,20251106,41,11,08,41_19417137,2,570,41016902,20251106075242,4177448,20251106081533,4111588,0,01,1,22120,1371,N
20251106,M7731,41016902,20251106,41,11,08,41_19439112,1,570,41016902,20251106222320,4106836,20251106230935,4111588,1,01,1,24330,2775,N
20251106,M7731,41016902,20251106,41,11,08,41_19458589,2,570,41016902,20251106075502,4177448,20251106082355,4116126,0,01,1,23140,1733,N
20251106,M7731,41016902,20251106,41,11,08,41_19464212,2,570,41016902,20251106075242,4177448,20251106082135,4116126,0,01,1,23140,1733,N
20251106,M7731,41016902,20251106,41,11,08,41_1946829,2,570,41016902,20251106194448,4177448,20251106201426,4111588,0,01,1,22120,1778,N
20251106,M7731,41016902,20251106,41,11,08,41_1946918,2,570,41016902,20251106150323,4177532,20251106160034,4111588,0,01,1,22980,3431,N
20251106,M7731,41016902,20251106,41,11,08,41_19477640,2,570,41016902,20251106213713,4106836,20251106222611,4111588,0,01,1,24330,2938,N
20251106,M7731,41016902,20251106,41,41,08,41_19596765,2,570,41016902,20251106093844,4110868,20251106095200,4177448,0,01,1,4860,796,N
20251106,M7731,41016902,20251106,41,11,08,41_1961153,2,570,41016902,20251106150323,4177637,20251106160051,4111588,0,01,1,25830,3448,N
20251106,M7731,41016902,20251106,41,11,08,41_19613773,2,570,41016902,20251106084506,4106836,20251106093339,4116126,1,01,1,25350,2913,N
20251106,M7731,41016902,20251106,41,41,08,41_19619878,2,570,41016902,20251106073155,4177637,20251106074617,4177448,0,01,1,3710,862,N
20251106,M7731,41016902,20251106,41,11,08,41_19646484,2,570,41016902,20251106220940,4106836,20251106224753,4111588,1,01,1,24330,2293,N
20251106,M7731,41016902,20251106,41,11,08,41_19712631,2,570,41016902,20251106170424,4177532,20251106175013,4111588,0,01,1,22980,2749,N
20251106,M7731,41016902,20251106,41,11,08,41_19721384,2,570,41016902,20251106155445,4106836,20251106163414,4116126,0,01,1,25350,2369,N
20251106,M7731,41016902,20251106,41,11,08,41_19737204,2,570,41016902,20251106144145,4106836,20251106151448,4116130,0,01,1,26590,1983,N
20251106,M7731,41016902,20251106,41,11,08,41_19771925,2,570,41016902,20251106143137,4106836,20251106150759,4111588,0,01,2,24330,2182,N
20251106,M7731,41016902,20251106,41,11,08,41_19790789,2,570,41016902,20251106153638,4106836,20251106160722,4111588,0,01,1,24330,1844,N
20251106,M7731,41016902,20251106,41,11,08,41_19840815,2,570,41016902,20251106075250,4177448,20251106082146,4116126,0,01,1,23140,1736,N
20251106,M7731,41016902,20251106,41,11,08,41_19890931,2,570,41016902,20251106085626,4177448,20251106094047,4116126,0,01,1,23140,2661,N
20251106,M7731,41016902,20251106,41,11,08,41_19890931,2,570,41016902,20251107000423,4177448,20251107003115,4116126,0,01,1,23140,1612,N
20251106,M7731,41016902,20251106,41,11,08,41_19892425,2,570,41016902,20251106075255,4177448,20251106082151,4111588,0,01,1,22120,1736,N
20251106,M7731,41016902,20251106,41,11,08,41_19898969,2,570,41016902,20251106083538,4106836,20251106092235,4116130,1,01,1,26590,2817,N
20251106,M7731,41016902,20251106,41,11,08,41_19929352,2,570,41016902,20251106112040,4177448,20251106115138,4111588,0,01,1,22120,1858,N
20251106,M7731,41016902,20251106,41,41,08,41_19929739,2,570,41016902,20251107001949,4123056,20251107002819,4107447,0,01,1,5480,510,N
20251106,M7731,41016902,20251106,41,11,08,41_19949170,2,570,41016902,20251106181308,4106836,20251106185621,4111588,0,01,1,24330,2593,N
20251106,M7731,41016902,20251106,41,11,08,41_19959466,2,570,41016902,20251106111350,4177448,20251106114632,4111588,0,01,2,22120,1962,N
20251106,M7731,41016902,20251106,41,11,08,41_19985995,2,570,41016902,20251106091048,4177448,20251106094555,4111588,0,01,1,22120,2107,N
20251106,M7731,41016902,20251106,41,11,08,41_20017641,2,570,41016902,20251106143857,4106836,20251106151428,4111588,0,01,1,24330,2131,N
20251106,M7731,41016902,20251106,41,11,08,41_20017641,2,570,41016902,20251106152146,4106836,20251106155205,4111588,0,01,1,24330,1819,N
20251106,M7731,41016902,20251106,41,11,08,41_20048881,2,570,41016902,20251106152133,4177448,20251106155214,4111588,0,01,1,22120,1841,N
20251106,M7731,41016902,20251106,41,11,08,41_20049134,2,570,41016902,20251106080141,4177637,20251106083527,4109162,0,01,1,30880,2026,N
20251106,M7731,41016902,20251106,41,11,08,41_20077587,2,570,41016902,20251106152133,4177532,20251106155256,4111588,0,01,1,22980,1883,N
20251106,M7731,41016902,20251106,41,11,08,41_2008621,2,570,41016902,20251106080310,4177532,20251106090001,4116126,1,01,1,24000,3411,N
20251106,M7731,41016902,20251106,41,11,08,41_2008621,2,570,41016902,20251106194611,4106836,20251106202942,4116126,0,01,1,25350,2611,N
20251106,M7731,41016902,20251106,41,11,08,41_20114144,2,570,41016902,20251106114327,4177637,20251106122527,4116126,0,01,1,26850,2520,N
20251106,M7731,41016902,20251106,41,11,08,41_2012244,2,570,41016902,20251106142604,4177637,20251106151127,4111588,0,01,1,25830,2723,N
20251106,M7731,41016902,20251106,41,11,08,41_20143114,2,570,41016902,20251106224521,4106836,20251106231648,4111588,1,01,1,24330,1887,N
20251106,M7731,41016902,20251106,41,11,08,41_2014928,1,570,41016902,20251106171926,4177448,20251106174721,4111588,0,01,1,22120,1675,N
20251106,M7731,41016902,20251106,41,11,08,41_20154607,1,570,41016902,20251106070030,4177637,20251106075456,4111588,0,01,1,25830,3266,N
20251106,M7731,41016902,20251106,41,11,08,41_2016008,1,570,41016902,20251106153929,4177448,20251106160756,4111588,0,01,1,22120,1707,N
20251106,M7731,41016902,20251106,41,11,08,41_20185754,2,570,41016902,20251106173152,4177532,20251106180543,4111588,0,01,1,22980,2031,N
20251106,M7731,41016902,20251106,41,11,08,41_20209860,2,570,41016902,20251106174257,4106836,20251106182906,4111588,0,01,1,24330,2769,N
20251106,M7731,41016902,20251106,41,11,08,41_20267842,1,570,41016902,20251106163807,4177532,20251106171348,4111588,0,01,1,22980,2141,N
20251106,M7731,41016902,20251106,41,11,08,41_20315831,2,570,41016902,20251106053019,4177510,20251106062908,4111588,0,01,1,29500,3529,N
20251106,M7731,41016902,20251106,41,11,08,41_20340137,1,570,41016902,20251106193533,4177637,20251106200852,4116130,0,01,1,28090,1999,N
20251106,M7731,41016902,20251106,41,11,08,41_20349679,2,570,41016902,20251106182245,4177448,20251106190246,4111588,0,01,1,22120,2401,N
20251106,M7731,41016902,20251106,41,11,08,41_20354885,2,570,41016902,20251106063529,4177448,20251106071530,4111588,0,01,1,22120,2401,N
20251106,M7731,41016902,20251106,41,11,08,41_20357136,2,570,41016902,20251106164146,4177532,20251106171819,4111588,0,01,2,22980,2193,N
20251106,M7731,41016902,20251106,41,11,08,41_20367923,2,570,41016902,20251106194142,4106836,20251106201324,4111588,1,01,1,24330,1902,N
20251106,M7731,41016902,20251106,41,11,08,41_20381496,2,570,41016902,20251106151152,4177510,20251106161430,4111588,0,01,1,29500,3758,N
20251106,M7731,41016902,20251106,41,11,08,41_20381496,2,570,41016902,20251106194547,4177510,20251106205031,4111588,0,01,1,29500,3884,N
20251106,M7731,41016902,20251106,41,41,08,41_2039691,2,570,41016902,20251106085020,4110935,20251106092742,4177532,0,01,1,5730,2242,N
20251106,M7731,41016902,20251106,41,11,08,41_20431319,2,570,41016902,20251106184747,4106836,20251106190836,4116126,1,01,1,25350,1249,N
20251106,M7731,41016902,20251106,41,11,08,41_20445733,2,570,41016902,20251106121746,4106836,20251106123809,4116130,1,01,1,26590,1223,N
20251106,M7731,41016902,20251106,41,11,08,41_2046412,2,570,41016902,20251106141753,4106836,20251106151409,4111588,0,01,1,24330,3376,N
20251106,M7731,41016902,20251106,41,11,08,41_20467625,2,570,41016902,20251106115626,4177637,20251106123156,4111588,0,01,1,25830,2130,N
20251106,M7731,41016902,20251106,41,11,08,41_20473069,2,570,41016902,20251106091302,4177448,20251106094927,4111588,0,01,1,22120,2185,N
20251106,M7731,41016902,20251106,41,11,08,41_20491559,2,570,41016902,20251106154057,4177532,20251106160202,4111588,0,01,1,22980,1265,N
20251106,M7731,41016902,20251106,41,11,08,41_20523652,2,570,41016902,20251106075259,4177637,20251106084321,4116130,0,01,1,28090,3022,N
20251106,M7731,41016902,20251106,41,11,08,41_20537996,2,570,41016902,20251106171150,4177532,20251106174216,4111588,0,01,1,22980,1826,N
20251106,M7731,41016902,20251106,41,11,08,41_20544080,2,570,41016902,20251106191016,4177448,20251106193716,4111588,0,01,1,22120,1620,N
20251106,M7731,41016902,20251106,41,11,08,41_20547,2,570,41016902,20251106152446,4177532,20251106160117,4111588,0,01,1,22980,2191,N
20251106,M7731,41016902,20251106,41,11,08,41_20647629,1,570,41016902,20251106060955,4106836,20251106065850,4111588,0,01,1,24330,2935,N
20251106,M7731,41016902,20251106,41,11,08,41_20651600,2,570,41016902,20251106175704,4177448,20251106184639,4116126,1,01,1,23140,2975,N
20251106,M7731,41016902,20251106,41,11,08,41_20661069,2,570,41016902,20251106151339,4106836,20251106160215,4111588,0,01,1,24330,2916,N
20251106,M7731,41016902,20251106,41,11,08,41_20670529,1,570,41016902,20251106065252,4106836,20251106074935,4111588,1,01,1,24330,3403,N
20251106,M7731,41016902,20251106,41,11,08,41_20680949,2,570,41016902,20251106163220,4177532,20251106170135,4111588,0,01,1,22980,1755,N
20251106,M7731,41016902,20251106,41,11,08,41_20689461,2,570,41016902,20251106062107,4177448,20251106065317,4111588,0,01,1,22120,1930,N
20251106,M7731,41016902,20251106,41,11,08,41_20698109,2,570,41016902,20251106155239,4106836,20251106163846,4116126,0,01,1,25350,2767,N
20251106,M7731,41016902,20251106,41,11,08,41_20715918,2,570,41016902,20251106192106,4106836,20251106195926,4116130,1,01,1,26590,2300,N
20251106,M7731,41016902,20251106,41,11,08,41_20743231,2,570,41016902,20251106093423,4177448,20251106100011,4111588,0,01,1,22120,1548,N
20251106,M7731,41016902,20251106,41,11,08,41_20751568,2,570,41016902,20251106055210,4177510,20251106071127,4111588,0,01,1,29500,4757,N
20251106,M7731,41016902,20251106,41,11,08,41_20759708,2,570,41016902,20251106072331,4177448,20251106075123,4111588,0,01,1,22120,1672,N
20251106,M7731,41016902,20251106,41,11,08,41_2078477,1,570,41016902,20251106070040,4110935,20251106073123,4111588,0,01,1,28710,1843,N
20251106,M7731,41016902,20251106,41,11,08,41_20812596,1,570,41016902,20251106120349,4177532,20251106124756,4111588,0,01,1,22980,2647,N
20251106,M7731,41016902,20251106,41,11,08,41_20847975,2,570,41016902,20251106151659,4177448,20251106154624,4111588,0,01,1,22120,1765,N
20251106,M7731,41016902,20251106,41,11,08,41_2084928,1,570,41016902,20251106142604,4177637,20251106150611,4111588,0,01,1,25830,2407,N
20251106,M7731,41016902,20251106,41,11,08,41_20864300,2,570,41016902,20251106144705,4106836,20251106152014,4116126,0,01,1,25350,1989,N
20251106,M7731,41016902,20251106,41,11,08,41_20902221,2,570,41016902,20251106170715,4177532,20251106173745,4111588,0,01,1,22980,1830,N
20251106,M7731,41016902,20251106,41,11,08,41_20916848,1,570,41016902,20251106063912,4106836,20251106070945,4111588,0,01,1,24330,1833,N
20251106,M7731,41016902,20251106,41,11,08,41_20947433,2,570,41016902,20251106073234,4177532,20251106081251,4111588,0,01,1,22980,2417,N
20251106,M7731,41016902,20251106,41,11,08,41_20947433,2,570,41016902,20251106120535,4177532,20251106125451,4111588,0,01,1,22980,2956,N
20251106,M7731,41016902,20251106,41,11,08,41_2095174,2,570,41016902,20251106110112,4177510,20251106115453,4111588,0,01,1,29500,3221,N
20251106,M7731,41016902,20251106,41,11,08,41_20979462,2,570,41016902,20251106071547,4106836,20251106075550,4116126,1,01,1,25350,2403,N
20251106,M7731,41016902,20251106,41,11,08,41_20986423,2,570,41016902,20251106103928,4177637,20251106110947,4111588,0,01,1,25830,1819,N
20251106,M7731,41016902,20251106,41,11,08,41_20994735,2,570,41016902,20251106121053,4177532,20251106124123,4116126,0,01,1,24000,1830,N
20251106,M7731,41016902,20251106,41,11,08,41_21019785,2,570,41016902,20251106145500,4177532,20251106153910,4111588,0,01,1,22980,2650,N
20251106,M7731,41016902,20251106,41,11,08,41_21019785,2,570,41016902,20251106161509,4177532,20251106165418,4111588,0,01,1,22980,2349,N
20251106,M7731,41016902,20251106,41,11,08,41_21019785,2,570,41016902,20251106171752,4177532,20251106175005,4111588,0,01,1,22980,1933,N
20251106,M7731,41016902,20251106,41,11,08,41_21029419,2,570,41016902,20251106063142,4177510,20251106074550,4111588,0,01,1,29500,4448,N
20251106,M7731,41016902,20251106,41,11,08,41_21048263,1,570,41016902,20251106063226,4177510,20251106073256,4111588,0,01,1,29500,3630,N
20251106,M7731,41016902,20251106,41,11,08,41_21056390,2,570,41016902,20251106131323,4177637,20251106135733,4111588,0,01,1,25830,2650,N
20251106,M7731,41016902,20251106,41,11,08,41_21079884,1,570,41016902,20251106131135,4177532,20251106135545,4116126,0,01,1,24000,2650,N
20251106,M7731,41016902,20251106,41,11,08,41_21079884,1,570,41016902,20251106145525,4177532,20251106153935,4116126,0,01,1,24000,2650,N
20251106,M7731,41016902,20251106,41,11,08,41_21079884,1,570,41016902,20251106161522,4177532,20251106165431,4116126,0,01,1,24000,2349,N
20251106,M7731,41016902,20251106,41,11,08,41_21079884,1,570,41016902,20251106171444,4177532,20251106174657,4116126,0,01,1,24000,1933,N
20251106,M7731,41016902,20251106,41,11,08,41_21083007,2,570,41016902,20251106192305,4106836,20251106201026,4116126,1,01,1,25350,2841,N
20251106,M7731,41016902,20251106,41,11,08,41_21117398,2,570,41016902,20251106183433,4107446,20251106190942,4111588,0,01,1,27870,2109,N
20251106,M7731,41016902,20251106,41,11,08,41_21120067,2,570,41016902,20251106073256,4177637,20251106084400,4111588,0,01,1,25830,4264,N
20251106,M7731,41016902,20251106,41,41,08,41_21126157,2,570,41016902,20251106091630,4106837,20251106092553,4107447,0,01,1,3540,563,N
20251106,M7731,41016902,20251106,41,41,08,41_21179117,2,570,41016902,20251106180210,4123056,20251106182702,4110934,0,01,1,6380,1492,N
20251106,M7731,41016902,20251106,41,41,08,41_21180900,2,570,41016902,20251106073014,4110935,20251106074939,4177448,0,01,1,6590,1165,N
20251106,M7731,41016902,20251106,41,41,08,41_21180900,2,570,41016902,20251106180159,4123056,20251106182931,4110934,0,01,1,6380,1652,N
20251106,M7731,41016902,20251106,41,41,08,41_21234652,2,570,41016902,20251106073252,4177637,20251106074651,4177448,0,01,1,3710,839,N
20251106,M7731,41016902,20251106,41,41,08,41_21234652,2,570,41016902,20251106190243,4123056,20251106191344,4102447,1,01,1,3320,661,N
20251106,M7731,41016902,20251106,41,11,08,41_21241832,2,570,41016902,20251106073638,4106836,20251106082051,4116126,1,01,1,25350,2653,N
20251106,M7731,41016902,20251106,41,11,08,41_21242299,2,570,41016902,20251106172058,4106836,20251106181109,4116126,0,01,1,25350,3011,N
20251106,M7731,41016902,20251106,41,11,08,41_21289282,2,570,41016902,20251106170640,4177510,20251106174329,4111588,0,01,1,29500,2209,N
20251106,M7731,41016902,20251106,41,11,08,41_21297707,2,570,41016902,20251106153249,4177448,20251106161519,4111588,0,01,1,22120,2550,N
20251106,M7731,41016902,20251106,41,11,08,41_21313547,2,570,41016902,20251106111627,4106836,20251106115510,4111588,0,01,1,24330,2323,N
20251106,M7731,41016902,20251106,41,11,08,41_21324803,2,570,41016902,20251106084135,4177448,20251106091426,4111588,0,01,1,22120,1971,N
20251106,M7731,41016902,20251106,41,11,08,41_21341617,1,570,41016902,20251106221618,4177448,20251106224454,4111588,0,01,1,22120,1716,N
20251106,M7731,41016902,20251106,41,11,08,41_21377593,2,570,41016902,20251106084302,4177637,20251106090325,4111588,0,01,1,25830,1223,N
20251106,M7731,41016902,20251106,41,11,08,41_21403141,1,570,41016902,20251106092628,4177532,20251106095100,4111588,0,01,1,22980,1472,N
20251106,M7731,41016902,20251106,41,11,08,41_21403551,2,570,41016902,20251106201229,4106836,20251106204200,4116130,0,01,1,26590,1771,N
20251106,M7731,41016902,20251106,41,11,08,41_21421383,2,570,41016902,20251106221251,4106836,20251106225446,4116126,1,01,1,25350,2515,N
20251106,M7731,41016902,20251106,41,41,08,41_21425235,2,570,41016902,20251106182950,4106837,20251106184323,4110934,1,01,1,4440,813,N
20251106,M7731,41016902,20251106,41,11,08,41_21457327,1,570,41016902,20251106151507,4106836,20251106160719,4116126,0,01,1,25350,3132,N
20251106,M7731,41016902,20251106,41,11,08,41_21512845,2,570,41016902,20251106094303,4106836,20251106100330,4116130,0,01,1,26590,1227,N
20251106,M7731,41016902,20251106,41,11,08,41_21544773,2,570,41016902,20251106111028,4177448,20251106113753,4111588,0,01,1,22120,1645,N
20251106,M7731,41016902,20251106,41,11,08,41_21620427,1,570,41016902,20251106144512,4106836,20251106151232,4111598,0,01,1,27620,1640,N
20251106,M7731,41016902,20251106,41,11,08,41_21623097,2,570,41016902,20251106140212,4106836,20251106142932,4116126,0,01,1,25350,1640,N
20251106,M7731,41016902,20251106,41,11,08,41_21648755,2,570,41016902,20251106115940,4106836,20251106123901,4111588,1,01,1,24330,2361,N
20251106,M7731,41016902,20251106,41,11,08,41_21668276,2,570,41016902,20251106161514,4177532,20251106164028,4111588,0,01,1,22980,1514,N
20251106,M7731,41016902,20251106,41,11,08,41_21675938,2,570,41016902,20251106123632,4177532,20251106132113,4111588,0,01,1,22980,2681,N
20251106,M7731,41016902,20251106,41,11,08,41_2167620,2,570,41016902,20251106175506,4177448,20251106182443,4111588,0,01,1,22120,1777,N
20251106,M7731,41016902,20251106,41,11,08,41_21682837,1,570,41016902,20251106071338,4177510,20251106081236,4111588,0,01,1,29500,3538,N
20251106,M7731,41016902,20251106,41,11,08,41_21686047,2,570,41016902,20251106062003,4106836,20251106072020,4111588,1,01,1,24330,3617,N
20251106,M7731,41016902,20251106,41,11,08,41_21686780,2,570,41016902,20251106154551,4177448,20251106161031,4111588,0,01,1,22120,1480,N
20251106,M7731,41016902,20251106,41,11,08,41_21699288,2,570,41016902,20251106161514,4177532,20251106165731,4111588,0,01,1,22980,2537,N
20251106,M7731,41016902,20251106,41,11,08,41_21702752,2,570,41016902,20251106174235,4177532,20251106180926,4111588,0,01,1,22980,1611,N
20251106,M7731,41016902,20251106,41,11,08,41_21703298,1,570,41016902,20251106184037,4106836,20251106191855,4111588,0,01,1,24330,2298,N
20251106,M7731,41016902,20251106,41,11,08,41_21730229,1,570,41016902,20251106092312,4106836,20251106095600,4111588,0,01,1,24330,1968,N
20251106,M7731,41016902,20251106,41,11,08,41_21738975,1,570,41016902,20251106174235,4177532,20251106182459,4116130,0,01,1,25240,2544,N
20251106,M7731,41016902,20251106,41,11,08,41_21739222,2,570,41016902,20251106183411,4106836,20251106190155,4111588,0,01,1,24330,1664,N
20251106,M7731,41016902,20251106,41,11,08,41_21739435,1,570,41016902,20251106095951,4177637,20251106102756,4109162,0,01,1,30880,1685,N
20251106,M7731,41016902,20251106,41,11,08,41_21754750,2,570,41016902,20251106101913,4106836,20251106105107,4116126,1,01,3,25350,1914,N
20251106,M7731,41016902,20251106,41,11,08,41_21785060,1,570,41016902,20251107000852,4177510,20251107002951,4111588,0,01,1,29500,1259,N
20251106,M7731,41016902,20251106,41,41,08,41_2185407,2,570,41016902,20251106222226,4123056,20251106224254,4177511,2,01,1,7120,1228,N
20251106,M7731,41016902,20251106,41,11,08,41_2185532,2,570,41016902,20251106181857,4177637,20251106185255,4116126,0,01,1,26850,2038,N
20251106,M7731,41016902,20251106,41,11,08,41_21866790,1,570,41016902,20251106193937,4177448,20251106200539,4111588,0,01,1,22120,1562,N
20251106,M7731,41016902,20251106,41,11,08,41_21884437,2,570,41016902,20251106071516,4177637,20251106073752,4111588,0,01,1,25830,1356,N
20251106,M7731,41016902,20251106,41,11,08,41_21900938,1,570,41016902,20251106080043,4177448,20251106083104,4111588,0,01,1,22120,1821,N
20251106,M7731,41016902,20251106,41,11,08,41_21927623,2,570,41016902,20251106104151,4106836,20251106112131,4111588,0,01,1,24330,2380,N
20251106,M7731,41016902,20251106,41,41,08,41_21927623,2,570,41016902,20251106183856,4106837,20251106184616,4107447,0,01,1,3540,440,N
20251106,M7731,41016902,20251106,41,11,08,41_21944175,1,570,41016902,20251106170115,4177532,20251106174945,4111588,0,01,1,22980,2910,N
20251106,M7731,41016902,20251106,41,11,08,41_21945411,1,570,41016902,20251106110624,4177637,20251106114356,4111588,0,01,2,25830,2252,N
20251106,M7731,41016902,20251106,41,11,08,41_22007896,2,570,41016902,20251106060429,4177637,20251106064710,4111588,0,01,1,25830,2561,N
20251106,M7731,41016902,20251106,41,11,08,41_22007896,2,570,41016902,20251106183508,4177637,20251106193456,4111588,0,01,1,25830,3588,N
20251106,M7731,41016902,20251106,41,41,08,41_22050523,1,570,41016902,20251107001529,4123056,20251107004645,4177511,2,01,1,7120,1876,N
20251106,M7731,41016902,20251106,41,11,08,41_22117285,1,570,41016902,20251106152415,4106836,20251106160232,4111588,0,01,1,24330,2297,N
20251106,M7731,41016902,20251106,41,11,08,41_22122662,2,570,41016902,20251106093627,4177448,20251106100131,4111588,0,01,1,22120,1504,N
20251106,M7731,41016902,20251106,41,11,08,41_22144510,2,570,41016902,20251106190150,4177532,20251106194146,4116126,0,01,1,24000,2396,N
20251106,M7731,41016902,20251106,41,11,08,41_22168919,1,570,41016902,20251106094637,4177448,20251106102412,4109162,0,01,1,27170,2255,N
20251106,M7731,41016902,20251106,41,41,08,41_22170614,2,570,41016902,20251106093341,4110935,20251106101116,4177448,0,01,1,6590,2255,N
20251106,M7731,41016902,20251106,41,11,08,41_22182096,2,570,41016902,20251106143433,4110935,20251106152043,4111588,0,01,1,28710,2770,N
20251106,M7731,41016902,20251106,41,11,08,41_22192234,2,570,41016902,20251106093627,4177448,20251106100329,4111588,0,01,1,22120,1622,N
20251106,M7731,41016902,20251106,41,11,08,41_22210777,2,570,41016902,20251106151255,4177448,20251106154443,4116126,0,01,1,23140,1908,N
20251106,M7731,41016902,20251106,41,11,08,41_22219108,2,570,41016902,20251106070044,4110935,20251106073440,4111599,0,01,1,32650,2036,N
20251106,M7731,41016902,20251106,41,11,08,41_22219108,2,570,41016902,20251106104426,4110935,20251106111746,4111599,0,01,1,32650,2000,N
20251106,M7731,41016902,20251106,41,11,08,41_2222562,1,570,41016902,20251106163354,4177448,20251106170144,4111588,0,01,1,22120,1670,N
20251106,M7731,41016902,20251106,41,11,08,41_22261581,1,570,41016902,20251106091142,4106836,20251106095442,4111588,0,01,1,24330,2580,N
20251106,M7731,41016902,20251106,41,11,08,41_22263959,1,570,41016902,20251106174406,4177532,20251106181804,4116126,0,01,1,24000,2038,N
20251106,M7731,41016902,20251106,41,11,08,41_22271806,2,570,41016902,20251106070611,4110935,20251106080833,4116130,0,01,1,30970,3742,N
20251106,M7731,41016902,20251106,41,11,08,41_22279390,2,570,41016902,20251106151420,4177448,20251106155055,4116130,0,01,1,24380,2195,N
20251106,M7731,41016902,20251106,41,11,08,41_22303894,1,570,41016902,20251106215859,4106836,20251106224247,4116126,1,01,1,25350,2628,N
20251106,M7731,41016902,20251106,41,11,08,41_22305535,2,570,41016902,20251106135143,4106836,20251106143351,4116126,1,01,1,25350,2528,N
20251106,M7731,41016902,20251106,41,11,08,41_22305535,2,570,41016902,20251106164436,4106836,20251106171744,4111588,1,01,1,24330,1988,N
20251106,M7731,41016902,20251106,41,11,08,41_22323408,2,570,41016902,20251106181509,4106836,20251106190233,4116126,0,01,1,25350,2844,N
20251106,M7731,41016902,20251106,41,11,08,41_22344264,2,570,41016902,20251106135436,4106836,20251106150247,4109162,1,01,1,29380,4091,N
20251106,M7731,41016902,20251106,41,11,08,41_22395926,2,570,41016902,20251106114052,4106836,20251106121120,4111588,0,01,1,24330,1828,N
20251106,M7731,41016902,20251106,41,11,08,41_22410282,1,570,41016902,20251106213026,4177448,20251106220609,4116126,0,01,1,23140,2143,N
20251106,M7731,41016902,20251106,41,11,08,41_22490398,2,570,41016902,20251106175239,4106836,20251106183816,4111588,0,01,1,24330,2737,N
20251106,M7731,41016902,20251106,41,41,08,41_22490863,2,570,41016902,20251106202632,4106837,20251106203654,4102447,1,01,2,1380,622,N
20251106,M7731,41016902,20251106,41,11,08,41_22524828,2,570,41016902,20251106060548,4177637,20251106065307,4111588,0,01,1,25830,2839,N
20251106,M7731,41016902,20251106,41,11,08,41_22529748,2,570,41016902,20251106150623,4177532,20251106152810,4111588,0,01,1,22980,1307,N
20251106,M7731,41016902,20251106,41,11,08,41_22540912,1,570,41016902,20251106060440,4177510,20251106072236,4109162,0,01,1,34550,4676,N
20251106,M7731,41016902,20251106,41,11,08,41_22555956,2,570,41016902,20251106203544,4177532,20251106211940,4111588,0,01,1,22980,2636,N
20251106,M7731,41016902,20251106,41,11,08,41_22560568,1,570,41016902,20251106153526,4177532,20251106155840,4116126,0,01,1,24000,1394,N
20251106,M7731,41016902,20251106,41,41,08,41_22572358,2,570,41016902,20251106092649,4107446,20251106094624,4177448,0,01,1,5750,1175,N
20251106,M7731,41016902,20251106,41,11,08,41_2260066,1,570,41016902,20251106150024,4106836,20251106153655,4116130,0,01,1,26590,2191,N
20251106,M7731,41016902,20251106,41,11,08,41_22619106,1,570,41016902,20251106071111,4106836,20251106080725,4111588,1,01,1,24330,3374,N
20251106,M7731,41016902,20251106,41,41,08,41_22621004,2,570,41016902,20251106154044,4123056,20251106160831,4110934,0,01,1,6380,1667,N
20251106,M7731,41016902,20251106,41,11,08,41_22657669,2,570,41016902,20251106064400,4177532,20251106075825,4111588,1,01,1,22980,4465,N
20251106,M7731,41016902,20251106,41,11,08,41_22661603,1,570,41016902,20251106091727,4110935,20251106095918,4111588,0,01,1,28710,2511,N
20251106,M7731,41016902,20251106,41,11,08,41_22686368,1,570,41016902,20251106071409,4106836,20251106074843,4111588,0,01,1,24330,2074,N
20251106,M7731,41016902,20251106,41,11,08,41_22706121,2,570,41016902,20251106170255,4177532,20251106173407,4111588,0,01,1,22980,1872,N
20251106,M7731,41016902,20251106,41,11,08,41_22712636,1,570,41016902,20251106062107,4177448,20251106065459,4111588,0,01,1,22120,2032,N
20251106,M7731,41016902,20251106,41,41,08,41_22739175,2,570,41016902,20251106122828,4106837,20251106123931,4110934,0,01,1,4440,663,N
20251106,M7731,41016902,20251106,41,11,08,41_22744185,2,570,41016902,20251106233005,4106836,20251106235124,4116126,0,01,1,25350,1279,N
20251106,M7731,41016902,20251106,41,11,08,41_22754621,2,570,41016902,20251106154823,4106836,20251106163055,4111588,1,01,1,24330,2552,N
20251106,M7731,41016902,20251106,41,11,08,41_22756562,2,570,41016902,20251106221149,4177637,20251106223341,4116130,0,01,1,28090,1312,N
20251106,M7731,41016902,20251106,41,11,08,41_22756731,2,570,41016902,20251106172913,4106836,20251106180025,4111599,0,01,1,28270,1872,N
20251106,M7731,41016902,20251106,41,11,08,41_22787095,2,570,41016902,20251106163605,4106836,20251106170841,4111588,0,01,1,24330,1956,N
20251106,M7731,41016902,20251106,41,11,08,41_22797778,2,570,41016902,20251106111414,4177532,20251106113321,4111588,0,01,1,22980,1147,N
20251106,M7731,41016902,20251106,41,11,08,41_22802710,2,570,41016902,20251106075233,4177448,20251106083427,4111588,0,01,1,22120,2514,N
20251106,M7731,41016902,20251106,41,11,08,41_22802710,2,570,41016902,20251106095743,4177448,20251106102910,4111588,0,01,1,22120,1887,N
20251106,M7731,41016902,20251106,41,11,08,41_22825440,2,570,41016902,20251106182938,4177532,20251106185651,4111588,0,01,1,22980,1633,N
20251106,M7731,41016902,20251106,41,11,08,41_22827992,2,570,41016902,20251106084902,4106836,20251106093440,4116126,0,01,1,25350,2738,N
20251106,M7731,41016902,20251106,41,11,08,41_2283654,2,570,41016902,20251106211100,4106836,20251106222506,4116126,0,01,1,25350,4446,N
20251106,M7731,41016902,20251106,41,11,08,41_22867878,2,570,41016902,20251106083411,4106836,20251106090437,4111588,0,01,1,24330,1826,N
20251106,M7731,41016902,20251106,41,11,08,41_22869056,1,570,41016902,20251106181831,4177532,20251106190428,4116130,0,01,1,25240,2757,N
20251106,M7731,41016902,20251106,41,11,08,41_22932811,2,570,41016902,20251106081909,4177448,20251106084829,4116126,0,01,1,23140,1760,N
20251106,M7731,41016902,20251106,41,11,08,41_2294185,1,570,41016902,20251106162856,4177448,20251106164920,4111588,0,01,1,22120,1224,N
20251106,M7731,41016902,20251106,41,11,08,41_22948744,2,570,41016902,20251106110731,4177637,20251106115149,4116126,0,01,1,26850,2658,N
20251106,M7731,41016902,20251106,41,11,08,41_22959984,2,570,41016902,20251106200330,4106836,20251106204903,4116126,0,01,1,25350,2733,N
20251106,M7731,41016902,20251106,41,11,08,41_22965474,2,570,41016902,20251106065258,4106836,20251106074335,4116126,0,01,1,25350,3037,N
20251106,M7731,41016902,20251106,41,11,08,41_22973462,2,570,41016902,20251106134556,4177448,20251106143100,4111588,0,01,1,22120,2704,N
20251106,M7731,41016902,20251106,41,11,08,41_22990117,2,570,41016902,20251106113019,4177637,20251106121437,4116126,0,01,1,26850,2658,N
20251106,M7731,41016902,20251106,41,11,08,41_22997851,2,570,41016902,20251106060956,4106836,20251106064037,4111588,0,01,1,24330,1841,N
20251106,M7731,41016902,20251106,41,11,08,41_23012215,2,570,41016902,20251106073154,4177448,20251106082848,4116126,0,01,1,23140,3414,N
20251106,M7731,41016902,20251106,41,11,08,41_23013786,2,570,41016902,20251106055115,4106836,20251106061501,4111598,1,01,1,27620,1426,N
20251106,M7731,41016902,20251106,41,41,08,41_23059014,1,570,41016902,20251106054456,4177637,20251106054834,4177448,0,01,1,3710,218,N
20251106,M7731,41016902,20251106,41,11,08,41_23096467,2,570,41016902,20251106052857,4177510,20251106055236,4116130,0,01,1,31760,1419,N
20251106,M7731,41016902,20251106,41,11,08,41_2309744,2,570,41016902,20251106174958,4106836,20251106182446,4111588,0,01,1,24330,2088,N
20251106,M7731,41016902,20251106,41,11,08,41_23099766,2,570,41016902,20251106070744,4107446,20251106073347,4111588,0,01,1,27870,1563,N
20251106,M7731,41016902,20251106,41,11,08,41_23128368,2,570,41016902,20251106222549,4106836,20251106230826,4116126,0,01,1,25350,2557,N
20251106,M7731,41016902,20251106,41,11,08,41_23130240,2,570,41016902,20251106194405,4177532,20251106204429,4111588,0,01,1,22980,3624,N
20251106,M7731,41016902,20251106,41,11,08,41_23135539,2,570,41016902,20251106200034,4177448,20251106205319,4116130,0,01,1,24380,3165,N
20251106,M7731,41016902,20251106,41,11,08,41_23157143,2,570,41016902,20251106231009,4177532,20251106233750,4111588,0,01,1,22980,1661,N
20251106,M7731,41016902,20251106,41,11,08,41_23172873,2,570,41016902,20251106161255,4177448,20251106164135,4111588,0,01,1,22120,1720,N
20251106,M7731,41016902,20251106,41,11,08,41_23172873,2,570,41016902,20251106200215,4177448,20251106203346,4111588,0,01,1,22120,1891,N
20251106,M7731,41016902,20251106,41,11,08,41_23198161,2,570,41016902,20251106063533,4177448,20251106072459,4116126,0,01,1,23140,2966,N
20251106,M7731,41016902,20251106,41,41,08,41_23232022,2,570,41016902,20251106185635,4123056,20251106190333,4102447,2,01,1,3320,418,N
20251106,M7731,41016902,20251106,41,41,08,41_23238788,2,570,41016902,20251106221129,4177637,20251106222037,4177448,0,01,1,3710,548,N
20251106,M7731,41016902,20251106,41,11,08,41_23296954,2,570,41016902,20251106141421,4177448,20251106145133,4111588,0,01,1,22120,2232,N
20251106,M7731,41016902,20251106,41,11,08,41_23308730,1,570,41016902,20251106130600,4177532,20251106134239,4111588,0,01,1,22980,2199,N
20251106,M7731,41016902,20251106,41,11,08,41_23335077,1,570,41016902,20251106171456,4106836,20251106175437,4111588,0,01,1,24330,2381,N
20251106,M7731,41016902,20251106,41,11,08,41_23355773,2,570,41016902,20251106190116,4177448,20251106194351,4116126,0,01,1,23140,2555,N
20251106,M7731,41016902,20251106,41,41,08,41_23364674,1,570,41016902,20251106072204,4177637,20251106072832,4177448,0,01,1,3710,388,N
20251106,M7731,41016902,20251106,41,41,08,41_23395183,1,570,41016902,20251106173347,4177637,20251106174100,4177448,0,01,1,3710,433,N
20251106,M7731,41016902,20251106,41,11,08,41_2340657,1,570,41016902,20251106055854,4106836,20251106064237,4111588,0,01,1,24330,2623,N
20251106,M7731,41016902,20251106,41,11,08,41_23420875,2,570,41016902,20251106181638,4177448,20251106184929,4111588,0,01,1,22120,1971,N
20251106,M7731,41016902,20251106,41,11,08,41_23425090,1,570,41016902,20251106105420,4106836,20251106120544,4111588,0,01,1,24330,4284,N
20251106,M7731,41016902,20251106,41,11,08,41_23431483,2,570,41016902,20251106122236,4177448,20251106125600,4111588,0,01,1,22120,2004,N
20251106,M7731,41016902,20251106,41,11,08,41_23448059,2,570,41016902,20251106071351,4106836,20251106074225,4111588,0,01,1,24330,1714,N
20251106,M7731,41016902,20251106,41,11,08,41_23453352,2,570,41016902,20251106123752,4177448,20251106125731,4116130,0,01,1,24380,1179,N
20251106,M7731,41016902,20251106,41,11,08,41_23462512,2,570,41016902,20251106184153,4106836,20251106192821,4116126,0,01,1,25350,2788,N
20251106,M7731,41016902,20251106,41,11,08,41_23479411,2,570,41016902,20251106214018,4177448,20251106220058,4116130,0,01,1,24380,1240,N
20251106,M7731,41016902,20251106,41,11,08,41_23482057,1,570,41016902,20251106064420,4110935,20251106070842,4109162,0,01,1,33760,1462,N
20251106,M7731,41016902,20251106,41,11,08,41_23507603,2,570,41016902,20251106172404,4106836,20251106175859,4111588,1,01,1,24330,2095,N
20251106,M7731,41016902,20251106,41,41,08,41_23568643,2,570,41016902,20251106083052,4177510,20251106084519,4177637,0,01,1,3670,867,N
20251106,M7731,41016902,20251106,41,41,08,41_23568643,2,570,41016902,20251106133039,4102447,20251106134135,4177511,0,01,1,3800,656,N
20251106,M7731,41016902,20251106,41,11,08,41_23575011,2,570,41016902,20251106221505,4106836,20251106224022,4116126,0,01,1,25350,1517,N
20251106,M7731,41016902,20251106,41,11,08,41_23602801,2,570,41016902,20251106200036,4177448,20251106203238,4111588,0,01,1,22120,1922,N
20251106,M7731,41016902,20251106,41,11,08,41_23608974,2,570,41016902,20251106140445,4177637,20251106142809,4111588,0,01,1,25830,1404,N
20251106,M7731,41016902,20251106,41,11,08,41_23614110,2,570,41016902,20251106170416,4177532,20251106173122,4116126,0,01,1,24000,1626,N
20251106,M7731,41016902,20251106,41,11,08,41_23632888,1,570,41016902,20251106170736,4177532,20251106173442,4116126,0,01,2,24000,1626,N
20251106,M7731,41016902,20251106,41,11,08,41_23642551,1,570,41016902,20251106082040,4110935,20251106084501,4111588,0,01,1,28710,1461,N
20251106,M7731,41016902,20251106,41,11,08,41_23652868,2,570,41016902,20251106140727,4177637,20251106143100,4116126,0,01,1,26850,1413,N
20251106,M7731,41016902,20251106,41,11,08,41_23673010,2,570,41016902,20251106180943,4106836,20251106183532,4116126,0,01,1,25350,1549,N
20251106,M7731,41016902,20251106,41,11,08,41_23677582,2,570,41016902,20251106090931,4177448,20251106094835,4116126,0,01,1,23140,2344,N
20251106,M7731,41016902,20251106,41,11,08,41_23679437,1,570,41016902,20251106170718,4177532,20251106173424,4116126,0,01,1,24000,1626,N
20251106,M7731,41016902,20251106,41,11,08,41_23691174,2,570,41016902,20251106223602,4106836,20251106225903,4116130,1,01,1,26590,1381,N
20251106,M7731,41016902,20251106,41,11,08,41_2372704,2,570,41016902,20251106090454,4106836,20251106093747,4111588,1,01,1,24330,1973,N
20251106,M7731,41016902,20251106,41,11,08,41_23759809,1,570,41016902,20251106153556,4177532,20251106161457,4111588,0,01,1,22980,2341,N
20251106,M7731,41016902,20251106,41,41,08,41_23772270,1,570,41016902,20251106050203,4110935,20251106052200,4177448,0,01,1,6590,1197,N
20251106,M7731,41016902,20251106,41,11,08,41_23784213,2,570,41016902,20251106181804,4106836,20251106185153,4116126,0,01,1,25350,2029,N
20251106,M7731,41016902,20251106,41,11,08,41_2378963,2,570,41016902,20251106054543,4177510,20251106065121,4116130,0,01,1,31760,3938,N
20251106,M7731,41016902,20251106,41,11,08,41_23819497,2,570,41016902,20251106085045,4106836,20251106094802,4111588,1,01,1,24330,3437,N
20251106,M7731,41016902,20251106,41,11,08,41_23842986,1,570,41016902,20251106125129,4106836,20251106132924,4111588,0,01,1,24330,2275,N
20251106,M7731,41016902,20251106,41,11,08,41_23843194,2,570,41016902,20251106232352,4106836,20251106235710,4111598,0,01,1,27620,1998,N
20251106,M7731,41016902,20251106,41,11,08,41_23856644,1,570,41016902,20251106054126,4110935,20251106061624,4116126,0,01,1,29730,2098,N
20251106,M7731,41016902,20251106,41,11,08,41_23856644,1,570,41016902,20251106062834,4110935,20251106065728,4116126,0,01,1,29730,1734,N
20251106,M7731,41016902,20251106,41,11,08,41_23856644,1,570,41016902,20251106140118,4110935,20251106143122,4116126,0,01,1,29730,1804,N
20251106,M7731,41016902,20251106,41,11,08,41_23879754,1,570,41016902,20251106193654,4177448,20251106200717,4111588,0,01,1,22120,1823,N
20251106,M7731,41016902,20251106,41,11,08,41_23886966,2,570,41016902,20251106082624,4177532,20251106085031,4111588,0,01,1,22980,1447,N
20251106,M7731,41016902,20251106,41,41,08,41_23888557,2,570,41016902,20251106073007,4110935,20251106074822,4106836,0,01,1,4380,1095,N
20251106,M7731,41016902,20251106,41,41,08,41_23890532,2,570,41016902,20251106062646,4110935,20251106064123,4106836,0,01,1,4380,877,N
20251106,M7731,41016902,20251106,41,11,08,41_23911489,2,570,41016902,20251106121818,4177532,20251106124701,4111588,0,01,1,22980,1723,N
20251106,M7731,41016902,20251106,41,11,08,41_23916930,1,570,41016902,20251106092603,4177448,20251106100837,4111588,0,01,1,22120,2554,N
20251106,M7731,41016902,20251106,41,11,08,41_23928883,2,570,41016902,20251106094745,4106836,20251106103002,4111588,1,01,1,24330,2537,N
20251106,M7731,41016902,20251106,41,11,08,41_23936936,1,570,41016902,20251106121036,4177532,20251106124219,4111588,0,01,1,22980,1903,N
20251106,M7731,41016902,20251106,41,11,08,41_23937766,1,570,41016902,20251106204020,4177532,20251106212744,4111588,0,01,1,22980,2844,N
20251106,M7731,41016902,20251106,41,11,08,41_2395102,1,570,41016902,20251106061645,4110935,20251106064811,4111588,0,01,1,28710,1886,N
20251106,M7731,41016902,20251106,41,11,08,41_23996398,2,570,41016902,20251106072716,4177637,20251106075902,4116130,0,01,1,28090,1906,N
20251106,M7731,41016902,20251106,41,41,08,41_24026918,2,570,41016902,20251106221401,4177510,20251106223223,4106836,0,01,1,5170,1102,N
20251106,M7731,41016902,20251106,41,11,08,41_24038057,2,570,41016902,20251106103042,4177448,20251106110009,4116126,0,01,1,23140,1767,N
20251106,M7731,41016902,20251106,41,11,08,41_24044310,2,570,41016902,20251106170722,4177448,20251106174831,4116126,0,01,1,23140,2469,N
20251106,M7731,41016902,20251106,41,11,08,41_2405592,2,570,41016902,20251106153316,4106836,20251106161205,4111588,1,01,1,24330,2329,N
20251106,M7731,41016902,20251106,41,11,08,41_24087989,2,570,41016902,20251106143801,4177532,20251106150656,4111588,0,01,1,22980,1735,N
20251106,M7731,41016902,20251106,41,11,08,41_24096755,2,570,41016902,20251106111707,4106836,20251106120849,4116126,0,01,1,25350,3102,N
20251106,M7731,41016902,20251106,41,11,08,41_24096755,2,570,41016902,20251106154557,4106836,20251106163110,4116126,0,01,1,25350,2713,N
20251106,M7731,41016902,20251106,41,11,08,41_24096755,2,570,41016902,20251106171109,4106836,20251106175912,4116126,0,01,1,25350,2883,N
20251106,M7731,41016902,20251106,41,11,08,41_24097336,2,570,41016902,20251106103042,4177448,20251106105859,4111588,0,01,1,22120,1697,N
20251106,M7731,41016902,20251106,41,11,08,41_24097336,2,570,41016902,20251106170722,4177448,20251106174635,4111588,0,01,1,22120,2353,N
20251106,M7731,41016902,20251106,41,11,08,41_24117447,2,570,41016902,20251106051941,4177532,20251106055701,4111588,0,01,1,22980,2240,N
20251106,M7731,41016902,20251106,41,11,08,41_24152770,2,570,41016902,20251106113615,4177637,20251106120434,4111588,0,01,1,25830,1699,N
20251106,M7731,41016902,20251106,41,11,08,41_24152983,2,570,41016902,20251106074020,4177448,20251106081818,4116126,0,01,1,23140,2278,N
20251106,M7731,41016902,20251106,41,11,08,41_24163031,2,570,41016902,20251106073524,4177448,20251106081027,4111588,0,01,1,22120,2103,N
20251106,M7731,41016902,20251106,41,41,08,41_24183205,2,570,41016902,20251106141346,4110935,20251106144206,4177448,0,01,1,6590,1700,N
20251106,M7731,41016902,20251106,41,11,08,41_24192120,2,570,41016902,20251106113829,4177637,20251106120648,4116126,0,01,1,26850,1699,N
20251106,M7731,41016902,20251106,41,11,08,41_24216124,2,570,41016902,20251106173125,4106836,20251106180719,4111588,1,01,2,24330,2154,N
20251106,M7731,41016902,20251106,41,11,08,41_24221265,1,570,41016902,20251106101700,4177448,20251106111036,4111588,0,01,1,22120,3216,N
20251106,M7731,41016902,20251106,41,11,08,41_24223916,2,570,41016902,20251106154331,4177637,20251106162511,4116126,0,01,1,26850,2500,N
20251106,M7731,41016902,20251106,41,11,08,41_24235783,2,570,41016902,20251106182447,4177448,20251106185955,4116130,0,01,1,24380,2108,N
20251106,M7731,41016902,20251106,41,11,08,41_24248252,1,570,41016902,20251106171823,4177532,20251106174632,4111588,0,01,1,22980,1689,N
20251106,M7731,41016902,20251106,41,11,08,41_24274155,2,570,41016902,20251106182321,4177448,20251106185829,4116126,0,01,1,23140,2108,N
20251106,M7731,41016902,20251106,41,11,08,41_24278640,2,570,41016902,20251106154345,4177637,20251106162552,4111588,0,01,1,25830,2527,N
20251106,M7731,41016902,20251106,41,41,08,41_24286091,1,570,41016902,20251106160111,4106837,20251106160751,4107447,0,01,1,3540,400,N
20251106,M7731,41016902,20251106,41,41,08,41_24286091,1,570,41016902,20251106181918,4107446,20251106182514,4177637,1,01,1,2040,356,N
20251106,M7731,41016902,20251106,41,11,08,41_24295903,2,570,41016902,20251106180120,4177532,20251106183628,4116126,0,01,1,24000,2108,N
20251106,M7731,41016902,20251106,41,11,08,41_24317484,2,570,41016902,20251106172821,4177532,20251106182636,4111588,0,01,1,22980,3495,N
20251106,M7731,41016902,20251106,41,11,08,41_24352287,1,570,41016902,20251106140521,4177448,20251106145623,4116130,0,01,1,24380,3062,N
20251106,M7731,41016902,20251106,41,11,08,41_24366335,1,570,41016902,20251106100209,4106836,20251106104717,4116126,1,01,1,25350,2708,N
20251106,M7731,41016902,20251106,41,11,08,41_24366335,1,570,41016902,20251106151006,4106836,20251106155814,4116126,1,01,1,25350,2888,N
20251106,M7731,41016902,20251106,41,11,08,41_24380652,1,570,41016902,20251106170902,4177532,20251106173519,4111588,0,01,1,22980,1577,N
20251106,M7731,41016902,20251106,41,11,08,41_24384203,1,570,41016902,20251106181247,4106836,20251106191114,4116126,0,01,1,25350,3507,N
20251106,M7731,41016902,20251106,41,11,08,41_24384487,1,570,41016902,20251106085837,4177448,20251106094013,4111588,1,01,1,22120,2496,N
20251106,M7731,41016902,20251106,41,11,08,41_24404955,2,570,41016902,20251106084208,4177448,20251106093234,4111588,0,01,1,22120,3026,N
20251106,M7731,41016902,20251106,41,11,08,41_24439669,2,570,41016902,20251106153443,4177637,20251106160240,4116130,0,01,1,28090,1677,N
20251106,M7731,41016902,20251106,41,11,08,41_24439669,2,570,41016902,20251106182027,4177637,20251106185314,4116130,0,01,1,28090,1967,N
20251106,M7731,41016902,20251106,41,11,08,41_24447448,2,570,41016902,20251106222539,4106836,20251106225711,4109162,0,01,1,29380,1892,N
20251106,M7731,41016902,20251106,41,11,08,41_24449923,2,570,41016902,20251106164210,4177448,20251106172906,4111588,0,01,1,22120,2816,N
20251106,M7731,41016902,20251106,41,11,08,41_24460145,2,570,41016902,20251106213545,4177448,20251106220405,4111588,0,01,1,22120,1700,N
20251106,M7731,41016902,20251106,41,11,08,41_24461264,2,570,41016902,20251106082835,4177448,20251106091340,4109162,0,01,1,27170,2705,N
20251106,M7731,41016902,20251106,41,11,08,41_24461264,2,570,41016902,20251106213545,4177448,20251106220547,4109162,0,01,1,27170,1802,N
20251106,M7731,41016902,20251106,41,11,08,41_24465374,2,570,41016902,20251106171746,4106836,20251106175221,4116126,0,01,1,25350,2075,N
20251106,M7731,41016902,20251106,41,11,08,41_24522639,1,570,41016902,20251106052823,4106836,20251106055817,4111588,1,01,1,24330,1794,N
20251106,M7731,41016902,20251106,41,11,08,41_2457390,1,570,41016902,20251106130943,4177637,20251106132238,4111588,0,01,1,25830,775,N
20251106,M7731,41016902,20251106,41,41,08,41_24585455,2,570,41016902,20251106082309,4123056,20251106083523,4110869,0,01,1,4580,734,N
20251106,M7731,41016902,20251106,41,11,08,41_24586765,2,570,41016902,20251106214635,4106836,20251106221859,4111588,0,01,1,24330,1944,N
20251106,M7731,41016902,20251106,41,11,08,41_24586765,2,570,41016902,20251106223438,4106836,20251106231223,4111588,0,01,1,24330,2265,N
20251106,M7731,41016902,20251106,41,11,08,41_24596878,2,570,41016902,20251106160130,4106836,20251106162943,4116126,0,01,1,25350,1693,N
20251106,M7731,41016902,20251106,41,11,08,41_24629368,2,570,41016902,20251106174907,4106836,20251106181352,4116126,1,01,1,25350,1485,N
20251106,M7731,41016902,20251106,41,11,08,41_24652883,1,570,41016902,20251106074632,4177637,20251106081348,4111599,0,01,1,29770,1636,N
20251106,M7731,41016902,20251106,41,11,08,41_2468446,2,570,41016902,20251106072429,4177637,20251106074116,4111588,0,01,1,25830,1007,N
20251106,M7731,41016902,20251106,41,11,08,41_24700007,1,570,41016902,20251106124016,4177532,20251106132531,4116126,0,01,1,24000,2715,N
20251106,M7731,41016902,20251106,41,41,08,41_24710073,2,570,41016902,20251106074044,4110935,20251106074856,4106836,0,01,1,4380,492,N
20251106,M7731,41016902,20251106,41,11,08,41_24718583,2,570,41016902,20251106191413,4177448,20251106193827,4111588,0,01,1,22120,1454,N
20251106,M7731,41016902,20251106,41,11,08,41_24739673,2,570,41016902,20251106133505,4110935,20251106142030,4111588,0,01,1,28710,2725,N
20251106,M7731,41016902,20251106,41,11,08,41_24755747,1,570,41016902,20251106171926,4177532,20251106180136,4111588,0,01,1,22980,2530,N
20251106,M7731,41016902,20251106,41,11,08,41_24755747,1,570,41016902,20251106220626,4177532,20251106223152,4111588,0,01,1,22980,1526,N
20251106,M7731,41016902,20251106,41,41,08,41_24755757,2,570,41016902,20251106081321,4102447,20251106082827,4177511,0,01,1,3800,906,N
20251106,M7731,41016902,20251106,41,11,08,41_24768061,2,570,41016902,20251106070843,4177637,20251106074644,4111588,0,01,1,25830,2281,N
20251106,M7731,41016902,20251106,41,11,08,41_24770190,2,570,41016902,20251106205047,4106836,20251106213336,4111588,0,01,1,24330,2569,N
20251106,M7731,41016902,20251106,41,11,08,41_24772517,2,570,41016902,20251106122034,4106836,20251106125805,4116126,1,01,1,25350,2251,N
20251106,M7731,41016902,20251106,41,11,08,41_24785395,2,570,41016902,20251106201517,4177510,20251106210032,4111588,0,01,1,29500,2715,N
20251106,M7731,41016902,20251106,41,11,08,41_24815405,2,570,41016902,20251106095810,4106836,20251106105442,4111588,0,01,1,24330,3392,N
20251106,M7731,41016902,20251106,41,41,08,41_2483208,1,570,41016902,20251106072451,4110935,20251106073210,4106836,0,01,1,4380,439,N
20251106,M7731,41016902,20251106,41,11,08,41_24871054,2,570,41016902,20251106155231,4177532,20251106162111,4116126,0,01,1,24000,1720,N
20251106,M7731,41016902,20251106,41,11,08,41_24876096,2,570,41016902,20251106065748,4106836,20251106073926,4111588,0,01,1,24330,2498,N
20251106,M7731,41016902,20251106,41,11,08,41_24942326,2,570,41016902,20251106121326,4177637,20251106124218,4111588,0,01,1,25830,1732,N
20251106,M7731,41016902,20251106,41,11,08,41_24962786,2,570,41016902,20251106183709,4106836,20251106190941,4111588,0,01,1,24330,1952,N
20251106,M7731,41016902,20251106,41,11,08,41_24963949,2,570,41016902,20251106091032,4106836,20251106095048,4111588,1,01,1,24330,2416,N
20251106,M7731,41016902,20251106,41,11,08,41_25015133,1,570,41016902,20251106063400,4177637,20251106071209,4111588,0,01,1,25830,2289,N
20251106,M7731,41016902,20251106,41,11,08,41_2502202,2,570,41016902,20251106112548,4177448,20251106120135,4109162,0,01,1,27170,2147,N
20251106,M7731,41016902,20251106,41,11,08,41_25027992,2,570,41016902,20251106082309,4106836,20251106085506,4111588,0,01,1,24330,1917,N
20251106,M7731,41016902,20251106,41,11,08,41_25027992,2,570,41016902,20251106220947,4106836,20251106224518,4116130,0,01,1,26590,2131,N
20251106,M7731,41016902,20251106,41,11,08,41_25035334,2,570,41016902,20251106171933,4177532,20251106175249,4111588,0,01,1,22980,1996,N
20251106,M7731,41016902,20251106,41,11,08,41_25036018,2,570,41016902,20251106162826,4177532,20251106165815,4111588,0,01,1,22980,1789,N
20251106,M7731,41016902,20251106,41,11,08,41_25052065,2,570,41016902,20251106175318,4177532,20251106182634,4111588,0,01,1,22980,1996,N
20251106,M7731,41016902,20251106,41,11,08,41_25062925,1,570,41016902,20251106121853,4177532,20251106124910,4111588,0,01,1,22980,1817,N
20251106,M7731,41016902,20251106,41,11,08,41_25174278,2,570,41016902,20251106081603,4177637,20251106084815,4116126,0,01,1,26850,1932,N
20251106,M7731,41016902,20251106,41,11,08,41_25219450,2,570,41016902,20251106094646,4177448,20251106102033,4116126,0,01,1,23140,2027,N
20251106,M7731,41016902,20251106,41,11,08,41_25219450,2,570,41016902,20251106205254,4177448,20251106214233,4116126,0,01,3,23140,2979,N
20251106,M7731,41016902,20251106,41,11,08,41_25222722,2,570,41016902,20251106123358,4177532,20251106131252,4116126,0,01,1,24000,2334,N
20251106,M7731,41016902,20251106,41,11,08,41_25238750,2,570,41016902,20251106191104,4177637,20251106194616,4116130,0,01,1,28090,2112,N
20251106,M7731,41016902,20251106,41,11,08,41_25256666,1,570,41016902,20251106191528,4177637,20251106195040,4109162,0,01,1,30880,2112,N
20251106,M7731,41016902,20251106,41,11,08,41_25257011,2,570,41016902,20251106205312,4177448,20251106213145,4116130,0,01,1,24380,2313,N
20251106,M7731,41016902,20251106,41,11,08,41_25257387,2,570,41016902,20251106123440,4177532,20251106131334,4116126,0,01,1,24000,2334,N
20251106,M7731,41016902,20251106,41,11,08,41_2528664,2,570,41016902,20251106113210,4177448,20251106120618,4116130,0,01,1,24380,2048,N
20251106,M7731,41016902,20251106,41,11,08,41_25293840,2,570,41016902,20251106094627,4177448,20251106102139,4116130,0,01,1,24380,2112,N
20251106,M7731,41016902,20251106,41,11,08,41_25293880,2,570,41016902,20251106140529,4106836,20251106144323,4111588,1,01,1,24330,2274,N
20251106,M7731,41016902,20251106,41,11,08,41_25338955,2,570,41016902,20251106082057,4110935,20251106093206,4111588,0,01,1,28710,4269,N
20251106,M7731,41016902,20251106,41,11,08,41_25340751,1,570,41016902,20251106112550,4177448,20251106115330,4111599,0,01,1,26060,1660,N
20251106,M7731,41016902,20251106,41,11,08,41_25343280,2,570,41016902,20251106161155,4106836,20251106165027,4111588,0,01,1,24330,2312,N
20251106,M7731,41016902,20251106,41,11,08,41_25343280,2,570,41016902,20251106170914,4106836,20251106174810,4111588,0,01,1,24330,2336,N
20251106,M7731,41016902,20251106,41,11,08,41_25349205,2,570,41016902,20251106075545,4106836,20251106083853,4111588,0,01,1,24330,2588,N
20251106,M7731,41016902,20251106,41,11,08,41_25360277,2,570,41016902,20251106171007,4177532,20251106174737,4111588,0,01,1,22980,2250,N
20251106,M7731,41016902,20251106,41,11,08,41_25376794,1,570,41016902,20251106191035,4177448,20251106193724,4111588,0,01,1,22120,1609,N
20251106,M7731,41016902,20251106,41,11,08,41_25395628,2,570,41016902,20251106163458,4177532,20251106173327,4111588,0,01,1,22980,3509,N
20251106,M7731,41016902,20251106,41,11,08,41_25395628,2,570,41016902,20251106190703,4177532,20251106193512,4111588,0,01,1,22980,1689,N
20251106,M7731,41016902,20251106,41,11,08,41_25402562,2,570,41016902,20251106112559,4177532,20251106115913,4111588,0,01,1,22980,1994,N
20251106,M7731,41016902,20251106,41,11,08,41_25418000,2,570,41016902,20251106082511,4106836,20251106091840,4116130,1,01,1,26590,3209,N
20251106,M7731,41016902,20251106,41,11,08,41_25458845,1,570,41016902,20251106154840,4106836,20251106163115,4111588,0,01,1,24330,2555,N
20251106,M7731,41016902,20251106,41,11,08,41_25461445,2,570,41016902,20251106180130,4106836,20251106184748,4116126,0,01,1,25350,2778,N
20251106,M7731,41016902,20251106,41,11,08,41_25505332,2,570,41016902,20251106062439,4106836,20251106070653,4111588,1,01,1,24330,2534,N
20251106,M7731,41016902,20251106,41,11,08,41_25534416,1,570,41016902,20251106072307,4177448,20251106074446,4109162,0,01,1,27170,1299,N
20251106,M7731,41016902,20251106,41,11,08,41_25534416,1,570,41016902,20251106121119,4177448,20251106123515,4109162,0,01,1,27170,1436,N
20251106,M7731,41016902,20251106,41,11,08,41_25588117,2,570,41016902,20251106082037,4106836,20251106092542,4116126,0,01,1,25350,3905,N
20251106,M7731,41016902,20251106,41,11,08,41_25593748,2,570,41016902,20251106220733,4106836,20251106223344,4111588,0,01,1,24330,1571,N
20251106,M7731,41016902,20251106,41,11,08,41_25608491,2,570,41016902,20251106182200,4106836,20251106184430,4116126,0,01,1,25350,1350,N
20251106,M7731,41016902,20251106,41,11,08,41_25631931,2,570,41016902,20251106201210,4177448,20251106203441,4111588,1,01,1,22120,1351,N
20251106,M7731,41016902,20251106,41,11,08,41_25633276,2,570,41016902,20251106201645,4177448,20251106205951,4111588,1,01,1,22120,2586,N
20251106,M7731,41016902,20251106,41,11,08,41_2563456,2,570,41016902,20251106185950,4177532,20251106192549,4111588,0,01,1,22980,1559,N
20251106,M7731,41016902,20251106,41,11,08,41_25640227,2,570,41016902,20251106182331,4177448,20251106185345,4111588,0,01,1,22120,1814,N
20251106,M7731,41016902,20251106,41,11,08,41_25702043,2,570,41016902,20251106123015,4106836,20251106130716,4111588,0,01,1,24330,2221,N
20251106,M7731,41016902,20251106,41,41,08,41_25768464,1,570,41016902,20251106194416,4123056,20251106195607,4102447,2,01,1,3320,711,N
20251106,M7731,41016902,20251106,41,11,08,41_25791026,2,570,41016902,20251106154414,4177448,20251106161137,4116126,0,01,1,23140,1643,N
20251106,M7731,41016902,20251106,41,11,08,41_25793232,2,570,41016902,20251106060900,4106836,20251106062724,4116126,0,01,1,25350,1104,N
20251106,M7731,41016902,20251106,41,11,08,41_25795576,2,570,41016902,20251106111313,4106836,20251106113853,4111588,1,01,1,24330,1540,N
20251106,M7731,41016902,20251106,41,11,08,41_25810446,2,570,41016902,20251106231401,4106836,20251106234932,4111588,0,01,1,24330,2131,N
20251106,M7731,41016902,20251106,41,41,08,41_25862266,1,570,41016902,20251106100454,4177510,20251106103710,4177448,0,01,1,7380,1936,N
20251106,M7731,41016902,20251106,41,41,08,41_25862266,1,570,41016902,20251106212700,4123056,20251106220031,4177511,2,01,1,7120,2011,N
20251106,M7731,41016902,20251106,41,11,08,41_25867799,2,570,41016902,20251106085415,4106836,20251106092839,4111588,1,01,1,24330,2064,N
20251106,M7731,41016902,20251106,41,11,08,41_25882664,2,570,41016902,20251106162158,4177448,20251106165815,4116126,0,01,1,23140,2177,N
20251106,M7731,41016902,20251106,41,11,08,41_25908715,1,570,41016902,20251106070338,4107446,20251106074326,4111588,0,01,1,27870,2388,N
20251106,M7731,41016902,20251106,41,11,08,41_25913855,2,570,41016902,20251106170616,4177532,20251106174350,4116126,0,01,1,24000,2254,N
20251106,M7731,41016902,20251106,41,11,08,41_25934653,2,570,41016902,20251106174604,4177637,20251106182338,4111588,0,01,1,25830,2254,N
20251106,M7731,41016902,20251106,41,11,08,41_25945399,2,570,41016902,20251106171318,4177532,20251106175052,4116126,0,01,1,24000,2254,N
20251106,M7731,41016902,20251106,41,11,08,41_25969391,2,570,41016902,20251106123941,4110868,20251106131042,4111588,0,01,1,26980,1861,N
20251106,M7731,41016902,20251106,41,11,08,41_26012223,1,570,41016902,20251106134914,4177532,20251106142037,4111588,0,01,1,22980,1883,N
20251106,M7731,41016902,20251106,41,11,08,41_26013738,2,570,41016902,20251106200345,4177448,20251106210322,4111588,0,01,1,22120,3577,N
20251106,M7731,41016902,20251106,41,41,08,41_26062746,2,570,41016902,20251106231449,4107446,20251106231924,4106836,0,01,1,3540,275,N
20251106,M7731,41016902,20251106,41,11,08,41_26066345,2,570,41016902,20251106200345,4177448,20251106203547,4116130,0,01,1,24380,1922,N
20251106,M7731,41016902,20251106,41,11,08,41_26116680,2,570,41016902,20251106210835,4106836,20251106215548,4111588,0,01,1,24330,2833,N
20251106,M7731,41016902,20251106,41,11,08,41_26137323,1,570,41016902,20251106163239,4177532,20251106170601,4111588,0,01,1,22980,2002,N
20251106,M7731,41016902,20251106,41,11,08,41_26138919,1,570,41016902,20251106152625,4177532,20251106155646,4111588,0,01,1,22980,1821,N
20251106,M7731,41016902,20251106,41,11,08,41_26147882,2,570,41016902,20251106100158,4106836,20251106104033,4116130,1,01,1,26590,2315,N
20251106,M7731,41016902,20251106,41,41,08,41_26196483,2,570,41016902,20251106211420,4106837,20251106211835,4110869,0,01,1,2640,255,N
20251106,M7731,41016902,20251106,41,11,08,41_26252185,2,570,41016902,20251106062651,4110935,20251106070358,4109162,0,01,1,33760,2227,N
20251106,M7731,41016902,20251106,41,11,08,41_26258972,2,570,41016902,20251106175236,4106836,20251106182916,4116126,0,01,1,25350,2200,N
20251106,M7731,41016902,20251106,41,41,08,41_26262946,2,570,41016902,20251106110906,4110868,20251106112317,4177448,0,01,1,4860,851,N
20251106,M7731,41016902,20251106,41,11,08,41_26276063,2,570,41016902,20251106053031,4106836,20251106060024,4111588,1,01,1,24330,1793,N
20251106,M7731,41016902,20251106,41,11,08,41_26286780,2,570,41016902,20251106185808,4177448,20251106192957,4111588,0,01,2,22120,1909,N
20251106,M7731,41016902,20251106,41,11,08,41_26312129,2,570,41016902,20251106175133,4177532,20251106182700,4111588,0,01,1,22980,2127,N
20251106,M7731,41016902,20251106,41,11,08,41_2647973,2,570,41016902,20251106170019,4177637,20251106173143,4116126,0,01,1,26850,1884,N
20251106,M7731,41016902,20251106,41,11,08,41_2655578,2,570,41016902,20251106165645,4177448,20251106172753,4116126,0,01,1,23140,1868,N
20251106,M7731,41016902,20251106,41,11,08,41_2666284,2,570,41016902,20251106204355,4177448,20251106213218,4111588,0,01,1,22120,2903,N
20251106,M7731,41016902,20251106,41,11,08,41_268275,2,570,41016902,20251106072253,4177448,20251106074343,4111588,0,01,1,22120,1250,N
20251106,M7731,41016902,20251106,41,41,08,41_2718577,2,570,41016902,20251106132528,4177533,20251106140213,4110934,0,01,1,5800,2205,N
20251106,M7731,41016902,20251106,41,11,08,41_2719198,2,570,41016902,20251106181138,4177448,20251106183639,4111588,0,01,1,22120,1501,N
20251106,M7731,41016902,20251106,41,11,08,41_2733334,2,570,41016902,20251106154544,4177637,20251106162635,4111588,0,01,1,25830,2451,N
20251106,M7731,41016902,20251106,41,11,08,41_2751823,2,570,41016902,20251106203535,4106836,20251106211033,4111588,0,01,1,24330,2098,N
20251106,M7731,41016902,20251106,41,41,08,41_2769821,2,570,41016902,20251106073426,4110935,20251106075756,4177532,0,01,1,5730,1410,N
20251106,M7731,41016902,20251106,41,41,08,41_2876754,2,570,41016902,20251106090253,4177637,20251106090952,4177448,0,01,1,3710,419,N
20251106,M7731,41016902,20251106,41,41,08,41_2876754,2,570,41016902,20251106161214,4123056,20251106161642,4102447,2,01,1,3320,268,N
20251106,M7731,41016902,20251106,41,11,08,41_2888873,1,570,41016902,20251106173546,4106836,20251106182456,4111588,0,01,1,24330,2950,N
20251106,M7731,41016902,20251106,41,11,08,41_2893473,2,570,41016902,20251106083629,4177637,20251106090704,4109162,0,01,1,30880,1835,N
20251106,M7731,41016902,20251106,41,11,08,41_2927214,2,570,41016902,20251106160400,4106836,20251106163910,4111588,0,01,1,24330,2110,N
20251106,M7731,41016902,20251106,41,11,08,41_2942260,2,570,41016902,20251106081505,4177637,20251106091904,4111588,0,01,1,25830,3839,N
20251106,M7731,41016902,20251106,41,11,08,41_297866,2,570,41016902,20251106055340,4177637,20251106064053,4111588,0,01,1,25830,2833,N
20251106,M7731,41016902,20251106,41,41,08,41_2979750,2,570,41016902,20251106101710,4110935,20251106102436,4177637,0,01,1,2880,446,N
20251106,M7731,41016902,20251106,41,11,08,41_2998219,2,570,41016902,20251106075159,4107446,20251106083605,4111588,0,01,1,27870,2646,N
20251106,M7731,41016902,20251106,41,11,08,41_3001431,2,570,41016902,20251106085625,4106836,20251106093148,4111588,1,01,1,24330,2123,N
20251106,M7731,41016902,20251106,41,11,08,41_3025278,1,570,41016902,20251106144107,4177448,20251106150523,4111588,0,01,1,22120,1456,N
20251106,M7731,41016902,20251106,41,11,08,41_3029776,1,570,41016902,20251106093819,4177637,20251106100450,4116126,0,01,1,26850,1591,N
20251106,M7731,41016902,20251106,41,11,08,41_303481,2,570,41016902,20251106075017,4110935,20251106081742,4116130,0,01,1,30970,1645,N
20251106,M7731,41016902,20251106,41,11,08,41_306791,1,570,41016902,20251106231050,4177532,20251106233851,4116126,0,01,1,24000,1681,N
20251106,M7731,41016902,20251106,41,11,08,41_3079156,2,570,41016902,20251106051403,4106836,20251106055441,4111588,0,01,1,24330,2438,N
20251106,M7731,41016902,20251106,41,11,08,41_313292,1,570,41016902,20251106171938,4106836,20251106174955,4111588,0,01,1,24330,1817,N
20251106,M7731,41016902,20251106,41,11,08,41_3145267,2,570,41016902,20251106211006,4177448,20251106214205,4111588,0,01,1,22120,1919,N
20251106,M7731,41016902,20251106,41,41,08,41_3162571,1,570,41016902,20251106092010,4110935,20251106095202,4177448,0,01,1,6590,1912,N
20251106,M7731,41016902,20251106,41,11,08,41_3187925,2,570,41016902,20251106081426,4177637,20251106084717,4111588,0,01,1,25830,1971,N
20251106,M7731,41016902,20251106,41,41,08,41_3203013,2,570,41016902,20251106212606,4123056,20251106214339,4110934,2,01,1,6380,1053,N
20251106,M7731,41016902,20251106,41,11,08,41_3208540,2,570,41016902,20251106160044,4106836,20251106163517,4116126,1,01,1,25350,2073,N
20251106,M7731,41016902,20251106,41,11,08,41_3209956,1,570,41016902,20251106204042,4177532,20251106210836,4111588,0,01,1,22980,1674,N
20251106,M7731,41016902,20251106,41,11,08,41_3212151,2,570,41016902,20251106170901,4106836,20251106174912,4111588,0,01,1,24330,2411,N
20251106,M7731,41016902,20251106,41,11,08,41_3217364,2,570,41016902,20251106172024,4106836,20251106180525,4111588,0,01,1,24330,2701,N
20251106,M7731,41016902,20251106,41,11,08,41_3219477,2,570,41016902,20251106090328,4106836,20251106094452,4111588,0,01,1,24330,2484,N
20251106,M7731,41016902,20251106,41,11,08,41_3251346,2,570,41016902,20251106094607,4177448,20251106100840,4116130,1,01,1,24380,1353,N
20251106,M7731,41016902,20251106,41,11,08,41_3269910,2,570,41016902,20251106072910,4106836,20251106081117,4111588,0,01,1,24330,2527,N
20251106,M7731,41016902,20251106,41,11,08,41_3284899,2,570,41016902,20251106094941,4177448,20251106101107,4116126,1,01,1,23140,1286,N
20251106,M7731,41016902,20251106,41,11,08,41_3285996,1,570,41016902,20251107003337,4106836,20251107010729,4116126,0,01,1,25350,2032,N
20251106,M7731,41016902,20251106,41,11,08,41_3294389,1,570,41016902,20251106163838,4177532,20251106165957,4111588,0,01,1,22980,1279,N
20251106,M7731,41016902,20251106,41,11,08,41_3300714,2,570,41016902,20251106054124,4177510,20251106063241,4111588,0,01,1,29500,3077,N
20251106,M7731,41016902,20251106,41,11,08,41_3301900,2,570,41016902,20251106145121,4177448,20251106152238,4111588,0,01,1,22120,1877,N
20251106,M7731,41016902,20251106,41,11,08,41_3303941,2,570,41016902,20251106071624,4177637,20251106081259,4111588,0,01,1,25830,3395,N
20251106,M7731,41016902,20251106,41,11,08,41_3317719,2,570,41016902,20251106070637,4177637,20251106074145,4116126,0,01,1,26850,2108,N
20251106,M7731,41016902,20251106,41,11,08,41_3327903,2,570,41016902,20251106071011,4177637,20251106080646,4111588,0,01,1,25830,3395,N
20251106,M7731,41016902,20251106,41,11,08,41_3347979,1,570,41016902,20251106054042,4177532,20251106063344,4109162,0,01,1,28030,3182,N
20251106,M7731,41016902,20251106,41,11,08,41_3402130,2,570,41016902,20251106172029,4177532,20251106175607,4116126,0,01,1,24000,2138,N
20251106,M7731,41016902,20251106,41,41,08,41_3404455,2,570,41016902,20251106233812,4123056,20251106234635,4102447,2,01,1,3320,503,N
20251106,M7731,41016902,20251106,41,41,08,41_3405231,2,570,41016902,20251106073016,4110935,20251106074700,4106836,0,01,1,4380,1004,N
20251106,M7731,41016902,20251106,41,41,08,41_3405231,2,570,41016902,20251106080828,4106837,20251106082534,4110934,0,01,1,4440,1026,N
20251106,M7731,41016902,20251106,41,41,08,41_3405231,2,570,41016902,20251106212616,4106837,20251106214529,4110934,0,01,1,4440,1153,N
20251106,M7731,41016902,20251106,41,11,08,41_3408648,2,570,41016902,20251106180619,4177448,20251106184019,4116130,0,01,1,24380,2040,N
20251106,M7731,41016902,20251106,41,11,08,41_3415312,1,570,41016902,20251106172247,4177532,20251106175825,4116126,0,01,1,24000,2138,N
20251106,M7731,41016902,20251106,41,11,08,41_3420787,1,570,41016902,20251106163306,4177448,20251106170619,4111588,0,01,1,22120,1993,N
20251106,M7731,41016902,20251106,41,11,08,41_3510729,2,570,41016902,20251106111918,4106836,20251106115714,4111588,1,01,1,24330,2276,N
20251106,M7731,41016902,20251106,41,11,08,41_351128,2,570,41016902,20251106164751,4106836,20251106172144,4111588,0,01,1,24330,2033,N
20251106,M7731,41016902,20251106,41,11,08,41_3514772,2,570,41016902,20251106112704,4177637,20251106120135,4116130,0,01,1,28090,2071,N
20251106,M7731,41016902,20251106,41,11,08,41_3548781,2,570,41016902,20251106082921,4177448,20251106091023,4111588,1,01,1,22120,2462,N
20251106,M7731,41016902,20251106,41,11,08,41_3580705,1,570,41016902,20251106202249,4106836,20251106211034,4111588,1,01,1,24330,2865,N
20251106,M7731,41016902,20251106,41,11,08,41_3613374,2,570,41016902,20251106222718,4110935,20251106232045,4111588,0,01,1,28710,3207,N
20251106,M7731,41016902,20251106,41,11,08,41_3614181,2,570,41016902,20251106084910,4177532,20251106092444,4111588,0,01,1,22980,2134,N
20251106,M7731,41016902,20251106,41,11,08,41_3625743,2,570,41016902,20251106171844,4177532,20251106175205,4111588,0,01,1,22980,2001,N
20251106,M7731,41016902,20251106,41,11,08,41_3659992,2,570,41016902,20251106160125,4106836,20251106162658,4111588,0,01,1,24330,1533,N
20251106,M7731,41016902,20251106,41,11,08,41_3670071,2,570,41016902,20251106141809,4177532,20251106144919,4111588,0,01,1,22980,1870,N
20251106,M7731,41016902,20251106,41,11,08,41_3679431,2,570,41016902,20251106065237,4110868,20251106080503,4111588,0,01,1,26980,4346,N
20251106,M7731,41016902,20251106,41,11,08,41_3690865,2,570,41016902,20251106160125,4106836,20251106162933,4111588,0,01,1,24330,1688,N
20251106,M7731,41016902,20251106,41,11,08,41_3695951,2,570,41016902,20251106221729,4110935,20251106230422,4111588,0,01,1,28710,2813,N
20251106,M7731,41016902,20251106,41,11,08,41_373481,1,570,41016902,20251106231030,4177532,20251106233730,4111588,0,01,1,22980,1620,N
20251106,M7731,41016902,20251106,41,41,08,41_3756986,2,570,41016902,20251106090158,4177637,20251106090912,4177448,0,01,1,3710,434,N
20251106,M7731,41016902,20251106,41,11,08,41_3790818,2,570,41016902,20251106181520,4106836,20251106192327,4111588,0,01,1,24330,4087,N
20251106,M7731,41016902,20251106,41,11,08,41_3868074,2,570,41016902,20251106160141,4106836,20251106162858,4111588,0,01,1,24330,1637,N
20251106,M7731,41016902,20251106,41,11,08,41_3868074,2,570,41016902,20251106174904,4106836,20251106182625,4111588,0,01,1,24330,2241,N
20251106,M7731,41016902,20251106,41,11,08,41_3868906,2,570,41016902,20251106135547,4177448,20251106141931,4111588,0,01,1,22120,1424,N
20251106,M7731,41016902,20251106,41,11,08,41_389324,2,570,41016902,20251106131842,4106836,20251106140952,4116126,0,01,1,25350,3070,N
20251106,M7731,41016902,20251106,41,41,08,41_3933527,2,570,41016902,20251106074757,4177637,20251106075524,4177448,0,01,1,3710,447,N
20251106,M7731,41016902,20251106,41,11,08,41_3936268,2,570,41016902,20251106183310,4106836,20251106192351,4116126,0,01,1,25350,3041,N
20251106,M7731,41016902,20251106,41,11,08,41_3951783,2,570,41016902,20251106165312,4106836,20251106173058,4111588,0,01,1,24330,2266,N
20251106,M7731,41016902,20251106,41,11,08,41_3966014,2,570,41016902,20251106133730,4177532,20251106142726,4111588,0,01,1,22980,2996,N
20251106,M7731,41016902,20251106,41,11,08,41_3983368,1,570,41016902,20251106160150,4177532,20251106163421,4111588,0,01,1,22980,1951,N
20251106,M7731,41016902,20251106,41,41,08,41_4009081,2,570,41016902,20251106071524,4177637,20251106072852,4177448,0,01,1,3710,808,N
20251106,M7731,41016902,20251106,41,11,08,41_4025449,2,570,41016902,20251106194540,4177532,20251106201403,4111588,0,01,1,22980,1703,N
20251106,M7731,41016902,20251106,41,41,08,41_4059311,2,570,41016902,20251106071358,4177637,20251106072634,4177448,0,01,1,3710,756,N
20251106,M7731,41016902,20251106,41,11,08,41_4099393,2,570,41016902,20251106222109,4106836,20251106225513,4116126,0,01,1,25350,2044,N
20251106,M7731,41016902,20251106,41,11,08,41_4103048,2,570,41016902,20251106163017,4177637,20251106171620,4116126,0,01,1,26850,2763,N
20251106,M7731,41016902,20251106,41,11,08,41_4114642,1,570,41016902,20251106081445,4106836,20251106084907,4111588,0,01,1,24330,2062,N
20251106,M7731,41016902,20251106,41,11,08,41_4132597,1,570,41016902,20251106151105,4177532,20251106154013,4111588,0,01,1,22980,1748,N
20251106,M7731,41016902,20251106,41,11,08,41_4151344,2,570,41016902,20251106153827,4177532,20251106161446,4111588,0,01,1,22980,2179,N
20251106,M7731,41016902,20251106,41,11,08,41_4152449,2,570,41016902,20251106074831,4177637,20251106083624,4111588,0,01,1,25830,2873,N
20251106,M7731,41016902,20251106,41,11,08,41_4152449,2,570,41016902,20251106091816,4177637,20251106100419,4111588,0,01,1,25830,2763,N
20251106,M7731,41016902,20251106,41,41,08,41_4218996,2,570,41016902,20251106202214,4123056,20251106203010,4102447,3,01,1,3320,476,N
20251106,M7731,41016902,20251106,41,11,08,41_4234083,2,570,41016902,20251106081552,4106836,20251106085436,4111588,0,01,1,24330,2324,N
20251106,M7731,41016902,20251106,41,11,08,41_4255281,2,570,41016902,20251106063641,4177637,20251106071557,4111588,0,01,1,25830,2356,N
20251106,M7731,41016902,20251106,41,11,08,41_4260005,2,570,41016902,20251106160957,4177532,20251106164246,4111588,0,01,1,22980,1969,N
20251106,M7731,41016902,20251106,41,11,08,41_4268988,1,570,41016902,20251106200950,4177532,20251106204401,4111588,0,01,1,22980,2051,N
20251106,M7731,41016902,20251106,41,11,08,41_428024,2,570,41016902,20251106071455,4177532,20251106074712,4111588,1,01,1,22980,1937,N
20251106,M7731,41016902,20251106,41,11,08,41_4294114,2,570,41016902,20251106173404,4177448,20251106181539,4111588,0,01,1,22120,2495,N
20251106,M7731,41016902,20251106,41,11,08,41_4316193,2,570,41016902,20251106202543,4177637,20251106211603,4111588,0,01,1,25830,3020,N
20251106,M7731,41016902,20251106,41,11,08,41_4326226,2,570,41016902,20251106102543,4106836,20251106110701,4116126,0,01,1,25350,2478,N
20251106,M7731,41016902,20251106,41,11,08,41_4337670,2,570,41016902,20251106153939,4106836,20251106162514,4116126,0,01,1,25350,2735,N
20251106,M7731,41016902,20251106,41,11,08,41_4344514,2,570,41016902,20251106100424,4177637,20251106110026,4111588,0,01,1,25830,3362,N
20251106,M7731,41016902,20251106,41,11,08,41_4363811,1,570,41016902,20251106124804,4177448,20251106131456,4111588,1,01,1,22120,1612,N
20251106,M7731,41016902,20251106,41,11,08,41_438725,2,570,41016902,20251106110058,4177532,20251106112636,4111588,0,01,1,22980,1538,N
20251106,M7731,41016902,20251106,41,11,08,41_4393245,2,570,41016902,20251106083736,4177637,20251106091517,4111588,0,01,1,25830,2261,N
20251106,M7731,41016902,20251106,41,11,08,41_4393245,2,570,41016902,20251106100113,4177637,20251106102758,4111598,0,01,1,29120,1605,N
20251106,M7731,41016902,20251106,41,41,08,41_440645,2,570,41016902,20251106153114,4123056,20251106153916,4110869,2,01,1,4580,482,N
20251106,M7731,41016902,20251106,41,11,08,41_4414367,2,570,41016902,20251106175704,4177532,20251106181614,4116126,0,01,1,24000,1150,N
20251106,M7731,41016902,20251106,41,11,08,41_4422997,2,570,41016902,20251106085145,4177448,20251106091139,4116126,1,01,1,23140,1194,N
20251106,M7731,41016902,20251106,41,11,08,41_4441906,1,570,41016902,20251106193557,4106836,20251106195915,4116126,0,01,1,25350,1398,N
20251106,M7731,41016902,20251106,41,41,08,41_4449249,1,570,41016902,20251106061521,4177637,20251106062336,4177448,0,01,1,3710,495,N
20251106,M7731,41016902,20251106,41,11,08,41_4489998,2,570,41016902,20251106172736,4106836,20251106174547,4111588,0,01,1,24330,1091,N
20251106,M7731,41016902,20251106,41,11,08,41_4528664,2,570,41016902,20251106181922,4110868,20251106191221,4111588,0,01,1,26980,3179,N
20251106,M7731,41016902,20251106,41,11,08,41_4544079,1,570,41016902,20251106210614,4177532,20251106214103,4111588,0,01,1,22980,2089,N
20251106,M7731,41016902,20251106,41,41,08,41_4610800,2,570,41016902,20251106093009,4110935,20251106094850,4106836,0,01,1,4380,1121,N
20251106,M7731,41016902,20251106,41,41,08,41_467723,1,570,41016902,20251106194540,4123056,20251106201843,4177511,2,01,1,7120,1983,N
20251106,M7731,41016902,20251106,41,11,08,41_4708019,2,570,41016902,20251106053854,4110935,20251106061135,4111588,0,01,1,28710,1961,N
20251106,M7731,41016902,20251106,41,11,08,41_4718182,1,570,41016902,20251106182314,4177448,20251106191253,4111588,0,01,1,22120,2979,N
20251106,M7731,41016902,20251106,41,11,08,41_4723917,2,570,41016902,20251106143753,4177637,20251106151410,4111588,0,01,1,25830,2177,N
20251106,M7731,41016902,20251106,41,11,08,41_4765134,2,570,41016902,20251106192119,4106836,20251106201323,4111588,0,01,1,24330,3124,N
20251106,M7731,41016902,20251106,41,11,08,41_4765134,2,570,41016902,20251106232101,4106836,20251106235850,4111588,0,01,1,24330,2269,N
20251106,M7731,41016902,20251106,41,11,08,41_480640,1,570,41016902,20251106104504,4106836,20251106112009,4116126,0,01,1,25350,2105,N
20251106,M7731,41016902,20251106,41,11,08,41_484543,2,570,41016902,20251106110801,4177448,20251106114254,4111588,0,01,1,22120,2093,N
20251106,M7731,41016902,20251106,41,11,08,41_4862260,2,570,41016902,20251106132148,4106836,20251106140140,4111588,1,01,1,24330,2392,N
20251106,M7731,41016902,20251106,41,11,08,41_4871468,2,570,41016902,20251106063951,4177448,20251106071406,4116126,0,01,1,23140,2055,N
20251106,M7731,41016902,20251106,41,11,08,41_4896324,2,570,41016902,20251106141214,4106836,20251106152750,4111588,0,01,2,24330,4536,N
20251106,M7731,41016902,20251106,41,11,08,41_4914493,2,570,41016902,20251106223526,4177448,20251106230044,4116126,0,01,1,23140,1518,N
20251106,M7731,41016902,20251106,41,11,08,41_4938735,2,570,41016902,20251106151701,4177532,20251106154210,4116130,0,01,1,25240,1509,N
20251106,M7731,41016902,20251106,41,11,08,41_4990678,2,570,41016902,20251106153312,4177532,20251106160128,4111588,0,01,1,22980,1696,N
20251106,M7731,41016902,20251106,41,11,08,41_5040960,2,570,41016902,20251106080343,4106836,20251106084350,4116130,0,01,1,26590,2407,N
20251106,M7731,41016902,20251106,41,11,08,41_5066988,1,570,41016902,20251106183438,4110868,20251106191046,4116126,0,01,1,28000,2168,N
20251106,M7731,41016902,20251106,41,11,08,41_5136758,2,570,41016902,20251106171957,4177532,20251106175358,4111588,0,01,1,22980,2041,N
20251106,M7731,41016902,20251106,41,11,08,41_5136758,2,570,41016902,20251106182334,4177532,20251106190007,4111588,0,01,1,22980,2193,N
20251106,M7731,41016902,20251106,41,11,08,41_5148698,2,570,41016902,20251106093913,4106836,20251106101617,4116130,0,01,1,26590,2224,N
20251106,M7731,41016902,20251106,41,11,08,41_5167730,2,570,41016902,20251106082126,4177448,20251106085005,4111588,0,01,1,22120,1719,N
20251106,M7731,41016902,20251106,41,11,08,41_5186322,1,570,41016902,20251106170349,4177532,20251106174123,4111588,0,01,1,22980,2254,N
20251106,M7731,41016902,20251106,41,11,08,41_5196762,2,570,41016902,20251106123647,4177448,20251106125745,4111588,1,01,1,22120,1258,N
20251106,M7731,41016902,20251106,41,11,08,41_520187,2,570,41016902,20251106081245,4106836,20251106084835,4111588,1,01,1,24330,2150,N
20251106,M7731,41016902,20251106,41,11,08,41_5204975,1,570,41016902,20251106070901,4177448,20251106073840,4111588,0,01,1,22120,1779,N
20251106,M7731,41016902,20251106,41,11,08,41_5250397,2,570,41016902,20251106070631,4177448,20251106074906,4116126,0,01,1,23140,2555,N
20251106,M7731,41016902,20251106,41,11,08,41_526935,1,570,41016902,20251106090514,4177448,20251106094446,4111598,0,01,1,25410,2372,N
20251106,M7731,41016902,20251106,41,11,08,41_526935,1,570,41016902,20251106143524,4177448,20251106151456,4111598,0,01,1,25410,2372,N
20251106,M7731,41016902,20251106,41,11,08,41_5302050,1,570,41016902,20251106201930,4177448,20251106204111,4116126,0,01,1,23140,1301,N
20251106,M7731,41016902,20251106,41,11,08,41_5325261,2,570,41016902,20251106085019,4106836,20251106092113,4111588,0,01,1,24330,1854,N
20251106,M7731,41016902,20251106,41,11,08,41_5325261,2,570,41016902,20251106101225,4106836,20251106105006,4111588,0,01,1,24330,2261,N
20251106,M7731,41016902,20251106,41,11,08,41_5325261,2,570,41016902,20251106125502,4106836,20251106132544,4111588,0,01,1,24330,1842,N
20251106,M7731,41016902,20251106,41,11,08,41_5332786,1,570,41016902,20251106201242,4177448,20251106203715,4111588,0,01,1,22120,1473,N
20251106,M7731,41016902,20251106,41,11,08,41_5341687,2,570,41016902,20251106202014,4106836,20251106205215,4111588,0,01,1,24330,1921,N
20251106,M7731,41016902,20251106,41,11,08,41_5342158,1,570,41016902,20251106073827,4177532,20251106083526,4111588,0,01,2,22980,3419,N
20251106,M7731,41016902,20251106,41,11,08,41_5384444,2,570,41016902,20251106070339,4107446,20251106072344,4116130,0,01,1,30130,1205,N
20251106,M7731,41016902,20251106,41,41,08,41_5387759,2,570,41016902,20251106203324,4123056,20251106204216,4102447,2,01,1,3320,532,N
20251106,M7731,41016902,20251106,41,11,08,41_5441546,2,570,41016902,20251106223354,4177448,20251106230501,4111588,0,01,1,22120,1867,N
20251106,M7731,41016902,20251106,41,11,08,41_55169,1,570,41016902,20251106153651,4177532,20251106161737,4116126,0,01,1,24000,2446,N
20251106,M7731,41016902,20251106,41,11,08,41_55169,1,570,41016902,20251106174142,4177532,20251106182006,4116126,0,01,1,24000,2304,N
20251106,M7731,41016902,20251106,41,11,08,41_5602475,1,570,41016902,20251106100718,4177637,20251106110153,4111598,0,01,1,29120,3275,N
20251106,M7731,41016902,20251106,41,41,08,41_5672964,2,570,41016902,20251106233616,4177510,20251106235019,4177637,0,01,1,3670,843,N
20251106,M7731,41016902,20251106,41,11,08,41_5693105,1,570,41016902,20251106232620,4106836,20251106235450,4111588,0,01,1,24330,1710,N
20251106,M7731,41016902,20251106,41,11,08,41_5702168,2,570,41016902,20251106132300,4177448,20251106135857,4116126,0,01,1,23140,2157,N
20251106,M7731,41016902,20251106,41,11,08,41_5702953,1,570,41016902,20251106070054,4106836,20251106080227,4111588,0,01,1,24330,3693,N
20251106,M7731,41016902,20251106,41,11,08,41_570320,1,570,41016902,20251106112509,4106836,20251106120806,4116130,0,01,1,26590,2577,N
20251106,M7731,41016902,20251106,41,41,08,41_5717147,1,570,41016902,20251106195058,4123056,20251106202324,4110934,2,01,1,6380,1946,N
20251106,M7731,41016902,20251106,41,11,08,41_5738295,1,570,41016902,20251106064437,4177637,20251106074653,4111588,0,01,1,25830,3736,N
20251106,M7731,41016902,20251106,41,11,08,41_5748692,2,570,41016902,20251106074838,4177637,20251106084423,4116126,0,01,2,26850,3345,N
20251106,M7731,41016902,20251106,41,11,08,41_5768898,2,570,41016902,20251106134521,4177532,20251106143941,4111588,0,01,1,22980,3260,N
20251106,M7731,41016902,20251106,41,11,08,41_5768898,2,570,41016902,20251106171705,4177532,20251106173847,4111588,0,01,1,22980,1302,N
20251106,M7731,41016902,20251106,41,11,08,41_5786879,2,570,41016902,20251106165000,4106836,20251106172249,4116130,0,01,1,26590,1969,N
20251106,M7731,41016902,20251106,41,11,08,41_5788621,1,570,41016902,20251106064437,4177448,20251106071128,4111588,0,01,1,22120,1611,N
20251106,M7731,41016902,20251106,41,41,08,41_5809527,2,570,41016902,20251106232852,4106837,20251106234949,4110934,1,01,1,4440,1257,N
20251106,M7731,41016902,20251106,41,11,08,41_5820139,1,570,41016902,20251106183054,4106836,20251106190549,4111588,0,01,1,24330,2095,N
20251106,M7731,41016902,20251106,41,11,08,41_583115,2,570,41016902,20251106201042,4177637,20251106205633,4111588,0,01,1,25830,2751,N
20251106,M7731,41016902,20251106,41,11,08,41_585317,2,570,41016902,20251106060437,4177637,20251106065648,4111588,0,01,1,25830,3131,N
20251106,M7731,41016902,20251106,41,11,08,41_5854763,2,570,41016902,20251106171459,4177637,20251106175819,4111588,0,01,1,25830,2600,N
20251106,M7731,41016902,20251106,41,11,08,41_5879551,2,570,41016902,20251106170213,4177637,20251106174533,4111588,0,01,1,25830,2600,N
20251106,M7731,41016902,20251106,41,11,08,41_5889439,1,570,41016902,20251106071919,4177532,20251106080508,4111588,0,01,1,22980,2749,N
20251106,M7731,41016902,20251106,41,11,08,41_5889439,1,570,41016902,20251106144015,4177532,20251106152603,4111588,0,01,1,22980,2748,N
20251106,M7731,41016902,20251106,41,11,08,41_590103,2,570,41016902,20251106134005,4177448,20251106140844,4111588,0,01,1,22120,1719,N
20251106,M7731,41016902,20251106,41,41,08,41_5916628,1,570,41016902,20251106144203,4177533,20251106145414,4110934,0,01,1,5800,731,N
20251106,M7731,41016902,20251106,41,11,08,41_5922498,2,570,41016902,20251106224118,4106836,20251106232444,4111588,1,01,1,24330,2606,N
20251106,M7731,41016902,20251106,41,11,08,41_5942030,2,570,41016902,20251106095133,4177637,20251106101455,4116126,0,01,1,26850,1402,N
20251106,M7731,41016902,20251106,41,11,08,41_5942030,2,570,41016902,20251106171422,4177637,20251106173414,4116126,0,01,1,26850,1192,N
20251106,M7731,41016902,20251106,41,11,08,41_5965155,2,570,41016902,20251106185049,4106836,20251106193437,4111588,0,01,1,24330,2628,N
20251106,M7731,41016902,20251106,41,11,08,41_5967413,2,570,41016902,20251106205506,4177637,20251106211826,4111588,0,01,1,25830,1400,N
20251106,M7731,41016902,20251106,41,11,08,41_6004668,2,570,41016902,20251106102349,4177448,20251106110028,4116130,0,01,1,24380,2199,N
20251106,M7731,41016902,20251106,41,11,08,41_601695,1,570,41016902,20251106170032,4177448,20251106172856,4111588,0,01,1,22120,1704,N
20251106,M7731,41016902,20251106,41,11,08,41_603649,2,570,41016902,20251106171222,4106836,20251106175646,4116126,0,01,1,25350,2664,N
20251106,M7731,41016902,20251106,41,11,08,41_6071130,1,570,41016902,20251106171240,4106836,20251106174855,4111588,1,01,1,24330,2175,N
20251106,M7731,41016902,20251106,41,11,08,41_6072981,2,570,41016902,20251106155449,4177532,20251106162738,4111588,0,01,1,22980,1969,N
20251106,M7731,41016902,20251106,41,11,08,41_6084693,2,570,41016902,20251106063535,4177448,20251106073525,4111588,0,01,1,22120,3590,N
20251106,M7731,41016902,20251106,41,11,08,41_6099791,2,570,41016902,20251106102925,4177448,20251106110830,4111588,0,01,1,22120,2345,N
20251106,M7731,41016902,20251106,41,11,08,41_6101149,1,570,41016902,20251106154858,4177448,20251106163249,4116130,0,01,1,24380,2631,N
20251106,M7731,41016902,20251106,41,11,08,41_610625,2,570,41016902,20251106182031,4106836,20251106185229,4111588,0,01,1,24330,1918,N
20251106,M7731,41016902,20251106,41,41,08,41_61155,1,570,41016902,20251106091604,4177637,20251106092556,4177448,0,01,1,3710,592,N
20251106,M7731,41016902,20251106,41,41,08,41_6119265,2,570,41016902,20251106131141,4106836,20251106131948,4177532,0,01,1,1350,487,N
20251106,M7731,41016902,20251106,41,11,08,41_6126263,2,570,41016902,20251106154754,4177448,20251106163145,4116126,0,01,1,23140,2631,N
20251106,M7731,41016902,20251106,41,11,08,41_612754,2,570,41016902,20251106074049,4110935,20251106085519,4111588,0,01,1,28710,4470,N
20251106,M7731,41016902,20251106,41,41,08,41_6131173,2,570,41016902,20251106080448,4177637,20251106081550,4177448,0,01,1,3710,662,N
20251106,M7731,41016902,20251106,41,41,08,41_6131173,2,570,41016902,20251106111110,4177637,20251106112531,4177448,0,01,1,3710,861,N
20251106,M7731,41016902,20251106,41,41,08,41_6145294,1,570,41016902,20251106063710,4177637,20251106064812,4177448,1,01,1,3710,662,N
20251106,M7731,41016902,20251106,41,11,08,41_6155474,2,570,41016902,20251106064058,4106836,20251106071406,4111588,0,01,1,24330,1988,N
20251106,M7731,41016902,20251106,41,11,08,41_6194557,2,570,41016902,20251106114550,4106836,20251106123433,4111588,1,01,1,24330,2923,N
20251106,M7731,41016902,20251106,41,11,08,41_6204570,2,570,41016902,20251106164218,4106836,20251106172822,4111588,0,01,1,24330,2764,N
20251106,M7731,41016902,20251106,41,11,08,41_6206921,1,570,41016902,20251106195609,4177532,20251106204456,4111588,0,01,1,22980,2927,N
20251106,M7731,41016902,20251106,41,11,08,41_6224355,2,570,41016902,20251106072856,4177448,20251106081139,4111588,0,01,1,22120,2563,N
20251106,M7731,41016902,20251106,41,11,08,41_6228875,2,570,41016902,20251106070625,4177448,20251106075705,4111588,0,01,1,22120,3040,N
20251106,M7731,41016902,20251106,41,11,08,41_6230383,2,570,41016902,20251106181525,4106836,20251106190341,4111588,1,01,1,24330,2896,N
20251106,M7731,41016902,20251106,41,11,08,41_6242454,1,570,41016902,20251106220200,4106836,20251106224234,4111588,0,01,1,24330,2434,N
20251106,M7731,41016902,20251106,41,11,08,41_6247122,1,570,41016902,20251106161314,4177532,20251106165702,4116126,0,01,1,24000,2628,N
20251106,M7731,41016902,20251106,41,11,08,41_6287655,2,570,41016902,20251106182618,4106836,20251106190716,4111588,0,01,1,24330,2458,N
20251106,M7731,41016902,20251106,41,11,08,41_6297302,1,570,41016902,20251106081149,4106836,20251106085822,4111588,1,01,1,24330,2793,N
20251106,M7731,41016902,20251106,41,11,08,41_6302956,2,570,41016902,20251106080902,4177448,20251106083158,4116126,0,01,1,23140,1376,N
20251106,M7731,41016902,20251106,41,11,08,41_6305983,2,570,41016902,20251106161115,4177448,20251106163509,4116130,0,01,1,24380,1434,N
20251106,M7731,41016902,20251106,41,11,08,41_6308515,2,570,41016902,20251106161115,4177448,20251106163457,4116126,0,01,1,23140,1422,N
20251106,M7731,41016902,20251106,41,11,08,41_633285,2,570,41016902,20251106135017,4106836,20251106142246,4111588,0,01,1,24330,1949,N
20251106,M7731,41016902,20251106,41,11,08,41_6342732,2,570,41016902,20251106203359,4177637,20251106210306,4111588,0,01,1,25830,1747,N
20251106,M7731,41016902,20251106,41,11,08,41_6361617,2,570,41016902,20251106080959,4177448,20251106083631,4111588,0,01,1,22120,1592,N
20251106,M7731,41016902,20251106,41,11,08,41_6367265,1,570,41016902,20251106094549,4106836,20251106103004,4111588,0,01,1,24330,2655,N
20251106,M7731,41016902,20251106,41,11,08,41_6367265,1,570,41016902,20251106130415,4106836,20251106134413,4111588,0,01,1,24330,2398,N
20251106,M7731,41016902,20251106,41,11,08,41_6367265,1,570,41016902,20251106143659,4106836,20251106152525,4111588,0,01,1,24330,2906,N
20251106,M7731,41016902,20251106,41,11,08,41_6367265,1,570,41016902,20251106214016,4106836,20251106223451,4111588,0,01,1,24330,3275,N
20251106,M7731,41016902,20251106,41,11,08,41_63750,1,570,41016902,20251106063534,4177637,20251106073255,4111588,0,01,1,25830,3441,N
20251106,M7731,41016902,20251106,41,11,08,41_6400738,1,570,41016902,20251106211903,4177448,20251106215426,4111588,0,01,1,22120,2123,N
20251106,M7731,41016902,20251106,41,11,08,41_6433100,2,570,41016902,20251106072900,4177637,20251106080006,4111588,0,01,1,25830,1866,N
20251106,M7731,41016902,20251106,41,41,08,41_6440657,2,570,41016902,20251107001209,4102447,20251107001907,4177511,0,01,1,3800,418,N
20251106,M7731,41016902,20251106,41,11,08,41_6469149,1,570,41016902,20251106101717,4106836,20251106105103,4111588,1,01,1,24330,2026,N
20251106,M7731,41016902,20251106,41,11,08,41_6494849,2,570,41016902,20251106091116,4106836,20251106094151,4111598,1,01,1,27620,1835,N
20251106,M7731,41016902,20251106,41,11,08,41_6500839,2,570,41016902,20251106103847,4106836,20251106120059,4116130,1,01,1,26590,4932,N
20251106,M7731,41016902,20251106,41,11,08,41_6503241,2,570,41016902,20251106084425,4177637,20251106095228,4111588,0,01,2,25830,4083,N
20251106,M7731,41016902,20251106,41,11,08,41_6516328,2,570,41016902,20251106103651,4106836,20251106111448,4116126,1,01,1,25350,2277,N
20251106,M7731,41016902,20251106,41,11,08,41_6534766,2,570,41016902,20251106204451,4106836,20251106214018,4116130,0,01,1,26590,3327,N
20251106,M7731,41016902,20251106,41,41,08,41_6538227,2,570,41016902,20251106093402,4110935,20251106095733,4177448,0,01,1,6590,1411,N
20251106,M7731,41016902,20251106,41,11,08,41_6543493,2,570,41016902,20251106125351,4177637,20251106133238,4111598,0,01,1,29120,2327,N
20251106,M7731,41016902,20251106,41,41,08,41_6567063,2,570,41016902,20251106091142,4177637,20251106091911,4106836,0,01,1,1500,449,N
20251106,M7731,41016902,20251106,41,41,08,41_6598018,2,570,41016902,20251106121715,4177637,20251106122616,4177448,0,01,1,3710,541,N
20251106,M7731,41016902,20251106,41,41,08,41_6598018,2,570,41016902,20251106191728,4123056,20251106192555,4102447,2,01,1,3320,507,N
20251106,M7731,41016902,20251106,41,11,08,41_6605392,1,570,41016902,20251106201311,4106836,20251106205344,4116126,0,01,1,25350,2433,N
20251106,M7731,41016902,20251106,41,41,08,41_6611635,1,570,41016902,20251106184151,4110868,20251106185627,4177448,0,01,1,4860,876,N
20251106,M7731,41016902,20251106,41,11,08,41_6614181,2,570,41016902,20251106165008,4177532,20251106172518,4116126,0,01,1,24000,2110,N
20251106,M7731,41016902,20251106,41,11,08,41_6633481,2,570,41016902,20251106180334,4106836,20251106183540,4111588,0,01,1,24330,1926,N
20251106,M7731,41016902,20251106,41,11,08,41_6655016,1,570,41016902,20251106171410,4177532,20251106174950,4111588,0,01,1,22980,2140,N
20251106,M7731,41016902,20251106,41,11,08,41_6697815,2,570,41016902,20251106155344,4177532,20251106163107,4111588,0,01,1,22980,2243,N
20251106,M7731,41016902,20251106,41,11,08,41_6712330,2,570,41016902,20251106065242,4177637,20251106071150,4111588,0,01,1,25830,1148,N
20251106,M7731,41016902,20251106,41,11,08,41_6713777,2,570,41016902,20251106185755,4177448,20251106193915,4116126,0,01,1,23140,2480,N
20251106,M7731,41016902,20251106,41,11,08,41_6749290,2,570,41016902,20251106141931,4177532,20251106145127,4111588,0,01,1,22980,1916,N
20251106,M7731,41016902,20251106,41,11,08,41_6762088,2,570,41016902,20251106180927,4177448,20251106183651,4111588,0,01,1,22120,1644,N
20251106,M7731,41016902,20251106,41,41,08,41_676832,1,570,41016902,20251106173112,4106836,20251106173607,4177532,0,01,1,1350,295,N
20251106,M7731,41016902,20251106,41,11,08,41_6785386,2,570,41016902,20251106103307,4106836,20251106112654,4111588,1,01,1,24330,3227,N
20251106,M7731,41016902,20251106,41,11,08,41_6785386,2,570,41016902,20251106113457,4106836,20251106121029,4111588,0,01,1,24330,2132,N
20251106,M7731,41016902,20251106,41,11,08,41_6795696,2,570,41016902,20251106065242,4177637,20251106071150,4109162,0,01,1,30880,1148,N
20251106,M7731,41016902,20251106,41,11,08,41_680367,2,570,41016902,20251106124143,4177637,20251106131435,4111588,0,01,1,25830,1972,N
20251106,M7731,41016902,20251106,41,11,08,41_6843529,2,570,41016902,20251106150848,4177532,20251106154355,4116126,0,01,1,24000,2107,N
20251106,M7731,41016902,20251106,41,11,08,41_685431,1,570,41016902,20251106163202,4177532,20251106170437,4111588,0,01,1,22980,1955,N
20251106,M7731,41016902,20251106,41,11,08,41_6860275,1,570,41016902,20251106051007,4177510,20251106053918,4111588,0,01,1,29500,1751,N
20251106,M7731,41016902,20251106,41,11,08,41_6871330,1,570,41016902,20251106190608,4177448,20251106192904,4111588,0,01,1,22120,1376,N
20251106,M7731,41016902,20251106,41,11,08,41_6905794,1,570,41016902,20251106221425,4106836,20251106225843,4116130,0,01,1,26590,2658,N
20251106,M7731,41016902,20251106,41,11,08,41_6912584,2,570,41016902,20251106154111,4106836,20251106161200,4111588,0,01,1,24330,1849,N
20251106,M7731,41016902,20251106,41,11,08,41_6946079,2,570,41016902,20251106083939,4107446,20251106091941,4111588,0,01,1,27870,2402,N
20251106,M7731,41016902,20251106,41,11,08,41_6996524,2,570,41016902,20251106090631,4106836,20251106095826,4111588,0,01,1,24330,3115,N
20251106,M7731,41016902,20251106,41,11,08,41_7016395,2,570,41016902,20251106214955,4177532,20251106222704,4111588,0,01,1,22980,2229,N
20251106,M7731,41016902,20251106,41,11,08,41_7029968,2,570,41016902,20251106152639,4106836,20251106155820,4111588,0,01,1,24330,1901,N
20251106,M7731,41016902,20251106,41,11,08,41_7033966,2,570,41016902,20251106233118,4107446,20251107000124,4116126,0,01,1,28890,1806,N
20251106,M7731,41016902,20251106,41,41,08,41_7036492,2,570,41016902,20251106195007,4123056,20251106195932,4102447,2,01,1,3320,565,N
20251106,M7731,41016902,20251106,41,11,08,41_7040779,2,570,41016902,20251106160803,4177532,20251106164327,4111588,0,01,1,22980,2124,N
20251106,M7731,41016902,20251106,41,11,08,41_7043764,1,570,41016902,20251106052547,4177448,20251106055927,4111588,0,01,1,22120,2020,N
20251106,M7731,41016902,20251106,41,11,08,41_7057636,2,570,41016902,20251106195250,4177637,20251106203829,4111588,0,01,1,25830,2739,N
20251106,M7731,41016902,20251106,41,11,08,41_708336,2,570,41016902,20251106175455,4110868,20251106183717,4111588,0,01,1,26980,2542,N
20251106,M7731,41016902,20251106,41,41,08,41_7099171,2,570,41016902,20251106110420,4177637,20251106111224,4106836,0,01,1,1500,484,N
20251106,M7731,41016902,20251106,41,11,08,41_7102254,2,570,41016902,20251106192116,4177448,20251106194811,4116126,0,01,1,23140,1615,N
20251106,M7731,41016902,20251106,41,11,08,41_7167921,1,570,41016902,20251106173525,4106836,20251106180310,4111588,0,01,1,24330,1665,N
20251106,M7731,41016902,20251106,41,11,08,41_7214287,2,570,41016902,20251106061439,4110868,20251106071707,4111588,0,01,1,26980,3748,N
20251106,M7731,41016902,20251106,41,11,08,41_7215849,2,570,41016902,20251106193852,4106836,20251106201937,4111588,1,01,1,24330,2445,N
20251106,M7731,41016902,20251106,41,11,08,41_7230725,2,570,41016902,20251106085808,4106836,20251106093124,4111588,1,01,1,24330,1996,N
20251106,M7731,41016902,20251106,41,11,08,41_7256034,2,570,41016902,20251106131442,4177510,20251106135739,4116126,0,01,1,30520,2577,N
20251106,M7731,41016902,20251106,41,11,08,41_7274468,2,570,41016902,20251106122833,4106836,20251106130840,4116130,0,01,1,26590,2407,N
20251106,M7731,41016902,20251106,41,11,08,41_72859,2,570,41016902,20251106073157,4106836,20251106081033,4116130,1,01,1,26590,2316,N
20251106,M7731,41016902,20251106,41,11,08,41_72859,2,570,41016902,20251107004756,4106836,20251107012340,4116130,1,01,1,26590,2144,N
20251106,M7731,41016902,20251106,41,11,08,41_729741,2,570,41016902,20251106054307,4177637,20251106062204,4111588,0,01,1,25830,2337,N
20251106,M7731,41016902,20251106,41,11,08,41_7305240,1,570,41016902,20251106074322,4106836,20251106081324,4111588,0,01,1,24330,1802,N
20251106,M7731,41016902,20251106,41,11,08,41_7370392,2,570,41016902,20251106094928,4106836,20251106103005,4111588,0,01,1,24330,2437,N
20251106,M7731,41016902,20251106,41,11,08,41_7415540,2,570,41016902,20251106062217,4177448,20251106070909,4116126,0,01,1,23140,2812,N
20251106,M7731,41016902,20251106,41,11,08,41_7415540,2,570,41016902,20251106110628,4177448,20251106114505,4116126,0,01,1,23140,2317,N
20251106,M7731,41016902,20251106,41,11,08,41_7427442,1,570,41016902,20251106110715,4177448,20251106112940,4111588,0,01,1,22120,1345,N
20251106,M7731,41016902,20251106,41,11,08,41_7427442,1,570,41016902,20251106115334,4177448,20251106121841,4111588,0,01,1,22120,1507,N
20251106,M7731,41016902,20251106,41,11,08,41_7451216,2,570,41016902,20251106101047,4107446,20251106104213,4111588,0,01,1,27870,1886,N
20251106,M7731,41016902,20251106,41,11,08,41_7451216,2,570,41016902,20251106221142,4107446,20251106224452,4111588,0,01,1,27870,1990,N
20251106,M7731,41016902,20251106,41,11,08,41_7455506,2,570,41016902,20251106165128,4177532,20251106173106,4111588,0,01,1,22980,2378,N
20251106,M7731,41016902,20251106,41,41,08,41_7462527,2,570,41016902,20251106100750,4107446,20251106102053,4177532,0,01,1,4890,783,N
20251106,M7731,41016902,20251106,41,41,08,41_7462527,2,570,41016902,20251106141348,4177533,20251106143123,4107447,0,01,1,4900,1055,N
20251106,M7731,41016902,20251106,41,41,08,41_7463730,2,570,41016902,20251106202535,4106837,20251106203125,4110934,1,01,1,4440,350,N
20251106,M7731,41016902,20251106,41,11,08,41_7470589,1,570,41016902,20251106073632,4177510,20251106080312,4116126,0,01,1,30520,1600,N
20251106,M7731,41016902,20251106,41,11,08,41_7470621,2,570,41016902,20251106225709,4177448,20251106232101,4111588,0,01,1,22120,1432,N
20251106,M7731,41016902,20251106,41,11,08,41_747725,1,570,41016902,20251106170336,4177532,20251106174558,4116130,0,01,1,25240,2542,N
20251106,M7731,41016902,20251106,41,11,08,41_7477527,2,570,41016902,20251106125212,4177532,20251106132140,4116130,0,01,1,25240,1768,N
20251106,M7731,41016902,20251106,41,11,08,41_7477858,2,570,41016902,20251106153450,4177448,20251106160554,4116126,0,01,1,23140,1864,N
20251106,M7731,41016902,20251106,41,11,08,41_748971,2,570,41016902,20251106144023,4177532,20251106151244,4111588,0,01,1,22980,1941,N
20251106,M7731,41016902,20251106,41,11,08,41_7494561,2,570,41016902,20251106155358,4177448,20251106162006,4111588,0,01,1,22120,1568,N
20251106,M7731,41016902,20251106,41,11,08,41_7494638,2,570,41016902,20251106123302,4177510,20251106130405,4109162,1,01,1,34550,1863,N
20251106,M7731,41016902,20251106,41,11,08,41_7505899,1,570,41016902,20251106053210,4177510,20251106062558,4116126,0,01,1,30520,3228,N
20251106,M7731,41016902,20251106,41,11,08,41_7529792,2,570,41016902,20251106153833,4177532,20251106162456,4116126,0,01,1,24000,2783,N
20251106,M7731,41016902,20251106,41,11,08,41_7572820,2,570,41016902,20251106153833,4177532,20251106160825,4111588,0,01,1,22980,1792,N
20251106,M7731,41016902,20251106,41,11,08,41_7581042,2,570,41016902,20251106081044,4177448,20251106084306,4111588,0,01,1,22120,1942,N
20251106,M7731,41016902,20251106,41,11,08,41_7581855,2,570,41016902,20251106154140,4177532,20251106162803,4116126,0,01,1,24000,2783,N
20251106,M7731,41016902,20251106,41,11,08,41_759243,2,570,41016902,20251106150100,4110868,20251106153300,4111588,0,01,1,26980,1920,N
20251106,M7731,41016902,20251106,41,11,08,41_7594534,2,570,41016902,20251106143801,4177510,20251106154249,4111588,0,01,1,29500,3888,N
20251106,M7731,41016902,20251106,41,11,08,41_759663,1,570,41016902,20251106155211,4177448,20251106162548,4111588,0,01,1,22120,2017,N
20251106,M7731,41016902,20251106,41,11,08,41_7601648,2,570,41016902,20251106150337,4177448,20251106154533,4116126,0,01,1,23140,2516,N
20251106,M7731,41016902,20251106,41,11,08,41_7622538,2,570,41016902,20251106113850,4177448,20251106120444,4111588,0,01,1,22120,1554,N
20251106,M7731,41016902,20251106,41,11,08,41_7630482,2,570,41016902,20251106122109,4107446,20251106130425,4116126,0,01,1,28890,2596,N
20251106,M7731,41016902,20251106,41,41,08,41_7631479,2,570,41016902,20251106055342,4106836,20251106060220,4177532,1,01,1,1350,518,N
20251106,M7731,41016902,20251106,41,11,08,41_7636708,2,570,41016902,20251106114112,4177448,20251106121514,4111588,0,01,1,22120,2042,N
20251106,M7731,41016902,20251106,41,11,08,41_7659793,2,570,41016902,20251106171447,4177510,20251106174911,4116130,0,01,1,31760,2064,N
20251106,M7731,41016902,20251106,41,11,08,41_7692792,2,570,41016902,20251106092150,4177510,20251106101018,4111588,0,01,1,29500,2908,N
20251106,M7731,41016902,20251106,41,41,08,41_7702059,2,570,41016902,20251106071021,4107446,20251106071524,4106836,0,01,1,3540,303,N
20251106,M7731,41016902,20251106,41,41,08,41_7707280,2,570,41016902,20251106070621,4107446,20251106071849,4177637,0,01,1,2040,748,N
20251106,M7731,41016902,20251106,41,11,08,41_7715374,2,570,41016902,20251106092235,4107446,20251106094816,4111588,0,01,1,27870,1541,N
20251106,M7731,41016902,20251106,41,11,08,41_7737797,2,570,41016902,20251106212040,4177448,20251106215232,4111588,0,01,1,22120,1912,N
20251106,M7731,41016902,20251106,41,11,08,41_7744326,2,570,41016902,20251106072723,4106836,20251106075651,4109162,1,01,1,29380,1768,N
20251106,M7731,41016902,20251106,41,11,08,41_7746132,2,570,41016902,20251106125202,4177448,20251106132944,4116126,0,01,1,23140,2262,N
20251106,M7731,41016902,20251106,41,11,08,41_7756166,2,570,41016902,20251106062548,4177637,20251106065515,4116126,0,01,1,26850,1767,N
20251106,M7731,41016902,20251106,41,11,08,41_7792135,1,570,41016902,20251106070750,4177510,20251106075446,4116130,0,01,1,31760,2816,N
20251106,M7731,41016902,20251106,41,11,08,41_7805999,1,570,41016902,20251106081132,4177448,20251106085506,4111588,0,01,1,22120,2614,N
20251106,M7731,41016902,20251106,41,41,08,41_7811024,2,570,41016902,20251106184425,4177533,20251106185115,4106837,0,01,1,1360,410,N
20251106,M7731,41016902,20251106,41,11,08,41_7818329,2,570,41016902,20251106081150,4177448,20251106084607,4111588,0,01,1,22120,2057,N
20251106,M7731,41016902,20251106,41,11,08,41_7822146,1,570,41016902,20251106154446,4106836,20251106161433,4111588,0,01,1,24330,1787,N
20251106,M7731,41016902,20251106,41,41,08,41_7839216,2,570,41016902,20251106075528,4177533,20251106080149,4106837,0,01,1,1360,381,N
20251106,M7731,41016902,20251106,41,11,08,41_7852989,2,570,41016902,20251106103718,4177637,20251106112009,4116130,0,01,1,28090,2571,N
20251106,M7731,41016902,20251106,41,11,08,41_7857400,1,570,41016902,20251106182636,4106836,20251106191300,4111588,0,01,1,24330,2784,N
20251106,M7731,41016902,20251106,41,11,08,41_7937176,1,570,41016902,20251106152057,4177532,20251106154823,4116126,0,01,1,24000,1646,N
20251106,M7731,41016902,20251106,41,11,08,41_8005415,2,570,41016902,20251106092314,4106836,20251106095909,4116126,1,01,1,25350,2155,N
20251106,M7731,41016902,20251106,41,11,08,41_8014328,2,570,41016902,20251106053721,4106836,20251106061844,4111588,0,01,1,24330,2483,N
20251106,M7731,41016902,20251106,41,11,08,41_8015862,2,570,41016902,20251106074330,4106836,20251106081731,4111588,0,01,1,24330,2041,N
20251106,M7731,41016902,20251106,41,11,08,41_8026973,1,570,41016902,20251106094239,4177637,20251106102037,4111588,0,01,1,25830,2278,N
20251106,M7731,41016902,20251106,41,11,08,41_8029709,2,570,41016902,20251106074330,4106836,20251106081156,4116126,0,01,1,25350,1706,N
20251106,M7731,41016902,20251106,41,11,08,41_8036004,2,570,41016902,20251106175119,4177532,20251106181936,4111588,0,01,1,22980,1697,N
20251106,M7731,41016902,20251106,41,41,08,41_8039330,2,570,41016902,20251106160944,4123056,20251106163202,4110934,0,01,1,6380,1338,N
20251106,M7731,41016902,20251106,41,11,08,41_805141,1,570,41016902,20251106070048,4107446,20251106073930,4111588,0,01,1,27870,2322,N
20251106,M7731,41016902,20251106,41,11,08,41_8072515,1,570,41016902,20251106182904,4177532,20251106190326,4111588,0,01,1,22980,2062,N
20251106,M7731,41016902,20251106,41,11,08,41_8073755,2,570,41016902,20251106081708,4106836,20251106084814,4111588,0,01,1,24330,1866,N
20251106,M7731,41016902,20251106,41,11,08,41_8090565,2,570,41016902,20251106172523,4106836,20251106175415,4116126,0,01,1,25350,1732,N
20251106,M7731,41016902,20251106,41,11,08,41_8117012,2,570,41016902,20251106203139,4177448,20251106205259,4111588,0,01,1,22120,1280,N
20251106,M7731,41016902,20251106,41,11,08,41_8118885,1,570,41016902,20251106091439,4177448,20251106095730,4111588,0,01,1,22120,2571,N
20251106,M7731,41016902,20251106,41,41,08,41_812221,1,570,41016902,20251106061655,4110935,20251106064020,4177448,0,01,1,6590,1405,N
20251106,M7731,41016902,20251106,41,11,08,41_8124315,1,570,41016902,20251106201234,4106836,20251106205228,4111588,0,01,1,24330,2394,N
20251106,M7731,41016902,20251106,41,11,08,41_8167724,2,570,41016902,20251106170837,4177532,20251106175410,4111588,0,01,1,22980,2733,N
20251106,M7731,41016902,20251106,41,11,08,41_8188201,2,570,41016902,20251106163355,4177532,20251106170522,4111588,0,01,1,22980,1887,N
20251106,M7731,41016902,20251106,41,41,08,41_8202837,2,570,41016902,20251106194433,4123056,20251106195355,4177533,2,01,1,580,562,N
20251106,M7731,41016902,20251106,41,11,08,41_82473,2,570,41016902,20251106070629,4177448,20251106075256,4111588,0,01,1,22120,2787,N
20251106,M7731,41016902,20251106,41,11,08,41_8254911,2,570,41016902,20251106172048,4106836,20251106180247,4111588,0,01,1,24330,2519,N
20251106,M7731,41016902,20251106,41,11,08,41_8271612,1,570,41016902,20251106103903,4106836,20251106112132,4111588,0,01,1,24330,2549,N
20251106,M7731,41016902,20251106,41,11,08,41_827455,1,570,41016902,20251106123354,4177532,20251106130925,4111588,0,01,1,22980,2131,N
20251106,M7731,41016902,20251106,41,11,08,41_8275129,2,570,41016902,20251106094818,4106836,20251106104203,4116126,0,01,1,25350,3225,N
20251106,M7731,41016902,20251106,41,11,08,41_8279378,2,570,41016902,20251106191050,4106836,20251106200647,4111588,0,01,1,24330,3357,N
20251106,M7731,41016902,20251106,41,11,08,41_8279378,2,570,41016902,20251107001255,4106836,20251107005846,4116126,0,01,1,25350,2751,N
20251106,M7731,41016902,20251106,41,11,08,41_8279429,2,570,41016902,20251106191710,4106836,20251106194757,4111588,0,01,1,24330,1847,N
20251106,M7731,41016902,20251106,41,11,08,41_8289951,2,570,41016902,20251106063140,4110868,20251106071906,4109162,0,01,1,32030,2846,N
20251106,M7731,41016902,20251106,41,11,08,41_8305285,2,570,41016902,20251106130653,4177532,20251106135526,4111588,0,01,1,22980,2913,N
20251106,M7731,41016902,20251106,41,11,08,41_8320923,2,570,41016902,20251106221550,4177448,20251106225122,4111588,0,01,1,22120,2132,N
20251106,M7731,41016902,20251106,41,41,08,41_8350577,2,570,41016902,20251106210524,4106837,20251106211727,4110934,1,01,1,4440,723,N
20251106,M7731,41016902,20251106,41,11,08,41_8360568,2,570,41016902,20251106063000,4106836,20251106072303,4111588,0,01,1,24330,3183,N
20251106,M7731,41016902,20251106,41,41,08,41_8392942,2,570,41016902,20251106172323,4123056,20251106173022,4106837,3,01,1,1940,419,N
20251106,M7731,41016902,20251106,41,11,08,41_8401545,2,570,41016902,20251106160809,4177448,20251106164328,4116126,0,01,1,23140,2119,N
20251106,M7731,41016902,20251106,41,11,08,41_8415943,2,570,41016902,20251106170137,4177532,20251106175214,4116126,0,01,1,24000,3037,N
20251106,M7731,41016902,20251106,41,11,08,41_8431521,2,570,41016902,20251106190718,4177448,20251106193212,4111588,0,01,1,22120,1494,N
20251106,M7731,41016902,20251106,41,11,08,41_8469794,1,570,41016902,20251106160625,4177448,20251106162805,4111588,0,01,1,22120,1300,N
20251106,M7731,41016902,20251106,41,11,08,41_8471983,2,570,41016902,20251106185230,4177448,20251106191633,4111588,0,01,1,22120,1443,N
20251106,M7731,41016902,20251106,41,41,08,41_8515447,2,570,41016902,20251106081845,4102447,20251106083743,4177511,0,01,1,3800,1138,N
20251106,M7731,41016902,20251106,41,11,08,41_851940,2,570,41016902,20251106201155,4106836,20251106205019,4111588,0,01,1,24330,2304,N
20251106,M7731,41016902,20251106,41,11,08,41_8529436,2,570,41016902,20251106160913,4177448,20251106164901,4116126,0,01,1,23140,2388,N
20251106,M7731,41016902,20251106,41,11,08,41_8530225,2,570,41016902,20251106182328,4177532,20251106191414,4116130,0,01,1,25240,3046,N
20251106,M7731,41016902,20251106,41,11,08,41_8553321,1,570,41016902,20251106191205,4107446,20251106194147,4116126,0,01,1,28890,1782,N
20251106,M7731,41016902,20251106,41,11,08,41_8599603,1,570,41016902,20251106213047,4177637,20251106220032,4116126,0,01,1,26850,1785,N
20251106,M7731,41016902,20251106,41,11,08,41_8605826,2,570,41016902,20251106110858,4177637,20251106115137,4111588,0,01,1,25830,2559,N
20251106,M7731,41016902,20251106,41,11,08,41_8608148,2,570,41016902,20251106111614,4177637,20251106120516,4116126,0,01,1,26850,2942,N
20251106,M7731,41016902,20251106,41,41,08,41_8613025,2,570,41016902,20251107002107,4123056,20251107002657,4102447,3,01,1,3320,350,N
20251106,M7731,41016902,20251106,41,11,08,41_8646308,2,570,41016902,20251106172718,4106836,20251106181430,4116126,0,01,1,25350,2832,N
20251106,M7731,41016902,20251106,41,11,08,41_8673446,1,570,41016902,20251106094820,4106836,20251106102952,4111588,0,01,1,24330,2492,N
20251106,M7731,41016902,20251106,41,11,08,41_8680642,2,570,41016902,20251106154349,4177637,20251106162520,4111588,0,01,1,25830,2491,N
20251106,M7731,41016902,20251106,41,11,08,41_8681050,2,570,41016902,20251106072825,4177448,20251106075012,4111588,0,01,1,22120,1307,N
20251106,M7731,41016902,20251106,41,11,08,41_8723695,2,570,41016902,20251106144627,4106836,20251106151141,4116126,0,01,1,25350,1514,N
20251106,M7731,41016902,20251106,41,11,08,41_8768404,2,570,41016902,20251106062833,4106836,20251106071457,4111588,0,01,1,24330,2784,N
20251106,M7731,41016902,20251106,41,11,08,41_8772084,2,570,41016902,20251106191436,4177448,20251106195303,4111588,0,01,1,22120,2307,N
20251106,M7731,41016902,20251106,41,11,08,41_8832550,2,570,41016902,20251106072514,4177532,20251106081037,4111588,0,01,1,22980,2723,N
20251106,M7731,41016902,20251106,41,11,08,41_8843254,2,570,41016902,20251106160710,4177532,20251106170352,4116126,0,01,1,24000,3402,N
20251106,M7731,41016902,20251106,41,11,08,41_8866166,2,570,41016902,20251106071919,4177532,20251106080517,4116126,0,01,1,24000,2758,N
20251106,M7731,41016902,20251106,41,11,08,41_8872474,1,570,41016902,20251106072022,4177532,20251106080609,4111588,0,01,1,22980,2747,N
20251106,M7731,41016902,20251106,41,11,08,41_8877979,2,570,41016902,20251106214059,4107446,20251106221241,4111588,0,01,1,27870,1902,N
20251106,M7731,41016902,20251106,41,11,08,41_8879611,2,570,41016902,20251106142917,4106836,20251106152731,4116126,0,01,1,25350,3494,N
20251106,M7731,41016902,20251106,41,11,08,41_8947688,2,570,41016902,20251106222104,4106836,20251106225821,4111588,0,01,1,24330,2237,N
20251106,M7731,41016902,20251106,41,41,08,41_8949661,2,570,41016902,20251106190549,4123056,20251106192152,4107447,0,01,1,5480,963,N
20251106,M7731,41016902,20251106,41,11,08,41_8950042,1,570,41016902,20251106210340,4107446,20251106212736,4111588,0,01,1,27870,1436,N
20251106,M7731,41016902,20251106,41,11,08,41_8977425,2,570,41016902,20251106131429,4106836,20251106134833,4111588,0,01,1,24330,2044,N
20251106,M7731,41016902,20251106,41,11,08,41_900529,2,570,41016902,20251106192506,4177448,20251106200210,4116126,0,01,1,23140,2224,N
20251106,M7731,41016902,20251106,41,11,08,41_9008398,2,570,41016902,20251106174018,4177448,20251106181926,4111588,0,01,1,22120,2348,N
20251106,M7731,41016902,20251106,41,11,08,41_9016726,2,570,41016902,20251106152151,4177532,20251106155356,4111588,0,01,1,22980,1925,N
20251106,M7731,41016902,20251106,41,11,08,41_9032275,2,570,41016902,20251106070452,4177448,20251106073526,4111588,1,01,1,22120,1834,N
20251106,M7731,41016902,20251106,41,11,08,41_9034363,2,570,41016902,20251106195029,4177448,20251106201616,4111588,0,01,1,22120,1547,N
20251106,M7731,41016902,20251106,41,11,08,41_9034429,2,570,41016902,20251106142116,4106836,20251106145307,4111588,0,01,1,24330,1911,N
20251106,M7731,41016902,20251106,41,11,08,41_9035622,2,570,41016902,20251106072355,4106836,20251106080422,4111588,0,01,1,24330,2427,N
20251106,M7731,41016902,20251106,41,11,08,41_9041066,2,570,41016902,20251106171619,4106836,20251106174927,4111588,0,01,1,24330,1988,N
20251106,M7731,41016902,20251106,41,11,08,41_9053873,2,570,41016902,20251106122832,4106836,20251106125608,4116126,0,01,1,25350,1656,N
20251106,M7731,41016902,20251106,41,11,08,41_9055784,2,570,41016902,20251106090146,4177448,20251106093540,4116126,0,01,1,23140,2034,N
20251106,M7731,41016902,20251106,41,11,08,41_9062679,2,570,41016902,20251106192955,4177448,20251106200726,4111588,0,01,1,22120,2251,N
20251106,M7731,41016902,20251106,41,11,08,41_914598,2,570,41016902,20251106053158,4106836,20251106061420,4116126,1,01,1,25350,2542,N
20251106,M7731,41016902,20251106,41,11,08,41_9164390,2,570,41016902,20251106105358,4177510,20251106112510,4116130,0,01,1,31760,1872,N
20251106,M7731,41016902,20251106,41,11,08,41_9165122,2,570,41016902,20251106073629,4177532,20251106080118,4116126,1,01,1,24000,1489,N
20251106,M7731,41016902,20251106,41,11,08,41_919062,1,570,41016902,20251106121442,4106836,20251106124950,4116126,0,01,1,25350,2108,N
20251106,M7731,41016902,20251106,41,11,08,41_9195524,1,570,41016902,20251106222321,4177637,20251106230123,4111588,0,01,1,25830,2282,N
20251106,M7731,41016902,20251106,41,11,08,41_9215333,2,570,41016902,20251106185858,4177448,20251106191436,4111588,0,01,1,22120,938,N
20251106,M7731,41016902,20251106,41,11,08,41_9215333,2,570,41016902,20251106203934,4106836,20251106210500,4111588,0,01,1,24330,1526,N
20251106,M7731,41016902,20251106,41,41,08,41_9257142,2,570,41016902,20251106134530,4106836,20251106134834,4177532,0,01,1,1350,184,N
20251106,M7731,41016902,20251106,41,11,08,41_9338881,1,570,41016902,20251106170333,4177448,20251106173211,4111588,0,01,1,22120,1718,N
20251106,M7731,41016902,20251106,41,11,08,41_9341860,1,570,41016902,20251106204805,4177448,20251106211034,4111588,0,01,1,22120,1349,N
20251106,M7731,41016902,20251106,41,11,08,41_9345085,2,570,41016902,20251106143134,4177532,20251106151046,4116126,0,01,1,24000,2352,N
20251106,M7731,41016902,20251106,41,11,08,41_9363144,1,570,41016902,20251106054444,4177510,20251106065102,4111588,0,01,1,29500,3978,N
20251106,M7731,41016902,20251106,41,11,08,41_9369507,1,570,41016902,20251106052238,4177448,20251106054556,4111588,0,01,1,22120,1398,N
20251106,M7731,41016902,20251106,41,11,08,41_9393413,2,570,41016902,20251106143134,4177532,20251106151900,4111588,0,01,1,22980,2846,N
20251106,M7731,41016902,20251106,41,11,08,41_9403606,2,570,41016902,20251106214828,4106836,20251106223306,4116126,0,01,1,25350,2678,N
20251106,M7731,41016902,20251106,41,11,08,41_9437383,2,570,41016902,20251106054341,4177448,20251106061157,4111588,0,01,1,22120,1696,N
20251106,M7731,41016902,20251106,41,11,08,41_9473358,2,570,41016902,20251106170417,4177532,20251106175710,4111588,0,01,2,22980,3173,N
20251106,M7731,41016902,20251106,41,11,08,41_947476,2,570,41016902,20251106151357,4177637,20251106155423,4111588,0,01,1,25830,2426,N
20251106,M7731,41016902,20251106,41,11,08,41_9479054,2,570,41016902,20251106102639,4177448,20251106105740,4111588,0,01,1,22120,1861,N
20251106,M7731,41016902,20251106,41,11,08,41_9479054,2,570,41016902,20251106170413,4177532,20251106175706,4111588,0,01,1,22980,3173,N
20251106,M7731,41016902,20251106,41,11,08,41_9489609,2,570,41016902,20251106170413,4177532,20251106175921,4111588,0,01,1,22980,3308,N
20251106,M7731,41016902,20251106,41,11,08,41_9499560,2,570,41016902,20251106140245,4177448,20251106142902,4111588,0,01,1,22120,1577,N
20251106,M7731,41016902,20251106,41,11,08,41_9509849,2,570,41016902,20251106090836,4177448,20251106093954,4111599,0,01,1,26060,1878,N
20251106,M7731,41016902,20251106,41,11,08,41_9509849,2,570,41016902,20251106114802,4177448,20251106122806,4111598,0,01,1,25410,2404,N
20251106,M7731,41016902,20251106,41,11,08,41_9509849,2,570,41016902,20251106194636,4177448,20251106201811,4111599,0,01,1,26060,1895,N
20251106,M7731,41016902,20251106,41,11,08,41_9520355,2,570,41016902,20251106191448,4177448,20251106194841,4111588,0,01,1,22120,2033,N
20251106,M7731,41016902,20251106,41,11,08,41_9522745,2,570,41016902,20251106163320,4106836,20251106170802,4111588,0,01,1,24330,2082,N
20251106,M7731,41016902,20251106,41,11,08,41_9524413,1,570,41016902,20251106230032,4106836,20251106234232,4116130,0,01,1,26590,2520,N
20251106,M7731,41016902,20251106,41,11,08,41_9528440,1,570,41016902,20251106174959,4177448,20251106182120,4116130,0,01,1,24380,1881,N
20251106,M7731,41016902,20251106,41,11,08,41_9588203,2,570,41016902,20251106195332,4177448,20251106203500,4116130,0,01,1,24380,2488,N
20251106,M7731,41016902,20251106,41,11,08,41_9627848,1,570,41016902,20251106120623,4177510,20251106124628,4111588,0,01,1,29500,2405,N
20251106,M7731,41016902,20251106,41,11,08,41_9628113,2,570,41016902,20251106161603,4106836,20251106170055,4111588,0,01,1,24330,2692,N
20251106,M7731,41016902,20251106,41,11,08,41_9649103,1,570,41016902,20251106174235,4177448,20251106180534,4111588,0,01,1,22120,1379,N
20251106,M7731,41016902,20251106,41,11,08,41_965548,2,570,41016902,20251106202246,4177448,20251106210258,4116126,0,01,1,23140,2412,N
20251106,M7731,41016902,20251106,41,11,08,41_9678593,2,570,41016902,20251106174931,4177448,20251106181401,4116130,0,01,1,24380,1470,N
20251106,M7731,41016902,20251106,41,11,08,41_9685173,1,570,41016902,20251106064515,4107446,20251106074817,4111588,0,01,1,27870,3782,N
20251106,M7731,41016902,20251106,41,11,08,41_9690893,2,570,41016902,20251106174639,4106836,20251106181113,4111588,0,01,1,24330,1474,N
20251106,M7731,41016902,20251106,41,11,08,41_9707424,2,570,41016902,20251106071052,4177510,20251106074651,4109162,0,01,1,34550,2159,N
20251106,M7731,41016902,20251106,41,11,08,41_9719339,2,570,41016902,20251106135248,4177448,20251106142326,4111588,0,01,1,22120,1838,N
20251106,M7731,41016902,20251106,41,11,08,41_9720274,2,570,41016902,20251106085627,4177448,20251106094107,4116130,0,01,1,24380,2680,N
20251106,M7731,41016902,20251106,41,11,08,41_9754330,2,570,41016902,20251106072225,4106836,20251106080057,4111588,0,01,1,24330,2312,N
20251106,M7731,41016902,20251106,41,11,08,41_9781667,1,570,41016902,20251106170354,4177532,20251106173835,4111588,0,01,1,22980,2081,N
20251106,M7731,41016902,20251106,41,11,08,41_9782135,2,570,41016902,20251106124614,4106836,20251106132418,4116126,1,01,1,25350,2284,N
20251106,M7731,41016902,20251106,41,11,08,41_9811334,1,570,41016902,20251106094925,4106836,20251106101216,4116130,1,01,1,26590,1371,N
20251106,M7731,41016902,20251106,41,11,08,41_9855678,2,570,41016902,20251106170725,4106836,20251106174122,4111588,0,01,1,24330,2037,N
20251106,M7731,41016902,20251106,41,41,08,41_9877930,2,570,41016902,20251106232418,4123056,20251106233155,4106837,1,01,1,1940,457,N
20251106,M7731,41016902,20251106,41,11,08,41_9884212,2,570,41016902,20251106135230,4177448,20251106142223,4116126,0,01,1,23140,1793,N
20251106,M7731,41016902,20251106,41,11,08,41_98957,2,570,41016902,20251106074130,4106836,20251106082240,4111588,1,01,1,24330,2470,N
20251106,M7731,41016902,20251106,41,11,08,41_98957,2,570,41016902,20251107005431,4106836,20251107014457,4111588,1,01,1,24330,3026,N
20251106,M7731,41016902,20251106,41,11,08,41_9912409,2,570,41016902,20251106110117,4177448,20251106114018,4111588,0,01,1,22120,2341,N
20251106,M7731,41016902,20251106,41,11,08,41_9937832,1,570,41016902,20251106070456,4177448,20251106073102,4116126,0,01,1,23140,1566,N
20251106,M7731,41016902,20251106,41,11,08,41_9937832,1,570,41016902,20251106150104,4177448,20251106153401,4111588,0,01,1,22120,1977,N
20251106,M7731,41016902,20251106,41,11,08,41_9941704,2,570,41016902,20251106095355,4177637,20251106101653,4111588,0,01,2,25830,1378,N
20251106,M7731,41016902,20251106,41,11,08,41_9943035,2,570,41016902,20251106084000,4106836,20251106092159,4111588,0,01,1,24330,2519,N
20251106,M7731,41016902,20251106,41,11,08,41_9981074,2,570,41016902,20251106053602,4110868,20251106060431,4111588,0,01,1,26980,1709,N
20251106,M7731,41016902,20251106,41,11,08,41_9996880,1,570,41016902,20251106050240,4107446,20251106053109,4111588,0,01,1,27870,1709,N
