query_date,query_route_no,query_route_id,opr_ymd,ride_ctpv_cd,goff_ctpv_cd,clcln_bzmn_id,vr_card_no,card_se_cd,clcln_bzmn_trfc_mns_cd,rte_id,ride_dt,ride_sttn_id,goff_dt,goff_sttn_id,trnf_cnt,users_type_cd,utztn_nope,utztn_dstnc,brdg_hr,msv_intrpl_yn
20251127,M7731,41016902,20251127,41,11,08,41_10007046,2,570,41016902,20251128001328,4177448,20251128003613,4111588,0,01,1,22120,1365,N
20251127,M7731,41016902,20251127,41,11,08,41_10013774,1,570,41016902,20251127052215,4177637,20251127061814,4111588,0,01,1,25830,3359,N
20251127,M7731,41016902,20251127,41,11,08,41_10045374,2,570,41016902,20251127055356,4177637,20251127063253,4111588,0,01,1,25830,2337,N
20251127,M7731,41016902,20251127,41,11,08,41_10176927,2,570,41016902,20251127101645,4177637,20251127110749,4111588,0,01,1,25830,3064,N
20251127,M7731,41016902,20251127,41,11,08,41_10179110,2,570,41016902,20251127171247,4177532,20251127174641,4111588,0,01,1,22980,2034,N
20251127,M7731,41016902,20251127,41,11,08,41_10179110,2,570,41016902,20251127212940,4177532,20251127221558,4111588,0,01,1,22980,2778,N
20251127,M7731,41016902,20251127,41,11,08,41_10189030,2,570,41016902,20251127071607,4106836,20251127074437,4111588,0,01,1,24330,1710,N
20251127,M7731,41016902,20251127,41,11,08,41_10190799,1,570,41016902,20251127170837,4177532,20251127180433,4116126,0,01,1,24000,3356,N
20251127,M7731,41016902,20251127,41,11,08,41_10195551,2,570,41016902,20251127053750,4106836,20251127061322,4111588,0,01,1,24330,2132,N
20251127,M7731,41016902,20251127,41,11,08,41_10197017,2,570,41016902,20251127180332,4106836,20251127191411,4111588,0,01,1,24330,4239,N
20251127,M7731,41016902,20251127,41,11,08,41_10227903,2,570,41016902,20251127191345,4177448,20251127194154,4111588,0,01,1,22120,1689,N
20251127,M7731,41016902,20251127,41,11,08,41_10281578,2,570,41016902,20251127180152,4177532,20251127183906,4111588,0,01,1,22980,2234,N
20251127,M7731,41016902,20251127,41,11,08,41_1034522,2,570,41016902,20251127143103,4106836,20251127151028,4111588,0,01,1,24330,2365,N
20251127,M7731,41016902,20251127,41,11,08,41_10364462,2,570,41016902,20251127163904,4177448,20251127170406,4111588,0,01,1,22120,1502,N
20251127,M7731,41016902,20251127,41,11,08,41_10372687,2,570,41016902,20251127222625,4106836,20251127225358,4111588,0,01,1,24330,1653,N
20251127,M7731,41016902,20251127,41,11,08,41_10388291,2,570,41016902,20251127070041,4110935,20251127074231,4111588,0,01,1,28710,2510,N
20251127,M7731,41016902,20251127,41,11,08,41_10388291,2,570,41016902,20251127185855,4110935,20251127193729,4111588,0,01,1,28710,2314,N
20251127,M7731,41016902,20251127,41,11,08,41_10395383,2,570,41016902,20251127194911,4177448,20251127202326,4111588,0,01,1,22120,2055,N
20251127,M7731,41016902,20251127,41,11,08,41_10396383,2,570,41016902,20251127213421,4177448,20251127215846,4111588,0,01,1,22120,1465,N
20251127,M7731,41016902,20251127,41,11,08,41_10423347,2,570,41016902,20251127182043,4177448,20251127190708,4111588,0,01,1,22120,2785,N
20251127,M7731,41016902,20251127,41,11,08,41_10433126,2,570,41016902,20251127061053,4177510,20251127072308,4111588,0,01,1,29500,4335,N
20251127,M7731,41016902,20251127,41,11,08,41_10450959,2,570,41016902,20251127115137,4106836,20251127122816,4116126,0,01,2,25350,2199,N
20251127,M7731,41016902,20251127,41,11,08,41_10464613,2,570,41016902,20251127090148,4106836,20251127095725,4111588,1,01,1,24330,3337,N
20251127,M7731,41016902,20251127,41,11,08,41_10516931,1,570,41016902,20251127052041,4177448,20251127060016,4109162,0,01,1,27170,2375,N
20251127,M7731,41016902,20251127,41,11,08,41_10532481,1,570,41016902,20251127071843,4177448,20251127080349,4111588,0,01,1,22120,2706,N
20251127,M7731,41016902,20251127,41,11,08,41_10544493,2,570,41016902,20251127072546,4177510,20251127081358,4116126,0,01,1,30520,2892,N
20251127,M7731,41016902,20251127,41,11,08,41_10567768,2,570,41016902,20251127174932,4177637,20251127183512,4111588,0,01,1,25830,2740,N
20251127,M7731,41016902,20251127,41,11,08,41_10572034,2,570,41016902,20251127195154,4106836,20251127202625,4111588,0,01,1,24330,2071,N
20251127,M7731,41016902,20251127,41,11,08,41_10572034,2,570,41016902,20251127234421,4106836,20251128001216,4111588,0,01,1,24330,1675,N
20251127,M7731,41016902,20251127,41,11,08,41_10596764,1,570,41016902,20251127072546,4177637,20251127081052,4116126,0,01,1,26850,2706,N
20251127,M7731,41016902,20251127,41,11,08,41_10597765,2,570,41016902,20251127062605,4177637,20251127074432,4111588,0,01,1,25830,4707,N
20251127,M7731,41016902,20251127,41,11,08,41_10599639,2,570,41016902,20251127174932,4177637,20251127183504,4116126,0,01,1,26850,2732,N
20251127,M7731,41016902,20251127,41,11,08,41_10610362,2,570,41016902,20251127084109,4177637,20251127090634,4111588,0,01,1,25830,1525,N
20251127,M7731,41016902,20251127,41,11,08,41_10668902,1,570,41016902,20251127173225,4110868,20251127175742,4111588,0,01,1,26980,1517,N
20251127,M7731,41016902,20251127,41,11,08,41_10704737,2,570,41016902,20251127205233,4106836,20251127213604,4116126,0,01,1,25350,2611,N
20251127,M7731,41016902,20251127,41,11,08,41_10716831,1,570,41016902,20251127181137,4106836,20251127184452,4111588,1,01,1,24330,1995,N
20251127,M7731,41016902,20251127,41,11,08,41_10725256,2,570,41016902,20251127061859,4177448,20251127064659,4111588,0,01,1,22120,1680,N
20251127,M7731,41016902,20251127,41,11,08,41_10725256,2,570,41016902,20251127230840,4177448,20251128000040,4109162,0,01,1,27170,3120,N
20251127,M7731,41016902,20251127,41,11,08,41_10743022,2,570,41016902,20251127062909,4177448,20251127065820,4116126,0,01,1,23140,1751,N
20251127,M7731,41016902,20251127,41,11,08,41_10753710,2,570,41016902,20251127151701,4106836,20251127155647,4111588,0,01,1,24330,2386,N
20251127,M7731,41016902,20251127,41,11,08,41_10753710,2,570,41016902,20251127190255,4106836,20251127193410,4111588,0,01,1,24330,1875,N
20251127,M7731,41016902,20251127,41,11,08,41_10761556,2,570,41016902,20251127173910,4177448,20251127180416,4111588,0,01,1,22120,1506,N
20251127,M7731,41016902,20251127,41,11,08,41_10782759,2,570,41016902,20251127181423,4106836,20251127190525,4116126,0,01,1,25350,3062,N
20251127,M7731,41016902,20251127,41,11,08,41_10842947,2,570,41016902,20251127065857,4177448,20251127073408,4111588,0,01,1,22120,2111,N
20251127,M7731,41016902,20251127,41,11,08,41_10867180,2,570,41016902,20251127180204,4177532,20251127184201,4111588,0,01,1,22980,2397,N
20251127,M7731,41016902,20251127,41,11,08,41_10878506,2,570,41016902,20251127180159,4177532,20251127183811,4111588,0,01,1,22980,2172,N
20251127,M7731,41016902,20251127,41,11,08,41_10886849,2,570,41016902,20251127115721,4177510,20251127123747,4116126,0,01,1,30520,2426,N
20251127,M7731,41016902,20251127,41,11,08,41_10898343,2,570,41016902,20251127211856,4177448,20251127215823,4111588,0,01,1,22120,2367,N
20251127,M7731,41016902,20251127,41,11,08,41_10898622,2,570,41016902,20251127225853,4106836,20251127233653,4116126,0,01,1,25350,2280,N
20251127,M7731,41016902,20251127,41,11,08,41_10902740,2,570,41016902,20251127171202,4177532,20251127174515,4111588,0,01,1,22980,1993,N
20251127,M7731,41016902,20251127,41,11,08,41_10924948,2,570,41016902,20251127211016,4177532,20251127214326,4116126,0,01,1,24000,1990,N
20251127,M7731,41016902,20251127,41,11,08,41_10969867,2,570,41016902,20251127154113,4177448,20251127161339,4111588,0,01,1,22120,1946,N
20251127,M7731,41016902,20251127,41,11,08,41_10994300,2,570,41016902,20251127210931,4177532,20251127214547,4111588,0,01,1,22980,2176,N
20251127,M7731,41016902,20251127,41,11,08,41_11009766,2,570,41016902,20251127124859,4106836,20251127133543,4116126,0,01,1,25350,2804,N
20251127,M7731,41016902,20251127,41,11,08,41_11029805,2,570,41016902,20251127203645,4106836,20251127211226,4116126,0,01,1,25350,2141,N
20251127,M7731,41016902,20251127,41,11,08,41_11031884,2,570,41016902,20251127222047,4106836,20251127224959,4116130,0,01,1,26590,1752,N
20251127,M7731,41016902,20251127,41,11,08,41_11050278,2,570,41016902,20251127202456,4106836,20251127210501,4116126,1,01,1,25350,2405,N
20251127,M7731,41016902,20251127,41,11,08,41_11057940,2,570,41016902,20251127142716,4177448,20251127145335,4116126,0,01,1,23140,1579,N
20251127,M7731,41016902,20251127,41,11,08,41_11057940,2,570,41016902,20251127204826,4177448,20251127211452,4116126,0,01,1,23140,1586,N
20251127,M7731,41016902,20251127,41,11,08,41_11070624,2,570,41016902,20251127101551,4107446,20251127104217,4116130,0,01,1,30130,1586,N
20251127,M7731,41016902,20251127,41,11,08,41_11107075,2,570,41016902,20251127081112,4177637,20251127083327,4111588,0,01,1,25830,1335,N
20251127,M7731,41016902,20251127,41,11,08,41_11118546,2,570,41016902,20251127083100,4177448,20251127085444,4111598,0,01,1,25410,1424,N
20251127,M7731,41016902,20251127,41,11,08,41_11119782,2,570,41016902,20251127083031,4177448,20251127090155,4111588,0,01,1,22120,1884,N
20251127,M7731,41016902,20251127,41,11,08,41_11123057,2,570,41016902,20251127211111,4177448,20251127213354,4116130,0,01,1,24380,1363,N
20251127,M7731,41016902,20251127,41,11,08,41_11131762,2,570,41016902,20251127083319,4177448,20251127090215,4111588,0,01,1,22120,1736,N
20251127,M7731,41016902,20251127,41,11,08,41_11137368,2,570,41016902,20251127070732,4106836,20251127072906,4116126,0,01,1,25350,1294,N
20251127,M7731,41016902,20251127,41,11,08,41_11137512,1,570,41016902,20251127094335,4177532,20251127103031,4111588,0,01,1,22980,2816,N
20251127,M7731,41016902,20251127,41,11,08,41_11137512,1,570,41016902,20251127163130,4177532,20251127170735,4111588,0,01,1,22980,2165,N
20251127,M7731,41016902,20251127,41,11,08,41_11191963,2,570,41016902,20251127172613,4106836,20251127174619,4111588,0,01,1,24330,1206,N
20251127,M7731,41016902,20251127,41,11,08,41_11210347,2,570,41016902,20251127142003,4106836,20251127150057,4116126,0,01,1,25350,2454,N
20251127,M7731,41016902,20251127,41,11,08,41_11231492,2,570,41016902,20251127075715,4177448,20251127084242,4111588,0,01,1,22120,2727,N
20251127,M7731,41016902,20251127,41,11,08,41_11231944,2,570,41016902,20251127142546,4177637,20251127150640,4116126,0,01,1,26850,2454,N
20251127,M7731,41016902,20251127,41,11,08,41_11255347,2,570,41016902,20251127075717,4177448,20251127082628,4111588,0,01,1,22120,1751,N
20251127,M7731,41016902,20251127,41,11,08,41_11295674,2,570,41016902,20251127074503,4177448,20251127082304,4111588,0,01,1,22120,2281,N
20251127,M7731,41016902,20251127,41,11,08,41_11345886,2,570,41016902,20251127180543,4177448,20251127184254,4111588,0,01,1,22120,2231,N
20251127,M7731,41016902,20251127,41,11,08,41_11348584,2,570,41016902,20251127063807,4177510,20251127073314,4111588,0,01,1,29500,3307,N
20251127,M7731,41016902,20251127,41,11,08,41_11351408,2,570,41016902,20251127110648,4177448,20251127114725,4111588,0,01,1,22120,2437,N
20251127,M7731,41016902,20251127,41,11,08,41_11351408,2,570,41016902,20251127181652,4177448,20251127184334,4111588,0,01,1,22120,1602,N
20251127,M7731,41016902,20251127,41,11,08,41_11359108,2,570,41016902,20251127110624,4177448,20251127114701,4111588,0,01,1,22120,2437,N
20251127,M7731,41016902,20251127,41,11,08,41_11411607,1,570,41016902,20251127113409,4106836,20251127115802,4111588,0,01,1,24330,1433,N
20251127,M7731,41016902,20251127,41,11,08,41_11440524,2,570,41016902,20251127070203,4177510,20251127072738,4111598,0,01,1,32790,1535,N
20251127,M7731,41016902,20251127,41,11,08,41_11443263,1,570,41016902,20251127181057,4177532,20251127184110,4111588,0,01,1,22980,1813,N
20251127,M7731,41016902,20251127,41,11,08,41_11450522,2,570,41016902,20251127125126,4177532,20251127131705,4111588,0,01,1,22980,1539,N
20251127,M7731,41016902,20251127,41,11,08,41_11454582,2,570,41016902,20251127074003,4106836,20251127082407,4116126,0,01,1,25350,2644,N
20251127,M7731,41016902,20251127,41,11,08,41_11454582,2,570,41016902,20251127181930,4106836,20251127191706,4116126,0,01,1,25350,3456,N
20251127,M7731,41016902,20251127,41,11,08,41_11496143,1,570,41016902,20251127070203,4177448,20251127074319,4116126,0,01,1,23140,2476,N
20251127,M7731,41016902,20251127,41,11,08,41_11497073,2,570,41016902,20251127182323,4106836,20251127191008,4116126,0,01,1,25350,2805,N
20251127,M7731,41016902,20251127,41,11,08,41_11540375,1,570,41016902,20251127141055,4177448,20251127150507,4111598,0,01,1,25410,3252,N
20251127,M7731,41016902,20251127,41,11,08,41_11561649,2,570,41016902,20251127141526,4177637,20251127150556,4111588,0,01,1,25830,3030,N
20251127,M7731,41016902,20251127,41,11,08,41_11577872,1,570,41016902,20251127140853,4177448,20251127150305,4116126,0,01,1,23140,3252,N
20251127,M7731,41016902,20251127,41,11,08,41_11588334,2,570,41016902,20251127150023,4106836,20251127154622,4111588,0,01,1,24330,2759,N
20251127,M7731,41016902,20251127,41,11,08,41_11590898,2,570,41016902,20251127142019,4177448,20251127151431,4116126,0,01,1,23140,3252,N
20251127,M7731,41016902,20251127,41,11,08,41_11597233,1,570,41016902,20251127072755,4110868,20251127080802,4116126,0,01,1,28000,2407,N
20251127,M7731,41016902,20251127,41,11,08,41_11647815,2,570,41016902,20251127100421,4177448,20251127105025,4111588,0,01,1,22120,2764,N
20251127,M7731,41016902,20251127,41,11,08,41_11656632,2,570,41016902,20251127201641,4177532,20251127205533,4111588,0,01,1,22980,2332,N
20251127,M7731,41016902,20251127,41,11,08,41_11677401,2,570,41016902,20251127174808,4106836,20251127184150,4116126,0,01,1,25350,3222,N
20251127,M7731,41016902,20251127,41,11,08,41_1174657,2,570,41016902,20251127074950,4106836,20251127081449,4116126,0,01,1,25350,1499,N
20251127,M7731,41016902,20251127,41,11,08,41_1175496,2,570,41016902,20251127163424,4177448,20251127172229,4111588,0,01,1,22120,2885,N
20251127,M7731,41016902,20251127,41,11,08,41_11802481,1,570,41016902,20251127140256,4177532,20251127144727,4111588,0,01,1,22980,2671,N
20251127,M7731,41016902,20251127,41,11,08,41_11818637,1,570,41016902,20251127140256,4177532,20251127144952,4116126,0,01,1,24000,2816,N
20251127,M7731,41016902,20251127,41,11,08,41_11822571,2,570,41016902,20251127103250,4106836,20251127111129,4116126,0,01,1,25350,2319,N
20251127,M7731,41016902,20251127,41,11,08,41_11846757,1,570,41016902,20251127131025,4177448,20251127133733,4111588,0,01,1,22120,1628,N
20251127,M7731,41016902,20251127,41,11,08,41_11899864,2,570,41016902,20251127213114,4106836,20251127222420,4116126,1,01,1,25350,3186,N
20251127,M7731,41016902,20251127,41,11,08,41_11913204,2,570,41016902,20251127132827,4106836,20251127141751,4111588,1,01,1,24330,2964,N
20251127,M7731,41016902,20251127,41,11,08,41_11932369,1,570,41016902,20251127195027,4177448,20251127201335,4116126,0,01,1,23140,1388,N
20251127,M7731,41016902,20251127,41,11,08,41_11943099,2,570,41016902,20251127152905,4177448,20251127155311,4111588,0,01,1,22120,1446,N
20251127,M7731,41016902,20251127,41,11,08,41_11955438,1,570,41016902,20251127194956,4177448,20251127201304,4116126,0,01,2,23140,1388,N
20251127,M7731,41016902,20251127,41,11,08,41_1196229,2,570,41016902,20251127065508,4177448,20251127071553,4111588,0,01,1,22120,1245,N
20251127,M7731,41016902,20251127,41,11,08,41_11975372,1,570,41016902,20251127063445,4177637,20251127073033,4111588,0,01,1,25830,3348,N
20251127,M7731,41016902,20251127,41,11,08,41_12019919,1,570,41016902,20251127181218,4177448,20251127184353,4116126,0,01,1,23140,1895,N
20251127,M7731,41016902,20251127,41,11,08,41_12044642,2,570,41016902,20251127125428,4177637,20251127133553,4111588,0,01,1,25830,2485,N
20251127,M7731,41016902,20251127,41,11,08,41_12083870,2,570,41016902,20251127083439,4177448,20251127093205,4111599,0,01,1,26060,3446,N
20251127,M7731,41016902,20251127,41,11,08,41_12083870,2,570,41016902,20251127183231,4177448,20251127193333,4111599,0,01,1,26060,3662,N
20251127,M7731,41016902,20251127,41,11,08,41_12088768,1,570,41016902,20251127083833,4177448,20251127092006,4116126,0,01,2,23140,2493,N
20251127,M7731,41016902,20251127,41,11,08,41_12107063,2,570,41016902,20251127232511,4106836,20251127235554,4116130,0,01,1,26590,1843,N
20251127,M7731,41016902,20251127,41,11,08,41_12117374,2,570,41016902,20251127215626,4106836,20251127222817,4111588,0,01,1,24330,1911,N
20251127,M7731,41016902,20251127,41,11,08,41_12133586,2,570,41016902,20251127141813,4177532,20251127145104,4116126,0,01,1,24000,1971,N
20251127,M7731,41016902,20251127,41,11,08,41_12143969,2,570,41016902,20251127203545,4177448,20251127205558,4111588,0,01,1,22120,1213,N
20251127,M7731,41016902,20251127,41,11,08,41_12145308,2,570,41016902,20251127141813,4177532,20251127145338,4111588,0,01,1,22980,2125,N
20251127,M7731,41016902,20251127,41,11,08,41_12159119,2,570,41016902,20251127162349,4177448,20251127170052,4111588,0,01,1,22120,2223,N
20251127,M7731,41016902,20251127,41,11,08,41_12189599,2,570,41016902,20251127075039,4106836,20251127084606,4111588,0,01,1,24330,3327,N
20251127,M7731,41016902,20251127,41,11,08,41_12195545,2,570,41016902,20251127053425,4110868,20251127060754,4111588,0,01,1,26980,2009,N
20251127,M7731,41016902,20251127,41,11,08,41_12215776,1,570,41016902,20251127203220,4177448,20251127205431,4111588,0,01,1,22120,1331,N
20251127,M7731,41016902,20251127,41,11,08,41_12232212,1,570,41016902,20251127112937,4106836,20251127120500,4111599,0,01,1,28270,2123,N
20251127,M7731,41016902,20251127,41,11,08,41_12250925,2,570,41016902,20251127074718,4107446,20251127082437,4111588,0,01,1,27870,2239,N
20251127,M7731,41016902,20251127,41,11,08,41_12252237,2,570,41016902,20251127213732,4177448,20251127220308,4111588,0,01,1,22120,1536,N
20251127,M7731,41016902,20251127,41,11,08,41_12266270,1,570,41016902,20251127074539,4106836,20251127082258,4111599,0,01,1,28270,2239,N
20251127,M7731,41016902,20251127,41,11,08,41_12268508,2,570,41016902,20251127102511,4106836,20251127105838,4116126,1,01,1,25350,2007,N
20251127,M7731,41016902,20251127,41,11,08,41_12274508,2,570,41016902,20251127202648,4177448,20251127210046,4116126,0,01,1,23140,2038,N
20251127,M7731,41016902,20251127,41,11,08,41_12276013,1,570,41016902,20251127143911,4106836,20251127151244,4116126,0,01,1,25350,2013,N
20251127,M7731,41016902,20251127,41,11,08,41_12348069,2,570,41016902,20251127134749,4177532,20251127141613,4111588,0,01,1,22980,1704,N
20251127,M7731,41016902,20251127,41,11,08,41_12363661,1,570,41016902,20251127110620,4177448,20251127113037,4111588,0,01,1,22120,1457,N
20251127,M7731,41016902,20251127,41,11,08,41_12372128,2,570,41016902,20251127083133,4110935,20251127093918,4111588,0,01,1,28710,4065,N
20251127,M7731,41016902,20251127,41,11,08,41_12379113,2,570,41016902,20251127222147,4106836,20251127225056,4116126,1,01,1,25350,1749,N
20251127,M7731,41016902,20251127,41,11,08,41_12384270,2,570,41016902,20251127070331,4106836,20251127073928,4111588,0,01,1,24330,2157,N
20251127,M7731,41016902,20251127,41,11,08,41_12407531,2,570,41016902,20251127142622,4106836,20251127151449,4116126,1,01,1,25350,2907,N
20251127,M7731,41016902,20251127,41,11,08,41_12437926,2,570,41016902,20251127061157,4177637,20251127064730,4109162,0,01,1,30880,2133,N
20251127,M7731,41016902,20251127,41,11,08,41_12462589,2,570,41016902,20251127163726,4110935,20251127173615,4111588,0,01,1,28710,3529,N
20251127,M7731,41016902,20251127,41,11,08,41_12508104,2,570,41016902,20251127065508,4177637,20251127080815,4109162,0,01,1,30880,4387,N
20251127,M7731,41016902,20251127,41,11,08,41_12522551,2,570,41016902,20251127121305,4177510,20251127124600,4111598,0,01,1,32790,1975,N
20251127,M7731,41016902,20251127,41,11,08,41_12545330,2,570,41016902,20251127153626,4106836,20251127163812,4116126,0,01,1,25350,3706,N
20251127,M7731,41016902,20251127,41,11,08,41_12572824,2,570,41016902,20251127170849,4177510,20251127173108,4111599,0,01,1,33440,1339,N
20251127,M7731,41016902,20251127,41,11,08,41_12581,1,570,41016902,20251127060352,4177532,20251127063957,4111588,0,01,1,22980,2165,N
20251127,M7731,41016902,20251127,41,11,08,41_12617932,2,570,41016902,20251127072520,4177510,20251127080024,4111598,0,01,1,32790,2104,N
20251127,M7731,41016902,20251127,41,11,08,41_12621555,2,570,41016902,20251127181347,4177448,20251127184223,4116126,0,01,1,23140,1716,N
20251127,M7731,41016902,20251127,41,11,08,41_12646468,2,570,41016902,20251127070339,4110935,20251127073716,4111588,0,01,1,28710,2017,N
20251127,M7731,41016902,20251127,41,11,08,41_12646836,2,570,41016902,20251127163104,4177448,20251127165819,4111588,0,01,1,22120,1635,N
20251127,M7731,41016902,20251127,41,11,08,41_12649785,2,570,41016902,20251127151641,4177637,20251127155345,4111599,0,01,1,29770,2224,N
20251127,M7731,41016902,20251127,41,11,08,41_12669380,1,570,41016902,20251127181201,4177448,20251127184044,4111588,0,01,1,22120,1723,N
20251127,M7731,41016902,20251127,41,11,08,41_12702423,2,570,41016902,20251127145115,4106836,20251127152508,4111588,1,01,1,24330,2033,N
20251127,M7731,41016902,20251127,41,11,08,41_12727906,2,570,41016902,20251127212403,4106836,20251127220254,4111588,0,01,1,24330,2331,N
20251127,M7731,41016902,20251127,41,11,08,41_12736175,1,570,41016902,20251127071847,4177532,20251127073923,4111588,0,01,1,22980,1236,N
20251127,M7731,41016902,20251127,41,11,08,41_12838699,1,570,41016902,20251127112342,4110935,20251127120352,4111588,0,01,1,28710,2410,N
20251127,M7731,41016902,20251127,41,11,08,41_12845513,2,570,41016902,20251127102551,4177637,20251127110717,4111588,0,01,1,25830,2486,N
20251127,M7731,41016902,20251127,41,11,08,41_12883190,1,570,41016902,20251127154554,4177448,20251127162338,4116126,0,01,1,23140,2264,N
20251127,M7731,41016902,20251127,41,11,08,41_12883190,1,570,41016902,20251127183234,4177448,20251127191339,4116126,0,01,1,23140,2465,N
20251127,M7731,41016902,20251127,41,11,08,41_12931892,2,570,41016902,20251127151507,4106836,20251127155654,4116126,0,01,1,25350,2507,N
20251127,M7731,41016902,20251127,41,11,08,41_1295057,2,570,41016902,20251127193059,4177510,20251127200306,4111588,0,01,1,29500,1927,N
20251127,M7731,41016902,20251127,41,11,08,41_13011375,2,570,41016902,20251127172215,4177637,20251127180035,4116126,0,01,1,26850,2300,N
20251127,M7731,41016902,20251127,41,11,08,41_13073380,2,570,41016902,20251127214133,4106836,20251127221814,4111598,1,01,1,27620,2201,N
20251127,M7731,41016902,20251127,41,11,08,41_1308770,2,570,41016902,20251127072631,4107446,20251127080034,4116126,0,01,1,28890,2043,N
20251127,M7731,41016902,20251127,41,11,08,41_13099706,2,570,41016902,20251127100210,4177532,20251127103215,4111588,0,01,1,22980,1805,N
20251127,M7731,41016902,20251127,41,11,08,41_13099706,2,570,41016902,20251127162034,4177448,20251127165939,4111588,0,01,1,22120,2345,N
20251127,M7731,41016902,20251127,41,11,08,41_13127820,2,570,41016902,20251127102313,4110935,20251127112430,4116130,0,01,1,30970,3677,N
20251127,M7731,41016902,20251127,41,11,08,41_13127820,2,570,41016902,20251127162739,4110935,20251127172947,4116130,0,01,2,30970,3728,N
20251127,M7731,41016902,20251127,41,11,08,41_13165236,2,570,41016902,20251127173654,4177448,20251127181845,4111588,0,01,1,22120,2511,N
20251127,M7731,41016902,20251127,41,11,08,41_1317450,2,570,41016902,20251127061917,4107446,20251127064513,4111588,0,01,1,27870,1556,N
20251127,M7731,41016902,20251127,41,11,08,41_13177054,1,570,41016902,20251127092548,4177448,20251127094458,4111588,0,01,1,22120,1150,N
20251127,M7731,41016902,20251127,41,11,08,41_1320085,2,570,41016902,20251127213637,4106836,20251127221149,4111588,0,01,1,24330,2112,N
20251127,M7731,41016902,20251127,41,11,08,41_13201362,2,570,41016902,20251127182527,4177532,20251127192112,4111588,0,01,1,22980,3345,N
20251127,M7731,41016902,20251127,41,11,08,41_13209697,2,570,41016902,20251127062532,4106836,20251127070627,4111588,1,01,1,24330,2455,N
20251127,M7731,41016902,20251127,41,11,08,41_13221452,2,570,41016902,20251127165519,4106836,20251127172536,4111588,0,01,1,24330,1817,N
20251127,M7731,41016902,20251127,41,11,08,41_13235148,2,570,41016902,20251127134022,4106836,20251127142811,4116126,0,01,1,25350,2869,N
20251127,M7731,41016902,20251127,41,11,08,41_13237192,2,570,41016902,20251127134033,4177448,20251127142558,4116126,0,01,1,23140,2725,N
20251127,M7731,41016902,20251127,41,11,08,41_13321461,1,570,41016902,20251127150351,4177448,20251127153234,4111588,0,01,1,22120,1723,N
20251127,M7731,41016902,20251127,41,11,08,41_13341286,2,570,41016902,20251127150425,4177448,20251127153308,4116126,0,01,1,23140,1723,N
20251127,M7731,41016902,20251127,41,11,08,41_13391744,2,570,41016902,20251127123915,4106836,20251127131523,4111588,1,01,1,24330,2168,N
20251127,M7731,41016902,20251127,41,11,08,41_13412354,1,570,41016902,20251127102829,4177637,20251127104920,4111588,0,01,1,25830,1251,N
20251127,M7731,41016902,20251127,41,11,08,41_13436683,2,570,41016902,20251127062034,4106836,20251127065102,4111588,0,01,1,24330,1828,N
20251127,M7731,41016902,20251127,41,11,08,41_13444114,1,570,41016902,20251127103525,4177637,20251127105616,4111588,0,01,1,25830,1251,N
20251127,M7731,41016902,20251127,41,11,08,41_13445387,2,570,41016902,20251127190617,4106836,20251127194815,4111588,1,01,1,24330,2518,N
20251127,M7731,41016902,20251127,41,11,08,41_13445529,2,570,41016902,20251127191921,4106836,20251127201935,4116126,0,01,1,25350,3614,N
20251127,M7731,41016902,20251127,41,11,08,41_13449011,2,570,41016902,20251127153118,4106836,20251127160520,4111588,0,01,1,24330,2042,N
20251127,M7731,41016902,20251127,41,11,08,41_13495501,2,570,41016902,20251127064659,4107446,20251127070649,4116130,0,01,1,30130,1190,N
20251127,M7731,41016902,20251127,41,11,08,41_13500536,1,570,41016902,20251127124351,4177448,20251127130747,4116130,0,01,1,24380,1436,N
20251127,M7731,41016902,20251127,41,11,08,41_13505112,2,570,41016902,20251127124355,4177448,20251127130501,4111588,0,01,1,22120,1266,N
20251127,M7731,41016902,20251127,41,11,08,41_13506115,2,570,41016902,20251127094009,4177510,20251127100703,4111588,0,01,1,29500,1614,N
20251127,M7731,41016902,20251127,41,11,08,41_13518819,2,570,41016902,20251127174414,4177448,20251127181055,4111588,0,01,1,22120,1601,N
20251127,M7731,41016902,20251127,41,11,08,41_13523825,2,570,41016902,20251127070031,4106836,20251127073121,4111588,0,01,1,24330,1850,N
20251127,M7731,41016902,20251127,41,11,08,41_13532425,2,570,41016902,20251127100454,4107446,20251127110142,4111588,0,01,1,27870,3408,N
20251127,M7731,41016902,20251127,41,11,08,41_13540005,2,570,41016902,20251127063259,4177532,20251127065343,4116130,0,01,1,25240,1244,N
20251127,M7731,41016902,20251127,41,11,08,41_13552389,2,570,41016902,20251127153909,4106836,20251127160431,4116130,0,01,1,26590,1522,N
20251127,M7731,41016902,20251127,41,11,08,41_13552389,2,570,41016902,20251127210627,4106836,20251127212802,4116130,0,01,1,26590,1295,N
20251127,M7731,41016902,20251127,41,11,08,41_13562598,2,570,41016902,20251127094227,4177510,20251127100921,4116130,0,01,1,31760,1614,N
20251127,M7731,41016902,20251127,41,11,08,41_13564335,2,570,41016902,20251127061743,4177532,20251127063744,4116126,0,01,1,24000,1201,N
20251127,M7731,41016902,20251127,41,11,08,41_13564335,2,570,41016902,20251127080940,4177532,20251127083639,4116126,0,01,1,24000,1619,N
20251127,M7731,41016902,20251127,41,11,08,41_13602116,2,570,41016902,20251127150854,4106836,20251127154608,4111588,0,01,1,24330,2234,N
20251127,M7731,41016902,20251127,41,11,08,41_13679079,2,570,41016902,20251127191354,4177637,20251127200454,4116126,0,01,1,26850,3060,N
20251127,M7731,41016902,20251127,41,11,08,41_13680312,1,570,41016902,20251127172351,4177448,20251127181136,4111588,0,01,1,22120,2865,N
20251127,M7731,41016902,20251127,41,11,08,41_13681894,2,570,41016902,20251127121252,4177637,20251127125850,4111588,0,01,1,25830,2758,N
20251127,M7731,41016902,20251127,41,11,08,41_1369886,2,570,41016902,20251127111931,4106836,20251127115015,4116126,0,01,1,25350,1844,N
20251127,M7731,41016902,20251127,41,11,08,41_13709892,1,570,41016902,20251127071926,4106836,20251127080517,4111588,0,01,1,24330,2751,N
20251127,M7731,41016902,20251127,41,11,08,41_13748356,2,570,41016902,20251127201258,4106836,20251127205209,4111588,0,01,1,24330,2351,N
20251127,M7731,41016902,20251127,41,11,08,41_1374889,2,570,41016902,20251127163552,4177532,20251127165911,4111588,0,01,1,22980,1399,N
20251127,M7731,41016902,20251127,41,11,08,41_1376308,2,570,41016902,20251127073859,4177448,20251127081302,4111599,0,01,1,26060,2043,N
20251127,M7731,41016902,20251127,41,11,08,41_13843156,2,570,41016902,20251127062201,4110868,20251127072102,4111588,0,01,1,26980,3541,N
20251127,M7731,41016902,20251127,41,11,08,41_13868137,2,570,41016902,20251127075650,4177448,20251127085539,4116126,0,01,1,23140,3529,N
20251127,M7731,41016902,20251127,41,11,08,41_13920844,2,570,41016902,20251127080256,4177448,20251127083011,4111588,0,01,1,22120,1635,N
20251127,M7731,41016902,20251127,41,11,08,41_13920998,2,570,41016902,20251127080256,4177637,20251127085728,4111588,0,01,1,25830,3272,N
20251127,M7731,41016902,20251127,41,11,08,41_13928623,2,570,41016902,20251127151250,4177532,20251127155820,4111588,0,01,1,22980,2730,N
20251127,M7731,41016902,20251127,41,11,08,41_13947846,2,570,41016902,20251127151250,4177532,20251127155820,4111588,0,01,1,22980,2730,N
20251127,M7731,41016902,20251127,41,11,08,41_13959461,2,570,41016902,20251127160208,4177637,20251127164730,4116126,0,01,1,26850,2722,N
20251127,M7731,41016902,20251127,41,11,08,41_13968616,2,570,41016902,20251127052108,4177510,20251127055222,4111588,0,01,1,29500,1874,N
20251127,M7731,41016902,20251127,41,11,08,41_14004846,2,570,41016902,20251127181216,4177532,20251127184044,4111588,0,01,1,22980,1708,N
20251127,M7731,41016902,20251127,41,11,08,41_14009911,2,570,41016902,20251127171205,4106836,20251127180129,4111588,0,01,1,24330,2964,N
20251127,M7731,41016902,20251127,41,11,08,41_14055343,2,570,41016902,20251127181702,4106836,20251127190117,4116126,0,01,1,25350,2655,N
20251127,M7731,41016902,20251127,41,11,08,41_14064786,2,570,41016902,20251127180729,4106836,20251127184959,4111588,0,01,1,24330,2550,N
20251127,M7731,41016902,20251127,41,11,08,41_14076751,2,570,41016902,20251127171214,4177532,20251127174210,4111588,0,01,1,22980,1796,N
20251127,M7731,41016902,20251127,41,11,08,41_14113519,2,570,41016902,20251127051923,4177637,20251127055311,4111588,0,01,1,25830,2028,N
20251127,M7731,41016902,20251127,41,11,08,41_14161002,2,570,41016902,20251127132524,4106836,20251127140009,4116126,1,01,1,25350,2085,N
20251127,M7731,41016902,20251127,41,11,08,41_14221734,2,570,41016902,20251127224205,4177448,20251127232845,4111588,0,01,1,22120,2800,N
20251127,M7731,41016902,20251127,41,11,08,41_14250331,2,570,41016902,20251127061615,4106836,20251127064201,4111588,1,01,1,24330,1546,N
20251127,M7731,41016902,20251127,41,11,08,41_14254263,1,570,41016902,20251127222004,4177448,20251127230644,4111588,0,01,1,22120,2800,N
20251127,M7731,41016902,20251127,41,11,08,41_14303213,2,570,41016902,20251127083420,4110935,20251127092449,4111588,0,01,1,28710,3029,N
20251127,M7731,41016902,20251127,41,11,08,41_14309940,2,570,41016902,20251127180718,4177532,20251127183434,4111588,0,01,1,22980,1636,N
20251127,M7731,41016902,20251127,41,11,08,41_14475744,2,570,41016902,20251127080441,4110868,20251127083922,4111588,0,01,1,26980,2081,N
20251127,M7731,41016902,20251127,41,11,08,41_1455132,2,570,41016902,20251127081302,4177448,20251127084532,4116126,0,01,1,23140,1950,N
20251127,M7731,41016902,20251127,41,11,08,41_14649959,2,570,41016902,20251127073909,4177448,20251127083318,4111588,0,01,1,22120,3249,N
20251127,M7731,41016902,20251127,41,11,08,41_1467069,1,570,41016902,20251127200612,4106836,20251127204730,4111588,0,01,1,24330,2478,N
20251127,M7731,41016902,20251127,41,11,08,41_14687548,2,570,41016902,20251127150648,4106836,20251127153527,4116126,0,01,1,25350,1719,N
20251127,M7731,41016902,20251127,41,11,08,41_14688163,2,570,41016902,20251127073544,4177448,20251127080958,4111598,0,01,1,25410,2054,N
20251127,M7731,41016902,20251127,41,11,08,41_14703985,2,570,41016902,20251127143106,4177532,20251127150638,4111588,0,01,1,22980,2132,N
20251127,M7731,41016902,20251127,41,11,08,41_14719534,2,570,41016902,20251127083252,4110935,20251127085816,4116130,0,01,1,30970,1524,N
20251127,M7731,41016902,20251127,41,11,08,41_14744258,2,570,41016902,20251127192206,4177448,20251127195927,4116126,0,01,1,23140,2241,N
20251127,M7731,41016902,20251127,41,11,08,41_14805058,1,570,41016902,20251127164258,4177448,20251127171736,4116126,0,01,1,23140,2078,N
20251127,M7731,41016902,20251127,41,11,08,41_14812804,2,570,41016902,20251127102538,4177532,20251127110251,4116126,0,01,1,24000,2233,N
20251127,M7731,41016902,20251127,41,11,08,41_14819057,2,570,41016902,20251127122401,4177448,20251127125326,4116126,0,01,1,23140,1765,N
20251127,M7731,41016902,20251127,41,11,08,41_1481976,2,570,41016902,20251127082011,4177448,20251127085130,4111598,0,01,1,25410,1879,N
20251127,M7731,41016902,20251127,41,11,08,41_14819791,1,570,41016902,20251127210249,4106836,20251127213530,4116126,0,01,1,25350,1961,N
20251127,M7731,41016902,20251127,41,11,08,41_14820285,2,570,41016902,20251127121802,4106836,20251127124902,4111599,0,01,1,28270,1860,N
20251127,M7731,41016902,20251127,41,11,08,41_14820285,2,570,41016902,20251127235205,4106836,20251128002450,4111599,0,01,1,28270,1965,N
20251127,M7731,41016902,20251127,41,11,08,41_14824042,2,570,41016902,20251127122256,4177448,20251127125051,4111588,0,01,1,22120,1675,N
20251127,M7731,41016902,20251127,41,11,08,41_14826020,2,570,41016902,20251127204445,4177637,20251127211726,4111588,0,01,1,25830,1961,N
20251127,M7731,41016902,20251127,41,11,08,41_14838762,1,570,41016902,20251127111415,4177448,20251127114751,4116126,0,01,1,23140,2016,N
20251127,M7731,41016902,20251127,41,11,08,41_14838762,1,570,41016902,20251127184133,4177448,20251127191858,4116126,0,01,1,23140,2245,N
20251127,M7731,41016902,20251127,41,11,08,41_14845451,2,570,41016902,20251127061423,4106836,20251127064053,4111588,1,01,1,24330,1590,N
20251127,M7731,41016902,20251127,41,11,08,41_14852869,1,570,41016902,20251127111514,4177448,20251127114850,4116126,0,01,1,23140,2016,N
20251127,M7731,41016902,20251127,41,11,08,41_14856979,2,570,41016902,20251127111415,4177448,20251127114412,4111588,0,01,1,22120,1797,N
20251127,M7731,41016902,20251127,41,11,08,41_14873298,2,570,41016902,20251127200240,4177448,20251127203225,4111588,0,01,1,22120,1785,N
20251127,M7731,41016902,20251127,41,11,08,41_14873661,2,570,41016902,20251127122332,4177448,20251127125257,4116126,0,01,1,23140,1765,N
20251127,M7731,41016902,20251127,41,11,08,41_14888502,2,570,41016902,20251127201841,4106836,20251127204938,4111588,0,01,1,24330,1857,N
20251127,M7731,41016902,20251127,41,11,08,41_14906148,2,570,41016902,20251127151644,4177448,20251127153619,4111588,0,01,1,22120,1175,N
20251127,M7731,41016902,20251127,41,11,08,41_14966831,2,570,41016902,20251127163605,4106836,20251127171901,4111588,0,01,1,24330,2576,N
20251127,M7731,41016902,20251127,41,11,08,41_14968640,1,570,41016902,20251127184715,4177448,20251127190148,4116126,0,01,1,23140,873,N
20251127,M7731,41016902,20251127,41,11,08,41_14970831,2,570,41016902,20251127185618,4177448,20251127191051,4111588,0,01,1,22120,873,N
20251127,M7731,41016902,20251127,41,11,08,41_15038827,1,570,41016902,20251127174730,4106836,20251127182031,4111588,1,01,1,24330,1981,N
20251127,M7731,41016902,20251127,41,11,08,41_15039622,2,570,41016902,20251127100148,4177510,20251127103218,4116126,0,01,1,30520,1830,N
20251127,M7731,41016902,20251127,41,11,08,41_15049411,1,570,41016902,20251127064537,4177637,20251127072833,4111588,0,01,1,25830,2576,N
20251127,M7731,41016902,20251127,41,11,08,41_15059976,2,570,41016902,20251127152114,4106836,20251127160153,4111588,0,01,1,24330,2439,N
20251127,M7731,41016902,20251127,41,11,08,41_1506582,2,570,41016902,20251127115519,4106836,20251127123308,4116126,0,01,1,25350,2269,N
20251127,M7731,41016902,20251127,41,11,08,41_15083075,1,570,41016902,20251127120319,4106836,20251127123017,4111588,0,01,1,24330,1618,N
20251127,M7731,41016902,20251127,41,11,08,41_15083075,1,570,41016902,20251127190304,4106836,20251127193021,4111588,0,01,1,24330,1637,N
20251127,M7731,41016902,20251127,41,11,08,41_15083075,1,570,41016902,20251127233727,4106836,20251128001806,4111588,0,01,1,24330,2439,N
20251127,M7731,41016902,20251127,41,11,08,41_15108543,1,570,41016902,20251127060057,4177532,20251127063332,4111588,0,01,1,22980,1955,N
20251127,M7731,41016902,20251127,41,11,08,41_15162700,2,570,41016902,20251127204449,4106836,20251127211948,4111588,0,01,1,24330,2099,N
20251127,M7731,41016902,20251127,41,11,08,41_15179627,2,570,41016902,20251127121505,4106836,20251127130947,4111588,0,01,1,24330,3282,N
20251127,M7731,41016902,20251127,41,11,08,41_15188917,1,570,41016902,20251127080408,4177532,20251127085848,4111588,0,01,1,22980,3280,N
20251127,M7731,41016902,20251127,41,11,08,41_15195864,2,570,41016902,20251127173228,4106836,20251127175933,4116126,0,01,1,25350,1625,N
20251127,M7731,41016902,20251127,41,11,08,41_15200955,2,570,41016902,20251128001508,4177532,20251128004336,4111588,0,01,1,22980,1708,N
20251127,M7731,41016902,20251127,41,11,08,41_15238822,2,570,41016902,20251127164413,4106836,20251127171635,4116126,0,01,1,25350,1942,N
20251127,M7731,41016902,20251127,41,11,08,41_15345245,2,570,41016902,20251127103517,4177448,20251127105813,4111588,0,01,1,22120,1376,N
20251127,M7731,41016902,20251127,41,11,08,41_15359655,2,570,41016902,20251128001131,4177448,20251128003428,4116126,0,01,1,23140,1377,N
20251127,M7731,41016902,20251127,41,11,08,41_15373189,1,570,41016902,20251128001208,4177532,20251128003621,4111588,0,01,1,22980,1453,N
20251127,M7731,41016902,20251127,41,11,08,41_15407477,2,570,41016902,20251127180148,4177532,20251127190836,4111588,0,01,1,22980,4008,N
20251127,M7731,41016902,20251127,41,11,08,41_15422809,2,570,41016902,20251127083250,4177448,20251127085340,4116126,0,01,1,23140,1250,N
20251127,M7731,41016902,20251127,41,11,08,41_15431580,2,570,41016902,20251127100018,4177637,20251127101516,4111588,0,01,1,25830,898,N
20251127,M7731,41016902,20251127,41,11,08,41_15444628,2,570,41016902,20251127193825,4177448,20251127195342,4116130,0,01,1,24380,917,N
20251127,M7731,41016902,20251127,41,11,08,41_15444892,1,570,41016902,20251127114230,4106836,20251127121840,4116126,1,01,1,25350,2170,N
20251127,M7731,41016902,20251127,41,11,08,41_15444892,1,570,41016902,20251127143833,4177532,20251127151728,4116126,0,01,1,24000,2335,N
20251127,M7731,41016902,20251127,41,11,08,41_15444892,1,570,41016902,20251127154538,4177532,20251127165009,4116126,0,01,1,24000,3871,N
20251127,M7731,41016902,20251127,41,11,08,41_15444892,1,570,41016902,20251127185632,4177532,20251127193608,4116126,0,01,1,24000,2376,N
20251127,M7731,41016902,20251127,41,11,08,41_15449201,1,570,41016902,20251127192958,4106836,20251127200305,4111588,0,01,1,24330,1987,N
20251127,M7731,41016902,20251127,41,11,08,41_15467380,2,570,41016902,20251127170607,4106836,20251127172454,4116130,0,01,1,26590,1127,N
20251127,M7731,41016902,20251127,41,11,08,41_15492584,1,570,41016902,20251127154326,4177532,20251127161136,4111588,0,01,1,22980,1690,N
20251127,M7731,41016902,20251127,41,11,08,41_15520475,2,570,41016902,20251127163726,4177532,20251127173756,4111588,0,01,1,22980,3630,N
20251127,M7731,41016902,20251127,41,11,08,41_15527444,1,570,41016902,20251127055733,4110935,20251127062830,4111588,0,01,1,28710,1857,N
20251127,M7731,41016902,20251127,41,11,08,41_15555251,1,570,41016902,20251127131416,4177448,20251127140812,4111588,2,01,1,22120,3236,N
20251127,M7731,41016902,20251127,41,11,08,41_15560661,2,570,41016902,20251127050619,4110868,20251127053820,4116126,0,01,1,28000,1921,N
20251127,M7731,41016902,20251127,41,11,08,41_1557455,1,570,41016902,20251127113754,4177448,20251127121414,4111588,0,01,1,22120,2180,N
20251127,M7731,41016902,20251127,41,11,08,41_15591537,1,570,41016902,20251127153150,4106836,20251127160631,4111588,0,01,1,24330,2081,N
20251127,M7731,41016902,20251127,41,11,08,41_15594731,2,570,41016902,20251127084136,4177448,20251127090636,4111588,0,01,1,22120,1500,N
20251127,M7731,41016902,20251127,41,11,08,41_15598573,1,570,41016902,20251127163136,4177532,20251127170545,4111588,0,01,1,22980,2049,N
20251127,M7731,41016902,20251127,41,11,08,41_15607320,2,570,41016902,20251127174551,4177532,20251127181152,4111588,0,01,1,22980,1561,N
20251127,M7731,41016902,20251127,41,11,08,41_15611457,2,570,41016902,20251127073802,4106836,20251127080336,4111588,0,01,1,24330,1534,N
20251127,M7731,41016902,20251127,41,11,08,41_15617608,1,570,41016902,20251127144655,4106836,20251127155841,4111588,0,01,1,24330,4306,N
20251127,M7731,41016902,20251127,41,11,08,41_15621526,2,570,41016902,20251127060012,4177510,20251127065844,4111588,0,01,1,29500,3512,N
20251127,M7731,41016902,20251127,41,11,08,41_15629908,2,570,41016902,20251127070947,4106836,20251127073521,4111588,0,01,1,24330,1534,N
20251127,M7731,41016902,20251127,41,11,08,41_15646107,2,570,41016902,20251127074034,4106836,20251127082835,4116126,0,01,1,25350,2881,N
20251127,M7731,41016902,20251127,41,11,08,41_1566464,2,570,41016902,20251127183105,4177532,20251127185951,4111588,0,01,1,22980,1726,N
20251127,M7731,41016902,20251127,41,11,08,41_1569639,2,570,41016902,20251127131726,4106836,20251127134406,4111588,0,01,1,24330,1600,N
20251127,M7731,41016902,20251127,41,11,08,41_1569639,2,570,41016902,20251127192126,4106836,20251127195520,4111588,0,01,1,24330,2034,N
20251127,M7731,41016902,20251127,41,11,08,41_15710261,1,570,41016902,20251127151934,4110935,20251127155410,4111588,0,01,1,28710,2076,N
20251127,M7731,41016902,20251127,41,11,08,41_15741492,1,570,41016902,20251127061011,4177448,20251127064438,4116126,0,01,1,23140,2067,N
20251127,M7731,41016902,20251127,41,11,08,41_15748701,2,570,41016902,20251127064807,4177448,20251127071952,4111588,0,01,1,22120,1905,N
20251127,M7731,41016902,20251127,41,11,08,41_15752665,2,570,41016902,20251127113609,4106836,20251127121905,4111588,0,01,1,24330,2576,N
20251127,M7731,41016902,20251127,41,11,08,41_15753387,1,570,41016902,20251127110405,4177510,20251127120526,4111588,0,01,1,29500,3681,N
20251127,M7731,41016902,20251127,41,11,08,41_15756703,2,570,41016902,20251127100716,4106836,20251127104238,4116126,0,01,1,25350,2122,N
20251127,M7731,41016902,20251127,41,11,08,41_15782704,2,570,41016902,20251127060357,4177510,20251127070530,4111588,0,01,1,29500,3693,N
20251127,M7731,41016902,20251127,41,11,08,41_15790095,2,570,41016902,20251127150130,4110935,20251127153541,4109162,0,01,1,33760,2051,N
20251127,M7731,41016902,20251127,41,11,08,41_1581564,1,570,41016902,20251127060435,4177448,20251127063358,4111588,0,01,1,22120,1763,N
20251127,M7731,41016902,20251127,41,11,08,41_15817959,2,570,41016902,20251127103127,4106836,20251127105907,4111588,0,01,1,24330,1660,N
20251127,M7731,41016902,20251127,41,11,08,41_15849912,2,570,41016902,20251127132652,4177510,20251127141458,4111588,0,01,1,29500,2886,N
20251127,M7731,41016902,20251127,41,11,08,41_15855817,2,570,41016902,20251127072217,4106836,20251127082114,4111588,0,01,1,24330,3537,N
20251127,M7731,41016902,20251127,41,11,08,41_15855817,2,570,41016902,20251127105615,4106836,20251127114006,4111588,0,01,1,24330,2631,N
20251127,M7731,41016902,20251127,41,11,08,41_15930977,2,570,41016902,20251128004049,4106836,20251128005331,4116126,0,01,1,25350,762,N
20251127,M7731,41016902,20251127,41,11,08,41_15945632,1,570,41016902,20251127075705,4107446,20251127081629,4111588,0,01,1,27870,1164,N
20251127,M7731,41016902,20251127,41,11,08,41_15945632,1,570,41016902,20251127223848,4107446,20251127225444,4111588,0,01,1,27870,956,N
20251127,M7731,41016902,20251127,41,11,08,41_15956810,1,570,41016902,20251127074121,4106836,20251127081803,4111588,0,01,1,24330,2202,N
20251127,M7731,41016902,20251127,41,11,08,41_15967367,2,570,41016902,20251127121056,4106836,20251127122815,4116126,0,01,1,25350,1039,N
20251127,M7731,41016902,20251127,41,11,08,41_15986576,2,570,41016902,20251127105104,4106836,20251127113902,4111599,1,01,1,28270,2878,N
20251127,M7731,41016902,20251127,41,11,08,41_15991391,2,570,41016902,20251127064019,4106836,20251127073440,4111588,0,01,1,24330,3261,N
20251127,M7731,41016902,20251127,41,11,08,41_16014232,2,570,41016902,20251127160814,4106836,20251127164900,4111588,0,01,1,24330,2446,N
20251127,M7731,41016902,20251127,41,11,08,41_16021707,1,570,41016902,20251127183442,4177448,20251127190105,4111588,0,01,2,22120,1583,N
20251127,M7731,41016902,20251127,41,11,08,41_16069321,1,570,41016902,20251127111736,4106836,20251127115857,4111588,1,01,1,24330,2481,N
20251127,M7731,41016902,20251127,41,11,08,41_16110515,2,570,41016902,20251127052535,4110935,20251127060828,4111588,0,01,1,28710,2573,N
20251127,M7731,41016902,20251127,41,11,08,41_16150783,2,570,41016902,20251127222603,4177532,20251127233719,4109162,0,01,1,28030,4276,N
20251127,M7731,41016902,20251127,41,11,08,41_16183122,2,570,41016902,20251127214755,4106836,20251127221613,4111588,0,01,1,24330,1698,N
20251127,M7731,41016902,20251127,41,11,08,41_16207039,2,570,41016902,20251127073043,4177448,20251127075927,4111588,0,01,1,22120,1724,N
20251127,M7731,41016902,20251127,41,11,08,41_16209810,1,570,41016902,20251127073320,4177448,20251127081838,4116126,0,01,1,23140,2718,N
20251127,M7731,41016902,20251127,41,11,08,41_16209810,1,570,41016902,20251127130819,4177448,20251127135357,4116126,0,01,1,23140,2738,N
20251127,M7731,41016902,20251127,41,11,08,41_16259765,2,570,41016902,20251127142726,4177510,20251127145404,4116126,0,01,1,30520,1598,N
20251127,M7731,41016902,20251127,41,11,08,41_16304238,2,570,41016902,20251127172315,4106836,20251127183537,4111588,0,01,1,24330,4342,N
20251127,M7731,41016902,20251127,41,11,08,41_16307910,2,570,41016902,20251127171636,4106836,20251127181618,4111588,0,01,1,24330,3582,N
20251127,M7731,41016902,20251127,41,11,08,41_16310285,1,570,41016902,20251127171651,4177448,20251127181839,4111588,0,01,1,22120,3708,N
20251127,M7731,41016902,20251127,41,11,08,41_16310285,1,570,41016902,20251127195251,4177448,20251127201507,4111588,0,01,1,22120,1336,N
20251127,M7731,41016902,20251127,41,11,08,41_16327459,1,570,41016902,20251127161639,4106836,20251127171651,4111588,0,01,1,24330,3612,N
20251127,M7731,41016902,20251127,41,11,08,41_16342877,2,570,41016902,20251127082558,4177637,20251127085934,4116130,0,01,1,28090,2016,N
20251127,M7731,41016902,20251127,41,11,08,41_16361200,2,570,41016902,20251127091021,4106836,20251127094204,4111588,0,01,1,24330,1903,N
20251127,M7731,41016902,20251127,41,11,08,41_16391885,1,570,41016902,20251127072156,4106836,20251127082712,4111588,0,01,1,24330,3916,N
20251127,M7731,41016902,20251127,41,11,08,41_1643718,2,570,41016902,20251127073754,4177532,20251127085540,4109162,0,01,1,28030,4666,N
20251127,M7731,41016902,20251127,41,11,08,41_16447739,2,570,41016902,20251127141709,4106836,20251127150849,4116126,0,01,1,25350,3100,N
20251127,M7731,41016902,20251127,41,11,08,41_16470849,1,570,41016902,20251127060602,4106836,20251127071028,4116130,1,01,1,26590,3866,N
20251127,M7731,41016902,20251127,41,11,08,41_16507786,2,570,41016902,20251127121928,4106836,20251127124523,4111588,0,01,1,24330,1555,N
20251127,M7731,41016902,20251127,41,11,08,41_16507786,2,570,41016902,20251127181142,4106836,20251127185449,4111588,0,01,1,24330,2587,N
20251127,M7731,41016902,20251127,41,11,08,41_1653117,2,570,41016902,20251127073754,4177532,20251127091453,4109162,0,01,1,28030,5819,N
20251127,M7731,41016902,20251127,41,11,08,41_16542599,2,570,41016902,20251127170152,4177510,20251127173054,4111588,0,01,1,29500,1742,N
20251127,M7731,41016902,20251127,41,11,08,41_16579121,1,570,41016902,20251127064854,4177448,20251127071825,4111588,0,01,1,22120,1771,N
20251127,M7731,41016902,20251127,41,11,08,41_16584402,2,570,41016902,20251127073508,4106836,20251127081125,4111588,1,01,1,24330,2177,N
20251127,M7731,41016902,20251127,41,11,08,41_16592006,2,570,41016902,20251127061024,4107446,20251127070707,4111588,0,01,1,27870,3403,N
20251127,M7731,41016902,20251127,41,11,08,41_1662120,1,570,41016902,20251127064503,4177637,20251127073707,4111588,0,01,1,25830,3124,N
20251127,M7731,41016902,20251127,41,11,08,41_16622267,2,570,41016902,20251127110335,4177448,20251127114018,4116130,0,01,1,24380,2203,N
20251127,M7731,41016902,20251127,41,11,08,41_16647851,2,570,41016902,20251127071138,4177510,20251127073807,4111588,0,01,1,29500,1589,N
20251127,M7731,41016902,20251127,41,11,08,41_16674617,2,570,41016902,20251127082821,4177510,20251127090020,4116130,0,01,1,31760,1919,N
20251127,M7731,41016902,20251127,41,11,08,41_16721546,2,570,41016902,20251127090351,4177448,20251127093802,4116126,0,01,1,23140,2051,N
20251127,M7731,41016902,20251127,41,11,08,41_16729203,2,570,41016902,20251127090345,4177448,20251127094102,4111588,0,01,1,22120,2237,N
20251127,M7731,41016902,20251127,41,11,08,41_16729203,2,570,41016902,20251127100159,4177448,20251127104454,4111588,0,01,1,22120,2575,N
20251127,M7731,41016902,20251127,41,11,08,41_16743342,2,570,41016902,20251127205916,4177448,20251127214257,4111588,0,01,1,22120,2621,N
20251127,M7731,41016902,20251127,41,11,08,41_16755721,2,570,41016902,20251127172639,4106836,20251127175921,4116130,0,01,1,26590,1962,N
20251127,M7731,41016902,20251127,41,11,08,41_16766995,2,570,41016902,20251127161741,4110868,20251127163445,4111588,0,01,1,26980,1024,N
20251127,M7731,41016902,20251127,41,11,08,41_16853377,2,570,41016902,20251127202713,4177448,20251127205620,4111588,0,01,1,22120,1747,N
20251127,M7731,41016902,20251127,41,11,08,41_16857550,2,570,41016902,20251127100444,4106836,20251127103523,4116126,1,01,1,25350,1839,N
20251127,M7731,41016902,20251127,41,11,08,41_16888564,2,570,41016902,20251127062541,4177637,20251127070722,4111588,0,01,1,25830,2501,N
20251127,M7731,41016902,20251127,41,11,08,41_16894261,2,570,41016902,20251127120703,4177448,20251127124254,4111588,1,01,1,22120,2151,N
20251127,M7731,41016902,20251127,41,11,08,41_16960604,1,570,41016902,20251127200156,4106836,20251127204301,4111588,0,01,1,24330,2465,N
20251127,M7731,41016902,20251127,41,11,08,41_16997266,2,570,41016902,20251127161214,4106836,20251127164955,4116130,0,01,2,26590,2261,N
20251127,M7731,41016902,20251127,41,11,08,41_16998650,2,570,41016902,20251127080317,4177637,20251127085130,4111588,0,01,1,25830,2893,N
20251127,M7731,41016902,20251127,41,11,08,41_17001538,1,570,41016902,20251127122334,4177448,20251127125801,4111588,0,01,1,22120,2067,N
20251127,M7731,41016902,20251127,41,11,08,41_17001538,1,570,41016902,20251127183742,4177448,20251127190800,4111588,0,01,1,22120,1818,N
20251127,M7731,41016902,20251127,41,11,08,41_17006264,1,570,41016902,20251127223414,4177637,20251127230726,4111588,0,01,1,25830,1992,N
20251127,M7731,41016902,20251127,41,11,08,41_17018503,2,570,41016902,20251127182143,4177448,20251127185434,4111588,0,01,1,22120,1971,N
20251127,M7731,41016902,20251127,41,11,08,41_1701949,1,570,41016902,20251127135211,4106836,20251127142717,4111588,0,01,1,24330,2106,N
20251127,M7731,41016902,20251127,41,11,08,41_17032369,2,570,41016902,20251127094921,4107446,20251127100741,4111588,0,01,1,27870,1100,N
20251127,M7731,41016902,20251127,41,11,08,41_17126878,2,570,41016902,20251127054409,4177448,20251127061156,4111588,0,01,1,22120,1667,N
20251127,M7731,41016902,20251127,41,11,08,41_17131517,2,570,41016902,20251127153511,4106836,20251127162033,4116126,0,01,1,25350,2722,N
20251127,M7731,41016902,20251127,41,11,08,41_17167579,2,570,41016902,20251127080344,4177448,20251127083339,4111588,0,01,1,22120,1795,N
20251127,M7731,41016902,20251127,41,11,08,41_17171532,2,570,41016902,20251127202737,4106836,20251127210505,4116126,0,01,1,25350,2248,N
20251127,M7731,41016902,20251127,41,11,08,41_17209618,2,570,41016902,20251127173404,4106836,20251127181915,4111588,0,01,1,24330,2711,N
20251127,M7731,41016902,20251127,41,11,08,41_17236602,2,570,41016902,20251127131300,4106836,20251127140016,4111588,0,01,1,24330,2836,N
20251127,M7731,41016902,20251127,41,11,08,41_17256236,2,570,41016902,20251127155510,4106836,20251127164339,4116126,1,01,1,25350,2909,N
20251127,M7731,41016902,20251127,41,11,08,41_1731708,2,570,41016902,20251127135025,4106836,20251127141447,4116126,0,01,1,25350,1462,N
20251127,M7731,41016902,20251127,41,11,08,41_17330654,1,570,41016902,20251127070136,4177637,20251127074501,4111588,0,01,1,25830,2605,N
20251127,M7731,41016902,20251127,41,11,08,41_17337999,2,570,41016902,20251127173742,4177637,20251127183417,4111588,0,01,1,25830,3395,N
20251127,M7731,41016902,20251127,41,11,08,41_17347853,1,570,41016902,20251127070445,4106836,20251127074331,4111588,0,01,1,24330,2326,N
20251127,M7731,41016902,20251127,41,11,08,41_1736589,1,570,41016902,20251127112043,4106836,20251127121628,4111588,0,01,1,24330,3345,N
20251127,M7731,41016902,20251127,41,11,08,41_17374233,2,570,41016902,20251127070535,4106836,20251127074803,4111588,0,01,1,24330,2548,N
20251127,M7731,41016902,20251127,41,11,08,41_17471692,2,570,41016902,20251127181119,4106836,20251127184004,4111588,0,01,1,24330,1725,N
20251127,M7731,41016902,20251127,41,11,08,41_17489269,2,570,41016902,20251127112246,4106836,20251127115929,4111588,0,01,1,24330,2203,N
20251127,M7731,41016902,20251127,41,11,08,41_17504168,2,570,41016902,20251127121134,4106836,20251127124816,4111588,1,01,1,24330,2202,N
20251127,M7731,41016902,20251127,41,11,08,41_17513304,2,570,41016902,20251127170611,4177532,20251127175309,4111588,0,01,1,22980,2818,N
20251127,M7731,41016902,20251127,41,11,08,41_17539179,1,570,41016902,20251127173741,4177448,20251127183147,4109162,0,01,1,27170,3246,N
20251127,M7731,41016902,20251127,41,11,08,41_17557817,2,570,41016902,20251127091629,4177448,20251127100532,4111598,0,01,1,25410,2943,N
20251127,M7731,41016902,20251127,41,11,08,41_17578995,2,570,41016902,20251127092841,4106836,20251127103248,4109162,1,01,1,29380,3847,N
20251127,M7731,41016902,20251127,41,11,08,41_17586226,2,570,41016902,20251127061306,4177448,20251127065834,4109162,0,01,1,27170,2728,N
20251127,M7731,41016902,20251127,41,11,08,41_17592207,2,570,41016902,20251127140009,4106836,20251127145359,4111588,0,01,1,24330,3230,N
20251127,M7731,41016902,20251127,41,11,08,41_17597341,2,570,41016902,20251127141715,4177532,20251127145427,4111588,0,01,1,22980,2232,N
20251127,M7731,41016902,20251127,41,11,08,41_17597341,2,570,41016902,20251127161749,4177532,20251127170442,4111588,0,01,1,22980,2813,N
20251127,M7731,41016902,20251127,41,11,08,41_17597850,2,570,41016902,20251127151751,4177532,20251127155544,4111588,0,01,1,22980,2273,N
20251127,M7731,41016902,20251127,41,11,08,41_17608244,2,570,41016902,20251127095423,4177448,20251127103448,4111588,0,01,1,22120,2425,N
20251127,M7731,41016902,20251127,41,11,08,41_1762557,2,570,41016902,20251127063751,4177637,20251127073148,4111588,0,01,1,25830,3237,N
20251127,M7731,41016902,20251127,41,11,08,41_1764343,2,570,41016902,20251127072953,4177637,20251127080239,4111588,0,01,1,25830,1966,N
20251127,M7731,41016902,20251127,41,11,08,41_17722221,2,570,41016902,20251127173117,4177448,20251127180930,4116130,0,01,1,24380,2293,N
20251127,M7731,41016902,20251127,41,11,08,41_17726131,2,570,41016902,20251127173117,4177448,20251127180930,4111588,0,01,1,22120,2293,N
20251127,M7731,41016902,20251127,41,11,08,41_17780167,1,570,41016902,20251127161140,4177532,20251127165630,4111588,0,01,1,22980,2690,N
20251127,M7731,41016902,20251127,41,11,08,41_17780750,2,570,41016902,20251127123120,4177532,20251127125842,4111588,0,01,1,22980,1642,N
20251127,M7731,41016902,20251127,41,11,08,41_17820087,1,570,41016902,20251127162402,4106836,20251127164920,4116130,0,01,1,26590,1518,N
20251127,M7731,41016902,20251127,41,11,08,41_17833724,2,570,41016902,20251127051014,4177510,20251127061049,4111588,0,01,1,29500,3635,N
20251127,M7731,41016902,20251127,41,11,08,41_17901098,2,570,41016902,20251127170951,4177532,20251127174853,4111588,0,01,1,22980,2342,N
20251127,M7731,41016902,20251127,41,11,08,41_17985849,2,570,41016902,20251127173255,4106836,20251127181310,4116126,0,01,1,25350,2415,N
20251127,M7731,41016902,20251127,41,11,08,41_1799165,2,570,41016902,20251127200557,4177448,20251127203234,4111588,0,01,1,22120,1597,N
20251127,M7731,41016902,20251127,41,11,08,41_18080011,1,570,41016902,20251127182935,4177532,20251127185551,4111588,0,01,2,22980,1576,N
20251127,M7731,41016902,20251127,41,11,08,41_18082558,2,570,41016902,20251127070437,4110868,20251127073741,4116126,0,01,1,28000,1984,N
20251127,M7731,41016902,20251127,41,11,08,41_18094638,1,570,41016902,20251127141631,4177448,20251127145109,4116126,0,01,1,23140,2078,N
20251127,M7731,41016902,20251127,41,11,08,41_18156274,1,570,41016902,20251128001806,4177448,20251128005531,4116130,0,01,1,24380,2245,N
20251127,M7731,41016902,20251127,41,11,08,41_18172778,2,570,41016902,20251127170537,4106836,20251127174002,4111588,0,01,1,24330,2065,N
20251127,M7731,41016902,20251127,41,11,08,41_18177088,2,570,41016902,20251128002013,4177448,20251128004809,4111588,0,01,1,22120,1676,N
20251127,M7731,41016902,20251127,41,11,08,41_18201518,2,570,41016902,20251127110109,4106836,20251127114246,4111588,1,01,1,24330,2497,N
20251127,M7731,41016902,20251127,41,11,08,41_18235766,1,570,41016902,20251127130057,4177510,20251127132758,4111588,0,01,2,29500,1621,N
20251127,M7731,41016902,20251127,41,11,08,41_1823971,2,570,41016902,20251127060756,4177637,20251127065504,4116126,0,01,1,26850,2828,N
20251127,M7731,41016902,20251127,41,11,08,41_18242372,2,570,41016902,20251127121840,4177510,20251127124541,4116126,0,01,1,30520,1621,N
20251127,M7731,41016902,20251127,41,11,08,41_18262912,2,570,41016902,20251127053608,4110935,20251127060620,4116130,0,01,1,30970,1812,N
20251127,M7731,41016902,20251127,41,11,08,41_18262912,2,570,41016902,20251127071805,4110935,20251127074445,4116126,0,01,1,29730,1600,N
20251127,M7731,41016902,20251127,41,11,08,41_18327652,2,570,41016902,20251127190221,4177448,20251127193351,4111588,0,01,1,22120,1890,N
20251127,M7731,41016902,20251127,41,11,08,41_18367506,1,570,41016902,20251127064452,4177637,20251127073346,4111588,0,01,1,25830,2934,N
20251127,M7731,41016902,20251127,41,11,08,41_18397402,2,570,41016902,20251127073621,4107446,20251127082702,4111588,0,01,1,27870,3041,N
20251127,M7731,41016902,20251127,41,11,08,41_18446965,2,570,41016902,20251127070844,4177637,20251127075628,4111598,0,01,1,29120,2864,N
20251127,M7731,41016902,20251127,41,11,08,41_18498854,2,570,41016902,20251127072825,4177448,20251127082634,4111588,0,01,1,22120,3489,N
20251127,M7731,41016902,20251127,41,11,08,41_18503991,1,570,41016902,20251127165141,4106836,20251127170738,4111588,0,01,1,24330,957,N
20251127,M7731,41016902,20251127,41,11,08,41_18540807,2,570,41016902,20251127142723,4177448,20251127144124,4116126,0,01,1,23140,841,N
20251127,M7731,41016902,20251127,41,11,08,41_18584899,2,570,41016902,20251127210526,4177637,20251127214938,4116126,0,01,1,26850,2652,N
20251127,M7731,41016902,20251127,41,11,08,41_18590857,2,570,41016902,20251127064442,4177448,20251127073037,4116126,0,01,1,23140,2755,N
20251127,M7731,41016902,20251127,41,11,08,41_1860858,1,570,41016902,20251127114914,4106836,20251127122419,4111588,0,01,1,24330,2105,N
20251127,M7731,41016902,20251127,41,11,08,41_18609312,2,570,41016902,20251127092720,4107446,20251127094724,4111588,0,01,1,27870,1204,N
20251127,M7731,41016902,20251127,41,11,08,41_18613314,2,570,41016902,20251127093033,4177637,20251127095211,4111588,0,01,1,25830,1298,N
20251127,M7731,41016902,20251127,41,11,08,41_1863548,1,570,41016902,20251127065754,4177448,20251127072947,4111588,0,01,1,22120,1913,N
20251127,M7731,41016902,20251127,41,11,08,41_18644142,1,570,41016902,20251127165319,4106836,20251127171434,4116126,0,01,1,25350,1275,N
20251127,M7731,41016902,20251127,41,11,08,41_1864542,1,570,41016902,20251127085354,4106836,20251127094911,4116126,1,01,1,25350,3317,N
20251127,M7731,41016902,20251127,41,11,08,41_1864542,1,570,41016902,20251127150354,4106836,20251127155746,4116126,0,01,1,25350,3232,N
20251127,M7731,41016902,20251127,41,11,08,41_1865851,2,570,41016902,20251127060141,4177532,20251127063314,4111588,0,01,1,22980,1893,N
20251127,M7731,41016902,20251127,41,11,08,41_18671222,2,570,41016902,20251127150051,4110935,20251127152512,4116130,0,01,1,30970,1461,N
20251127,M7731,41016902,20251127,41,11,08,41_18693706,2,570,41016902,20251127132541,4177448,20251127135116,4111588,0,01,1,22120,1535,N
20251127,M7731,41016902,20251127,41,11,08,41_18695389,2,570,41016902,20251127133200,4177448,20251127135758,4111588,0,01,1,22120,1558,N
20251127,M7731,41016902,20251127,41,11,08,41_18705455,2,570,41016902,20251127082014,4110935,20251127085034,4109162,0,01,1,33760,1820,N
20251127,M7731,41016902,20251127,41,11,08,41_18710328,1,570,41016902,20251127213623,4106836,20251127220501,4116126,0,01,1,25350,1718,N
20251127,M7731,41016902,20251127,41,11,08,41_18742177,1,570,41016902,20251127071421,4177510,20251127074625,4111588,0,01,1,29500,1924,N
20251127,M7731,41016902,20251127,41,11,08,41_18841441,2,570,41016902,20251127164134,4177532,20251127171924,4111588,0,01,1,22980,2270,N
20251127,M7731,41016902,20251127,41,11,08,41_18847361,2,570,41016902,20251127085439,4177448,20251127092031,4116126,0,01,1,23140,1552,N
20251127,M7731,41016902,20251127,41,11,08,41_18864977,2,570,41016902,20251127111912,4177448,20251127114547,4116130,0,01,1,24380,1595,N
20251127,M7731,41016902,20251127,41,11,08,41_18873510,1,570,41016902,20251127085320,4177448,20251127092605,4111588,0,01,1,22120,1965,N
20251127,M7731,41016902,20251127,41,11,08,41_18882552,1,570,41016902,20251127143357,4177448,20251127150042,4116126,0,01,1,23140,1605,N
20251127,M7731,41016902,20251127,41,11,08,41_18887560,2,570,41016902,20251127102728,4106836,20251127110119,4111588,0,01,1,24330,2031,N
20251127,M7731,41016902,20251127,41,11,08,41_18960955,2,570,41016902,20251127093426,4106836,20251127100508,4111588,0,01,1,24330,1842,N
20251127,M7731,41016902,20251127,41,11,08,41_18980915,1,570,41016902,20251127171951,4177448,20251127175107,4116126,0,01,1,23140,1876,N
20251127,M7731,41016902,20251127,41,11,08,41_19000553,2,570,41016902,20251127090554,4177637,20251127094034,4111598,0,01,1,29120,2080,N
20251127,M7731,41016902,20251127,41,11,08,41_19000553,2,570,41016902,20251127125535,4177637,20251127132619,4111598,0,01,1,29120,1844,N
20251127,M7731,41016902,20251127,41,11,08,41_1902211,2,570,41016902,20251127161902,4177448,20251127164430,4111588,0,01,1,22120,1528,N
20251127,M7731,41016902,20251127,41,11,08,41_19024900,1,570,41016902,20251127173604,4106836,20251127181247,4116126,0,01,1,25350,2203,N
20251127,M7731,41016902,20251127,41,11,08,41_19028059,1,570,41016902,20251127182355,4177448,20251127190133,4116130,0,01,1,24380,2258,N
20251127,M7731,41016902,20251127,41,11,08,41_19032184,2,570,41016902,20251127125605,4177637,20251127132649,4111588,0,01,1,25830,1844,N
20251127,M7731,41016902,20251127,41,11,08,41_19049001,2,570,41016902,20251127073344,4177448,20251127081122,4116130,0,01,1,24380,2258,N
20251127,M7731,41016902,20251127,41,11,08,41_19066699,2,570,41016902,20251127191256,4177532,20251127194512,4111588,0,01,1,22980,1936,N
20251127,M7731,41016902,20251127,41,11,08,41_19069467,2,570,41016902,20251127063851,4107446,20251127071202,4111588,0,01,1,27870,1991,N
20251127,M7731,41016902,20251127,41,11,08,41_19116950,2,570,41016902,20251127075142,4106836,20251127083117,4116126,1,01,1,25350,2375,N
20251127,M7731,41016902,20251127,41,11,08,41_19130464,2,570,41016902,20251127141619,4177532,20251127150051,4111588,0,01,1,22980,2672,N
20251127,M7731,41016902,20251127,41,11,08,41_19131398,2,570,41016902,20251127190621,4106836,20251127201015,4111588,0,01,1,24330,3834,N
20251127,M7731,41016902,20251127,41,11,08,41_19137647,2,570,41016902,20251127182740,4177532,20251127185623,4111588,0,01,1,22980,1723,N
20251127,M7731,41016902,20251127,41,11,08,41_19137647,2,570,41016902,20251127201026,4177448,20251127202936,4111588,0,01,1,22120,1150,N
20251127,M7731,41016902,20251127,41,11,08,41_19148389,1,570,41016902,20251127181850,4177448,20251127184739,4111588,0,01,1,22120,1729,N
20251127,M7731,41016902,20251127,41,11,08,41_19203438,2,570,41016902,20251127075707,4177448,20251127082017,4111588,0,01,1,22120,1390,N
20251127,M7731,41016902,20251127,41,11,08,41_19240173,2,570,41016902,20251127220929,4107446,20251127225502,4111588,0,01,1,27870,2733,N
20251127,M7731,41016902,20251127,41,11,08,41_19288621,2,570,41016902,20251127160242,4177448,20251127162341,4111588,0,01,1,22120,1259,N
20251127,M7731,41016902,20251127,41,11,08,41_19317254,2,570,41016902,20251127075032,4106836,20251127084049,4116126,1,01,1,25350,3017,N
20251127,M7731,41016902,20251127,41,11,08,41_19317254,2,570,41016902,20251127184442,4106836,20251127194840,4116126,1,01,1,25350,3838,N
20251127,M7731,41016902,20251127,41,11,08,41_19325836,2,570,41016902,20251127164457,4177532,20251127171635,4111588,0,01,1,22980,1898,N
20251127,M7731,41016902,20251127,41,11,08,41_19332607,2,570,41016902,20251127125018,4177448,20251127131541,4111588,0,01,1,22120,1523,N
20251127,M7731,41016902,20251127,41,11,08,41_19372113,2,570,41016902,20251127133142,4177448,20251127135835,4116126,0,01,1,23140,1613,N
20251127,M7731,41016902,20251127,41,11,08,41_19375669,2,570,41016902,20251127082332,4106836,20251127090437,4111588,0,01,1,24330,2465,N
20251127,M7731,41016902,20251127,41,11,08,41_19400074,2,570,41016902,20251127192437,4177448,20251127195252,4116126,0,01,1,23140,1695,N
20251127,M7731,41016902,20251127,41,11,08,41_1944465,2,570,41016902,20251127183957,4177532,20251127193945,4111588,0,01,1,22980,3588,N
20251127,M7731,41016902,20251127,41,11,08,41_1946829,2,570,41016902,20251127194932,4177448,20251127202036,4111588,0,01,1,22120,1864,N
20251127,M7731,41016902,20251127,41,11,08,41_19481574,2,570,41016902,20251127170251,4106836,20251127174604,4111588,0,01,1,24330,2593,N
20251127,M7731,41016902,20251127,41,11,08,41_19485355,2,570,41016902,20251127183113,4177532,20251127190626,4111588,0,01,1,22980,2113,N
20251127,M7731,41016902,20251127,41,11,08,41_19489222,1,570,41016902,20251127214659,4107446,20251127222127,4111588,0,01,1,27870,2068,N
20251127,M7731,41016902,20251127,41,11,08,41_19491801,2,570,41016902,20251127161536,4177532,20251127164457,4116126,0,01,1,24000,1761,N
20251127,M7731,41016902,20251127,41,11,08,41_19504889,2,570,41016902,20251127122457,4177448,20251127125742,4116126,0,01,1,23140,1965,N
20251127,M7731,41016902,20251127,41,11,08,41_19535422,2,570,41016902,20251127150345,4110935,20251127154201,4111588,0,01,1,28710,2296,N
20251127,M7731,41016902,20251127,41,11,08,41_19537957,2,570,41016902,20251127180256,4106836,20251127183717,4116126,0,01,1,25350,2061,N
20251127,M7731,41016902,20251127,41,11,08,41_19551126,2,570,41016902,20251127222617,4106836,20251127225952,4111588,0,01,1,24330,2015,N
20251127,M7731,41016902,20251127,41,11,08,41_19558247,2,570,41016902,20251127224715,4106836,20251127233001,4111588,0,01,1,24330,2566,N
20251127,M7731,41016902,20251127,41,11,08,41_19602465,2,570,41016902,20251127073519,4106836,20251127081401,4111588,0,01,1,24330,2322,N
20251127,M7731,41016902,20251127,41,11,08,41_19627500,2,570,41016902,20251127140552,4106836,20251127144434,4111588,0,01,1,24330,2322,N
20251127,M7731,41016902,20251127,41,11,08,41_19635379,1,570,41016902,20251127064424,4177532,20251127072610,4111588,0,01,1,22980,2506,N
20251127,M7731,41016902,20251127,41,11,08,41_19646799,2,570,41016902,20251127172749,4106836,20251127175631,4111588,0,01,1,24330,1722,N
20251127,M7731,41016902,20251127,41,11,08,41_19676248,1,570,41016902,20251127232337,4106836,20251128000150,4111588,0,01,1,24330,2293,N
20251127,M7731,41016902,20251127,41,11,08,41_19697407,2,570,41016902,20251127160229,4106836,20251127163508,4111588,0,01,1,24330,1959,N
20251127,M7731,41016902,20251127,41,11,08,41_19732309,1,570,41016902,20251127231036,4177532,20251127235219,4111588,0,01,1,22980,2503,N
20251127,M7731,41016902,20251127,41,11,08,41_19742934,2,570,41016902,20251127224309,4106836,20251127231814,4116126,0,01,1,25350,2105,N
20251127,M7731,41016902,20251127,41,11,08,41_19750554,2,570,41016902,20251127143353,4177532,20251127150656,4116126,0,01,1,24000,1983,N
20251127,M7731,41016902,20251127,41,11,08,41_19802076,1,570,41016902,20251127073802,4177532,20251127081800,4111588,0,01,1,22980,2398,N
20251127,M7731,41016902,20251127,41,11,08,41_19824131,1,570,41016902,20251127183032,4177532,20251127185941,4111588,0,01,1,22980,1749,N
20251127,M7731,41016902,20251127,41,11,08,41_19869749,2,570,41016902,20251127073756,4177532,20251127080848,4111599,0,01,1,26920,1852,N
20251127,M7731,41016902,20251127,41,11,08,41_19890931,2,570,41016902,20251127075259,4177448,20251127082155,4116126,0,01,1,23140,1736,N
20251127,M7731,41016902,20251127,41,11,08,41_19890931,2,570,41016902,20251127194132,4177448,20251127202013,4116126,0,01,1,23140,2321,N
20251127,M7731,41016902,20251127,41,11,08,41_19898969,2,570,41016902,20251127093121,4106836,20251127100458,4111588,1,01,1,24330,2017,N
20251127,M7731,41016902,20251127,41,11,08,41_19913508,2,570,41016902,20251127170442,4177448,20251127174346,4116126,0,01,1,23140,2344,N
20251127,M7731,41016902,20251127,41,11,08,41_19955858,2,570,41016902,20251127134232,4177637,20251127142017,4111588,0,01,1,25830,2265,N
20251127,M7731,41016902,20251127,41,11,08,41_19956144,1,570,41016902,20251127101242,4177448,20251127104111,4111588,0,01,1,22120,1709,N
20251127,M7731,41016902,20251127,41,11,08,41_19963221,2,570,41016902,20251127101139,4177448,20251127103820,4111588,0,01,2,22120,1601,N
20251127,M7731,41016902,20251127,41,11,08,41_19970948,2,570,41016902,20251127073451,4106836,20251127080614,4111588,0,01,1,24330,1883,N
20251127,M7731,41016902,20251127,41,11,08,41_19970948,2,570,41016902,20251127220120,4106836,20251127223214,4111588,0,01,1,24330,1854,N
20251127,M7731,41016902,20251127,41,11,08,41_19985995,2,570,41016902,20251127092351,4177448,20251127100848,4111588,0,01,1,22120,2697,N
20251127,M7731,41016902,20251127,41,11,08,41_20006697,1,570,41016902,20251127123721,4177448,20251127130914,4111588,0,01,1,22120,1913,N
20251127,M7731,41016902,20251127,41,11,08,41_20007253,2,570,41016902,20251127100015,4177637,20251127103941,4111588,0,01,1,25830,2366,N
20251127,M7731,41016902,20251127,41,11,08,41_20007253,2,570,41016902,20251127181857,4177637,20251127185649,4111588,0,01,1,25830,2272,N
20251127,M7731,41016902,20251127,41,11,08,41_20024675,1,570,41016902,20251127113542,4106836,20251127120129,4111588,0,01,1,24330,1547,N
20251127,M7731,41016902,20251127,41,11,08,41_20038534,2,570,41016902,20251127170451,4177532,20251127173042,4111588,0,01,1,22980,1551,N
20251127,M7731,41016902,20251127,41,11,08,41_20049338,1,570,41016902,20251127055746,4106836,20251127064706,4116126,1,01,1,25350,2960,N
20251127,M7731,41016902,20251127,41,11,08,41_20050583,2,570,41016902,20251127174116,4177532,20251127181133,4116126,0,01,1,24000,1817,N
20251127,M7731,41016902,20251127,41,11,08,41_20069487,1,570,41016902,20251127182608,4177637,20251127185522,4111598,0,01,1,29120,1754,N
20251127,M7731,41016902,20251127,41,11,08,41_20083041,2,570,41016902,20251127170519,4106836,20251127180844,4111588,1,01,1,24330,3805,N
20251127,M7731,41016902,20251127,41,11,08,41_20083409,2,570,41016902,20251127100015,4177637,20251127104357,4111588,0,01,1,25830,2622,N
20251127,M7731,41016902,20251127,41,11,08,41_2008621,2,570,41016902,20251127075509,4177532,20251127084104,4116126,0,01,1,24000,2755,N
20251127,M7731,41016902,20251127,41,11,08,41_2014928,1,570,41016902,20251127161908,4177448,20251127164307,4111588,0,01,1,22120,1439,N
20251127,M7731,41016902,20251127,41,11,08,41_20150063,1,570,41016902,20251127144918,4177532,20251127152054,4111588,0,01,1,22980,1896,N
20251127,M7731,41016902,20251127,41,11,08,41_20154607,1,570,41016902,20251127071628,4177637,20251127082935,4111588,0,01,1,25830,4387,N
20251127,M7731,41016902,20251127,41,11,08,41_20158959,2,570,41016902,20251127082209,4107446,20251127085236,4116130,0,01,1,30130,1827,N
20251127,M7731,41016902,20251127,41,11,08,41_20158959,2,570,41016902,20251127130230,4107446,20251127134424,4116130,0,01,1,30130,2514,N
20251127,M7731,41016902,20251127,41,11,08,41_20167410,2,570,41016902,20251127110551,4106836,20251127114808,4116130,1,01,1,26590,2537,N
20251127,M7731,41016902,20251127,41,11,08,41_2018037,2,570,41016902,20251127203633,4177532,20251127212558,4111588,0,01,1,22980,2965,N
20251127,M7731,41016902,20251127,41,11,08,41_20209860,2,570,41016902,20251127134230,4106836,20251127142839,4111588,0,01,1,24330,2769,N
20251127,M7731,41016902,20251127,41,11,08,41_20258757,2,570,41016902,20251127163031,4106836,20251127170944,4116126,1,01,1,25350,2353,N
20251127,M7731,41016902,20251127,41,11,08,41_20298142,2,570,41016902,20251127111716,4106836,20251127120658,4111588,1,01,2,24330,2982,N
20251127,M7731,41016902,20251127,41,11,08,41_20298977,2,570,41016902,20251127134017,4106836,20251127141420,4116126,0,01,1,25350,2043,N
20251127,M7731,41016902,20251127,41,11,08,41_2033492,2,570,41016902,20251127153632,4106836,20251127161847,4111588,0,01,1,24330,2535,N
20251127,M7731,41016902,20251127,41,11,08,41_20336429,2,570,41016902,20251127071736,4177448,20251127074532,4109162,0,01,1,27170,1676,N
20251127,M7731,41016902,20251127,41,11,08,41_20354885,2,570,41016902,20251127070344,4177448,20251127074959,4111588,0,01,1,22120,2775,N
20251127,M7731,41016902,20251127,41,11,08,41_20397385,2,570,41016902,20251127072033,4177448,20251127074822,4111598,0,01,1,25410,1669,N
20251127,M7731,41016902,20251127,41,11,08,41_20401809,2,570,41016902,20251127123044,4177448,20251127130543,4111588,0,01,1,22120,2099,N
20251127,M7731,41016902,20251127,41,11,08,41_20432655,2,570,41016902,20251127122305,4177448,20251127124422,4116126,0,01,1,23140,1277,N
20251127,M7731,41016902,20251127,41,11,08,41_20482364,1,570,41016902,20251127082534,4106836,20251127085300,4116130,1,01,1,26590,1646,N
20251127,M7731,41016902,20251127,41,11,08,41_20484401,1,570,41016902,20251127080439,4110935,20251127083330,4111588,0,01,1,28710,1731,N
20251127,M7731,41016902,20251127,41,11,08,41_20497143,2,570,41016902,20251127073221,4177448,20251127075513,4111588,0,01,1,22120,1372,N
20251127,M7731,41016902,20251127,41,11,08,41_20521297,2,570,41016902,20251127170550,4177637,20251127175725,4111588,0,01,1,25830,3095,N
20251127,M7731,41016902,20251127,41,11,08,41_20529753,1,570,41016902,20251127071743,4107446,20251127080805,4111588,0,01,1,27870,3022,N
20251127,M7731,41016902,20251127,41,11,08,41_20537996,2,570,41016902,20251127173016,4177532,20251127175451,4111588,0,01,1,22980,1475,N
20251127,M7731,41016902,20251127,41,11,08,41_20562229,1,570,41016902,20251127164648,4177448,20251127174117,4116126,0,01,1,23140,3269,N
20251127,M7731,41016902,20251127,41,11,08,41_20567409,2,570,41016902,20251127224247,4106836,20251127232740,4111588,0,01,1,24330,2693,N
20251127,M7731,41016902,20251127,41,11,08,41_20580727,2,570,41016902,20251127205205,4177532,20251127212209,4111588,0,01,1,22980,1804,N
20251127,M7731,41016902,20251127,41,11,08,41_20602344,2,570,41016902,20251127082745,4106836,20251127091348,4111588,0,01,1,24330,2763,N
20251127,M7731,41016902,20251127,41,11,08,41_20617117,2,570,41016902,20251127143113,4177637,20251127150013,4116126,0,01,1,26850,1740,N
20251127,M7731,41016902,20251127,41,11,08,41_20632781,2,570,41016902,20251127090102,4107446,20251127093124,4111588,0,01,1,27870,1822,N
20251127,M7731,41016902,20251127,41,11,08,41_20645391,2,570,41016902,20251127082920,4110935,20251127090348,4111588,0,01,1,28710,2068,N
20251127,M7731,41016902,20251127,41,11,08,41_20647629,1,570,41016902,20251127062034,4106836,20251127065258,4111588,0,01,1,24330,1944,N
20251127,M7731,41016902,20251127,41,11,08,41_20651600,2,570,41016902,20251127174536,4177448,20251127181321,4116126,1,01,1,23140,1665,N
20251127,M7731,41016902,20251127,41,11,08,41_20661069,2,570,41016902,20251127184058,4106836,20251127192652,4111588,0,01,1,24330,2754,N
20251127,M7731,41016902,20251127,41,11,08,41_20661097,2,570,41016902,20251127143235,4177637,20251127150218,4111588,0,01,1,25830,1783,N
20251127,M7731,41016902,20251127,41,11,08,41_20668510,2,570,41016902,20251127100254,4106836,20251127110856,4111588,1,01,1,24330,3962,N
20251127,M7731,41016902,20251127,41,11,08,41_20689461,2,570,41016902,20251127073032,4177448,20251127075404,4111588,0,01,1,22120,1412,N
20251127,M7731,41016902,20251127,41,11,08,41_20698109,2,570,41016902,20251127070020,4106836,20251127074438,4116126,0,01,1,25350,2658,N
20251127,M7731,41016902,20251127,41,11,08,41_20698109,2,570,41016902,20251127130745,4106836,20251127134753,4116126,0,01,1,25350,2408,N
20251127,M7731,41016902,20251127,41,11,08,41_20702848,2,570,41016902,20251127183217,4177637,20251127190209,4116126,0,01,1,26850,1792,N
20251127,M7731,41016902,20251127,41,11,08,41_20718476,2,570,41016902,20251127083904,4106836,20251127091112,4111588,0,01,1,24330,1928,N
20251127,M7731,41016902,20251127,41,11,08,41_20749588,2,570,41016902,20251127220014,4177637,20251127222436,4116130,0,01,1,28090,1462,N
20251127,M7731,41016902,20251127,41,11,08,41_20751164,2,570,41016902,20251127183220,4177637,20251127190212,4116126,0,01,1,26850,1792,N
20251127,M7731,41016902,20251127,41,11,08,41_20751568,2,570,41016902,20251127055204,4177510,20251127070120,4111588,0,01,1,29500,4156,N
20251127,M7731,41016902,20251127,41,11,08,41_20764913,2,570,41016902,20251127195001,4106836,20251127202804,4111598,1,01,1,27620,2283,N
20251127,M7731,41016902,20251127,41,11,08,41_2078477,1,570,41016902,20251127065027,4110935,20251127072619,4111588,0,01,1,28710,2152,N
20251127,M7731,41016902,20251127,41,11,08,41_20786497,2,570,41016902,20251127191927,4177532,20251127195442,4111588,0,01,1,22980,2115,N
20251127,M7731,41016902,20251127,41,11,08,41_20823808,1,570,41016902,20251127181206,4106836,20251127185907,4111588,0,01,1,24330,2821,N
20251127,M7731,41016902,20251127,41,11,08,41_20852834,2,570,41016902,20251127181201,4106836,20251127185902,4111588,0,01,1,24330,2821,N
20251127,M7731,41016902,20251127,41,11,08,41_20864300,2,570,41016902,20251127073809,4106836,20251127083545,4116126,0,01,1,25350,3456,N
20251127,M7731,41016902,20251127,41,11,08,41_2086767,2,570,41016902,20251127180726,4177532,20251127184159,4111588,0,01,1,22980,2073,N
20251127,M7731,41016902,20251127,41,11,08,41_20879780,1,570,41016902,20251127124440,4177448,20251127131521,4111588,0,01,1,22120,1841,N
20251127,M7731,41016902,20251127,41,11,08,41_20916848,1,570,41016902,20251127064156,4106836,20251127071237,4111588,0,01,1,24330,1841,N
20251127,M7731,41016902,20251127,41,11,08,41_2095174,2,570,41016902,20251127104155,4177510,20251127113522,4111588,0,01,1,29500,3207,N
20251127,M7731,41016902,20251127,41,11,08,41_20958075,2,570,41016902,20251127200205,4106836,20251127203411,4116130,0,01,1,26590,1926,N
20251127,M7731,41016902,20251127,41,11,08,41_20979462,2,570,41016902,20251127071711,4106836,20251127075436,4116126,1,01,1,25350,2245,N
20251127,M7731,41016902,20251127,41,11,08,41_20985065,1,570,41016902,20251127103021,4106836,20251127110841,4116126,0,01,1,25350,2300,N
20251127,M7731,41016902,20251127,41,11,08,41_21013001,2,570,41016902,20251127115159,4106836,20251127123756,4116126,0,01,1,25350,2757,N
20251127,M7731,41016902,20251127,41,11,08,41_21019169,2,570,41016902,20251127085522,4177448,20251127093619,4111588,1,01,1,22120,2457,N
20251127,M7731,41016902,20251127,41,11,08,41_21019340,2,570,41016902,20251127175700,4177637,20251127183042,4116126,0,01,1,26850,2022,N
20251127,M7731,41016902,20251127,41,11,08,41_21019785,2,570,41016902,20251127131126,4177532,20251127135536,4111588,0,01,1,22980,2650,N
20251127,M7731,41016902,20251127,41,11,08,41_21026536,2,570,41016902,20251127092817,4106836,20251127101501,4116126,0,01,1,25350,2804,N
20251127,M7731,41016902,20251127,41,11,08,41_21026536,2,570,41016902,20251127162606,4106836,20251127170004,4116126,0,01,1,25350,2038,N
20251127,M7731,41016902,20251127,41,11,08,41_21029419,2,570,41016902,20251127194228,4177510,20251127203305,4111588,0,01,1,29500,3037,N
20251127,M7731,41016902,20251127,41,11,08,41_2107441,2,570,41016902,20251127130802,4106836,20251127132653,4111588,1,01,1,24330,1131,N
20251127,M7731,41016902,20251127,41,11,08,41_21079884,1,570,41016902,20251127131126,4177532,20251127135536,4116126,0,01,1,24000,2650,N
20251127,M7731,41016902,20251127,41,11,08,41_21095641,2,570,41016902,20251127142732,4106836,20251127145617,4111588,0,01,1,24330,1725,N
20251127,M7731,41016902,20251127,41,11,08,41_21097182,1,570,41016902,20251127153000,4106836,20251127160515,4111588,0,01,1,24330,2115,N
20251127,M7731,41016902,20251127,41,11,08,41_21110364,2,570,41016902,20251127211108,4106836,20251127215131,4116126,0,01,1,25350,2423,N
20251127,M7731,41016902,20251127,41,11,08,41_21120067,2,570,41016902,20251127072733,4177637,20251127082239,4111588,0,01,1,25830,3306,N
20251127,M7731,41016902,20251127,41,11,08,41_21122005,2,570,41016902,20251127215454,4177637,20251127230057,4111588,0,01,1,25830,3963,N
20251127,M7731,41016902,20251127,41,11,08,41_21125690,2,570,41016902,20251127183845,4106836,20251127192349,4116126,0,01,1,25350,2704,N
20251127,M7731,41016902,20251127,41,11,08,41_2114677,2,570,41016902,20251127130109,4106836,20251127132000,4111588,0,01,1,24330,1131,N
20251127,M7731,41016902,20251127,41,11,08,41_21156934,2,570,41016902,20251127190150,4177637,20251127193526,4116126,0,01,1,26850,2016,N
20251127,M7731,41016902,20251127,41,11,08,41_21162300,2,570,41016902,20251127192159,4106836,20251127200406,4111588,0,01,1,24330,2527,N
20251127,M7731,41016902,20251127,41,11,08,41_21187835,2,570,41016902,20251127180536,4177448,20251127183133,4111588,0,01,1,22120,1557,N
20251127,M7731,41016902,20251127,41,11,08,41_21216322,2,570,41016902,20251127223436,4106836,20251127232152,4111588,2,01,1,24330,2836,N
20251127,M7731,41016902,20251127,41,11,08,41_21221832,1,570,41016902,20251127174003,4106836,20251127181807,4116130,0,01,1,26590,2284,N
20251127,M7731,41016902,20251127,41,11,08,41_21241832,2,570,41016902,20251127073944,4106836,20251127083656,4116126,1,01,1,25350,3432,N
20251127,M7731,41016902,20251127,41,11,08,41_21242299,2,570,41016902,20251127154142,4106836,20251127162555,4116126,0,01,1,25350,2653,N
20251127,M7731,41016902,20251127,41,11,08,41_21252299,2,570,41016902,20251127174438,4177510,20251127182127,4111588,0,01,1,29500,2209,N
20251127,M7731,41016902,20251127,41,11,08,41_21304440,2,570,41016902,20251127211522,4106836,20251127215130,4111588,0,01,1,24330,2168,N
20251127,M7731,41016902,20251127,41,11,08,41_21313547,2,570,41016902,20251127102552,4106836,20251127111051,4111588,0,01,1,24330,2699,N
20251127,M7731,41016902,20251127,41,11,08,41_21409546,2,570,41016902,20251127170522,4110868,20251127173136,4111588,0,01,1,26980,1574,N
20251127,M7731,41016902,20251127,41,11,08,41_21421383,2,570,41016902,20251127221517,4106836,20251127225041,4116126,1,01,1,25350,2124,N
20251127,M7731,41016902,20251127,41,11,08,41_21425235,2,570,41016902,20251127114252,4110935,20251127121216,4111588,0,01,1,28710,1764,N
20251127,M7731,41016902,20251127,41,11,08,41_21457327,1,570,41016902,20251127200818,4106836,20251127203924,4116126,0,01,1,25350,1866,N
20251127,M7731,41016902,20251127,41,11,08,41_21512552,1,570,41016902,20251127122141,4177448,20251127125345,4111588,0,01,1,22120,1924,N
20251127,M7731,41016902,20251127,41,11,08,41_215340,2,570,41016902,20251127103315,4106836,20251127112314,4116126,1,01,1,25350,2999,N
20251127,M7731,41016902,20251127,41,11,08,41_21597995,1,570,41016902,20251127133620,4177448,20251127141653,4116126,0,01,1,23140,2433,N
20251127,M7731,41016902,20251127,41,11,08,41_21624472,2,570,41016902,20251127173131,4177448,20251127180117,4111588,0,01,1,22120,1786,N
20251127,M7731,41016902,20251127,41,11,08,41_21666879,1,570,41016902,20251127174252,4177448,20251127182154,4116126,0,01,1,23140,2342,N
20251127,M7731,41016902,20251127,41,11,08,41_21670269,2,570,41016902,20251127113628,4177448,20251127120343,4116126,0,01,1,23140,1635,N
20251127,M7731,41016902,20251127,41,11,08,41_2169210,2,570,41016902,20251127194132,4177448,20251127203232,4111588,0,01,1,22120,3060,N
20251127,M7731,41016902,20251127,41,11,08,41_21739435,1,570,41016902,20251127061627,4177637,20251127064613,4109162,0,01,1,30880,1786,N
20251127,M7731,41016902,20251127,41,11,08,41_21777885,2,570,41016902,20251127184706,4177532,20251127192810,4111588,0,01,1,22980,2464,N
20251127,M7731,41016902,20251127,41,11,08,41_21794227,2,570,41016902,20251127153825,4177448,20251127161433,4116126,0,01,1,23140,2168,N
20251127,M7731,41016902,20251127,41,11,08,41_21815911,2,570,41016902,20251127191924,4177448,20251127194336,4111588,0,01,1,22120,1452,N
20251127,M7731,41016902,20251127,41,11,08,41_21825995,2,570,41016902,20251127192012,4177448,20251127194614,4111588,0,01,1,22120,1562,N
20251127,M7731,41016902,20251127,41,11,08,41_21853971,2,570,41016902,20251127215414,4107446,20251127221841,4111588,0,01,1,27870,1467,N
20251127,M7731,41016902,20251127,41,11,08,41_21856273,2,570,41016902,20251127075343,4106836,20251127084051,4116126,0,01,1,25350,2828,N
20251127,M7731,41016902,20251127,41,11,08,41_21856273,2,570,41016902,20251127100215,4106836,20251127105300,4116126,0,01,1,25350,3045,N
20251127,M7731,41016902,20251127,41,11,08,41_21895940,2,570,41016902,20251127165615,4106836,20251127171901,4116130,1,01,1,26590,1366,N
20251127,M7731,41016902,20251127,41,11,08,41_2191623,1,570,41016902,20251127045830,4177510,20251127052329,4109162,0,01,1,34550,1499,N
20251127,M7731,41016902,20251127,41,11,08,41_21939353,2,570,41016902,20251127181839,4106836,20251127190146,4116126,0,01,1,25350,2587,N
20251127,M7731,41016902,20251127,41,11,08,41_21945411,1,570,41016902,20251127064151,4177637,20251127073417,4111588,0,01,1,25830,3146,N
20251127,M7731,41016902,20251127,41,11,08,41_21985508,2,570,41016902,20251127165536,4106836,20251127174711,4116126,1,01,1,25350,3095,N
20251127,M7731,41016902,20251127,41,11,08,41_22007896,2,570,41016902,20251127061419,4177637,20251127072614,4111588,0,01,1,25830,4315,N
20251127,M7731,41016902,20251127,41,11,08,41_22109253,2,570,41016902,20251127102216,4106836,20251127110939,4111588,1,01,1,24330,2843,N
20251127,M7731,41016902,20251127,41,11,08,41_22115945,2,570,41016902,20251127083741,4106836,20251127092022,4111588,0,01,1,24330,2561,N
20251127,M7731,41016902,20251127,41,11,08,41_22118135,2,570,41016902,20251127143559,4177532,20251127152209,4116130,0,01,1,25240,2770,N
20251127,M7731,41016902,20251127,41,11,08,41_2212407,1,570,41016902,20251127181900,4106836,20251127185530,4111588,0,01,1,24330,2190,N
20251127,M7731,41016902,20251127,41,11,08,41_22144510,2,570,41016902,20251127143127,4177532,20251127151709,4116126,0,01,1,24000,2742,N
20251127,M7731,41016902,20251127,41,11,08,41_22144510,2,570,41016902,20251127155117,4177532,20251127162656,4116126,0,01,1,24000,2139,N
20251127,M7731,41016902,20251127,41,11,08,41_22154257,2,570,41016902,20251127070747,4106836,20251127074519,4111598,0,01,1,27620,2252,N
20251127,M7731,41016902,20251127,41,11,08,41_22168919,1,570,41016902,20251127140911,4177448,20251127145109,4109162,0,01,1,27170,2518,N
20251127,M7731,41016902,20251127,41,11,08,41_22170571,2,570,41016902,20251127200147,4177532,20251127203307,4111588,0,01,1,22980,1880,N
20251127,M7731,41016902,20251127,41,11,08,41_22181020,2,570,41016902,20251127164959,4177532,20251127173113,4116130,0,01,1,25240,2474,N
20251127,M7731,41016902,20251127,41,11,08,41_22185648,2,570,41016902,20251127151528,4177532,20251127154054,4111588,0,01,1,22980,1526,N
20251127,M7731,41016902,20251127,41,11,08,41_22185648,2,570,41016902,20251127164959,4177532,20251127172146,4111588,0,01,1,22980,1907,N
20251127,M7731,41016902,20251127,41,11,08,41_22192234,2,570,41016902,20251127092543,4177448,20251127095028,4111588,0,01,1,22120,1485,N
20251127,M7731,41016902,20251127,41,11,08,41_22197378,1,570,41016902,20251127092348,4177448,20251127100447,4116126,0,01,1,23140,2459,N
20251127,M7731,41016902,20251127,41,11,08,41_22200493,2,570,41016902,20251127111946,4106836,20251127115306,4116126,0,01,1,25350,2000,N
20251127,M7731,41016902,20251127,41,11,08,41_22221445,2,570,41016902,20251127095849,4106836,20251127103331,4111588,1,01,1,24330,2082,N
20251127,M7731,41016902,20251127,41,11,08,41_22261009,2,570,41016902,20251127190634,4106836,20251127195820,4111588,0,01,1,24330,3106,N
20251127,M7731,41016902,20251127,41,11,08,41_22261581,1,570,41016902,20251127094737,4177448,20251127101330,4111588,1,01,1,22120,1553,N
20251127,M7731,41016902,20251127,41,11,08,41_22266886,2,570,41016902,20251127141504,4177448,20251127144152,4111588,0,01,2,22120,1608,N
20251127,M7731,41016902,20251127,41,11,08,41_22271806,2,570,41016902,20251127104319,4110935,20251127114607,4116130,0,01,1,30970,3768,N
20251127,M7731,41016902,20251127,41,11,08,41_22279390,2,570,41016902,20251127140900,4177448,20251127144759,4116130,0,01,1,24380,2339,N
20251127,M7731,41016902,20251127,41,11,08,41_22279390,2,570,41016902,20251127190010,4177448,20251127193925,4116130,0,01,1,24380,2355,N
20251127,M7731,41016902,20251127,41,11,08,41_22305165,2,570,41016902,20251127051434,4107446,20251127054914,4111588,0,01,1,27870,2080,N
20251127,M7731,41016902,20251127,41,11,08,41_22333935,2,570,41016902,20251127080504,4107446,20251127085522,4111588,0,01,1,27870,3018,N
20251127,M7731,41016902,20251127,41,11,08,41_22343036,2,570,41016902,20251127140330,4106836,20251127144845,4111588,0,01,1,24330,2715,N
20251127,M7731,41016902,20251127,41,11,08,41_22344264,2,570,41016902,20251127070555,4106836,20251127082447,4109162,1,01,1,29380,4732,N
20251127,M7731,41016902,20251127,41,11,08,41_22344264,2,570,41016902,20251127134916,4106836,20251127150808,4109162,1,01,1,29380,4732,N
20251127,M7731,41016902,20251127,41,11,08,41_22364861,2,570,41016902,20251127193838,4177448,20251127200704,4111588,0,01,1,22120,1706,N
20251127,M7731,41016902,20251127,41,11,08,41_22375051,2,570,41016902,20251127125544,4106836,20251127134824,4111588,0,01,1,24330,3160,N
20251127,M7731,41016902,20251127,41,11,08,41_22395926,2,570,41016902,20251127141711,4106836,20251127145143,4111588,0,01,1,24330,2072,N
20251127,M7731,41016902,20251127,41,11,08,41_224185,2,570,41016902,20251127063604,4106836,20251127070645,4111588,0,01,1,24330,1841,N
20251127,M7731,41016902,20251127,41,11,08,41_22447249,2,570,41016902,20251127212532,4106836,20251127220115,4116126,1,01,1,25350,2143,N
20251127,M7731,41016902,20251127,41,11,08,41_22450776,2,570,41016902,20251127183428,4177448,20251127192326,4111588,0,01,1,22120,2938,N
20251127,M7731,41016902,20251127,41,11,08,41_22501813,1,570,41016902,20251127123550,4106836,20251127130149,4116126,0,01,1,25350,1559,N
20251127,M7731,41016902,20251127,41,11,08,41_22501813,1,570,41016902,20251127163603,4106836,20251127171320,4116126,0,01,1,25350,2237,N
20251127,M7731,41016902,20251127,41,11,08,41_22521306,1,570,41016902,20251127172856,4106836,20251127175618,4111588,0,01,1,24330,1642,N
20251127,M7731,41016902,20251127,41,11,08,41_22540912,1,570,41016902,20251127064618,4177510,20251127080414,4109162,0,01,1,34550,4676,N
20251127,M7731,41016902,20251127,41,11,08,41_22570135,1,570,41016902,20251127131011,4106836,20251127135210,4111588,1,01,1,24330,2519,N
20251127,M7731,41016902,20251127,41,11,08,41_22591751,2,570,41016902,20251127225557,4106836,20251127233530,4111588,0,01,1,24330,2373,N
20251127,M7731,41016902,20251127,41,11,08,41_22596349,2,570,41016902,20251127060441,4177637,20251127065631,4116126,0,01,1,26850,3110,N
20251127,M7731,41016902,20251127,41,11,08,41_22619106,1,570,41016902,20251127070130,4106836,20251127073604,4111588,1,01,1,24330,2074,N
20251127,M7731,41016902,20251127,41,11,08,41_22630387,2,570,41016902,20251127210617,4106836,20251127214706,4116130,0,01,1,26590,2449,N
20251127,M7731,41016902,20251127,41,11,08,41_22630387,2,570,41016902,20251127232533,4106836,20251127235645,4116130,0,01,1,26590,1872,N
20251127,M7731,41016902,20251127,41,11,08,41_22643850,2,570,41016902,20251127210617,4106836,20251127220237,4111588,0,01,1,24330,3380,N
20251127,M7731,41016902,20251127,41,11,08,41_22651196,2,570,41016902,20251127095128,4177637,20251127103100,4111588,0,01,1,25830,2372,N
20251127,M7731,41016902,20251127,41,11,08,41_22651196,2,570,41016902,20251127110324,4177637,20251127113654,4116130,0,01,1,28090,2010,N
20251127,M7731,41016902,20251127,41,11,08,41_22659483,2,570,41016902,20251127192030,4110935,20251127195814,4111588,0,01,1,28710,2264,N
20251127,M7731,41016902,20251127,41,11,08,41_22670308,1,570,41016902,20251127184237,4177448,20251127192801,4111588,0,01,1,22120,2724,N
20251127,M7731,41016902,20251127,41,11,08,41_22673906,2,570,41016902,20251127184923,4106836,20251127193842,4116126,0,01,1,25350,2959,N
20251127,M7731,41016902,20251127,41,11,08,41_22712636,1,570,41016902,20251127061744,4177448,20251127070522,4111588,0,01,1,22120,2858,N
20251127,M7731,41016902,20251127,41,11,08,41_22740119,2,570,41016902,20251127093126,4177532,20251127100418,4116130,0,01,1,25240,1972,N
20251127,M7731,41016902,20251127,41,11,08,41_22754621,2,570,41016902,20251127152826,4106836,20251127160735,4111588,1,01,1,24330,2349,N
20251127,M7731,41016902,20251127,41,11,08,41_22769702,1,570,41016902,20251127181346,4106836,20251127184816,4111588,1,01,1,24330,2070,N
20251127,M7731,41016902,20251127,41,11,08,41_22811130,2,570,41016902,20251127183751,4177448,20251127192343,4116126,0,01,1,23140,2752,N
20251127,M7731,41016902,20251127,41,11,08,41_2283654,2,570,41016902,20251127064958,4106836,20251127075128,4116126,1,01,1,25350,3690,N
20251127,M7731,41016902,20251127,41,11,08,41_22867878,2,570,41016902,20251127095354,4106836,20251127103852,4111588,0,01,1,24330,2698,N
20251127,M7731,41016902,20251127,41,11,08,41_22867878,2,570,41016902,20251127164043,4106836,20251127172308,4111588,0,01,1,24330,2545,N
20251127,M7731,41016902,20251127,41,11,08,41_22867878,2,570,41016902,20251127223744,4106836,20251127231041,4111588,0,01,1,24330,1977,N
20251127,M7731,41016902,20251127,41,11,08,41_22894091,2,570,41016902,20251127083433,4107446,20251127090546,4116130,0,01,1,30130,1873,N
20251127,M7731,41016902,20251127,41,11,08,41_22920064,1,570,41016902,20251127232650,4177448,20251127234827,4111588,0,01,1,22120,1297,N
20251127,M7731,41016902,20251127,41,11,08,41_22921065,2,570,41016902,20251127171533,4177637,20251127174805,4116126,0,01,1,26850,1952,N
20251127,M7731,41016902,20251127,41,11,08,41_2294185,1,570,41016902,20251127170700,4177448,20251127172802,4111588,0,01,1,22120,1262,N
20251127,M7731,41016902,20251127,41,11,08,41_22959984,2,570,41016902,20251127122527,4106836,20251127130738,4116126,0,01,1,25350,2531,N
20251127,M7731,41016902,20251127,41,11,08,41_22998347,2,570,41016902,20251127144126,4177532,20251127152330,4111588,0,01,1,22980,2524,N
20251127,M7731,41016902,20251127,41,11,08,41_23012215,2,570,41016902,20251127101648,4177448,20251127104704,4116126,0,01,1,23140,1816,N
20251127,M7731,41016902,20251127,41,11,08,41_23024981,1,570,41016902,20251127101648,4177448,20251127104544,4116130,0,01,1,24380,1736,N
20251127,M7731,41016902,20251127,41,11,08,41_23059014,1,570,41016902,20251127054417,4177637,20251127060644,4116130,0,01,1,28090,1347,N
20251127,M7731,41016902,20251127,41,11,08,41_23099766,2,570,41016902,20251127113631,4107446,20251127120329,4111588,0,01,1,27870,1618,N
20251127,M7731,41016902,20251127,41,11,08,41_23099766,2,570,41016902,20251127143705,4107446,20251127150402,4111588,0,01,1,27870,1617,N
20251127,M7731,41016902,20251127,41,11,08,41_23109183,1,570,41016902,20251127081518,4177532,20251127084113,4111588,0,01,1,22980,1555,N
20251127,M7731,41016902,20251127,41,11,08,41_23119388,2,570,41016902,20251127110227,4106836,20251127113549,4111588,1,01,1,24330,2002,N
20251127,M7731,41016902,20251127,41,11,08,41_23128368,2,570,41016902,20251127090325,4106836,20251127100456,4111588,0,01,1,24330,3691,N
20251127,M7731,41016902,20251127,41,11,08,41_23128368,2,570,41016902,20251127101058,4106836,20251127104847,4116126,0,01,1,25350,2269,N
20251127,M7731,41016902,20251127,41,11,08,41_23163794,1,570,41016902,20251127233143,4106836,20251128002031,4116126,0,01,1,25350,2928,N
20251127,M7731,41016902,20251127,41,11,08,41_23242430,2,570,41016902,20251127230305,4106836,20251127234028,4116126,0,01,1,25350,2243,N
20251127,M7731,41016902,20251127,41,11,08,41_23246974,2,570,41016902,20251127065911,4177448,20251127080134,4111588,1,01,1,22120,3743,N
20251127,M7731,41016902,20251127,41,11,08,41_23254490,2,570,41016902,20251127152316,4177448,20251127155654,4116126,0,01,1,23140,2018,N
20251127,M7731,41016902,20251127,41,11,08,41_23296954,2,570,41016902,20251127152316,4177448,20251127160134,4111588,0,01,1,22120,2298,N
20251127,M7731,41016902,20251127,41,11,08,41_23302975,2,570,41016902,20251127052048,4177448,20251127055940,4116126,0,01,1,23140,2332,N
20251127,M7731,41016902,20251127,41,11,08,41_23320825,2,570,41016902,20251127140617,4177448,20251127144256,4111588,0,01,1,22120,2199,N
20251127,M7731,41016902,20251127,41,11,08,41_23339990,1,570,41016902,20251127173212,4107446,20251127180436,4111588,0,01,1,27870,1944,N
20251127,M7731,41016902,20251127,41,11,08,41_23355736,2,570,41016902,20251127200943,4106836,20251127205107,4116126,0,01,1,25350,2484,N
20251127,M7731,41016902,20251127,41,11,08,41_23355773,2,570,41016902,20251127140617,4177448,20251127144256,4116126,0,01,1,23140,2199,N
20251127,M7731,41016902,20251127,41,11,08,41_23355773,2,570,41016902,20251127170436,4177448,20251127173456,4116126,0,01,1,23140,1820,N
20251127,M7731,41016902,20251127,41,11,08,41_23385045,2,570,41016902,20251127140617,4177448,20251127144256,4111588,0,01,1,22120,2199,N
20251127,M7731,41016902,20251127,41,11,08,41_23385045,2,570,41016902,20251127170436,4177448,20251127173456,4111588,0,01,1,22120,1820,N
20251127,M7731,41016902,20251127,41,11,08,41_2340657,1,570,41016902,20251127055904,4106836,20251127065505,4111588,0,01,1,24330,3361,N
20251127,M7731,41016902,20251127,41,11,08,41_23413769,1,570,41016902,20251127140549,4106836,20251127143423,4111588,0,01,1,24330,1714,N
20251127,M7731,41016902,20251127,41,11,08,41_23448059,2,570,41016902,20251127071406,4106836,20251127075439,4111588,0,01,2,24330,2433,N
20251127,M7731,41016902,20251127,41,11,08,41_23462512,2,570,41016902,20251127202219,4106836,20251127210200,4116126,0,01,1,25350,2381,N
20251127,M7731,41016902,20251127,41,11,08,41_23471698,2,570,41016902,20251127201212,4106836,20251127211347,4111588,0,01,1,24330,3695,N
20251127,M7731,41016902,20251127,41,11,08,41_23489062,2,570,41016902,20251127112356,4177448,20251127114352,4116126,0,01,1,23140,1196,N
20251127,M7731,41016902,20251127,41,11,08,41_23499558,1,570,41016902,20251127093953,4177637,20251127095932,4111588,0,01,1,25830,1179,N
20251127,M7731,41016902,20251127,41,11,08,41_23569157,2,570,41016902,20251127073547,4177637,20251127080639,4111588,0,01,1,25830,1852,N
20251127,M7731,41016902,20251127,41,11,08,41_23575726,2,570,41016902,20251127223226,4106836,20251127230413,4111588,1,01,1,24330,1907,N
20251127,M7731,41016902,20251127,41,11,08,41_23602801,2,570,41016902,20251127212934,4177448,20251127221923,4111588,0,01,1,22120,2989,N
20251127,M7731,41016902,20251127,41,11,08,41_23603001,2,570,41016902,20251127161820,4177448,20251127165523,4111588,0,01,1,22120,2223,N
20251127,M7731,41016902,20251127,41,11,08,41_23605265,1,570,41016902,20251127090346,4177448,20251127092933,4111599,0,01,1,26060,1547,N
20251127,M7731,41016902,20251127,41,11,08,41_23605265,1,570,41016902,20251127212328,4177448,20251127214636,4116130,0,01,1,24380,1388,N
20251127,M7731,41016902,20251127,41,11,08,41_23608974,2,570,41016902,20251127161931,4177637,20251127164518,4111588,0,01,1,25830,1547,N
20251127,M7731,41016902,20251127,41,11,08,41_2361705,1,570,41016902,20251127153833,4106836,20251127161238,4116126,0,01,1,25350,2045,N
20251127,M7731,41016902,20251127,41,11,08,41_2361705,1,570,41016902,20251127213552,4106836,20251127220947,4116126,0,01,1,25350,2035,N
20251127,M7731,41016902,20251127,41,11,08,41_23632432,2,570,41016902,20251127071737,4177448,20251127074709,4111588,0,01,1,22120,1772,N
20251127,M7731,41016902,20251127,41,11,08,41_23647964,2,570,41016902,20251127071735,4177448,20251127080446,4111588,0,01,1,22120,2831,N
20251127,M7731,41016902,20251127,41,11,08,41_23647964,2,570,41016902,20251127090406,4177448,20251127093148,4111588,0,01,1,22120,1662,N
20251127,M7731,41016902,20251127,41,11,08,41_23652545,2,570,41016902,20251127192147,4106836,20251127194258,4116126,0,01,1,25350,1271,N
20251127,M7731,41016902,20251127,41,11,08,41_23673010,2,570,41016902,20251127221225,4106836,20251127223457,4116126,0,01,1,25350,1352,N
20251127,M7731,41016902,20251127,41,11,08,41_23677582,2,570,41016902,20251127071735,4177448,20251127074407,4116126,0,01,1,23140,1592,N
20251127,M7731,41016902,20251127,41,11,08,41_23677582,2,570,41016902,20251127090347,4177448,20251127093440,4116126,0,01,1,23140,1853,N
20251127,M7731,41016902,20251127,41,11,08,41_23677582,2,570,41016902,20251127212328,4177448,20251127215245,4116126,0,01,1,23140,1757,N
20251127,M7731,41016902,20251127,41,11,08,41_2372704,2,570,41016902,20251127092903,4106836,20251127102206,4111588,1,01,1,24330,3183,N
20251127,M7731,41016902,20251127,41,11,08,41_23784213,2,570,41016902,20251127154029,4106836,20251127162222,4116126,0,01,1,25350,2513,N
20251127,M7731,41016902,20251127,41,11,08,41_23786903,2,570,41016902,20251127104256,4106836,20251127111656,4116126,0,01,1,25350,2040,N
20251127,M7731,41016902,20251127,41,11,08,41_23798003,2,570,41016902,20251127085733,4106836,20251127093617,4111588,1,01,1,24330,2324,N
20251127,M7731,41016902,20251127,41,11,08,41_23798003,2,570,41016902,20251127163028,4106836,20251127170350,4111588,0,01,1,24330,2002,N
20251127,M7731,41016902,20251127,41,11,08,41_23819497,2,570,41016902,20251127072208,4106836,20251127080529,4111588,1,01,1,24330,2601,N
20251127,M7731,41016902,20251127,41,11,08,41_23820787,1,570,41016902,20251127210840,4177448,20251127213341,4111588,0,01,1,22120,1501,N
20251127,M7731,41016902,20251127,41,11,08,41_23856644,1,570,41016902,20251127101247,4110935,20251127104421,4111588,0,01,1,28710,1894,N
20251127,M7731,41016902,20251127,41,11,08,41_23863162,2,570,41016902,20251127175403,4177448,20251127181904,4111588,0,01,1,22120,1501,N
20251127,M7731,41016902,20251127,41,11,08,41_23927976,2,570,41016902,20251127123739,4106836,20251127131555,4111588,0,01,1,24330,2296,N
20251127,M7731,41016902,20251127,41,11,08,41_23993406,2,570,41016902,20251127202229,4106836,20251127211002,4111588,0,01,1,24330,2853,N
20251127,M7731,41016902,20251127,41,11,08,41_23996398,2,570,41016902,20251127080434,4177637,20251127083146,4116130,0,01,1,28090,1632,N
20251127,M7731,41016902,20251127,41,11,08,41_2403051,2,570,41016902,20251127071655,4110935,20251127073442,4116126,0,01,1,29730,1067,N
20251127,M7731,41016902,20251127,41,11,08,41_24050392,2,570,41016902,20251127124801,4177448,20251127131656,4111588,0,01,1,22120,1735,N
20251127,M7731,41016902,20251127,41,11,08,41_2408199,2,570,41016902,20251127202638,4177532,20251127211203,4111588,0,01,1,22980,2725,N
20251127,M7731,41016902,20251127,41,11,08,41_24096755,2,570,41016902,20251127143344,4106836,20251127151934,4116126,0,01,1,25350,2750,N
20251127,M7731,41016902,20251127,41,11,08,41_24127728,2,570,41016902,20251127151014,4177448,20251127154101,4111588,0,01,1,22120,1847,N
20251127,M7731,41016902,20251127,41,11,08,41_24163798,1,570,41016902,20251127151408,4110935,20251127154640,4116126,0,01,1,29730,1952,N
20251127,M7731,41016902,20251127,41,11,08,41_24166034,2,570,41016902,20251127141340,4110935,20251127144200,4116126,0,01,1,29730,1700,N
20251127,M7731,41016902,20251127,41,11,08,41_24172485,1,570,41016902,20251127184937,4177532,20251127192838,4111588,0,01,1,22980,2341,N
20251127,M7731,41016902,20251127,41,11,08,41_24220078,2,570,41016902,20251127082658,4106836,20251127090656,4111588,0,01,1,24330,2398,N
20251127,M7731,41016902,20251127,41,11,08,41_24278640,2,570,41016902,20251127125646,4177637,20251127135418,4111588,0,01,1,25830,3452,N
20251127,M7731,41016902,20251127,41,11,08,41_24286143,2,570,41016902,20251127084106,4106836,20251127092102,4111588,0,01,1,24330,2396,N
20251127,M7731,41016902,20251127,41,11,08,41_24316698,2,570,41016902,20251127163108,4177448,20251127170544,4116126,0,01,1,23140,2076,N
20251127,M7731,41016902,20251127,41,11,08,41_24352287,1,570,41016902,20251127163108,4177448,20251127170545,4116130,0,01,1,24380,2077,N
20251127,M7731,41016902,20251127,41,11,08,41_24358185,2,570,41016902,20251127150608,4177448,20251127153920,4111588,0,01,1,22120,1992,N
20251127,M7731,41016902,20251127,41,11,08,41_24384487,1,570,41016902,20251127070632,4177448,20251127074543,4111588,1,01,1,22120,2351,N
20251127,M7731,41016902,20251127,41,11,08,41_24388164,1,570,41016902,20251127163111,4177448,20251127165326,4111588,0,01,1,22120,1335,N
20251127,M7731,41016902,20251127,41,11,08,41_24427577,2,570,41016902,20251127081905,4177448,20251127090424,4116126,0,01,1,23140,2719,N
20251127,M7731,41016902,20251127,41,11,08,41_24439669,2,570,41016902,20251127152317,4177637,20251127155107,4116126,0,01,2,26850,1670,N
20251127,M7731,41016902,20251127,41,11,08,41_24447585,2,570,41016902,20251127161611,4177532,20251127163938,4111588,0,01,1,22980,1407,N
20251127,M7731,41016902,20251127,41,11,08,41_24492330,2,570,41016902,20251127162046,4177448,20251127164846,4111588,0,01,1,22120,1680,N
20251127,M7731,41016902,20251127,41,11,08,41_24554191,2,570,41016902,20251127153512,4177532,20251127155431,4111588,0,01,1,22980,1159,N
20251127,M7731,41016902,20251127,41,11,08,41_24565688,1,570,41016902,20251127163154,4106836,20251127170306,4111588,1,01,1,24330,1872,N
20251127,M7731,41016902,20251127,41,11,08,41_24569897,2,570,41016902,20251127140938,4177448,20251127143440,4111588,0,01,1,22120,1502,N
20251127,M7731,41016902,20251127,41,11,08,41_24578257,2,570,41016902,20251127171051,4106836,20251127173955,4111588,0,01,1,24330,1744,N
20251127,M7731,41016902,20251127,41,11,08,41_2458664,2,570,41016902,20251127141917,4106836,20251127143212,4116126,0,01,1,25350,775,N
20251127,M7731,41016902,20251127,41,11,08,41_24618070,1,570,41016902,20251127070903,4177448,20251127073754,4111599,0,01,1,26060,1731,N
20251127,M7731,41016902,20251127,41,11,08,41_24652883,1,570,41016902,20251127132408,4177637,20251127140745,4111599,0,01,1,29770,2617,N
20251127,M7731,41016902,20251127,41,11,08,41_2471605,2,570,41016902,20251127202648,4177532,20251127203946,4116126,0,01,1,24000,778,N
20251127,M7731,41016902,20251127,41,11,08,41_24749659,2,570,41016902,20251127121439,4177448,20251127124846,4116126,0,01,1,23140,2047,N
20251127,M7731,41016902,20251127,41,11,08,41_24765471,2,570,41016902,20251127190322,4106836,20251127193917,4111598,1,01,1,27620,2155,N
20251127,M7731,41016902,20251127,41,11,08,41_24797198,2,570,41016902,20251127111702,4177448,20251127114231,4111588,0,01,1,22120,1529,N
20251127,M7731,41016902,20251127,41,11,08,41_24833342,1,570,41016902,20251127152231,4177532,20251127155934,4111588,0,01,1,22980,2223,N
20251127,M7731,41016902,20251127,41,11,08,41_24876096,2,570,41016902,20251127070040,4106836,20251127074742,4111588,0,01,1,24330,2822,N
20251127,M7731,41016902,20251127,41,11,08,41_24876456,2,570,41016902,20251127180925,4106836,20251127183539,4116126,0,01,1,25350,1574,N
20251127,M7731,41016902,20251127,41,11,08,41_24878589,1,570,41016902,20251127171533,4177532,20251127175427,4111588,0,01,1,22980,2334,N
20251127,M7731,41016902,20251127,41,11,08,41_24949502,2,570,41016902,20251127080421,4110935,20251127084926,4111588,0,01,1,28710,2705,N
20251127,M7731,41016902,20251127,41,11,08,41_24963949,2,570,41016902,20251127074105,4106836,20251127082323,4111588,0,01,1,24330,2538,N
20251127,M7731,41016902,20251127,41,11,08,41_24982926,2,570,41016902,20251127120423,4106836,20251127124250,4111588,0,01,1,24330,2307,N
20251127,M7731,41016902,20251127,41,11,08,41_24982926,2,570,41016902,20251127133512,4106836,20251127140803,4111588,0,01,1,24330,1971,N
20251127,M7731,41016902,20251127,41,11,08,41_25035334,2,570,41016902,20251127192702,4177532,20251127195805,4111588,0,01,1,22980,1863,N
20251127,M7731,41016902,20251127,41,11,08,41_25048,1,570,41016902,20251127111524,4177510,20251127115815,4111588,0,01,1,29500,2571,N
20251127,M7731,41016902,20251127,41,11,08,41_25048,1,570,41016902,20251127120217,4177510,20251127124506,4111588,0,01,1,29500,2569,N
20251127,M7731,41016902,20251127,41,11,08,41_25053940,2,570,41016902,20251127065337,4177637,20251127073459,4116126,0,01,1,26850,2482,N
20251127,M7731,41016902,20251127,41,11,08,41_25062375,2,570,41016902,20251127170031,4177637,20251127175227,4111588,0,01,1,25830,3116,N
20251127,M7731,41016902,20251127,41,11,08,41_25085584,2,570,41016902,20251127134510,4106836,20251127141707,4111588,0,01,1,24330,1917,N
20251127,M7731,41016902,20251127,41,11,08,41_25143340,2,570,41016902,20251127063940,4107446,20251127080227,4111588,0,01,1,27870,4967,N
20251127,M7731,41016902,20251127,41,11,08,41_25164665,2,570,41016902,20251127184155,4177448,20251127191508,4111588,0,01,1,22120,1993,N
20251127,M7731,41016902,20251127,41,11,08,41_25174114,2,570,41016902,20251127083319,4106836,20251127090813,4111588,0,01,1,24330,2094,N
20251127,M7731,41016902,20251127,41,11,08,41_25174114,2,570,41016902,20251128001513,4106836,20251128004856,4111588,0,01,1,24330,2023,N
20251127,M7731,41016902,20251127,41,11,08,41_25174278,2,570,41016902,20251127083217,4177637,20251127090429,4116126,0,01,1,26850,1932,N
20251127,M7731,41016902,20251127,41,11,08,41_25219450,2,570,41016902,20251127160946,4177448,20251127164428,4116126,0,01,1,23140,2082,N
20251127,M7731,41016902,20251127,41,11,08,41_25256666,1,570,41016902,20251127190021,4177637,20251127193533,4109162,0,01,1,30880,2112,N
20251127,M7731,41016902,20251127,41,11,08,41_25271910,2,570,41016902,20251127184704,4106836,20251127193126,4116126,0,01,1,25350,2662,N
20251127,M7731,41016902,20251127,41,11,08,41_252824,2,570,41016902,20251127173124,4177448,20251127180724,4111588,0,01,1,22120,2160,N
20251127,M7731,41016902,20251127,41,11,08,41_25293840,2,570,41016902,20251127160906,4177448,20251127164903,4116130,0,01,1,24380,2397,N
20251127,M7731,41016902,20251127,41,11,08,41_25338955,2,570,41016902,20251127112550,4110935,20251127121515,4111588,0,01,2,28710,2965,N
20251127,M7731,41016902,20251127,41,11,08,41_25340751,1,570,41016902,20251127090512,4177448,20251127093856,4116130,0,01,1,24380,2024,N
20251127,M7731,41016902,20251127,41,11,08,41_25343280,2,570,41016902,20251127153050,4106836,20251127160721,4111588,0,01,1,24330,2191,N
20251127,M7731,41016902,20251127,41,11,08,41_25343280,2,570,41016902,20251127182731,4106836,20251127190149,4111588,0,01,1,24330,2058,N
20251127,M7731,41016902,20251127,41,11,08,41_25343280,2,570,41016902,20251127215349,4106836,20251127222150,4111588,0,01,1,24330,1681,N
20251127,M7731,41016902,20251127,41,11,08,41_25346210,2,570,41016902,20251127102329,4107446,20251127105119,4111588,0,01,1,27870,1670,N
20251127,M7731,41016902,20251127,41,11,08,41_25392369,2,570,41016902,20251127102415,4110935,20251127111923,4111588,0,01,1,28710,3308,N
20251127,M7731,41016902,20251127,41,11,08,41_2540020,2,570,41016902,20251127233055,4106836,20251127235546,4111598,0,01,1,27620,1491,N
20251127,M7731,41016902,20251127,41,11,08,41_25402562,2,570,41016902,20251127084832,4177532,20251127091640,4111588,0,01,1,22980,1688,N
20251127,M7731,41016902,20251127,41,11,08,41_25412046,2,570,41016902,20251127081809,4177637,20251127085931,4111588,0,01,1,25830,2482,N
20251127,M7731,41016902,20251127,41,11,08,41_25418000,2,570,41016902,20251127071850,4106836,20251127075903,4116130,0,01,1,26590,2413,N
20251127,M7731,41016902,20251127,41,11,08,41_25428704,2,570,41016902,20251127160322,4177637,20251127164251,4111588,0,01,1,25830,2369,N
20251127,M7731,41016902,20251127,41,11,08,41_25454593,2,570,41016902,20251127231831,4106836,20251128000732,4111588,0,01,1,24330,2941,N
20251127,M7731,41016902,20251127,41,11,08,41_25457195,2,570,41016902,20251127100853,4106836,20251127105721,4111588,1,01,1,24330,2908,N
20251127,M7731,41016902,20251127,41,11,08,41_25458845,1,570,41016902,20251127161322,4106836,20251127164339,4111588,0,01,1,24330,1817,N
20251127,M7731,41016902,20251127,41,11,08,41_25474324,2,570,41016902,20251127220025,4106836,20251127225059,4116130,0,01,1,26590,3034,N
20251127,M7731,41016902,20251127,41,11,08,41_25494107,1,570,41016902,20251127072155,4106836,20251127082151,4111588,1,01,1,24330,3596,N
20251127,M7731,41016902,20251127,41,11,08,41_25505332,2,570,41016902,20251127064302,4106836,20251127071447,4111588,1,01,1,24330,1905,N
20251127,M7731,41016902,20251127,41,11,08,41_25510988,2,570,41016902,20251127072238,4177448,20251127074524,4116126,0,01,1,23140,1366,N
20251127,M7731,41016902,20251127,41,11,08,41_25524499,2,570,41016902,20251127090903,4177448,20251127092938,4111588,0,01,1,22120,1235,N
20251127,M7731,41016902,20251127,41,11,08,41_25534416,1,570,41016902,20251127090909,4177448,20251127092944,4109162,0,01,1,27170,1235,N
20251127,M7731,41016902,20251127,41,11,08,41_25534416,1,570,41016902,20251127133047,4177448,20251127135443,4109162,0,01,1,27170,1436,N
20251127,M7731,41016902,20251127,41,11,08,41_25588117,2,570,41016902,20251127082324,4106836,20251127090342,4116126,0,01,1,25350,2418,N
20251127,M7731,41016902,20251127,41,11,08,41_25592673,2,570,41016902,20251127171818,4177532,20251127173832,4111588,0,01,1,22980,1214,N
20251127,M7731,41016902,20251127,41,11,08,41_25619927,2,570,41016902,20251127123515,4177448,20251127130321,4111598,0,01,1,25410,1686,N
20251127,M7731,41016902,20251127,41,11,08,41_25633465,2,570,41016902,20251127103317,4106836,20251127111258,4111588,0,01,1,24330,2381,N
20251127,M7731,41016902,20251127,41,11,08,41_25647896,2,570,41016902,20251127065135,4177532,20251127072223,4111588,0,01,1,22980,1848,N
20251127,M7731,41016902,20251127,41,11,08,41_25726905,2,570,41016902,20251127103152,4106836,20251127105404,4116130,0,01,1,26590,1332,N
20251127,M7731,41016902,20251127,41,11,08,41_25809964,2,570,41016902,20251127180539,4177448,20251127182854,4111588,0,01,2,22120,1395,N
20251127,M7731,41016902,20251127,41,11,08,41_25824222,2,570,41016902,20251127141357,4106836,20251127144754,4116126,0,01,1,25350,2037,N
20251127,M7731,41016902,20251127,41,11,08,41_25849536,2,570,41016902,20251127083218,4110868,20251127090823,4111588,0,01,1,26980,2165,N
20251127,M7731,41016902,20251127,41,11,08,41_25858207,2,570,41016902,20251127140559,4106836,20251127143818,4111588,0,01,1,24330,1939,N
20251127,M7731,41016902,20251127,41,11,08,41_25934435,2,570,41016902,20251127224422,4106836,20251127233153,4111588,0,01,1,24330,2851,N
20251127,M7731,41016902,20251127,41,11,08,41_25934653,2,570,41016902,20251127081800,4177637,20251127085632,4111588,0,01,1,25830,2312,N
20251127,M7731,41016902,20251127,41,11,08,41_25969391,2,570,41016902,20251127124529,4110868,20251127131630,4111588,0,01,1,26980,1861,N
20251127,M7731,41016902,20251127,41,11,08,41_26009097,2,570,41016902,20251127140750,4106836,20251127144435,4116126,0,01,1,25350,2205,N
20251127,M7731,41016902,20251127,41,11,08,41_26013738,2,570,41016902,20251127180529,4177448,20251127184427,4111588,0,01,1,22120,2338,N
20251127,M7731,41016902,20251127,41,11,08,41_26040390,2,570,41016902,20251127151044,4106836,20251127155306,4116126,0,01,1,25350,2542,N
20251127,M7731,41016902,20251127,41,11,08,41_26066345,2,570,41016902,20251127180810,4177448,20251127184034,4116130,0,01,1,24380,1944,N
20251127,M7731,41016902,20251127,41,11,08,41_26072640,1,570,41016902,20251127074219,4177510,20251127081443,4116130,0,01,1,31760,1944,N
20251127,M7731,41016902,20251127,41,11,08,41_26076962,2,570,41016902,20251127160047,4177510,20251127162739,4116130,0,01,1,31760,1612,N
20251127,M7731,41016902,20251127,41,11,08,41_26115293,2,570,41016902,20251127090901,4110868,20251127094454,4116130,0,01,1,29240,2153,N
20251127,M7731,41016902,20251127,41,11,08,41_26188772,1,570,41016902,20251127115817,4177637,20251127123403,4116126,0,01,1,26850,2146,N
20251127,M7731,41016902,20251127,41,11,08,41_26198135,2,570,41016902,20251127181304,4177532,20251127183537,4111588,0,01,1,22980,1353,N
20251127,M7731,41016902,20251127,41,11,08,41_2621705,1,570,41016902,20251127171624,4106836,20251127174748,4116130,0,01,1,26590,1884,N
20251127,M7731,41016902,20251127,41,11,08,41_26239310,2,570,41016902,20251127114134,4177510,20251127121303,4116130,0,01,1,31760,1889,N
20251127,M7731,41016902,20251127,41,11,08,41_26239310,2,570,41016902,20251127124323,4177510,20251127131258,4116130,0,01,1,31760,1775,N
20251127,M7731,41016902,20251127,41,11,08,41_26258972,2,570,41016902,20251127144327,4106836,20251127152534,4116126,0,01,1,25350,2527,N
20251127,M7731,41016902,20251127,41,11,08,41_26258972,2,570,41016902,20251127201051,4106836,20251127204517,4116126,0,01,1,25350,2066,N
20251127,M7731,41016902,20251127,41,11,08,41_26276063,2,570,41016902,20251127053410,4106836,20251127060851,4111588,1,01,1,24330,2081,N
20251127,M7731,41016902,20251127,41,11,08,41_266845,1,570,41016902,20251127161221,4177532,20251127165504,4111588,0,01,1,22980,2563,N
20251127,M7731,41016902,20251127,41,11,08,41_268275,2,570,41016902,20251127060851,4177448,20251127063508,4111588,0,01,1,22120,1577,N
20251127,M7731,41016902,20251127,41,11,08,41_2719198,2,570,41016902,20251127212637,4177448,20251127215633,4111588,0,01,1,22120,1796,N
20251127,M7731,41016902,20251127,41,11,08,41_2751823,2,570,41016902,20251127163128,4106836,20251127170659,4111588,0,01,1,24330,2131,N
20251127,M7731,41016902,20251127,41,11,08,41_2761638,1,570,41016902,20251127151214,4177637,20251127155302,4109162,0,01,1,30880,2448,N
20251127,M7731,41016902,20251127,41,11,08,41_2804564,2,570,41016902,20251127150543,4106836,20251127152541,4116130,0,01,1,26590,1198,N
20251127,M7731,41016902,20251127,41,11,08,41_2818783,2,570,41016902,20251127170449,4177637,20251127173106,4116126,0,01,1,26850,1577,N
20251127,M7731,41016902,20251127,41,11,08,41_2841845,2,570,41016902,20251127051349,4106836,20251127055851,4111588,0,01,1,24330,2702,N
20251127,M7731,41016902,20251127,41,11,08,41_2844376,2,570,41016902,20251127095549,4106836,20251127102818,4111598,1,01,1,27620,1949,N
20251127,M7731,41016902,20251127,41,11,08,41_2845939,1,570,41016902,20251127072212,4106836,20251127075446,4111588,0,01,1,24330,1954,N
20251127,M7731,41016902,20251127,41,11,08,41_2910835,2,570,41016902,20251127212844,4177448,20251127215656,4111588,0,01,1,22120,1692,N
20251127,M7731,41016902,20251127,41,11,08,41_2911978,1,570,41016902,20251127205025,4106836,20251127212806,4111598,0,01,1,27620,2261,N
20251127,M7731,41016902,20251127,41,11,08,41_2913788,2,570,41016902,20251127120749,4177637,20251127130044,4116126,0,01,1,26850,3175,N
20251127,M7731,41016902,20251127,41,11,08,41_2942260,2,570,41016902,20251127133201,4177637,20251127143401,4111588,0,01,1,25830,3720,N
20251127,M7731,41016902,20251127,41,11,08,41_2950795,2,570,41016902,20251127110702,4110935,20251127113631,4111588,0,01,1,28710,1769,N
20251127,M7731,41016902,20251127,41,11,08,41_2962067,2,570,41016902,20251127110702,4110935,20251127123215,4116130,0,01,1,30970,5113,N
20251127,M7731,41016902,20251127,41,11,08,41_2968599,1,570,41016902,20251127090835,4177448,20251127093725,4111588,0,01,1,22120,1730,N
20251127,M7731,41016902,20251127,41,11,08,41_29694,2,570,41016902,20251127100429,4106836,20251127104642,4116126,0,01,1,25350,2533,N
20251127,M7731,41016902,20251127,41,11,08,41_2992637,1,570,41016902,20251127080448,4110935,20251127093001,4116130,0,01,1,30970,5113,N
20251127,M7731,41016902,20251127,41,11,08,41_3000560,2,570,41016902,20251127125004,4177448,20251127131622,4116126,0,01,1,23140,1578,N
20251127,M7731,41016902,20251127,41,11,08,41_3001555,2,570,41016902,20251127122732,4177637,20251127125351,4111588,0,01,1,25830,1579,N
20251127,M7731,41016902,20251127,41,11,08,41_3016300,1,570,41016902,20251127170945,4106836,20251127175252,4111588,0,01,1,24330,2587,N
20251127,M7731,41016902,20251127,41,11,08,41_3023012,2,570,41016902,20251127162844,4177637,20251127165515,4111588,0,01,1,25830,1591,N
20251127,M7731,41016902,20251127,41,11,08,41_3029776,1,570,41016902,20251127075009,4177637,20251127081653,4116126,0,01,1,26850,1604,N
20251127,M7731,41016902,20251127,41,11,08,41_3029776,1,570,41016902,20251127162830,4177637,20251127165501,4116126,0,01,1,26850,1591,N
20251127,M7731,41016902,20251127,41,11,08,41_3049806,2,570,41016902,20251127162830,4177637,20251127165501,4111588,0,01,1,25830,1591,N
20251127,M7731,41016902,20251127,41,11,08,41_3054644,2,570,41016902,20251127235039,4106836,20251128002903,4116126,0,01,1,25350,2304,N
20251127,M7731,41016902,20251127,41,11,08,41_3071035,2,570,41016902,20251127134617,4107446,20251127141235,4111588,0,01,1,27870,1578,N
20251127,M7731,41016902,20251127,41,11,08,41_31347,2,570,41016902,20251127100558,4106836,20251127104057,4116126,0,01,1,25350,2099,N
20251127,M7731,41016902,20251127,41,11,08,41_31347,2,570,41016902,20251127150112,4106836,20251127154632,4116126,0,01,1,25350,2720,N
20251127,M7731,41016902,20251127,41,11,08,41_3144242,2,570,41016902,20251127131624,4177532,20251127134803,4116126,0,01,1,24000,1899,N
20251127,M7731,41016902,20251127,41,11,08,41_315021,1,570,41016902,20251127170833,4106836,20251127175651,4116126,0,01,1,25350,2898,N
20251127,M7731,41016902,20251127,41,11,08,41_3158273,2,570,41016902,20251127131241,4177510,20251127134420,4111588,0,01,1,29500,1899,N
20251127,M7731,41016902,20251127,41,11,08,41_3170751,2,570,41016902,20251127083847,4106836,20251127090941,4116126,0,01,1,25350,1854,N
20251127,M7731,41016902,20251127,41,11,08,41_3193284,2,570,41016902,20251127174104,4177532,20251127181728,4111588,0,01,1,22980,2184,N
20251127,M7731,41016902,20251127,41,11,08,41_3206142,1,570,41016902,20251127222047,4106836,20251127230015,4116126,0,01,1,25350,2368,N
20251127,M7731,41016902,20251127,41,11,08,41_3228503,2,570,41016902,20251127213256,4177448,20251127220050,4116130,0,01,1,24380,1674,N
20251127,M7731,41016902,20251127,41,11,08,41_3303941,2,570,41016902,20251127071218,4177637,20251127081508,4111588,0,01,1,25830,3770,N
20251127,M7731,41016902,20251127,41,11,08,41_331713,2,570,41016902,20251127233744,4177448,20251128000444,4111588,0,01,1,22120,1620,N
20251127,M7731,41016902,20251127,41,11,08,41_3347979,1,570,41016902,20251127054310,4177532,20251127063612,4109162,0,01,1,28030,3182,N
20251127,M7731,41016902,20251127,41,11,08,41_3369070,1,570,41016902,20251127181000,4177532,20251127184054,4111588,0,01,1,22980,1854,N
20251127,M7731,41016902,20251127,41,11,08,41_3388585,2,570,41016902,20251127110931,4106836,20251127120252,4116126,0,01,1,25350,3201,N
20251127,M7731,41016902,20251127,41,11,08,41_3392379,2,570,41016902,20251127210410,4106836,20251127214219,4116126,0,01,1,25350,2289,N
20251127,M7731,41016902,20251127,41,11,08,41_3399027,2,570,41016902,20251127162300,4106836,20251127171915,4116126,1,01,1,25350,3375,N
20251127,M7731,41016902,20251127,41,11,08,41_3408648,2,570,41016902,20251127082919,4177448,20251127090149,4116130,0,01,1,24380,1950,N
20251127,M7731,41016902,20251127,41,11,08,41_3410209,2,570,41016902,20251127070627,4110868,20251127074311,4111598,0,01,1,30270,2204,N
20251127,M7731,41016902,20251127,41,11,08,41_3418994,2,570,41016902,20251127211654,4106836,20251127215429,4109162,1,01,1,29380,2255,N
20251127,M7731,41016902,20251127,41,11,08,41_3478030,2,570,41016902,20251127123845,4177448,20251127130352,4111588,0,01,1,22120,1507,N
20251127,M7731,41016902,20251127,41,11,08,41_3492997,2,570,41016902,20251127124813,4177448,20251127131320,4116126,0,01,1,23140,1507,N
20251127,M7731,41016902,20251127,41,11,08,41_3506127,2,570,41016902,20251127071626,4177637,20251127074150,4111588,0,01,1,25830,1524,N
20251127,M7731,41016902,20251127,41,11,08,41_3530592,2,570,41016902,20251127064726,4177448,20251127072644,4111588,0,01,1,22120,2358,N
20251127,M7731,41016902,20251127,41,11,08,41_3548781,2,570,41016902,20251127083024,4177448,20251127093439,4111588,1,01,1,22120,3855,N
20251127,M7731,41016902,20251127,41,11,08,41_35625,2,570,41016902,20251127064634,4177448,20251127071838,4111588,0,01,1,22120,1924,N
20251127,M7731,41016902,20251127,41,11,08,41_359597,2,570,41016902,20251127070035,4106836,20251127073818,4111588,0,01,1,24330,2263,N
20251127,M7731,41016902,20251127,41,11,08,41_3601573,2,570,41016902,20251127170612,4106836,20251127174701,4111588,0,01,1,24330,2449,N
20251127,M7731,41016902,20251127,41,11,08,41_3614181,2,570,41016902,20251127194308,4177532,20251127200911,4111588,0,01,1,22980,1563,N
20251127,M7731,41016902,20251127,41,11,08,41_3644091,2,570,41016902,20251127093643,4110935,20251127102336,4111588,0,01,1,28710,2813,N
20251127,M7731,41016902,20251127,41,11,08,41_3694393,2,570,41016902,20251127190458,4177448,20251127192955,4111588,0,01,1,22120,1497,N
20251127,M7731,41016902,20251127,41,11,08,41_3790818,2,570,41016902,20251127222039,4106836,20251127230930,4111588,0,01,1,24330,2931,N
20251127,M7731,41016902,20251127,41,11,08,41_3841314,2,570,41016902,20251127061405,4177510,20251127065829,4111588,0,01,1,29500,2664,N
20251127,M7731,41016902,20251127,41,11,08,41_3853783,2,570,41016902,20251127113235,4106836,20251127121216,4111588,0,01,1,24330,2381,N
20251127,M7731,41016902,20251127,41,11,08,41_3868074,2,570,41016902,20251127121600,4106836,20251127130058,4111588,0,01,1,24330,2698,N
20251127,M7731,41016902,20251127,41,11,08,41_3868906,2,570,41016902,20251127164716,4106836,20251127171745,4111588,1,01,1,24330,1829,N
20251127,M7731,41016902,20251127,41,11,08,41_3880203,2,570,41016902,20251127062254,4177532,20251127065238,4111588,0,01,1,22980,1784,N
20251127,M7731,41016902,20251127,41,11,08,41_3886411,2,570,41016902,20251127192353,4177448,20251127195508,4111588,0,01,1,22120,1875,N
20251127,M7731,41016902,20251127,41,11,08,41_3902050,1,570,41016902,20251127104737,4110868,20251127115202,4111588,0,01,1,26980,3865,N
20251127,M7731,41016902,20251127,41,11,08,41_3910908,2,570,41016902,20251127110701,4177637,20251127115401,4111588,0,01,1,25830,2820,N
20251127,M7731,41016902,20251127,41,11,08,41_3936268,2,570,41016902,20251127052621,4106836,20251127060217,4116126,0,01,1,25350,2156,N
20251127,M7731,41016902,20251127,41,11,08,41_3936268,2,570,41016902,20251127181034,4106836,20251127184651,4116126,0,01,2,25350,2177,N
20251127,M7731,41016902,20251127,41,11,08,41_3961173,2,570,41016902,20251127130814,4106836,20251127135408,4111588,0,01,1,24330,2754,N
20251127,M7731,41016902,20251127,41,11,08,41_3963065,2,570,41016902,20251127110132,4177637,20251127114832,4111588,0,01,2,25830,2820,N
20251127,M7731,41016902,20251127,41,11,08,41_4013692,2,570,41016902,20251127172728,4106836,20251127181347,4111588,0,01,1,24330,2779,N
20251127,M7731,41016902,20251127,41,11,08,41_4025449,2,570,41016902,20251127200927,4177532,20251127205216,4111588,0,01,1,22980,2569,N
20251127,M7731,41016902,20251127,41,11,08,41_4031494,2,570,41016902,20251127203814,4106836,20251127211126,4109162,1,01,1,29380,1992,N
20251127,M7731,41016902,20251127,41,11,08,41_4076734,1,570,41016902,20251127174146,4106836,20251127181716,4111588,0,01,1,24330,2130,N
20251127,M7731,41016902,20251127,41,11,08,41_4088599,2,570,41016902,20251127151234,4177448,20251127154734,4116126,0,01,1,23140,2100,N
20251127,M7731,41016902,20251127,41,11,08,41_4090141,2,570,41016902,20251127180429,4177448,20251127182914,4111588,0,01,1,22120,1485,N
20251127,M7731,41016902,20251127,41,11,08,41_4093995,1,570,41016902,20251127151341,4177448,20251127154631,4111588,0,01,1,22120,1970,N
20251127,M7731,41016902,20251127,41,11,08,41_4103048,2,570,41016902,20251127160701,4177637,20251127165304,4116126,0,01,1,26850,2763,N
20251127,M7731,41016902,20251127,41,11,08,41_4152449,2,570,41016902,20251127083344,4177637,20251127091928,4111588,0,01,1,25830,2744,N
20251127,M7731,41016902,20251127,41,11,08,41_4203555,1,570,41016902,20251127123749,4177448,20251127131359,4116130,0,01,1,24380,2170,N
20251127,M7731,41016902,20251127,41,11,08,41_4215108,2,570,41016902,20251127155813,4177448,20251127163356,4111588,0,01,1,22120,2143,N
20251127,M7731,41016902,20251127,41,11,08,41_4255281,2,570,41016902,20251127072721,4177637,20251127081923,4111588,0,01,1,25830,3122,N
20251127,M7731,41016902,20251127,41,11,08,41_4265099,2,570,41016902,20251127121741,4106836,20251127125200,4116126,0,01,1,25350,2059,N
20251127,M7731,41016902,20251127,41,11,08,41_428024,2,570,41016902,20251127071726,4106836,20251127080907,4111588,1,01,1,24330,3101,N
20251127,M7731,41016902,20251127,41,11,08,41_4308533,2,570,41016902,20251127220442,4177532,20251127223045,4111588,0,01,1,22980,1563,N
20251127,M7731,41016902,20251127,41,11,08,41_4326226,2,570,41016902,20251127101653,4106836,20251127105833,4116126,0,01,1,25350,2500,N
20251127,M7731,41016902,20251127,41,11,08,41_4347083,1,570,41016902,20251127092309,4177448,20251127094857,4111588,0,01,1,22120,1548,N
20251127,M7731,41016902,20251127,41,11,08,41_4360155,2,570,41016902,20251127221356,4177510,20251127224051,4116126,0,01,1,30520,1615,N
20251127,M7731,41016902,20251127,41,11,08,41_4392640,2,570,41016902,20251127221142,4177510,20251127223837,4116126,0,01,1,30520,1615,N
20251127,M7731,41016902,20251127,41,11,08,41_4414367,2,570,41016902,20251127170843,4177532,20251127172753,4116126,0,01,1,24000,1150,N
20251127,M7731,41016902,20251127,41,11,08,41_4414367,2,570,41016902,20251127173528,4177532,20251127175438,4116126,0,01,1,24000,1150,N
20251127,M7731,41016902,20251127,41,11,08,41_4435663,2,570,41016902,20251127161410,4177532,20251127164407,4111588,0,01,1,22980,1797,N
20251127,M7731,41016902,20251127,41,11,08,41_4435663,2,570,41016902,20251127172625,4177532,20251127175258,4111588,0,01,1,22980,1593,N
20251127,M7731,41016902,20251127,41,11,08,41_4446693,2,570,41016902,20251127113233,4177637,20251127115538,4111598,0,01,1,29120,1385,N
20251127,M7731,41016902,20251127,41,11,08,41_4489998,2,570,41016902,20251127134532,4106836,20251127140731,4111588,0,01,1,24330,1319,N
20251127,M7731,41016902,20251127,41,11,08,41_4497508,1,570,41016902,20251127220439,4177448,20251127223935,4111588,0,01,1,22120,2096,N
20251127,M7731,41016902,20251127,41,11,08,41_4507420,2,570,41016902,20251127092137,4177448,20251127095935,4111588,0,01,1,22120,2278,N
20251127,M7731,41016902,20251127,41,11,08,41_4528170,2,570,41016902,20251127080723,4106836,20251127084635,4111588,0,01,1,24330,2352,N
20251127,M7731,41016902,20251127,41,11,08,41_4528778,2,570,41016902,20251127171809,4110935,20251127175754,4111588,0,01,1,28710,2385,N
20251127,M7731,41016902,20251127,41,11,08,41_4529061,2,570,41016902,20251127164139,4106836,20251127172409,4116126,0,01,1,25350,2550,N
20251127,M7731,41016902,20251127,41,11,08,41_4532929,2,570,41016902,20251127183321,4177448,20251127192637,4116126,0,01,1,23140,3196,N
20251127,M7731,41016902,20251127,41,11,08,41_4560321,2,570,41016902,20251127221955,4106836,20251127225557,4111588,0,01,1,24330,2162,N
20251127,M7731,41016902,20251127,41,11,08,41_4573839,2,570,41016902,20251127202605,4177532,20251127210018,4111588,0,01,1,22980,2053,N
20251127,M7731,41016902,20251127,41,11,08,41_4575572,2,570,41016902,20251127183114,4177448,20251127192430,4116126,0,01,1,23140,3196,N
20251127,M7731,41016902,20251127,41,11,08,41_459574,1,570,41016902,20251127142727,4106836,20251127154635,4111588,0,01,1,24330,4748,N
20251127,M7731,41016902,20251127,41,11,08,41_4661853,2,570,41016902,20251127211834,4177448,20251127215611,4111588,0,01,1,22120,2257,N
20251127,M7731,41016902,20251127,41,11,08,41_4676387,2,570,41016902,20251127211826,4177448,20251127215603,4111588,0,01,2,22120,2257,N
20251127,M7731,41016902,20251127,41,11,08,41_4710359,2,570,41016902,20251127092004,4106836,20251127095309,4111588,0,01,1,24330,1985,N
20251127,M7731,41016902,20251127,41,11,08,41_4710621,2,570,41016902,20251127091619,4106836,20251127095435,4111588,1,01,1,24330,2296,N
20251127,M7731,41016902,20251127,41,11,08,41_4718182,1,570,41016902,20251127132438,4177448,20251127135922,4111588,0,01,1,22120,2084,N
20251127,M7731,41016902,20251127,41,11,08,41_4765134,2,570,41016902,20251127174359,4106836,20251127182134,4111588,0,01,1,24330,2255,N
20251127,M7731,41016902,20251127,41,11,08,41_4776649,2,570,41016902,20251127174506,4106836,20251127182255,4111588,0,01,1,24330,2269,N
20251127,M7731,41016902,20251127,41,11,08,41_4892182,2,570,41016902,20251127162410,4177510,20251127165845,4111588,0,01,1,29500,2075,N
20251127,M7731,41016902,20251127,41,11,08,41_4928584,2,570,41016902,20251127173141,4177448,20251127181003,4116126,0,01,1,23140,2302,N
20251127,M7731,41016902,20251127,41,11,08,41_5006594,2,570,41016902,20251127221422,4106836,20251127224619,4116126,0,01,1,25350,1917,N
20251127,M7731,41016902,20251127,41,11,08,41_501554,2,570,41016902,20251127224643,4106836,20251127233020,4116130,1,01,1,26590,2617,N
20251127,M7731,41016902,20251127,41,11,08,41_5040960,2,570,41016902,20251127201438,4106836,20251127204753,4116130,0,01,1,26590,1995,N
20251127,M7731,41016902,20251127,41,11,08,41_5074380,2,570,41016902,20251127132426,4106836,20251127140351,4111588,0,01,1,24330,2365,N
20251127,M7731,41016902,20251127,41,11,08,41_5126810,1,570,41016902,20251127181204,4177532,20251127183952,4111588,0,01,1,22980,1668,N
20251127,M7731,41016902,20251127,41,11,08,41_5136758,2,570,41016902,20251127181122,4177532,20251127185024,4111588,0,01,1,22980,2342,N
20251127,M7731,41016902,20251127,41,11,08,41_5142778,2,570,41016902,20251127154318,4177532,20251127161005,4111588,0,01,1,22980,1607,N
20251127,M7731,41016902,20251127,41,11,08,41_5148202,2,570,41016902,20251127201200,4177448,20251127203601,4111588,0,01,1,22120,1441,N
20251127,M7731,41016902,20251127,41,11,08,41_5163393,1,570,41016902,20251127065143,4177448,20251127072503,4116126,0,01,1,23140,2000,N
20251127,M7731,41016902,20251127,41,11,08,41_520187,2,570,41016902,20251127142514,4106836,20251127150205,4111588,0,01,1,24330,2211,N
20251127,M7731,41016902,20251127,41,11,08,41_5208894,2,570,41016902,20251127213322,4177532,20251127220933,4111588,0,01,1,22980,2171,N
20251127,M7731,41016902,20251127,41,11,08,41_5218521,2,570,41016902,20251127222102,4106836,20251127224330,4111588,0,01,1,24330,1348,N
20251127,M7731,41016902,20251127,41,11,08,41_5236162,2,570,41016902,20251127113646,4177510,20251127120008,4111588,0,01,1,29500,1402,N
20251127,M7731,41016902,20251127,41,11,08,41_526935,1,570,41016902,20251127191704,4177448,20251127195705,4111598,0,01,1,25410,2401,N
20251127,M7731,41016902,20251127,41,11,08,41_5277659,2,570,41016902,20251127114406,4177637,20251127120726,4116130,0,01,1,28090,1400,N
20251127,M7731,41016902,20251127,41,11,08,41_5280143,2,570,41016902,20251127110615,4177532,20251127113831,4111588,0,01,1,22980,1936,N
20251127,M7731,41016902,20251127,41,11,08,41_5325839,2,570,41016902,20251127065425,4107446,20251127072553,4111588,0,01,1,27870,1888,N
20251127,M7731,41016902,20251127,41,11,08,41_5336823,2,570,41016902,20251127203502,4106836,20251127205757,4116126,1,01,1,25350,1375,N
20251127,M7731,41016902,20251127,41,11,08,41_5347860,2,570,41016902,20251127185444,4106836,20251127194501,4111588,0,01,1,24330,3017,N
20251127,M7731,41016902,20251127,41,11,08,41_5354259,2,570,41016902,20251127195503,4177448,20251127201536,4116126,0,01,1,23140,1233,N
20251127,M7731,41016902,20251127,41,11,08,41_5401603,2,570,41016902,20251127152840,4177510,20251127154641,4111588,0,01,1,29500,1081,N
20251127,M7731,41016902,20251127,41,11,08,41_5419098,2,570,41016902,20251127182037,4177637,20251127184114,4111588,0,01,1,25830,1237,N
20251127,M7731,41016902,20251127,41,11,08,41_5427552,2,570,41016902,20251127071600,4106836,20251127081052,4116130,1,01,1,26590,3292,N
20251127,M7731,41016902,20251127,41,11,08,41_5505211,2,570,41016902,20251127183124,4177532,20251127185752,4111588,0,01,1,22980,1588,N
20251127,M7731,41016902,20251127,41,11,08,41_5511535,2,570,41016902,20251127221053,4177448,20251127225408,4111588,0,01,1,22120,2595,N
20251127,M7731,41016902,20251127,41,11,08,41_5549919,2,570,41016902,20251127081135,4106836,20251127084754,4111588,1,01,1,24330,2179,N
20251127,M7731,41016902,20251127,41,11,08,41_5598264,1,570,41016902,20251127183124,4177532,20251127191355,4111588,0,01,1,22980,2551,N
20251127,M7731,41016902,20251127,41,11,08,41_5602475,1,570,41016902,20251127111207,4177637,20251127121107,4111598,0,01,1,29120,3540,N
20251127,M7731,41016902,20251127,41,11,08,41_5602475,1,570,41016902,20251127122838,4177637,20251127132407,4111598,0,01,1,29120,3329,N
20251127,M7731,41016902,20251127,41,11,08,41_561462,2,570,41016902,20251127102323,4106836,20251127110620,4116126,0,01,1,25350,2577,N
20251127,M7731,41016902,20251127,41,11,08,41_5723562,1,570,41016902,20251127103639,4177532,20251127111225,4116126,0,01,1,24000,2146,N
20251127,M7731,41016902,20251127,41,11,08,41_5738295,1,570,41016902,20251127070839,4177637,20251127074425,4111588,0,01,1,25830,2146,N
20251127,M7731,41016902,20251127,41,11,08,41_5750539,2,570,41016902,20251127112405,4106836,20251127120844,4111588,0,01,1,24330,2679,N
20251127,M7731,41016902,20251127,41,11,08,41_5763903,2,570,41016902,20251127083745,4106836,20251127091050,4116126,0,01,1,25350,1985,N
20251127,M7731,41016902,20251127,41,11,08,41_5786879,2,570,41016902,20251127141932,4106836,20251127145458,4116130,0,01,1,26590,2126,N
20251127,M7731,41016902,20251127,41,11,08,41_5788621,1,570,41016902,20251127070914,4177448,20251127073336,4111588,0,01,1,22120,1462,N
20251127,M7731,41016902,20251127,41,11,08,41_5816152,1,570,41016902,20251127213230,4106836,20251127223842,4111588,0,01,1,24330,3972,N
20251127,M7731,41016902,20251127,41,11,08,41_5846987,2,570,41016902,20251127154826,4177448,20251127162958,4111588,0,01,1,22120,2492,N
20251127,M7731,41016902,20251127,41,11,08,41_5849513,2,570,41016902,20251127142314,4177532,20251127151411,4111588,0,01,1,22980,3057,N
20251127,M7731,41016902,20251127,41,11,08,41_585317,2,570,41016902,20251127061617,4177637,20251127065809,4111588,0,01,1,25830,2512,N
20251127,M7731,41016902,20251127,41,11,08,41_5884978,2,570,41016902,20251127143339,4177532,20251127152436,4111588,0,01,1,22980,3057,N
20251127,M7731,41016902,20251127,41,11,08,41_5889439,1,570,41016902,20251127072719,4177532,20251127081209,4111588,0,01,1,22980,2690,N
20251127,M7731,41016902,20251127,41,11,08,41_590103,2,570,41016902,20251127132552,4177448,20251127134604,4111588,0,01,1,22120,1212,N
20251127,M7731,41016902,20251127,41,11,08,41_5944230,1,570,41016902,20251127110734,4106836,20251127115029,4116126,0,01,1,25350,2575,N
20251127,M7731,41016902,20251127,41,11,08,41_5949606,1,570,41016902,20251127111430,4106836,20251127114811,4111588,1,01,1,24330,2021,N
20251127,M7731,41016902,20251127,41,11,08,41_5953138,2,570,41016902,20251127081127,4177448,20251127083841,4111588,0,01,1,22120,1634,N
20251127,M7731,41016902,20251127,41,11,08,41_5981530,1,570,41016902,20251127130815,4177448,20251127133444,4116126,0,01,1,23140,1589,N
20251127,M7731,41016902,20251127,41,11,08,41_5994166,2,570,41016902,20251127210159,4177448,20251127212638,4111588,0,01,2,22120,1479,N
20251127,M7731,41016902,20251127,41,11,08,41_6004668,2,570,41016902,20251127080620,4177448,20251127085104,4116130,0,01,1,24380,2684,N
20251127,M7731,41016902,20251127,41,11,08,41_6012862,1,570,41016902,20251127102425,4106836,20251127110043,4116126,1,01,1,25350,2178,N
20251127,M7731,41016902,20251127,41,11,08,41_6018145,2,570,41016902,20251127123247,4106836,20251127131244,4111588,1,01,1,24330,2397,N
20251127,M7731,41016902,20251127,41,11,08,41_6030194,1,570,41016902,20251127171128,4106836,20251127180233,4111588,0,01,1,24330,3065,N
20251127,M7731,41016902,20251127,41,11,08,41_6034039,2,570,41016902,20251127200811,4106836,20251127205138,4116126,0,01,1,25350,2607,N
20251127,M7731,41016902,20251127,41,11,08,41_6089904,2,570,41016902,20251127114904,4107446,20251127122522,4111588,0,01,1,27870,2178,N
20251127,M7731,41016902,20251127,41,11,08,41_6126263,2,570,41016902,20251127171054,4106836,20251127180121,4116126,1,01,1,25350,3027,N
20251127,M7731,41016902,20251127,41,11,08,41_612754,2,570,41016902,20251127074052,4110935,20251127083711,4111588,0,01,1,28710,3379,N
20251127,M7731,41016902,20251127,41,11,08,41_614626,2,570,41016902,20251127115942,4106836,20251127125639,4116126,1,01,1,25350,3417,N
20251127,M7731,41016902,20251127,41,11,08,41_6155474,2,570,41016902,20251127083123,4106836,20251127090829,4111588,0,01,1,24330,2226,N
20251127,M7731,41016902,20251127,41,11,08,41_6155474,2,570,41016902,20251128001916,4106836,20251128011431,4111588,0,01,1,24330,3315,N
20251127,M7731,41016902,20251127,41,11,08,41_6192539,2,570,41016902,20251127070047,4110935,20251127074834,4111588,0,01,1,28710,2867,N
20251127,M7731,41016902,20251127,41,11,08,41_6228875,2,570,41016902,20251127070859,4177448,20251127074202,4111588,0,01,1,22120,1983,N
20251127,M7731,41016902,20251127,41,11,08,41_6293284,2,570,41016902,20251127125333,4177637,20251127133015,4111588,0,01,1,25830,2202,N
20251127,M7731,41016902,20251127,41,11,08,41_6357763,2,570,41016902,20251127060959,4106836,20251127065030,4111588,0,01,1,24330,2431,N
20251127,M7731,41016902,20251127,41,11,08,41_6367265,1,570,41016902,20251127133457,4106836,20251127141813,4111588,0,01,1,24330,2596,N
20251127,M7731,41016902,20251127,41,11,08,41_63750,1,570,41016902,20251127062825,4177637,20251127070435,4111588,0,01,1,25830,2170,N
20251127,M7731,41016902,20251127,41,11,08,41_6377479,2,570,41016902,20251127213200,4177532,20251127215829,4111588,0,01,1,22980,1589,N
20251127,M7731,41016902,20251127,41,11,08,41_6379321,2,570,41016902,20251127174829,4106836,20251127181431,4116126,0,01,1,25350,1562,N
20251127,M7731,41016902,20251127,41,11,08,41_6418255,2,570,41016902,20251127155843,4177532,20251127162442,4111588,0,01,1,22980,1559,N
20251127,M7731,41016902,20251127,41,11,08,41_6431529,2,570,41016902,20251127172330,4106836,20251127180341,4111588,1,01,1,24330,2411,N
20251127,M7731,41016902,20251127,41,11,08,41_6435100,2,570,41016902,20251127175342,4177532,20251127182206,4111588,0,01,1,22980,1704,N
20251127,M7731,41016902,20251127,41,11,08,41_6436628,2,570,41016902,20251127175108,4177532,20251127181932,4111588,0,01,1,22980,1704,N
20251127,M7731,41016902,20251127,41,11,08,41_6464089,2,570,41016902,20251127153510,4106836,20251127160238,4116126,0,01,1,25350,1648,N
20251127,M7731,41016902,20251127,41,11,08,41_6501764,2,570,41016902,20251127081122,4106836,20251127085512,4116126,0,01,1,25350,2630,N
20251127,M7731,41016902,20251127,41,11,08,41_6503241,2,570,41016902,20251127084518,4177637,20251127095321,4111588,0,01,1,25830,4083,N
20251127,M7731,41016902,20251127,41,11,08,41_650777,2,570,41016902,20251127112820,4177448,20251127120124,4111588,0,01,1,22120,1984,N
20251127,M7731,41016902,20251127,41,11,08,41_6534766,2,570,41016902,20251127153336,4106836,20251127161742,4116130,0,01,1,26590,2646,N
20251127,M7731,41016902,20251127,41,11,08,41_6543493,2,570,41016902,20251127084456,4177637,20251127092539,4111588,0,01,1,25830,2443,N
20251127,M7731,41016902,20251127,41,11,08,41_6564199,2,570,41016902,20251127141648,4106836,20251127144259,4111588,0,01,1,24330,1571,N
20251127,M7731,41016902,20251127,41,11,08,41_6587715,2,570,41016902,20251127090942,4177637,20251127094529,4111588,0,01,1,25830,2147,N
20251127,M7731,41016902,20251127,41,11,08,41_6611635,1,570,41016902,20251127083217,4177448,20251127090716,4111599,1,01,1,26060,2099,N
20251127,M7731,41016902,20251127,41,11,08,41_6644359,2,570,41016902,20251127115240,4106836,20251127121537,4111598,0,01,1,27620,1377,N
20251127,M7731,41016902,20251127,41,11,08,41_6652399,2,570,41016902,20251127174353,4106836,20251127181610,4111588,0,01,1,24330,1937,N
20251127,M7731,41016902,20251127,41,11,08,41_6704476,2,570,41016902,20251127210042,4106836,20251127212352,4116126,0,01,1,25350,1390,N
20251127,M7731,41016902,20251127,41,11,08,41_6704476,2,570,41016902,20251127230103,4106836,20251127231905,4116126,0,01,1,25350,1082,N
20251127,M7731,41016902,20251127,41,11,08,41_6735316,1,570,41016902,20251127212500,4177532,20251127221257,4111588,0,01,1,22980,2877,N
20251127,M7731,41016902,20251127,41,11,08,41_6795696,2,570,41016902,20251127063400,4177637,20251127065308,4109162,0,01,1,30880,1148,N
20251127,M7731,41016902,20251127,41,11,08,41_6795696,2,570,41016902,20251127181208,4106836,20251127185627,4109162,0,01,1,29380,2659,N
20251127,M7731,41016902,20251127,41,11,08,41_681179,2,570,41016902,20251127112820,4177448,20251127120124,4111588,0,01,1,22120,1984,N
20251127,M7731,41016902,20251127,41,11,08,41_6861949,2,570,41016902,20251127212326,4177448,20251127214522,4111588,0,01,1,22120,1316,N
20251127,M7731,41016902,20251127,41,11,08,41_6866069,2,570,41016902,20251127131123,4110935,20251127134901,4111588,0,01,1,28710,2258,N
20251127,M7731,41016902,20251127,41,11,08,41_6876150,2,570,41016902,20251127161638,4177532,20251127164756,4116126,0,01,1,24000,1878,N
20251127,M7731,41016902,20251127,41,11,08,41_6876337,2,570,41016902,20251127071942,4107446,20251127074541,4116126,0,01,1,28890,1559,N
20251127,M7731,41016902,20251127,41,11,08,41_6882172,2,570,41016902,20251127132513,4106836,20251127140102,4116126,0,01,1,25350,2149,N
20251127,M7731,41016902,20251127,41,11,08,41_6946079,2,570,41016902,20251127101311,4107446,20251127105339,4111588,0,01,1,27870,2428,N
20251127,M7731,41016902,20251127,41,11,08,41_695256,2,570,41016902,20251127172136,4106836,20251127180738,4116126,0,01,1,25350,2762,N
20251127,M7731,41016902,20251127,41,11,08,41_7005530,2,570,41016902,20251127083644,4177532,20251127092533,4111588,0,01,1,22980,2929,N
20251127,M7731,41016902,20251127,41,11,08,41_7010148,2,570,41016902,20251127211324,4106836,20251127215659,4111588,0,01,1,24330,2615,N
20251127,M7731,41016902,20251127,41,11,08,41_7013135,2,570,41016902,20251127131114,4177532,20251127134644,4116126,0,01,1,24000,2130,N
20251127,M7731,41016902,20251127,41,11,08,41_7022248,1,570,41016902,20251127060315,4177448,20251127063558,4111588,0,01,1,22120,1963,N
20251127,M7731,41016902,20251127,41,11,08,41_7033966,2,570,41016902,20251127130350,4107446,20251127133716,4116126,0,01,1,28890,2006,N
20251127,M7731,41016902,20251127,41,11,08,41_7035329,1,570,41016902,20251127054411,4177448,20251127061553,4111588,0,01,1,22120,1902,N
20251127,M7731,41016902,20251127,41,11,08,41_7044442,2,570,41016902,20251127083644,4177532,20251127090921,4111588,0,01,1,22980,1957,N
20251127,M7731,41016902,20251127,41,11,08,41_7050368,1,570,41016902,20251127191845,4177448,20251127195919,4111588,0,01,1,22120,2434,N
20251127,M7731,41016902,20251127,41,11,08,41_7098236,1,570,41016902,20251127051505,4110935,20251127055500,4111588,0,01,1,28710,2395,N
20251127,M7731,41016902,20251127,41,11,08,41_7101582,2,570,41016902,20251127164424,4106836,20251127173538,4116126,0,01,1,25350,3074,N
20251127,M7731,41016902,20251127,41,11,08,41_7101582,2,570,41016902,20251127192221,4106836,20251127200238,4116126,0,01,1,25350,2417,N
20251127,M7731,41016902,20251127,41,11,08,41_71025,1,570,41016902,20251127231809,4106836,20251128000645,4116126,0,01,1,25350,2916,N
20251127,M7731,41016902,20251127,41,11,08,41_7116098,2,570,41016902,20251127185527,4106836,20251127193658,4116126,0,01,1,25350,2491,N
20251127,M7731,41016902,20251127,41,11,08,41_7167921,1,570,41016902,20251127065237,4177637,20251127074953,4111588,0,01,1,25830,3436,N
20251127,M7731,41016902,20251127,41,11,08,41_720740,2,570,41016902,20251127070111,4106836,20251127074325,4111588,0,01,1,24330,2534,N
20251127,M7731,41016902,20251127,41,11,08,41_7215849,2,570,41016902,20251127193113,4106836,20251127201859,4111588,1,01,1,24330,2866,N
20251127,M7731,41016902,20251127,41,11,08,41_72216,2,570,41016902,20251127190216,4106836,20251127194326,4111588,0,01,1,24330,2470,N
20251127,M7731,41016902,20251127,41,11,08,41_7288541,2,570,41016902,20251127070017,4177637,20251127080531,4111588,0,01,1,25830,3914,N
20251127,M7731,41016902,20251127,41,11,08,41_729741,2,570,41016902,20251127055358,4177637,20251127064920,4111588,0,01,1,25830,3322,N
20251127,M7731,41016902,20251127,41,11,08,41_7365378,1,570,41016902,20251127121224,4177510,20251127123828,4116126,0,01,1,30520,1564,N
20251127,M7731,41016902,20251127,41,11,08,41_7369587,2,570,41016902,20251127142500,4106836,20251127144807,4116126,1,01,1,25350,1387,N
20251127,M7731,41016902,20251127,41,11,08,41_7385106,2,570,41016902,20251127063319,4177448,20251127071020,4111588,0,01,1,22120,2221,N
20251127,M7731,41016902,20251127,41,11,08,41_7417902,2,570,41016902,20251127060349,4177448,20251127063806,4116130,0,01,1,24380,2057,N
20251127,M7731,41016902,20251127,41,11,08,41_7424096,2,570,41016902,20251127133844,4106836,20251127140812,4111588,0,01,1,24330,1768,N
20251127,M7731,41016902,20251127,41,11,08,41_7427442,1,570,41016902,20251127113750,4177448,20251127120033,4111588,0,01,1,22120,1363,N
20251127,M7731,41016902,20251127,41,11,08,41_7470589,1,570,41016902,20251127073949,4177510,20251127080629,4116126,0,01,1,30520,1600,N
20251127,M7731,41016902,20251127,41,11,08,41_7471564,2,570,41016902,20251127181801,4177532,20251127185900,4111588,0,01,1,22980,2459,N
20251127,M7731,41016902,20251127,41,11,08,41_7477858,2,570,41016902,20251127232305,4177448,20251127235050,4116126,0,01,1,23140,1665,N
20251127,M7731,41016902,20251127,41,11,08,41_7494638,2,570,41016902,20251127122344,4177510,20251127125312,4116130,1,01,1,31760,1768,N
20251127,M7731,41016902,20251127,41,11,08,41_7505899,1,570,41016902,20251127063155,4177510,20251127074435,4116126,0,01,1,30520,4360,N
20251127,M7731,41016902,20251127,41,11,08,41_7526692,2,570,41016902,20251127152146,4106836,20251127160237,4116130,0,01,1,26590,2451,N
20251127,M7731,41016902,20251127,41,11,08,41_7541875,2,570,41016902,20251127090943,4177637,20251127095600,4111588,0,01,1,25830,2777,N
20251127,M7731,41016902,20251127,41,11,08,41_7543301,2,570,41016902,20251127075724,4106836,20251127083550,4116126,0,01,1,25350,2306,N
20251127,M7731,41016902,20251127,41,11,08,41_7556746,2,570,41016902,20251127202041,4177448,20251127204622,4111588,0,01,1,22120,1541,N
20251127,M7731,41016902,20251127,41,11,08,41_7584804,2,570,41016902,20251127153040,4106836,20251127155912,4111588,0,01,1,24330,1712,N
20251127,M7731,41016902,20251127,41,11,08,41_7594043,2,570,41016902,20251127181155,4177532,20251127185738,4116126,0,01,1,24000,2743,N
20251127,M7731,41016902,20251127,41,11,08,41_7603973,2,570,41016902,20251127060026,4106836,20251127064212,4116126,1,01,1,25350,2506,N
20251127,M7731,41016902,20251127,41,11,08,41_7611741,2,570,41016902,20251127203710,4177510,20251127214711,4111588,0,01,1,29500,4201,N
20251127,M7731,41016902,20251127,41,11,08,41_7621227,2,570,41016902,20251127170543,4177637,20251127173957,4111588,0,01,1,25830,2054,N
20251127,M7731,41016902,20251127,41,11,08,41_7724717,1,570,41016902,20251127132132,4106836,20251127135914,4111599,0,01,1,28270,2262,N
20251127,M7731,41016902,20251127,41,11,08,41_7737797,2,570,41016902,20251127212338,4177448,20251127214541,4111588,0,01,1,22120,1323,N
20251127,M7731,41016902,20251127,41,11,08,41_7738797,2,570,41016902,20251127151243,4106836,20251127155428,4116126,0,01,1,25350,2505,N
20251127,M7731,41016902,20251127,41,11,08,41_7744326,2,570,41016902,20251127071933,4106836,20251127074901,4111599,1,01,1,28270,1768,N
20251127,M7731,41016902,20251127,41,11,08,41_7748333,1,570,41016902,20251127063243,4177448,20251127065833,4111588,0,01,1,22120,1550,N
20251127,M7731,41016902,20251127,41,11,08,41_7755044,2,570,41016902,20251127150806,4106836,20251127155124,4116126,0,01,1,25350,2598,N
20251127,M7731,41016902,20251127,41,11,08,41_7756166,2,570,41016902,20251127054414,4177637,20251127062634,4116126,0,01,1,26850,2540,N
20251127,M7731,41016902,20251127,41,11,08,41_7792135,1,570,41016902,20251127071259,4177510,20251127081351,4116130,0,01,1,31760,3652,N
20251127,M7731,41016902,20251127,41,11,08,41_7805999,1,570,41016902,20251127180855,4177448,20251127184312,4111588,0,01,1,22120,2057,N
20251127,M7731,41016902,20251127,41,11,08,41_78147,1,570,41016902,20251127074417,4177448,20251127080545,4111588,0,01,1,22120,1288,N
20251127,M7731,41016902,20251127,41,11,08,41_7822146,1,570,41016902,20251127195739,4106836,20251127202952,4111588,0,01,1,24330,1933,N
20251127,M7731,41016902,20251127,41,11,08,41_7822146,1,570,41016902,20251127213650,4106836,20251127220625,4111588,0,01,1,24330,1775,N
20251127,M7731,41016902,20251127,41,11,08,41_7858037,2,570,41016902,20251127170227,4177532,20251127173828,4116126,0,01,1,24000,2161,N
20251127,M7731,41016902,20251127,41,11,08,41_7943218,2,570,41016902,20251127130224,4106836,20251127134449,4116126,0,01,1,25350,2545,N
20251127,M7731,41016902,20251127,41,11,08,41_7984670,1,570,41016902,20251127162732,4177532,20251127164710,4116126,0,01,1,24000,1178,N
20251127,M7731,41016902,20251127,41,11,08,41_7988834,1,570,41016902,20251127112316,4106836,20251127115322,4109162,1,01,1,29380,1806,N
20251127,M7731,41016902,20251127,41,11,08,41_79996,1,570,41016902,20251127071358,4106836,20251127080955,4111588,0,01,1,24330,3357,N
20251127,M7731,41016902,20251127,41,11,08,41_8008473,2,570,41016902,20251127102012,4106836,20251127110143,4111588,1,01,1,24330,2491,N
20251127,M7731,41016902,20251127,41,11,08,41_8015862,2,570,41016902,20251127184939,4106836,20251127193034,4111588,0,01,1,24330,2455,N
20251127,M7731,41016902,20251127,41,11,08,41_8016128,2,570,41016902,20251127054901,4107446,20251127063821,4111588,0,01,1,27870,2960,N
20251127,M7731,41016902,20251127,41,11,08,41_8036004,2,570,41016902,20251127173412,4177532,20251127180914,4111588,0,01,1,22980,2102,N
20251127,M7731,41016902,20251127,41,11,08,41_8038658,2,570,41016902,20251127063426,4177448,20251127072857,4116130,0,01,1,24380,3271,N
20251127,M7731,41016902,20251127,41,11,08,41_8072515,1,570,41016902,20251127184924,4106836,20251127192414,4111588,0,01,1,24330,2090,N
20251127,M7731,41016902,20251127,41,11,08,41_8127611,2,570,41016902,20251127190011,4106836,20251127193822,4116126,0,01,1,25350,2291,N
20251127,M7731,41016902,20251127,41,11,08,41_8138136,2,570,41016902,20251127152904,4177532,20251127160142,4111588,0,01,1,22980,1958,N
20251127,M7731,41016902,20251127,41,11,08,41_8156433,2,570,41016902,20251127153211,4177532,20251127160245,4111588,0,01,1,22980,1834,N
20251127,M7731,41016902,20251127,41,11,08,41_8159688,2,570,41016902,20251127091114,4177532,20251127094623,4116126,0,01,1,24000,2109,N
20251127,M7731,41016902,20251127,41,11,08,41_8166634,1,570,41016902,20251127145620,4106836,20251127153616,4116126,0,01,1,25350,2396,N
20251127,M7731,41016902,20251127,41,11,08,41_8175505,1,570,41016902,20251127060445,4177510,20251127070015,4111588,0,01,1,29500,3330,N
20251127,M7731,41016902,20251127,41,11,08,41_8190964,2,570,41016902,20251127091241,4177532,20251127095958,4111588,0,01,1,22980,2837,N
20251127,M7731,41016902,20251127,41,11,08,41_819880,2,570,41016902,20251127060723,4106836,20251127063546,4111588,1,01,1,24330,1703,N
20251127,M7731,41016902,20251127,41,11,08,41_8240656,2,570,41016902,20251127073225,4106836,20251127081121,4111588,0,01,1,24330,2336,N
20251127,M7731,41016902,20251127,41,11,08,41_82473,2,570,41016902,20251127071018,4177448,20251127073611,4111588,0,01,1,22120,1553,N
20251127,M7731,41016902,20251127,41,11,08,41_8254911,2,570,41016902,20251127172316,4177448,20251127174317,4111588,0,01,1,22120,1201,N
20251127,M7731,41016902,20251127,41,11,08,41_8279378,2,570,41016902,20251127164407,4106836,20251127172911,4111588,0,01,1,24330,2704,N
20251127,M7731,41016902,20251127,41,11,08,41_8279511,2,570,41016902,20251127171211,4177532,20251127180027,4116126,0,01,1,24000,2896,N
20251127,M7731,41016902,20251127,41,11,08,41_8285101,2,570,41016902,20251127200627,4177448,20251127202816,4111588,0,01,1,22120,1309,N
20251127,M7731,41016902,20251127,41,11,08,41_8346678,2,570,41016902,20251127201454,4106836,20251127204318,4111588,0,01,1,24330,1704,N
20251127,M7731,41016902,20251127,41,11,08,41_8363825,2,570,41016902,20251127221741,4106836,20251127225420,4111588,0,01,1,24330,2199,N
20251127,M7731,41016902,20251127,41,11,08,41_842855,2,570,41016902,20251127175614,4106836,20251127183438,4111588,1,01,1,24330,2304,N
20251127,M7731,41016902,20251127,41,11,08,41_8474764,1,570,41016902,20251127193101,4177448,20251127195443,4111588,0,01,1,22120,1422,N
20251127,M7731,41016902,20251127,41,11,08,41_8507701,1,570,41016902,20251127174229,4177448,20251127182000,4111588,0,01,1,22120,2251,N
20251127,M7731,41016902,20251127,41,11,08,41_8553321,1,570,41016902,20251127163828,4107446,20251127171909,4116126,0,01,1,28890,2441,N
20251127,M7731,41016902,20251127,41,11,08,41_8576832,2,570,41016902,20251127142350,4106836,20251127145705,4116130,0,01,1,26590,1995,N
20251127,M7731,41016902,20251127,41,11,08,41_8617239,2,570,41016902,20251127113238,4106836,20251127121258,4116126,0,01,1,25350,2420,N
20251127,M7731,41016902,20251127,41,11,08,41_8639848,2,570,41016902,20251127165241,4177448,20251127173316,4111588,0,01,1,22120,2435,N
20251127,M7731,41016902,20251127,41,11,08,41_8645395,2,570,41016902,20251127061824,4177448,20251127070454,4111588,0,01,1,22120,2790,N
20251127,M7731,41016902,20251127,41,11,08,41_8650831,1,570,41016902,20251127213927,4177448,20251127215919,4111588,0,01,1,22120,1192,N
20251127,M7731,41016902,20251127,41,11,08,41_8680642,2,570,41016902,20251127135004,4177637,20251127143331,4111588,0,01,1,25830,2607,N
20251127,M7731,41016902,20251127,41,11,08,41_8681050,2,570,41016902,20251127073307,4177448,20251127081613,4111588,0,01,1,22120,2586,N
20251127,M7731,41016902,20251127,41,11,08,41_8693848,2,570,41016902,20251127165232,4177448,20251127173436,4111588,0,01,1,22120,2524,N
20251127,M7731,41016902,20251127,41,11,08,41_8706036,2,570,41016902,20251127113057,4177448,20251127120750,4111588,0,01,1,22120,2213,N
20251127,M7731,41016902,20251127,41,11,08,41_8747150,2,570,41016902,20251127142450,4106836,20251127151114,4111588,0,01,1,24330,2784,N
20251127,M7731,41016902,20251127,41,11,08,41_8765811,1,570,41016902,20251127061854,4106836,20251127070243,4111588,0,01,1,24330,2629,N
20251127,M7731,41016902,20251127,41,11,08,41_8768404,2,570,41016902,20251127062905,4106836,20251127071011,4111588,0,01,1,24330,2466,N
20251127,M7731,41016902,20251127,41,11,08,41_8776315,2,570,41016902,20251127063143,4106836,20251127070246,4111588,0,01,1,24330,1863,N
20251127,M7731,41016902,20251127,41,11,08,41_8804798,2,570,41016902,20251127071329,4177637,20251127075520,4111588,0,01,1,25830,2511,N
20251127,M7731,41016902,20251127,41,11,08,41_8807634,2,570,41016902,20251127074257,4177532,20251127082658,4111598,0,01,1,26270,2641,N
20251127,M7731,41016902,20251127,41,11,08,41_8816393,2,570,41016902,20251127073801,4177532,20251127083858,4111588,0,01,1,22980,3657,N
20251127,M7731,41016902,20251127,41,11,08,41_8873771,2,570,41016902,20251127211716,4177448,20251127214027,4111588,0,01,1,22120,1391,N
20251127,M7731,41016902,20251127,41,11,08,41_888557,2,570,41016902,20251127203954,4106836,20251127211437,4111588,0,01,1,24330,2083,N
20251127,M7731,41016902,20251127,41,11,08,41_8922460,1,570,41016902,20251127120142,4177510,20251127122808,4111588,0,01,1,29500,1586,N
20251127,M7731,41016902,20251127,41,11,08,41_8930134,1,570,41016902,20251127065032,4110868,20251127072358,4111588,0,01,1,26980,2006,N
20251127,M7731,41016902,20251127,41,11,08,41_8947688,2,570,41016902,20251127075105,4177448,20251127082056,4111588,0,01,1,22120,1791,N
20251127,M7731,41016902,20251127,41,11,08,41_8947688,2,570,41016902,20251127091032,4106836,20251127094448,4111588,0,01,1,24330,2056,N
20251127,M7731,41016902,20251127,41,11,08,41_896316,2,570,41016902,20251127192106,4177637,20251127201102,4111588,0,01,1,25830,2996,N
20251127,M7731,41016902,20251127,41,11,08,41_8982592,2,570,41016902,20251127180811,4177532,20251127183735,4116126,0,01,1,24000,1764,N
20251127,M7731,41016902,20251127,41,11,08,41_8988421,1,570,41016902,20251127121102,4106836,20251127124949,4111588,0,01,1,24330,2327,N
20251127,M7731,41016902,20251127,41,11,08,41_9000121,2,570,41016902,20251127130245,4106836,20251127133800,4111588,0,01,1,24330,2115,N
20251127,M7731,41016902,20251127,41,11,08,41_9002784,1,570,41016902,20251127083935,4177448,20251127090524,4111588,1,01,1,22120,1549,N
20251127,M7731,41016902,20251127,41,11,08,41_900558,2,570,41016902,20251127072216,4177448,20251127074525,4111588,0,01,1,22120,1389,N
20251127,M7731,41016902,20251127,41,11,08,41_9008398,2,570,41016902,20251127103455,4177448,20251127105929,4111588,0,01,1,22120,1474,N
20251127,M7731,41016902,20251127,41,11,08,41_9016726,2,570,41016902,20251127190647,4177532,20251127193852,4111588,0,01,1,22980,1925,N
20251127,M7731,41016902,20251127,41,11,08,41_9032275,2,570,41016902,20251127072155,4177448,20251127075658,4111588,1,01,1,22120,2103,N
20251127,M7731,41016902,20251127,41,11,08,41_9034429,2,570,41016902,20251127095223,4106836,20251127102500,4116126,0,01,1,25350,1957,N
20251127,M7731,41016902,20251127,41,11,08,41_9056779,1,570,41016902,20251127071403,4106836,20251127073827,4111588,0,01,1,24330,1464,N
20251127,M7731,41016902,20251127,41,11,08,41_9057376,1,570,41016902,20251127191401,4177532,20251127194719,4116130,0,01,1,25240,1998,N
20251127,M7731,41016902,20251127,41,11,08,41_9059584,2,570,41016902,20251127130245,4106836,20251127134315,4111588,0,01,1,24330,2430,N
20251127,M7731,41016902,20251127,41,11,08,41_9103132,2,570,41016902,20251127082343,4177637,20251127085404,4109162,0,01,1,30880,1821,N
20251127,M7731,41016902,20251127,41,11,08,41_9112176,2,570,41016902,20251127161047,4106836,20251127163917,4116126,0,01,1,25350,1710,N
20251127,M7731,41016902,20251127,41,11,08,41_9118418,2,570,41016902,20251127193242,4106836,20251127200041,4111588,0,01,1,24330,1679,N
20251127,M7731,41016902,20251127,41,11,08,41_914598,2,570,41016902,20251127105221,4106836,20251127112952,4116126,1,01,1,25350,2251,N
20251127,M7731,41016902,20251127,41,11,08,41_9166089,1,570,41016902,20251127081304,4110868,20251127084258,4111588,0,01,1,26980,1794,N
20251127,M7731,41016902,20251127,41,11,08,41_9166089,1,570,41016902,20251127161422,4110868,20251127164453,4116126,0,01,1,28000,1831,N
20251127,M7731,41016902,20251127,41,11,08,41_9195524,1,570,41016902,20251127082343,4177637,20251127090007,4111588,0,01,1,25830,2184,N
20251127,M7731,41016902,20251127,41,11,08,41_9249171,2,570,41016902,20251127190609,4177448,20251127194206,4111598,0,01,1,25410,2157,N
20251127,M7731,41016902,20251127,41,11,08,41_9287806,2,570,41016902,20251127125210,4177448,20251127130745,4111588,0,01,1,22120,935,N
20251127,M7731,41016902,20251127,41,11,08,41_9303463,2,570,41016902,20251127111908,4177448,20251127115456,4116130,0,01,1,24380,2148,N
20251127,M7731,41016902,20251127,41,11,08,41_9315547,1,570,41016902,20251127182028,4177637,20251127185910,4116126,0,01,1,26850,2322,N
20251127,M7731,41016902,20251127,41,11,08,41_9323928,1,570,41016902,20251127065745,4110868,20251127074306,4111588,0,01,1,26980,2721,N
20251127,M7731,41016902,20251127,41,11,08,41_9338631,2,570,41016902,20251127113752,4177448,20251127122733,4111588,0,01,1,22120,2981,N
20251127,M7731,41016902,20251127,41,11,08,41_9352337,2,570,41016902,20251127181900,4177637,20251127185742,4111588,0,01,1,25830,2322,N
20251127,M7731,41016902,20251127,41,11,08,41_9369507,1,570,41016902,20251127051942,4177448,20251127054032,4111588,0,01,1,22120,1250,N
20251127,M7731,41016902,20251127,41,11,08,41_9373596,2,570,41016902,20251127181900,4177637,20251127185751,4116130,0,01,1,28090,2331,N
20251127,M7731,41016902,20251127,41,11,08,41_9420848,2,570,41016902,20251127123452,4106836,20251127131623,4111588,1,01,1,24330,2491,N
20251127,M7731,41016902,20251127,41,11,08,41_942274,2,570,41016902,20251127182452,4177448,20251127184801,4111588,0,01,1,22120,1389,N
20251127,M7731,41016902,20251127,41,11,08,41_9425910,2,570,41016902,20251127153236,4106836,20251127161446,4111588,0,01,1,24330,2530,N
20251127,M7731,41016902,20251127,41,11,08,41_9453504,1,570,41016902,20251127223907,4106836,20251127232155,4116126,1,01,1,25350,2568,N
20251127,M7731,41016902,20251127,41,11,08,41_9479054,2,570,41016902,20251127131116,4177532,20251127140608,4111588,0,01,1,22980,3292,N
20251127,M7731,41016902,20251127,41,11,08,41_9484829,2,570,41016902,20251127131116,4177532,20251127133921,4116126,0,01,1,24000,1685,N
20251127,M7731,41016902,20251127,41,11,08,41_9509849,2,570,41016902,20251127081128,4177448,20251127084616,4111599,0,01,1,26060,2088,N
20251127,M7731,41016902,20251127,41,11,08,41_9517059,2,570,41016902,20251127124357,4177510,20251127132331,4111588,0,01,1,29500,2374,N
20251127,M7731,41016902,20251127,41,11,08,41_9521202,2,570,41016902,20251127161622,4106836,20251127170600,4111588,0,01,1,24330,2978,N
20251127,M7731,41016902,20251127,41,11,08,41_9524413,1,570,41016902,20251127172833,4106836,20251127180036,4116130,0,01,1,26590,1923,N
20251127,M7731,41016902,20251127,41,11,08,41_9533913,2,570,41016902,20251127142915,4177448,20251127145540,4111588,0,01,1,22120,1585,N
20251127,M7731,41016902,20251127,41,11,08,41_954513,2,570,41016902,20251127203234,4177448,20251127211246,4116126,0,01,1,23140,2412,N
20251127,M7731,41016902,20251127,41,11,08,41_9588203,2,570,41016902,20251127070431,4177448,20251127074600,4116130,0,01,1,24380,2489,N
20251127,M7731,41016902,20251127,41,11,08,41_9588203,2,570,41016902,20251127081128,4177448,20251127085257,4116130,0,01,1,24380,2489,N
20251127,M7731,41016902,20251127,41,11,08,41_9623090,2,570,41016902,20251127074312,4177448,20251127080708,4116126,0,01,1,23140,1436,N
20251127,M7731,41016902,20251127,41,11,08,41_9628113,2,570,41016902,20251127191914,4106836,20251127195448,4111588,0,01,1,24330,2134,N
20251127,M7731,41016902,20251127,41,11,08,41_9629973,2,570,41016902,20251127140659,4106836,20251127144439,4116126,0,01,1,25350,2260,N
20251127,M7731,41016902,20251127,41,11,08,41_9654474,2,570,41016902,20251127150613,4106836,20251127155107,4111588,0,01,1,24330,2694,N
20251127,M7731,41016902,20251127,41,11,08,41_9685173,1,570,41016902,20251127070334,4107446,20251127075112,4111588,0,01,1,27870,2858,N
20251127,M7731,41016902,20251127,41,11,08,41_9719339,2,570,41016902,20251127134407,4177448,20251127140724,4111588,0,01,1,22120,1397,N
20251127,M7731,41016902,20251127,41,11,08,41_9720274,2,570,41016902,20251127213258,4177448,20251127221134,4116130,0,01,1,24380,2316,N
20251127,M7731,41016902,20251127,41,11,08,41_9739835,1,570,41016902,20251127213156,4177448,20251127221032,4116126,0,01,1,23140,2316,N
20251127,M7731,41016902,20251127,41,11,08,41_9782135,2,570,41016902,20251127174808,4106836,20251127182345,4116126,1,01,1,25350,2137,N
20251127,M7731,41016902,20251127,41,11,08,41_9784425,2,570,41016902,20251127175023,4106836,20251127182600,4116126,1,01,1,25350,2137,N
20251127,M7731,41016902,20251127,41,11,08,41_9811334,1,570,41016902,20251127092139,4106836,20251127094430,4116130,1,01,1,26590,1371,N
20251127,M7731,41016902,20251127,41,11,08,41_9863940,2,570,41016902,20251127222833,4110868,20251127225212,4111588,0,01,1,26980,1419,N
20251127,M7731,41016902,20251127,41,11,08,41_9883101,1,570,41016902,20251127135243,4106836,20251127143713,4111588,0,01,1,24330,2670,N
20251127,M7731,41016902,20251127,41,11,08,41_9904331,2,570,41016902,20251127055614,4177510,20251127062419,4111588,0,01,1,29500,1685,N
20251127,M7731,41016902,20251127,41,11,08,41_9936267,2,570,41016902,20251127152700,4106836,20251127154805,4116126,0,01,1,25350,1265,N
20251127,M7731,41016902,20251127,41,11,08,41_9936891,2,570,41016902,20251127171956,4106836,20251127180213,4111588,0,01,1,24330,2537,N
20251127,M7731,41016902,20251127,41,11,08,41_9937832,1,570,41016902,20251127150441,4177448,20251127153501,4111588,0,01,1,22120,1820,N
20251127,M7731,41016902,20251127,41,11,08,41_9941704,2,570,41016902,20251127090206,4177637,20251127092504,4111588,0,01,1,25830,1378,N
20251127,M7731,41016902,20251127,41,11,08,41_9970944,2,570,41016902,20251127070434,4177448,20251127072917,4116130,0,01,1,24380,1483,N
20251127,M7731,41016902,20251127,41,11,08,41_9988591,2,570,41016902,20251127090136,4177637,20251127092434,4111588,0,01,1,25830,1378,N
20251127,M7731,41016902,20251127,41,11,08,41_9992621,1,570,41016902,20251127204005,4106836,20251127211445,4111588,0,01,1,24330,2080,N
