query_date,query_route_no,query_route_id,opr_ymd,ride_ctpv_cd,goff_ctpv_cd,clcln_bzmn_id,vr_card_no,card_se_cd,clcln_bzmn_trfc_mns_cd,rte_id,ride_dt,ride_sttn_id,goff_dt,goff_sttn_id,trnf_cnt,users_type_cd,utztn_nope,utztn_dstnc,brdg_hr,msv_intrpl_yn
20251120,M7731,41016902,20251120,41,11,08,41_10013774,1,570,41016902,20251120061027,4177637,20251120064739,4111588,0,01,1,25830,2232,N
20251120,M7731,41016902,20251120,41,11,08,41_10045374,2,570,41016902,20251120055403,4177637,20251120063427,4111588,0,01,1,25830,2424,N
20251120,M7731,41016902,20251120,41,11,08,41_10061730,2,570,41016902,20251120094101,4106836,20251120101742,4111588,1,01,1,24330,2201,N
20251120,M7731,41016902,20251120,41,11,08,41_10061730,2,570,41016902,20251121000849,4106836,20251121003656,4111588,1,01,1,24330,1687,N
20251120,M7731,41016902,20251120,41,11,08,41_10079613,2,570,41016902,20251120213346,4106836,20251120221050,4111588,0,01,1,24330,2224,N
20251120,M7731,41016902,20251120,41,11,08,41_10079613,2,570,41016902,20251120224501,4106836,20251120232339,4111588,0,01,1,24330,2318,N
20251120,M7731,41016902,20251120,41,11,08,41_10098953,2,570,41016902,20251120091319,4106836,20251120094912,4111588,0,01,1,24330,2153,N
20251120,M7731,41016902,20251120,41,11,08,41_10131173,2,570,41016902,20251120163715,4110935,20251120174507,4111588,0,01,1,28710,4072,N
20251120,M7731,41016902,20251120,41,11,08,41_10141286,2,570,41016902,20251120073841,4177448,20251120085353,4116126,0,01,1,23140,4512,N
20251120,M7731,41016902,20251120,41,11,08,41_10176927,2,570,41016902,20251120074557,4177637,20251120082759,4111588,0,01,1,25830,2522,N
20251120,M7731,41016902,20251120,41,11,08,41_10190799,1,570,41016902,20251120143216,4177532,20251120152023,4116126,0,01,1,24000,2887,N
20251120,M7731,41016902,20251120,41,11,08,41_10195551,2,570,41016902,20251120053741,4106836,20251120062228,4111588,0,01,1,24330,2687,N
20251120,M7731,41016902,20251120,41,11,08,41_10197017,2,570,41016902,20251120130250,4106836,20251120134743,4111588,0,01,1,24330,2693,N
20251120,M7731,41016902,20251120,41,11,08,41_10197017,2,570,41016902,20251121002645,4106836,20251121010612,4116130,0,01,1,26590,2367,N
20251120,M7731,41016902,20251120,41,11,08,41_10197405,2,570,41016902,20251120121749,4177637,20251120130623,4111588,0,01,1,25830,2914,N
20251120,M7731,41016902,20251120,41,11,08,41_10200260,1,570,41016902,20251120112824,4177448,20251120115311,4111588,0,01,1,22120,1487,N
20251120,M7731,41016902,20251120,41,11,08,41_10214665,1,570,41016902,20251120171749,4110935,20251120174020,4111588,0,01,1,28710,1351,N
20251120,M7731,41016902,20251120,41,11,08,41_10258291,2,570,41016902,20251120170717,4177448,20251120173423,4111588,0,01,1,22120,1626,N
20251120,M7731,41016902,20251120,41,11,08,41_10303031,2,570,41016902,20251120230541,4177637,20251120234647,4111588,0,01,1,25830,2466,N
20251120,M7731,41016902,20251120,41,11,08,41_10313750,2,570,41016902,20251120230541,4177637,20251120234647,4111588,0,01,1,25830,2466,N
20251120,M7731,41016902,20251120,41,11,08,41_1034522,2,570,41016902,20251120143052,4106836,20251120151523,4111588,0,01,1,24330,2671,N
20251120,M7731,41016902,20251120,41,11,08,41_1034522,2,570,41016902,20251120184713,4106836,20251120192930,4111588,0,01,1,24330,2537,N
20251120,M7731,41016902,20251120,41,11,08,41_10372687,2,570,41016902,20251120084230,4106836,20251120092018,4111588,0,01,1,24330,2268,N
20251120,M7731,41016902,20251120,41,11,08,41_10386459,1,570,41016902,20251120181248,4177448,20251120184820,4111588,0,01,1,22120,2132,N
20251120,M7731,41016902,20251120,41,11,08,41_10388291,2,570,41016902,20251120070044,4110935,20251120074234,4111588,0,01,1,28710,2510,N
20251120,M7731,41016902,20251120,41,11,08,41_10405892,2,570,41016902,20251120101750,4177532,20251120105811,4111588,0,01,1,22980,2421,N
20251120,M7731,41016902,20251120,41,11,08,41_10413836,1,570,41016902,20251120054236,4177510,20251120064222,4111588,0,01,1,29500,3586,N
20251120,M7731,41016902,20251120,41,11,08,41_10458948,2,570,41016902,20251120225457,4177510,20251120235215,4111588,0,01,1,29500,3438,N
20251120,M7731,41016902,20251120,41,11,08,41_10464613,2,570,41016902,20251120084354,4106836,20251120093005,4111588,1,01,1,24330,2771,N
20251120,M7731,41016902,20251120,41,11,08,41_1049874,2,570,41016902,20251120152616,4177448,20251120160751,4116126,0,01,1,23140,2495,N
20251120,M7731,41016902,20251120,41,11,08,41_10500318,2,570,41016902,20251120205801,4106836,20251120220244,4116126,1,01,1,25350,3883,N
20251120,M7731,41016902,20251120,41,11,08,41_10532481,1,570,41016902,20251120065142,4177448,20251120072935,4111588,0,01,1,22120,2273,N
20251120,M7731,41016902,20251120,41,11,08,41_10539679,1,570,41016902,20251120122243,4106836,20251120130212,4116130,1,01,1,26590,2369,N
20251120,M7731,41016902,20251120,41,11,08,41_10551022,1,570,41016902,20251120194043,4106836,20251120201514,4111588,1,01,1,24330,2071,N
20251120,M7731,41016902,20251120,41,11,08,41_1056897,2,570,41016902,20251120081348,4177532,20251120085343,4111588,0,01,1,22980,2395,N
20251120,M7731,41016902,20251120,41,11,08,41_10572034,2,570,41016902,20251120160955,4106836,20251120164643,4111588,0,01,1,24330,2208,N
20251120,M7731,41016902,20251120,41,11,08,41_10572034,2,570,41016902,20251120231519,4106836,20251120235420,4111588,0,01,1,24330,2341,N
20251120,M7731,41016902,20251120,41,11,08,41_10597765,2,570,41016902,20251120062844,4177637,20251120070854,4111588,0,01,1,25830,2410,N
20251120,M7731,41016902,20251120,41,11,08,41_10610362,2,570,41016902,20251120084705,4177637,20251120091230,4111588,0,01,1,25830,1525,N
20251120,M7731,41016902,20251120,41,11,08,41_10615371,2,570,41016902,20251120210330,4177448,20251120212727,4116126,0,01,1,23140,1437,N
20251120,M7731,41016902,20251120,41,11,08,41_10623586,1,570,41016902,20251120065311,4177448,20251120072122,4116126,0,01,1,23140,1691,N
20251120,M7731,41016902,20251120,41,11,08,41_10640964,2,570,41016902,20251120065520,4177448,20251120073702,4111588,0,01,1,22120,2502,N
20251120,M7731,41016902,20251120,41,11,08,41_10657291,2,570,41016902,20251120045832,4177510,20251120055147,4111588,0,01,1,29500,3195,N
20251120,M7731,41016902,20251120,41,11,08,41_10675815,2,570,41016902,20251120094457,4177532,20251120101949,4111588,0,01,1,22980,2092,N
20251120,M7731,41016902,20251120,41,11,08,41_10676098,2,570,41016902,20251120134309,4177510,20251120142542,4111588,0,01,1,29500,2553,N
20251120,M7731,41016902,20251120,41,11,08,41_10743022,2,570,41016902,20251120062734,4177448,20251120065645,4116126,0,01,1,23140,1751,N
20251120,M7731,41016902,20251120,41,11,08,41_10753710,2,570,41016902,20251120151650,4106836,20251120155947,4111588,0,01,1,24330,2577,N
20251120,M7731,41016902,20251120,41,11,08,41_10760359,1,570,41016902,20251120232341,4106836,20251121000247,4116126,0,01,1,25350,2346,N
20251120,M7731,41016902,20251120,41,11,08,41_10761556,2,570,41016902,20251120173913,4177448,20251120181839,4111588,0,01,1,22120,2366,N
20251120,M7731,41016902,20251120,41,11,08,41_10796901,1,570,41016902,20251120165023,4107446,20251120172248,4111599,0,01,1,31810,1945,N
20251120,M7731,41016902,20251120,41,11,08,41_10803821,2,570,41016902,20251120234943,4177532,20251121001012,4111588,0,01,1,22980,1229,N
20251120,M7731,41016902,20251120,41,11,08,41_10806966,1,570,41016902,20251120203002,4177532,20251120210218,4116126,0,01,1,24000,1936,N
20251120,M7731,41016902,20251120,41,11,08,41_10842947,2,570,41016902,20251120065653,4177448,20251120073439,4116130,0,01,1,24380,2266,N
20251120,M7731,41016902,20251120,41,11,08,41_10874022,1,570,41016902,20251120215025,4177532,20251120222243,4116130,0,01,1,25240,1938,N
20251120,M7731,41016902,20251120,41,11,08,41_10878201,2,570,41016902,20251120123120,4177637,20251120131005,4116126,0,01,1,26850,2325,N
20251120,M7731,41016902,20251120,41,11,08,41_10898855,2,570,41016902,20251120190423,4106836,20251120193305,4116126,0,01,1,25350,1722,N
20251120,M7731,41016902,20251120,41,11,08,41_10898855,2,570,41016902,20251120234823,4106836,20251121002410,4116126,0,01,1,25350,2147,N
20251120,M7731,41016902,20251120,41,11,08,41_10916626,2,570,41016902,20251120164245,4177448,20251120171601,4111588,0,01,1,22120,1996,N
20251120,M7731,41016902,20251120,41,11,08,41_10926190,1,570,41016902,20251120164754,4177448,20251120172110,4111588,0,01,1,22120,1996,N
20251120,M7731,41016902,20251120,41,11,08,41_10965637,2,570,41016902,20251120164854,4177448,20251120172210,4111588,0,01,1,22120,1996,N
20251120,M7731,41016902,20251120,41,11,08,41_10976215,1,570,41016902,20251120163030,4177532,20251120170631,4111588,0,01,1,22980,2161,N
20251120,M7731,41016902,20251120,41,11,08,41_10994300,2,570,41016902,20251120131246,4177532,20251120134649,4111588,0,01,1,22980,2043,N
20251120,M7731,41016902,20251120,41,11,08,41_11057940,2,570,41016902,20251120194159,4177448,20251120201232,4116126,0,01,1,23140,1833,N
20251120,M7731,41016902,20251120,41,11,08,41_11057940,2,570,41016902,20251120221149,4177448,20251120223803,4116126,0,01,1,23140,1574,N
20251120,M7731,41016902,20251120,41,11,08,41_11067591,2,570,41016902,20251120170052,4177532,20251120172829,4111588,0,01,1,22980,1657,N
20251120,M7731,41016902,20251120,41,11,08,41_11107075,2,570,41016902,20251120083116,4177637,20251120085331,4111588,0,01,1,25830,1335,N
20251120,M7731,41016902,20251120,41,11,08,41_11118546,2,570,41016902,20251120153053,4177448,20251120155803,4111598,0,01,1,25410,1630,N
20251120,M7731,41016902,20251120,41,11,08,41_11123057,2,570,41016902,20251120143444,4177448,20251120150101,4116130,0,01,1,24380,1577,N
20251120,M7731,41016902,20251120,41,11,08,41_11137368,2,570,41016902,20251120223321,4106836,20251120225342,4116126,0,01,1,25350,1221,N
20251120,M7731,41016902,20251120,41,11,08,41_11155648,2,570,41016902,20251120124641,4106836,20251120131144,4111588,0,01,1,24330,1503,N
20251120,M7731,41016902,20251120,41,11,08,41_11162943,2,570,41016902,20251120081752,4177637,20251120084007,4116130,0,01,1,28090,1335,N
20251120,M7731,41016902,20251120,41,11,08,41_11189414,2,570,41016902,20251120154836,4177448,20251120164018,4111588,0,01,1,22120,3102,N
20251120,M7731,41016902,20251120,41,11,08,41_11192669,2,570,41016902,20251120095116,4177532,20251120101458,4116130,0,01,1,25240,1422,N
20251120,M7731,41016902,20251120,41,11,08,41_11194595,2,570,41016902,20251120095735,4177532,20251120102117,4116126,0,01,1,24000,1422,N
20251120,M7731,41016902,20251120,41,11,08,41_11255347,2,570,41016902,20251120071657,4177448,20251120073618,4111588,0,01,1,22120,1161,N
20251120,M7731,41016902,20251120,41,11,08,41_11275414,2,570,41016902,20251120181419,4177448,20251120185606,4111588,0,01,1,22120,2507,N
20251120,M7731,41016902,20251120,41,11,08,41_11278364,1,570,41016902,20251120182207,4177448,20251120185236,4111588,0,01,1,22120,1829,N
20251120,M7731,41016902,20251120,41,11,08,41_11278785,2,570,41016902,20251120183743,4177448,20251120192357,4116126,0,01,1,23140,2774,N
20251120,M7731,41016902,20251120,41,11,08,41_11304693,2,570,41016902,20251120184308,4177532,20251120194031,4111588,0,01,1,22980,3443,N
20251120,M7731,41016902,20251120,41,11,08,41_11311646,2,570,41016902,20251120054647,4177448,20251120062317,4109162,0,01,1,27170,2190,N
20251120,M7731,41016902,20251120,41,11,08,41_11337702,2,570,41016902,20251120183402,4106836,20251120191114,4111588,0,01,1,24330,2232,N
20251120,M7731,41016902,20251120,41,11,08,41_11343291,2,570,41016902,20251120181132,4177448,20251120190855,4109162,0,01,1,27170,3443,N
20251120,M7731,41016902,20251120,41,11,08,41_11345886,2,570,41016902,20251120175025,4177448,20251120182231,4111588,0,01,1,22120,1926,N
20251120,M7731,41016902,20251120,41,11,08,41_11348584,2,570,41016902,20251120064624,4177510,20251120074131,4111588,0,01,1,29500,3307,N
20251120,M7731,41016902,20251120,41,11,08,41_11351408,2,570,41016902,20251120065022,4177448,20251120071023,4111588,0,01,1,22120,1201,N
20251120,M7731,41016902,20251120,41,11,08,41_11358418,1,570,41016902,20251120114351,4106836,20251120122600,4111588,0,01,1,24330,2529,N
20251120,M7731,41016902,20251120,41,11,08,41_11475968,2,570,41016902,20251120154159,4177637,20251120160639,4111588,0,01,1,25830,1480,N
20251120,M7731,41016902,20251120,41,11,08,41_11480811,1,570,41016902,20251120141842,4110868,20251120144421,4111588,0,01,1,26980,1539,N
20251120,M7731,41016902,20251120,41,11,08,41_11490457,1,570,41016902,20251120121606,4106836,20251120124145,4111599,0,01,1,28270,1539,N
20251120,M7731,41016902,20251120,41,11,08,41_11517033,2,570,41016902,20251120131308,4177448,20251120140338,4111588,0,01,1,22120,3030,N
20251120,M7731,41016902,20251120,41,11,08,41_11533285,2,570,41016902,20251121002657,4177532,20251121010722,4116126,0,01,1,24000,2425,N
20251120,M7731,41016902,20251120,41,11,08,41_11540375,1,570,41016902,20251120182429,4177448,20251120190417,4111598,0,01,1,25410,2388,N
20251120,M7731,41016902,20251120,41,11,08,41_11577878,2,570,41016902,20251120214458,4177448,20251120223312,4111588,0,01,1,22120,2894,N
20251120,M7731,41016902,20251120,41,11,08,41_1159235,2,570,41016902,20251120180001,4177510,20251120185726,4111588,0,01,1,29500,3445,N
20251120,M7731,41016902,20251120,41,11,08,41_11597233,1,570,41016902,20251120070622,4110868,20251120074629,4116126,0,01,1,28000,2407,N
20251120,M7731,41016902,20251120,41,11,08,41_11634355,2,570,41016902,20251120062222,4177637,20251120070147,4109162,0,01,1,30880,2365,N
20251120,M7731,41016902,20251120,41,11,08,41_11641521,2,570,41016902,20251120100703,4106836,20251120104630,4116130,0,01,1,26590,2367,N
20251120,M7731,41016902,20251120,41,11,08,41_11657277,1,570,41016902,20251120185054,4106836,20251120192748,4116126,0,01,1,25350,2214,N
20251120,M7731,41016902,20251120,41,11,08,41_1165983,1,570,41016902,20251121001942,4107446,20251121004007,4111588,0,01,1,27870,1225,N
20251120,M7731,41016902,20251120,41,11,08,41_11711563,2,570,41016902,20251120075709,4106836,20251120083431,4111588,0,01,1,24330,2242,N
20251120,M7731,41016902,20251120,41,11,08,41_11717173,2,570,41016902,20251120152902,4106836,20251120155756,4116126,0,01,1,25350,1734,N
20251120,M7731,41016902,20251120,41,11,08,41_11802606,2,570,41016902,20251120150328,4177532,20251120153307,4111588,0,01,1,22980,1779,N
20251120,M7731,41016902,20251120,41,11,08,41_11818637,1,570,41016902,20251120141417,4177532,20251120150113,4116126,0,01,1,24000,2816,N
20251120,M7731,41016902,20251120,41,11,08,41_11822571,2,570,41016902,20251120190432,4106836,20251120193932,4116126,0,01,1,25350,2100,N
20251120,M7731,41016902,20251120,41,11,08,41_11832347,1,570,41016902,20251120220914,4106836,20251120225037,4116126,1,01,1,25350,2483,N
20251120,M7731,41016902,20251120,41,11,08,41_11835774,2,570,41016902,20251120141103,4106836,20251120145534,4116130,0,01,1,26590,2671,N
20251120,M7731,41016902,20251120,41,11,08,41_1184569,1,570,41016902,20251120140839,4177448,20251120143030,4109162,0,01,1,27170,1311,N
20251120,M7731,41016902,20251120,41,11,08,41_11874264,2,570,41016902,20251120163046,4106836,20251120170537,4111588,1,01,1,24330,2091,N
20251120,M7731,41016902,20251120,41,11,08,41_11913204,2,570,41016902,20251120152351,4106836,20251120155905,4111588,1,01,1,24330,2114,N
20251120,M7731,41016902,20251120,41,11,08,41_11928918,1,570,41016902,20251120151204,4106836,20251120153721,4116126,1,01,1,25350,1517,N
20251120,M7731,41016902,20251120,41,11,08,41_11932369,1,570,41016902,20251120231832,4177448,20251120234354,4116126,0,01,1,23140,1522,N
20251120,M7731,41016902,20251120,41,11,08,41_11934542,2,570,41016902,20251120093126,4177448,20251120095509,4109162,0,01,1,27170,1423,N
20251120,M7731,41016902,20251120,41,11,08,41_11934542,2,570,41016902,20251120231856,4177448,20251120234418,4109162,0,01,1,27170,1522,N
20251120,M7731,41016902,20251120,41,11,08,41_11943099,2,570,41016902,20251120231832,4177448,20251120234343,4111588,0,01,1,22120,1511,N
20251120,M7731,41016902,20251120,41,11,08,41_119497,1,570,41016902,20251120164445,4177532,20251120171440,4111588,0,01,1,22980,1795,N
20251120,M7731,41016902,20251120,41,11,08,41_1195026,1,570,41016902,20251120064927,4106836,20251120074043,4111588,0,01,1,24330,3076,N
20251120,M7731,41016902,20251120,41,11,08,41_11955438,1,570,41016902,20251120231956,4177448,20251120234518,4116126,0,01,1,23140,1522,N
20251120,M7731,41016902,20251120,41,11,08,41_11962716,1,570,41016902,20251120163018,4106836,20251120171248,4111588,0,01,1,24330,2550,N
20251120,M7731,41016902,20251120,41,11,08,41_11985668,2,570,41016902,20251120102942,4106836,20251120110554,4111588,1,01,1,24330,2172,N
20251120,M7731,41016902,20251120,41,11,08,41_12045972,2,570,41016902,20251120123019,4177637,20251120130900,4111588,0,01,1,25830,2321,N
20251120,M7731,41016902,20251120,41,11,08,41_12055644,2,570,41016902,20251121001441,4106836,20251121004642,4111588,0,01,1,24330,1921,N
20251120,M7731,41016902,20251120,41,11,08,41_12058328,2,570,41016902,20251120084501,4177448,20251120092435,4111588,0,01,1,22120,2374,N
20251120,M7731,41016902,20251120,41,11,08,41_12069551,1,570,41016902,20251120124120,4106836,20251120131609,4111588,0,01,1,24330,2089,N
20251120,M7731,41016902,20251120,41,11,08,41_12069551,1,570,41016902,20251120135723,4106836,20251120143644,4111588,0,01,1,24330,2361,N
20251120,M7731,41016902,20251120,41,11,08,41_12069551,1,570,41016902,20251120154347,4106836,20251120161942,4111588,0,01,1,24330,2155,N
20251120,M7731,41016902,20251120,41,11,08,41_12083870,2,570,41016902,20251120061549,4177448,20251120065718,4111599,0,01,1,26060,2489,N
20251120,M7731,41016902,20251120,41,11,08,41_12088768,1,570,41016902,20251120084403,4177448,20251120092536,4116126,0,01,1,23140,2493,N
20251120,M7731,41016902,20251120,41,11,08,41_12133067,2,570,41016902,20251120063658,4177637,20251120070923,4111588,0,01,1,25830,1945,N
20251120,M7731,41016902,20251120,41,11,08,41_12167327,2,570,41016902,20251120143426,4177448,20251120150246,4111588,0,01,1,22120,1700,N
20251120,M7731,41016902,20251120,41,11,08,41_12274508,2,570,41016902,20251120211045,4177448,20251120214443,4116126,0,01,1,23140,2038,N
20251120,M7731,41016902,20251120,41,11,08,41_12363661,1,570,41016902,20251120233824,4177448,20251120235806,4111588,0,01,2,22120,1182,N
20251120,M7731,41016902,20251120,41,11,08,41_12372128,2,570,41016902,20251120083134,4110935,20251120093132,4111588,0,01,1,28710,3598,N
20251120,M7731,41016902,20251120,41,11,08,41_12377285,2,570,41016902,20251120144133,4177448,20251120150115,4111588,0,01,1,22120,1182,N
20251120,M7731,41016902,20251120,41,11,08,41_12384270,2,570,41016902,20251120180925,4106836,20251120191207,4111588,0,01,1,24330,3762,N
20251120,M7731,41016902,20251120,41,11,08,41_12405907,2,570,41016902,20251120072833,4177448,20251120080611,4111588,0,01,1,22120,2258,N
20251120,M7731,41016902,20251120,41,11,08,41_12414495,2,570,41016902,20251120060536,4177448,20251120064109,4111599,0,01,1,26060,2133,N
20251120,M7731,41016902,20251120,41,11,08,41_12428669,2,570,41016902,20251120172843,4106836,20251120180224,4116126,1,01,1,25350,2021,N
20251120,M7731,41016902,20251120,41,11,08,41_12475859,1,570,41016902,20251120070231,4177510,20251120080650,4111588,0,01,1,29500,3859,N
20251120,M7731,41016902,20251120,41,11,08,41_12487673,2,570,41016902,20251120175216,4177532,20251120183731,4111588,0,01,1,22980,2715,N
20251120,M7731,41016902,20251120,41,11,08,41_12490929,2,570,41016902,20251120060536,4177448,20251120064100,4116126,0,01,2,23140,2124,N
20251120,M7731,41016902,20251120,41,11,08,41_12525191,2,570,41016902,20251120181418,4177532,20251120184931,4111588,0,01,1,22980,2113,N
20251120,M7731,41016902,20251120,41,11,08,41_12545330,2,570,41016902,20251120161447,4106836,20251120170710,4116126,0,01,1,25350,3143,N
20251120,M7731,41016902,20251120,41,11,08,41_12545330,2,570,41016902,20251120232631,4106836,20251121000310,4116126,0,01,1,25350,2199,N
20251120,M7731,41016902,20251120,41,11,08,41_12550130,2,570,41016902,20251120062005,4106836,20251120072241,4111588,0,01,1,24330,3756,N
20251120,M7731,41016902,20251120,41,11,08,41_12572824,2,570,41016902,20251120082822,4177510,20251120085606,4111599,0,01,1,33440,1664,N
20251120,M7731,41016902,20251120,41,11,08,41_12599140,2,570,41016902,20251120065303,4177637,20251120071925,4111588,0,01,1,25830,1582,N
20251120,M7731,41016902,20251120,41,11,08,41_12646468,2,570,41016902,20251120071653,4110935,20251120075030,4111588,0,01,1,28710,2017,N
20251120,M7731,41016902,20251120,41,11,08,41_12699552,2,570,41016902,20251120203649,4106836,20251120211940,4116130,0,01,1,26590,2571,N
20251120,M7731,41016902,20251120,41,11,08,41_12702423,2,570,41016902,20251120143150,4106836,20251120150159,4111588,1,01,1,24330,1809,N
20251120,M7731,41016902,20251120,41,11,08,41_12758814,2,570,41016902,20251120170542,4177448,20251120173246,4116126,0,01,1,23140,1624,N
20251120,M7731,41016902,20251120,41,11,08,41_12796053,2,570,41016902,20251120162217,4106836,20251120164531,4116126,0,01,1,25350,1394,N
20251120,M7731,41016902,20251120,41,11,08,41_12796053,2,570,41016902,20251120182230,4106836,20251120184346,4116126,0,01,1,25350,1276,N
20251120,M7731,41016902,20251120,41,11,08,41_12815514,2,570,41016902,20251120140236,4110935,20251120144145,4111588,0,01,1,28710,2349,N
20251120,M7731,41016902,20251120,41,11,08,41_12830081,2,570,41016902,20251120193647,4106836,20251120202326,4111588,0,01,1,24330,2799,N
20251120,M7731,41016902,20251120,41,11,08,41_12892876,2,570,41016902,20251120171716,4106836,20251120175636,4116130,0,01,1,26590,2360,N
20251120,M7731,41016902,20251120,41,11,08,41_12909347,2,570,41016902,20251120231042,4106836,20251120234321,4111588,0,01,1,24330,1959,N
20251120,M7731,41016902,20251120,41,11,08,41_12931892,2,570,41016902,20251120220808,4106836,20251120233216,4116126,0,01,1,25350,5048,N
20251120,M7731,41016902,20251120,41,11,08,41_12972447,1,570,41016902,20251120191059,4177448,20251120200007,4111588,1,01,1,22120,2948,N
20251120,M7731,41016902,20251120,41,11,08,41_13020451,2,570,41016902,20251120211507,4106836,20251120215415,4111588,0,01,1,24330,2348,N
20251120,M7731,41016902,20251120,41,11,08,41_13058026,2,570,41016902,20251120140923,4177532,20251120145502,4111588,0,01,1,22980,2739,N
20251120,M7731,41016902,20251120,41,11,08,41_13112692,2,570,41016902,20251120164117,4177532,20251120171648,4111588,0,01,1,22980,2131,N
20251120,M7731,41016902,20251120,41,11,08,41_13127820,2,570,41016902,20251120130049,4110935,20251120140036,4116130,0,01,1,30970,3587,N
20251120,M7731,41016902,20251120,41,11,08,41_13133436,2,570,41016902,20251120110550,4106836,20251120114731,4116126,0,01,1,25350,2501,N
20251120,M7731,41016902,20251120,41,11,08,41_13136778,1,570,41016902,20251120112725,4110935,20251120120134,4111588,0,01,1,28710,2049,N
20251120,M7731,41016902,20251120,41,11,08,41_13138442,2,570,41016902,20251120145442,4106836,20251120152916,4111588,0,01,1,24330,2074,N
20251120,M7731,41016902,20251120,41,11,08,41_13138616,2,570,41016902,20251120182512,4177448,20251120185931,4111588,0,01,1,22120,2059,N
20251120,M7731,41016902,20251120,41,11,08,41_13165236,2,570,41016902,20251120144340,4177448,20251120152551,4116126,0,01,1,23140,2531,N
20251120,M7731,41016902,20251120,41,11,08,41_13173832,2,570,41016902,20251120182429,4106836,20251120185947,4111588,1,01,1,24330,2118,N
20251120,M7731,41016902,20251120,41,11,08,41_13175477,2,570,41016902,20251120144121,4177448,20251120151006,4111588,0,01,1,22120,1725,N
20251120,M7731,41016902,20251120,41,11,08,41_13177054,1,570,41016902,20251120091332,4177448,20251120093728,4111588,0,01,2,22120,1436,N
20251120,M7731,41016902,20251120,41,11,08,41_13178580,2,570,41016902,20251120143011,4177448,20251120150704,4111588,0,01,1,22120,2213,N
20251120,M7731,41016902,20251120,41,11,08,41_13181938,2,570,41016902,20251120230657,4177448,20251120233118,4111588,0,01,2,22120,1461,N
20251120,M7731,41016902,20251120,41,11,08,41_13189605,2,570,41016902,20251120181838,4177448,20251120185717,4116130,0,01,1,24380,2319,N
20251120,M7731,41016902,20251120,41,11,08,41_13199219,2,570,41016902,20251120143907,4177448,20251120151326,4111588,0,01,1,22120,2059,N
20251120,M7731,41016902,20251120,41,11,08,41_1320085,2,570,41016902,20251120154008,4106836,20251120162050,4111588,0,01,1,24330,2442,N
20251120,M7731,41016902,20251120,41,11,08,41_1320085,2,570,41016902,20251120193932,4106836,20251120200733,4111588,0,01,1,24330,1681,N
20251120,M7731,41016902,20251120,41,11,08,41_13202864,2,570,41016902,20251120212707,4106836,20251120220754,4116126,0,01,1,25350,2447,N
20251120,M7731,41016902,20251120,41,11,08,41_13210464,2,570,41016902,20251120202315,4106836,20251120210311,4116126,0,01,1,25350,2396,N
20251120,M7731,41016902,20251120,41,11,08,41_13228802,2,570,41016902,20251120085133,4177448,20251120093633,4111588,0,01,1,22120,2700,N
20251120,M7731,41016902,20251120,41,11,08,41_13237192,2,570,41016902,20251120061439,4177448,20251120065322,4116126,0,01,1,23140,2323,N
20251120,M7731,41016902,20251120,41,11,08,41_13269454,1,570,41016902,20251120111912,4106836,20251120120213,4116126,0,01,1,25350,2581,N
20251120,M7731,41016902,20251120,41,11,08,41_13273903,2,570,41016902,20251120170413,4177637,20251120173531,4111588,0,01,1,25830,1878,N
20251120,M7731,41016902,20251120,41,11,08,41_13295971,2,570,41016902,20251120105239,4106836,20251120113157,4116126,1,01,2,25350,2358,N
20251120,M7731,41016902,20251120,41,11,08,41_1334088,1,570,41016902,20251120080059,4177448,20251120085040,4116126,0,01,1,23140,2981,N
20251120,M7731,41016902,20251120,41,11,08,41_1334088,1,570,41016902,20251120124320,4177448,20251120134737,4116126,0,01,1,23140,3857,N
20251120,M7731,41016902,20251120,41,11,08,41_13355334,2,570,41016902,20251120065440,4177510,20251120072120,4111588,0,01,1,29500,1600,N
20251120,M7731,41016902,20251120,41,11,08,41_13357022,2,570,41016902,20251120054346,4177448,20251120061611,4109162,0,01,1,27170,1945,N
20251120,M7731,41016902,20251120,41,11,08,41_1337434,1,570,41016902,20251120220244,4177532,20251120223123,4111588,0,01,1,22980,1719,N
20251120,M7731,41016902,20251120,41,11,08,41_13383158,1,570,41016902,20251120145758,4177448,20251120152701,4116130,0,01,1,24380,1743,N
20251120,M7731,41016902,20251120,41,11,08,41_13387624,2,570,41016902,20251120160301,4177510,20251120163648,4116126,0,01,1,30520,2027,N
20251120,M7731,41016902,20251120,41,11,08,41_13389962,1,570,41016902,20251120171113,4177532,20251120174254,4111588,0,01,1,22980,1901,N
20251120,M7731,41016902,20251120,41,11,08,41_13402918,1,570,41016902,20251120091542,4177532,20251120095416,4111588,0,01,1,22980,2314,N
20251120,M7731,41016902,20251120,41,11,08,41_13434928,2,570,41016902,20251120173341,4177532,20251120181946,4111588,0,01,1,22980,2765,N
20251120,M7731,41016902,20251120,41,11,08,41_13445529,2,570,41016902,20251120084157,4106836,20251120094424,4116126,0,01,1,25350,3747,N
20251120,M7731,41016902,20251120,41,11,08,41_13445529,2,570,41016902,20251120143715,4106836,20251120153942,4116126,0,01,1,25350,3747,N
20251120,M7731,41016902,20251120,41,11,08,41_13445529,2,570,41016902,20251120182108,4106836,20251120190835,4116126,0,01,1,25350,2847,N
20251120,M7731,41016902,20251120,41,11,08,41_13447255,2,570,41016902,20251120091542,4177532,20251120094345,4111588,0,01,1,22980,1683,N
20251120,M7731,41016902,20251120,41,11,08,41_13464452,2,570,41016902,20251120172724,4177532,20251120175326,4116126,0,01,1,24000,1562,N
20251120,M7731,41016902,20251120,41,11,08,41_13478539,2,570,41016902,20251120153137,4106836,20251120161017,4111588,0,01,1,24330,2320,N
20251120,M7731,41016902,20251120,41,11,08,41_13523825,2,570,41016902,20251120065025,4106836,20251120072516,4111588,0,01,1,24330,2091,N
20251120,M7731,41016902,20251120,41,11,08,41_13562598,2,570,41016902,20251120084454,4177510,20251120091309,4109162,0,01,1,34550,1695,N
20251120,M7731,41016902,20251120,41,11,08,41_13588094,2,570,41016902,20251120080734,4177532,20251120083433,4109162,0,01,1,28030,1619,N
20251120,M7731,41016902,20251120,41,11,08,41_13588094,2,570,41016902,20251120201310,4177532,20251120203336,4109162,0,01,1,28030,1226,N
20251120,M7731,41016902,20251120,41,11,08,41_13593257,2,570,41016902,20251120063918,4177448,20251120071312,4111588,0,01,1,22120,2034,N
20251120,M7731,41016902,20251120,41,11,08,41_13610368,2,570,41016902,20251120160138,4106836,20251120165400,4111588,0,01,1,24330,3142,N
20251120,M7731,41016902,20251120,41,11,08,41_13618914,2,570,41016902,20251120101443,4177637,20251120110747,4116130,0,01,2,28090,3184,N
20251120,M7731,41016902,20251120,41,11,08,41_13631670,2,570,41016902,20251120211530,4177448,20251120220451,4116126,0,01,1,23140,2961,N
20251120,M7731,41016902,20251120,41,11,08,41_13656592,2,570,41016902,20251120101523,4177637,20251120110754,4111588,0,01,1,25830,3151,N
20251120,M7731,41016902,20251120,41,11,08,41_13669847,2,570,41016902,20251120061645,4177448,20251120064338,4111588,1,01,1,22120,1613,N
20251120,M7731,41016902,20251120,41,11,08,41_13680312,1,570,41016902,20251120171805,4177448,20251120174847,4111588,0,01,1,22120,1842,N
20251120,M7731,41016902,20251120,41,11,08,41_13709892,1,570,41016902,20251120072124,4106836,20251120080933,4111588,0,01,1,24330,2889,N
20251120,M7731,41016902,20251120,41,11,08,41_13736573,2,570,41016902,20251120064502,4177532,20251120071206,4111588,0,01,1,22980,1624,N
20251120,M7731,41016902,20251120,41,11,08,41_13759061,2,570,41016902,20251120093505,4106836,20251120101715,4111588,1,01,1,24330,2530,N
20251120,M7731,41016902,20251120,41,11,08,41_13779561,1,570,41016902,20251120131353,4106836,20251120134413,4111588,1,01,1,24330,1820,N
20251120,M7731,41016902,20251120,41,11,08,41_13878964,2,570,41016902,20251120220734,4177532,20251120222952,4111588,0,01,1,22980,1338,N
20251120,M7731,41016902,20251120,41,11,08,41_13900030,2,570,41016902,20251120081804,4177637,20251120091000,4116126,0,01,1,26850,3116,N
20251120,M7731,41016902,20251120,41,11,08,41_13950507,2,570,41016902,20251120091603,4106836,20251120100125,4116126,0,01,1,25350,2722,N
20251120,M7731,41016902,20251120,41,11,08,41_13951119,2,570,41016902,20251120230335,4106836,20251120234139,4111588,1,01,1,24330,2284,N
20251120,M7731,41016902,20251120,41,11,08,41_13968616,2,570,41016902,20251120052117,4177510,20251120055231,4111588,0,01,1,29500,1874,N
20251120,M7731,41016902,20251120,41,11,08,41_13976628,2,570,41016902,20251120101018,4110935,20251120104833,4111588,0,01,1,28710,2295,N
20251120,M7731,41016902,20251120,41,11,08,41_13976915,2,570,41016902,20251120083954,4177637,20251120093150,4116126,0,01,1,26850,3116,N
20251120,M7731,41016902,20251120,41,11,08,41_14009911,2,570,41016902,20251120163931,4106836,20251120171350,4111588,0,01,1,24330,2059,N
20251120,M7731,41016902,20251120,41,11,08,41_14056458,2,570,41016902,20251120055912,4177448,20251120062703,4111588,0,01,1,22120,1671,N
20251120,M7731,41016902,20251120,41,11,08,41_14076033,1,570,41016902,20251120181505,4106836,20251120185503,4111588,0,01,1,24330,2398,N
20251120,M7731,41016902,20251120,41,11,08,41_14103837,2,570,41016902,20251120184636,4106836,20251120191024,4111588,1,01,1,24330,1428,N
20251120,M7731,41016902,20251120,41,11,08,41_14113519,2,570,41016902,20251120052158,4177637,20251120060555,4111588,0,01,1,25830,2637,N
20251120,M7731,41016902,20251120,41,11,08,41_14119476,2,570,41016902,20251120081635,4106836,20251120090031,4111588,0,01,1,24330,2636,N
20251120,M7731,41016902,20251120,41,11,08,41_14155627,2,570,41016902,20251120072456,4177637,20251120075744,4111588,0,01,1,25830,1968,N
20251120,M7731,41016902,20251120,41,11,08,41_14191747,2,570,41016902,20251120144937,4177448,20251120152544,4116130,0,01,1,24380,2167,N
20251120,M7731,41016902,20251120,41,11,08,41_14207141,2,570,41016902,20251120174622,4106836,20251120182614,4111588,0,01,1,24330,2392,N
20251120,M7731,41016902,20251120,41,11,08,41_1423893,1,570,41016902,20251120063557,4110935,20251120071731,4111588,0,01,1,28710,2494,N
20251120,M7731,41016902,20251120,41,11,08,41_14244946,2,570,41016902,20251120181222,4177448,20251120184212,4116126,0,01,1,23140,1790,N
20251120,M7731,41016902,20251120,41,11,08,41_14249194,2,570,41016902,20251120060756,4106836,20251120064347,4111588,0,01,1,24330,2151,N
20251120,M7731,41016902,20251120,41,11,08,41_14250331,2,570,41016902,20251120060756,4106836,20251120064839,4111588,0,01,1,24330,2443,N
20251120,M7731,41016902,20251120,41,11,08,41_14257521,2,570,41016902,20251120101413,4177448,20251120110025,4111588,0,01,1,22120,2772,N
20251120,M7731,41016902,20251120,41,11,08,41_14318860,2,570,41016902,20251120163129,4106836,20251120171332,4111588,0,01,1,24330,2523,N
20251120,M7731,41016902,20251120,41,11,08,41_14323413,2,570,41016902,20251120071351,4177637,20251120074952,4111588,0,01,1,25830,2161,N
20251120,M7731,41016902,20251120,41,11,08,41_14357946,2,570,41016902,20251120124931,4177448,20251120135500,4116126,0,01,1,23140,3929,N
20251120,M7731,41016902,20251120,41,11,08,41_1441151,2,570,41016902,20251120170257,4177532,20251120173735,4111588,0,01,1,22980,2078,N
20251120,M7731,41016902,20251120,41,11,08,41_14427315,1,570,41016902,20251120172538,4106836,20251120181701,4116126,0,01,1,25350,3083,N
20251120,M7731,41016902,20251120,41,11,08,41_14458149,2,570,41016902,20251120140841,4106836,20251120144852,4111588,1,01,1,24330,2411,N
20251120,M7731,41016902,20251120,41,11,08,41_1447783,1,570,41016902,20251120184905,4177532,20251120192032,4111588,0,01,1,22980,1887,N
20251120,M7731,41016902,20251120,41,11,08,41_1449376,2,570,41016902,20251120190531,4106836,20251120194341,4116126,0,01,1,25350,2290,N
20251120,M7731,41016902,20251120,41,11,08,41_14498426,1,570,41016902,20251120133445,4177532,20251120140656,4111588,0,01,1,22980,1931,N
20251120,M7731,41016902,20251120,41,11,08,41_14573797,2,570,41016902,20251120181613,4106836,20251120184046,4116126,0,01,1,25350,1473,N
20251120,M7731,41016902,20251120,41,11,08,41_14587324,1,570,41016902,20251120065026,4110868,20251120072200,4111588,0,01,1,26980,1894,N
20251120,M7731,41016902,20251120,41,11,08,41_14595922,1,570,41016902,20251120080435,4177532,20251120083103,4109162,1,01,1,28030,1588,N
20251120,M7731,41016902,20251120,41,11,08,41_14649959,2,570,41016902,20251120112505,4177448,20251120123509,4111588,0,01,1,22120,4204,N
20251120,M7731,41016902,20251120,41,11,08,41_14672600,2,570,41016902,20251120073528,4177448,20251120082540,4116126,0,01,1,23140,3012,N
20251120,M7731,41016902,20251120,41,11,08,41_14672600,2,570,41016902,20251120112647,4177448,20251120121229,4116126,0,01,1,23140,2742,N
20251120,M7731,41016902,20251120,41,11,08,41_14687548,2,570,41016902,20251120142345,4106836,20251120145208,4116126,0,01,1,25350,1703,N
20251120,M7731,41016902,20251120,41,11,08,41_14687548,2,570,41016902,20251120203808,4106836,20251120211329,4116126,0,01,1,25350,2121,N
20251120,M7731,41016902,20251120,41,11,08,41_14710993,2,570,41016902,20251120085150,4177448,20251120091735,4111588,0,01,1,22120,1545,N
20251120,M7731,41016902,20251120,41,11,08,41_14713086,1,570,41016902,20251120071107,4177510,20251120082107,4111588,0,01,1,29500,4200,N
20251120,M7731,41016902,20251120,41,11,08,41_14719534,2,570,41016902,20251120083149,4110935,20251120085713,4116130,0,01,1,30970,1524,N
20251120,M7731,41016902,20251120,41,11,08,41_14744258,2,570,41016902,20251120192629,4177448,20251120200350,4116126,0,01,1,23140,2241,N
20251120,M7731,41016902,20251120,41,11,08,41_14748425,2,570,41016902,20251120201855,4177532,20251120205604,4111588,0,01,1,22980,2229,N
20251120,M7731,41016902,20251120,41,11,08,41_14782267,1,570,41016902,20251120223358,4106836,20251120231324,4111588,0,01,1,24330,2366,N
20251120,M7731,41016902,20251120,41,11,08,41_1478254,1,570,41016902,20251120061559,4106836,20251120065643,4111588,1,01,1,24330,2444,N
20251120,M7731,41016902,20251120,41,11,08,41_1479720,1,570,41016902,20251120180646,4106836,20251120184947,4111588,0,01,1,24330,2581,N
20251120,M7731,41016902,20251120,41,11,08,41_14812804,2,570,41016902,20251120101725,4177532,20251120105209,4116126,0,01,1,24000,2084,N
20251120,M7731,41016902,20251120,41,11,08,41_14812804,2,570,41016902,20251120193037,4177532,20251120200916,4116126,0,01,1,24000,2319,N
20251120,M7731,41016902,20251120,41,11,08,41_14813830,2,570,41016902,20251120100437,4106836,20251120103820,4111588,0,01,1,24330,2023,N
20251120,M7731,41016902,20251120,41,11,08,41_14814014,2,570,41016902,20251120233345,4106836,20251121001052,4111588,1,01,1,24330,2227,N
20251120,M7731,41016902,20251120,41,11,08,41_14815027,2,570,41016902,20251120124227,4177448,20251120130626,4111588,0,01,1,22120,1439,N
20251120,M7731,41016902,20251120,41,11,08,41_1481976,2,570,41016902,20251120150415,4177448,20251120154150,4111599,0,01,1,26060,2255,N
20251120,M7731,41016902,20251120,41,11,08,41_14824042,2,570,41016902,20251120163605,4177448,20251120171232,4111588,0,01,1,22120,2187,N
20251120,M7731,41016902,20251120,41,11,08,41_14884464,2,570,41016902,20251120202650,4177448,20251120210803,4111588,1,01,1,22120,2473,N
20251120,M7731,41016902,20251120,41,11,08,41_1491015,2,570,41016902,20251120151025,4106836,20251120155245,4116126,1,01,1,25350,2540,N
20251120,M7731,41016902,20251120,41,11,08,41_14915224,2,570,41016902,20251120183903,4106836,20251120192159,4111588,0,01,1,24330,2576,N
20251120,M7731,41016902,20251120,41,11,08,41_14915224,2,570,41016902,20251120231353,4106836,20251120234600,4111588,0,01,1,24330,1927,N
20251120,M7731,41016902,20251120,41,11,08,41_14923732,1,570,41016902,20251120195056,4106836,20251120203156,4111588,0,01,1,24330,2460,N
20251120,M7731,41016902,20251120,41,11,08,41_14988456,1,570,41016902,20251120050928,4177637,20251120053151,4111599,0,01,1,29770,1343,N
20251120,M7731,41016902,20251120,41,11,08,41_15049262,2,570,41016902,20251120192208,4177510,20251120195435,4111588,0,01,1,29500,1947,N
20251120,M7731,41016902,20251120,41,11,08,41_15049411,1,570,41016902,20251120064756,4177637,20251120073052,4109162,0,01,1,30880,2576,N
20251120,M7731,41016902,20251120,41,11,08,41_15056048,2,570,41016902,20251120110311,4177448,20251120113332,4116126,0,01,1,23140,1821,N
20251120,M7731,41016902,20251120,41,11,08,41_15059976,2,570,41016902,20251120164238,4106836,20251120171400,4111588,0,01,1,24330,1882,N
20251120,M7731,41016902,20251120,41,11,08,41_15083075,1,570,41016902,20251120201357,4106836,20251120210535,4111588,0,01,1,24330,3098,N
20251120,M7731,41016902,20251120,41,11,08,41_15097630,2,570,41016902,20251120221420,4177510,20251120224908,4111588,0,01,1,29500,2088,N
20251120,M7731,41016902,20251120,41,11,08,41_1511492,2,570,41016902,20251120210335,4106836,20251120214124,4116126,0,01,1,25350,2269,N
20251120,M7731,41016902,20251120,41,11,08,41_15126797,1,570,41016902,20251120081138,4177448,20251120083033,4111588,0,01,1,22120,1135,N
20251120,M7731,41016902,20251120,41,11,08,41_15160869,2,570,41016902,20251120064014,4106836,20251120072058,4111588,0,01,1,24330,2444,N
20251120,M7731,41016902,20251120,41,11,08,41_15161319,2,570,41016902,20251120081044,4177448,20251120084147,4116126,0,01,1,23140,1863,N
20251120,M7731,41016902,20251120,41,11,08,41_15172699,2,570,41016902,20251120190126,4106836,20251120193938,4111588,0,01,1,24330,2292,N
20251120,M7731,41016902,20251120,41,11,08,41_15181791,1,570,41016902,20251120211707,4177448,20251120213948,4111588,0,01,1,22120,1361,N
20251120,M7731,41016902,20251120,41,11,08,41_15194046,2,570,41016902,20251120170847,4106836,20251120173931,4111588,0,01,1,24330,1844,N
20251120,M7731,41016902,20251120,41,11,08,41_15195864,2,570,41016902,20251120170847,4106836,20251120174346,4111588,0,01,1,24330,2099,N
20251120,M7731,41016902,20251120,41,11,08,41_15200955,2,570,41016902,20251120065525,4177532,20251120073051,4111588,0,01,1,22980,2126,N
20251120,M7731,41016902,20251120,41,11,08,41_15221766,2,570,41016902,20251120064220,4177448,20251120071920,4111588,0,01,1,22120,2220,N
20251120,M7731,41016902,20251120,41,11,08,41_15241434,2,570,41016902,20251120144756,4106836,20251120151711,4111588,0,01,1,24330,1755,N
20251120,M7731,41016902,20251120,41,11,08,41_15241434,2,570,41016902,20251120233206,4106836,20251121000940,4111588,0,01,1,24330,2254,N
20251120,M7731,41016902,20251120,41,11,08,41_1527124,2,570,41016902,20251120130858,4177448,20251120133657,4116126,0,01,1,23140,1679,N
20251120,M7731,41016902,20251120,41,11,08,41_15294346,2,570,41016902,20251120064141,4177448,20251120071707,4116126,0,01,1,23140,2126,N
20251120,M7731,41016902,20251120,41,11,08,41_15295430,1,570,41016902,20251120085242,4177448,20251120092504,4111588,0,01,1,22120,1942,N
20251120,M7731,41016902,20251120,41,11,08,41_15324417,2,570,41016902,20251120161244,4106836,20251120164907,4116130,0,01,1,26590,2183,N
20251120,M7731,41016902,20251120,41,11,08,41_15345245,2,570,41016902,20251120074952,4177448,20251120083129,4111588,0,01,1,22120,2497,N
20251120,M7731,41016902,20251120,41,11,08,41_15371712,1,570,41016902,20251120172830,4177637,20251120180511,4111588,0,01,1,25830,2201,N
20251120,M7731,41016902,20251120,41,11,08,41_15425267,2,570,41016902,20251120074354,4177532,20251120081540,4116126,0,01,1,24000,1906,N
20251120,M7731,41016902,20251120,41,11,08,41_15434223,2,570,41016902,20251120073846,4106836,20251120075728,4116130,0,01,2,26590,1122,N
20251120,M7731,41016902,20251120,41,11,08,41_15434666,2,570,41016902,20251120064629,4177637,20251120070607,4111588,0,01,1,25830,1178,N
20251120,M7731,41016902,20251120,41,11,08,41_1544161,2,570,41016902,20251120124927,4106836,20251120133910,4116126,1,01,1,25350,2983,N
20251120,M7731,41016902,20251120,41,11,08,41_15483186,2,570,41016902,20251120171934,4177448,20251120173821,4111588,0,01,1,22120,1127,N
20251120,M7731,41016902,20251120,41,11,08,41_15492064,2,570,41016902,20251120074348,4177532,20251120082545,4111588,0,01,1,22980,2517,N
20251120,M7731,41016902,20251120,41,11,08,41_15493402,1,570,41016902,20251121000012,4177448,20251121001019,4116130,0,01,1,24380,607,N
20251120,M7731,41016902,20251120,41,11,08,41_155103,1,570,41016902,20251120093545,4106836,20251120101523,4111599,0,01,1,28270,2378,N
20251120,M7731,41016902,20251120,41,11,08,41_15527444,1,570,41016902,20251120055738,4110935,20251120062835,4111588,0,01,1,28710,1857,N
20251120,M7731,41016902,20251120,41,11,08,41_15531071,2,570,41016902,20251120173128,4106836,20251120181245,4116130,0,01,1,26590,2477,N
20251120,M7731,41016902,20251120,41,11,08,41_1557455,1,570,41016902,20251120132534,4177448,20251120141227,4111588,0,01,1,22120,2813,N
20251120,M7731,41016902,20251120,41,11,08,41_15591537,1,570,41016902,20251120161805,4106836,20251120165444,4111588,0,01,1,24330,2199,N
20251120,M7731,41016902,20251120,41,11,08,41_15597685,1,570,41016902,20251120163136,4177532,20251120170824,4116126,0,01,1,24000,2208,N
20251120,M7731,41016902,20251120,41,11,08,41_15611457,2,570,41016902,20251120114938,4106836,20251120123843,4111588,0,01,1,24330,2945,N
20251120,M7731,41016902,20251120,41,11,08,41_15628936,1,570,41016902,20251120110456,4177510,20251120120825,4111588,0,01,1,29500,3809,N
20251120,M7731,41016902,20251120,41,11,08,41_15628936,1,570,41016902,20251120120844,4177510,20251120131201,4111588,0,01,1,29500,3797,N
20251120,M7731,41016902,20251120,41,11,08,41_15629908,2,570,41016902,20251120054550,4106836,20251120063325,4111588,1,01,1,24330,2855,N
20251120,M7731,41016902,20251120,41,11,08,41_15646107,2,570,41016902,20251120102532,4106836,20251120111118,4116126,0,01,1,25350,2746,N
20251120,M7731,41016902,20251120,41,11,08,41_15652204,2,570,41016902,20251120164452,4106836,20251120171807,4111588,0,01,1,24330,1995,N
20251120,M7731,41016902,20251120,41,11,08,41_1566464,2,570,41016902,20251120182518,4177532,20251120185436,4111588,0,01,1,22980,1758,N
20251120,M7731,41016902,20251120,41,11,08,41_15673441,2,570,41016902,20251120181340,4106836,20251120185341,4111588,1,01,1,24330,2401,N
20251120,M7731,41016902,20251120,41,11,08,41_1569639,2,570,41016902,20251120201229,4106836,20251120204509,4111588,0,01,1,24330,1960,N
20251120,M7731,41016902,20251120,41,11,08,41_15736129,2,570,41016902,20251120091340,4106836,20251120095623,4111588,0,01,1,24330,2563,N
20251120,M7731,41016902,20251120,41,11,08,41_15748701,2,570,41016902,20251120062754,4177448,20251120065200,4111588,0,01,1,22120,1446,N
20251120,M7731,41016902,20251120,41,11,08,41_15751771,1,570,41016902,20251120115029,4177637,20251120122551,4116130,0,01,1,28090,2122,N
20251120,M7731,41016902,20251120,41,11,08,41_15768132,1,570,41016902,20251120184014,4177532,20251120190317,4111588,0,01,1,22980,1383,N
20251120,M7731,41016902,20251120,41,11,08,41_15785662,2,570,41016902,20251120062650,4110935,20251120070117,4116130,0,01,1,30970,2067,N
20251120,M7731,41016902,20251120,41,11,08,41_15785662,2,570,41016902,20251120094705,4110935,20251120102251,4116130,0,01,1,30970,2146,N
20251120,M7731,41016902,20251120,41,11,08,41_15785662,2,570,41016902,20251120161223,4110935,20251120164812,4111588,0,01,1,28710,2149,N
20251120,M7731,41016902,20251120,41,11,08,41_15785749,2,570,41016902,20251120134715,4177448,20251120141819,4111588,0,01,1,22120,1864,N
20251120,M7731,41016902,20251120,41,11,08,41_15790095,2,570,41016902,20251120062650,4110935,20251120070117,4109162,0,01,1,33760,2067,N
20251120,M7731,41016902,20251120,41,11,08,41_1581564,1,570,41016902,20251120061542,4177448,20251120065220,4111588,0,01,1,22120,2198,N
20251120,M7731,41016902,20251120,41,11,08,41_15861886,2,570,41016902,20251120102201,4177448,20251120110649,4116126,0,01,1,23140,2688,N
20251120,M7731,41016902,20251120,41,11,08,41_15897346,1,570,41016902,20251120074730,4177637,20251120081309,4116126,0,01,1,26850,1539,N
20251120,M7731,41016902,20251120,41,11,08,41_15956810,1,570,41016902,20251120074620,4106836,20251120085708,4111588,0,01,1,24330,4248,N
20251120,M7731,41016902,20251120,41,11,08,41_15958140,2,570,41016902,20251120063513,4177637,20251120072857,4111588,0,01,1,25830,3224,N
20251120,M7731,41016902,20251120,41,11,08,41_15958727,2,570,41016902,20251120073321,4177448,20251120075346,4116126,0,01,1,23140,1225,N
20251120,M7731,41016902,20251120,41,11,08,41_1596391,2,570,41016902,20251120121345,4106836,20251120124025,4111588,1,01,1,24330,1600,N
20251120,M7731,41016902,20251120,41,11,08,41_15967504,2,570,41016902,20251120060517,4177510,20251120070932,4111588,0,01,1,29500,3855,N
20251120,M7731,41016902,20251120,41,11,08,41_15969937,2,570,41016902,20251120060517,4177510,20251120070117,4111588,0,01,1,29500,3360,N
20251120,M7731,41016902,20251120,41,11,08,41_15986576,2,570,41016902,20251120113720,4106836,20251120122518,4111599,2,01,1,28270,2878,N
20251120,M7731,41016902,20251120,41,11,08,41_16004197,2,570,41016902,20251120060733,4106836,20251120070532,4109162,1,01,1,29380,3479,N
20251120,M7731,41016902,20251120,41,11,08,41_16007150,2,570,41016902,20251120123503,4177448,20251120130838,4116126,0,01,2,23140,2015,N
20251120,M7731,41016902,20251120,41,11,08,41_16014232,2,570,41016902,20251120191226,4177532,20251120194750,4111588,1,01,1,22980,2124,N
20251120,M7731,41016902,20251120,41,11,08,41_16079958,1,570,41016902,20251120171238,4106836,20251120174940,4111588,0,01,1,24330,2222,N
20251120,M7731,41016902,20251120,41,11,08,41_16128314,1,570,41016902,20251120075127,4110935,20251120083309,4111588,0,01,1,28710,2502,N
20251120,M7731,41016902,20251120,41,11,08,41_16132194,1,570,41016902,20251120071144,4177510,20251120081405,4111588,0,01,1,29500,3741,N
20251120,M7731,41016902,20251120,41,11,08,41_16150783,2,570,41016902,20251120212247,4177532,20251120221259,4109162,0,01,1,28030,3012,N
20251120,M7731,41016902,20251120,41,11,08,41_16259765,2,570,41016902,20251120130325,4177510,20251120133007,4116126,0,01,1,30520,1602,N
20251120,M7731,41016902,20251120,41,11,08,41_16297838,2,570,41016902,20251120115555,4110935,20251120122233,4111588,1,01,1,28710,1598,N
20251120,M7731,41016902,20251120,41,11,08,41_16304238,2,570,41016902,20251120143046,4106836,20251120150305,4111588,0,01,1,24330,1939,N
20251120,M7731,41016902,20251120,41,11,08,41_16310285,1,570,41016902,20251120175512,4177448,20251120182722,4111588,0,01,1,22120,1930,N
20251120,M7731,41016902,20251120,41,11,08,41_16327459,1,570,41016902,20251120100158,4106836,20251120105619,4111588,0,01,1,24330,3261,N
20251120,M7731,41016902,20251120,41,11,08,41_16327459,1,570,41016902,20251120144440,4106836,20251120154132,4111588,0,01,1,24330,3412,N
20251120,M7731,41016902,20251120,41,11,08,41_16341264,2,570,41016902,20251120181628,4177448,20251120185236,4116126,0,01,1,23140,2168,N
20251120,M7731,41016902,20251120,41,11,08,41_16403160,2,570,41016902,20251120162720,4177532,20251120173341,4109162,0,01,1,28030,3981,N
20251120,M7731,41016902,20251120,41,11,08,41_16408487,2,570,41016902,20251120150107,4106836,20251120155331,4111599,0,01,1,28270,3144,N
20251120,M7731,41016902,20251120,41,11,08,41_16419529,2,570,41016902,20251120123118,4177637,20251120131622,4111588,0,01,1,25830,2704,N
20251120,M7731,41016902,20251120,41,11,08,41_16447739,2,570,41016902,20251120175436,4106836,20251120185323,4116126,0,01,1,25350,3527,N
20251120,M7731,41016902,20251120,41,11,08,41_16512514,1,570,41016902,20251120070631,4107446,20251120075404,4111588,0,01,1,27870,2853,N
20251120,M7731,41016902,20251120,41,11,08,41_1653117,2,570,41016902,20251120072945,4177532,20251120083504,4109162,0,01,1,28030,3919,N
20251120,M7731,41016902,20251120,41,11,08,41_1653117,2,570,41016902,20251120175034,4177532,20251120191625,4109162,0,01,1,28030,5151,N
20251120,M7731,41016902,20251120,41,11,08,41_16567490,2,570,41016902,20251120115411,4177448,20251120122210,4111588,0,01,1,22120,1679,N
20251120,M7731,41016902,20251120,41,11,08,41_16592006,2,570,41016902,20251120055659,4107446,20251120064939,4111588,0,01,1,27870,3160,N
20251120,M7731,41016902,20251120,41,11,08,41_16644275,2,570,41016902,20251120173601,4106836,20251120180534,4111588,1,01,1,24330,1773,N
20251120,M7731,41016902,20251120,41,11,08,41_16647851,2,570,41016902,20251120071319,4177510,20251120073948,4111588,0,01,1,29500,1589,N
20251120,M7731,41016902,20251120,41,11,08,41_16677485,2,570,41016902,20251120130658,4177510,20251120133747,4111588,0,01,1,29500,1849,N
20251120,M7731,41016902,20251120,41,11,08,41_16680259,2,570,41016902,20251120142513,4106836,20251120145934,4111588,0,01,1,24330,2061,N
20251120,M7731,41016902,20251120,41,11,08,41_16709258,2,570,41016902,20251120141030,4110935,20251120143355,4111588,0,01,1,28710,1405,N
20251120,M7731,41016902,20251120,41,11,08,41_16734315,2,570,41016902,20251120083554,4177448,20251120090237,4111588,0,01,1,22120,1603,N
20251120,M7731,41016902,20251120,41,11,08,41_16740316,2,570,41016902,20251120161818,4177532,20251120165410,4111588,0,01,1,22980,2152,N
20251120,M7731,41016902,20251120,41,11,08,41_16741291,2,570,41016902,20251120063850,4177637,20251120073736,4111588,0,01,1,25830,3526,N
20251120,M7731,41016902,20251120,41,11,08,41_16802427,2,570,41016902,20251120074746,4177448,20251120080852,4111588,0,01,1,22120,1266,N
20251120,M7731,41016902,20251120,41,11,08,41_16805698,2,570,41016902,20251120103010,4106836,20251120112252,4111588,1,01,1,24330,3162,N
20251120,M7731,41016902,20251120,41,11,08,41_1680742,2,570,41016902,20251120054332,4106836,20251120061656,4116126,1,01,1,25350,2004,N
20251120,M7731,41016902,20251120,41,11,08,41_16856206,2,570,41016902,20251120075018,4106836,20251120083125,4111588,1,01,1,24330,2467,N
20251120,M7731,41016902,20251120,41,11,08,41_16857002,2,570,41016902,20251120083217,4177637,20251120090613,4116126,0,01,1,26850,2036,N
20251120,M7731,41016902,20251120,41,11,08,41_16871648,2,570,41016902,20251120200505,4177532,20251120203045,4111588,0,01,1,22980,1540,N
20251120,M7731,41016902,20251120,41,11,08,41_16888564,2,570,41016902,20251120062617,4177637,20251120070426,4111588,0,01,1,25830,2289,N
20251120,M7731,41016902,20251120,41,11,08,41_16912189,2,570,41016902,20251120175225,4106836,20251120182038,4111588,0,01,1,24330,1693,N
20251120,M7731,41016902,20251120,41,11,08,41_16965509,2,570,41016902,20251120083729,4106836,20251120091834,4111588,1,01,1,24330,2465,N
20251120,M7731,41016902,20251120,41,11,08,41_1697133,1,570,41016902,20251120193808,4177448,20251120200754,4111588,0,01,1,22120,1786,N
20251120,M7731,41016902,20251120,41,11,08,41_17006264,1,570,41016902,20251120221227,4177637,20251120230958,4111588,0,01,1,25830,3451,N
20251120,M7731,41016902,20251120,41,11,08,41_17018503,2,570,41016902,20251120182433,4177448,20251120185812,4111588,0,01,1,22120,2019,N
20251120,M7731,41016902,20251120,41,11,08,41_17033209,1,570,41016902,20251120155358,4177532,20251120160745,4111588,0,01,1,22980,827,N
20251120,M7731,41016902,20251120,41,11,08,41_17066968,1,570,41016902,20251120063146,4106836,20251120071129,4111588,0,01,1,24330,2383,N
20251120,M7731,41016902,20251120,41,11,08,41_17166999,2,570,41016902,20251120231130,4106836,20251120234623,4111588,1,01,1,24330,2093,N
20251120,M7731,41016902,20251120,41,11,08,41_17189170,2,570,41016902,20251120155025,4177448,20251120161814,4111588,0,01,1,22120,1669,N
20251120,M7731,41016902,20251120,41,11,08,41_17195664,1,570,41016902,20251120192418,4106836,20251120200050,4111599,1,01,1,28270,2192,N
20251120,M7731,41016902,20251120,41,11,08,41_17222982,1,570,41016902,20251120120720,4177532,20251120124047,4111588,0,01,1,22980,2007,N
20251120,M7731,41016902,20251120,41,11,08,41_17226013,2,570,41016902,20251120083040,4106836,20251120091540,4111588,0,01,1,24330,2700,N
20251120,M7731,41016902,20251120,41,11,08,41_17236602,2,570,41016902,20251120164920,4106836,20251120172229,4111588,0,01,1,24330,1989,N
20251120,M7731,41016902,20251120,41,11,08,41_1731708,2,570,41016902,20251120193013,4106836,20251120195216,4116126,0,01,1,25350,1323,N
20251120,M7731,41016902,20251120,41,11,08,41_17330654,1,570,41016902,20251120070138,4177637,20251120075946,4111588,0,01,1,25830,3488,N
20251120,M7731,41016902,20251120,41,11,08,41_17335762,2,570,41016902,20251120121543,4177637,20251120132215,4111588,0,01,1,25830,3992,N
20251120,M7731,41016902,20251120,41,11,08,41_17347853,1,570,41016902,20251120070716,4106836,20251120075007,4111588,0,01,1,24330,2571,N
20251120,M7731,41016902,20251120,41,11,08,41_17352322,2,570,41016902,20251120181615,4106836,20251120190914,4111588,0,01,1,24330,3179,N
20251120,M7731,41016902,20251120,41,11,08,41_17363007,2,570,41016902,20251120123402,4106836,20251120130939,4111599,1,01,1,28270,2137,N
20251120,M7731,41016902,20251120,41,11,08,41_1736589,1,570,41016902,20251120110624,4106836,20251120114027,4111588,0,01,1,24330,2043,N
20251120,M7731,41016902,20251120,41,11,08,41_17368397,2,570,41016902,20251120072217,4177448,20251120081357,4116126,0,01,1,23140,3100,N
20251120,M7731,41016902,20251120,41,11,08,41_17374233,2,570,41016902,20251120064756,4106836,20251120074458,4111588,0,01,1,24330,3422,N
20251120,M7731,41016902,20251120,41,11,08,41_1744132,1,570,41016902,20251120094533,4177532,20251120100843,4116126,0,01,1,24000,1390,N
20251120,M7731,41016902,20251120,41,11,08,41_17542692,2,570,41016902,20251120181021,4177532,20251120190204,4111588,0,01,1,22980,3103,N
20251120,M7731,41016902,20251120,41,11,08,41_17578995,2,570,41016902,20251120091556,4106836,20251120101523,4109162,1,01,1,29380,3567,N
20251120,M7731,41016902,20251120,41,11,08,41_17586226,2,570,41016902,20251120060234,4177448,20251120070431,4109162,0,01,1,27170,3717,N
20251120,M7731,41016902,20251120,41,11,08,41_17586266,2,570,41016902,20251120085021,4177448,20251120094036,4111588,0,01,1,22120,3015,N
20251120,M7731,41016902,20251120,41,11,08,41_17592207,2,570,41016902,20251120141709,4106836,20251120144900,4111588,0,01,1,24330,1911,N
20251120,M7731,41016902,20251120,41,11,08,41_17592207,2,570,41016902,20251120184230,4106836,20251120193109,4111588,0,01,2,24330,2919,N
20251120,M7731,41016902,20251120,41,11,08,41_17609765,2,570,41016902,20251120182222,4177448,20251120185437,4116126,0,01,1,23140,1935,N
20251120,M7731,41016902,20251120,41,11,08,41_1764343,2,570,41016902,20251120072953,4177637,20251120080146,4111588,0,01,1,25830,1913,N
20251120,M7731,41016902,20251120,41,11,08,41_17669951,1,570,41016902,20251120142501,4106836,20251120145631,4111588,0,01,1,24330,1890,N
20251120,M7731,41016902,20251120,41,11,08,41_17695029,1,570,41016902,20251120181436,4177448,20251120184517,4111588,0,01,1,22120,1841,N
20251120,M7731,41016902,20251120,41,11,08,41_17742937,2,570,41016902,20251120212700,4106836,20251120220242,4111588,0,01,1,24330,2142,N
20251120,M7731,41016902,20251120,41,11,08,41_17780150,2,570,41016902,20251120061519,4177637,20251120065752,4111598,0,01,1,29120,2553,N
20251120,M7731,41016902,20251120,41,11,08,41_17780750,2,570,41016902,20251120123423,4177532,20251120131239,4111588,0,01,1,22980,2296,N
20251120,M7731,41016902,20251120,41,11,08,41_17781163,1,570,41016902,20251120061517,4177637,20251120065627,4109162,0,01,1,30880,2470,N
20251120,M7731,41016902,20251120,41,11,08,41_17806115,2,570,41016902,20251120181650,4177532,20251120184306,4111588,0,01,1,22980,1576,N
20251120,M7731,41016902,20251120,41,11,08,41_17828043,2,570,41016902,20251120180945,4106836,20251120185040,4111588,0,01,1,24330,2455,N
20251120,M7731,41016902,20251120,41,11,08,41_17833724,2,570,41016902,20251120050952,4177510,20251120055447,4111588,0,01,1,29500,2695,N
20251120,M7731,41016902,20251120,41,11,08,41_17837268,2,570,41016902,20251120145500,4177448,20251120152117,4111588,0,01,1,22120,1577,N
20251120,M7731,41016902,20251120,41,11,08,41_17865102,2,570,41016902,20251120103025,4177637,20251120105656,4116130,0,01,1,28090,1591,N
20251120,M7731,41016902,20251120,41,11,08,41_17871902,2,570,41016902,20251120145511,4177448,20251120152128,4111588,0,01,1,22120,1577,N
20251120,M7731,41016902,20251120,41,11,08,41_17878398,2,570,41016902,20251120053233,4177510,20251120064338,4111588,0,01,1,29500,4265,N
20251120,M7731,41016902,20251120,41,11,08,41_179267,2,570,41016902,20251120201150,4106836,20251120203527,4111588,0,01,1,24330,1417,N
20251120,M7731,41016902,20251120,41,11,08,41_17953390,2,570,41016902,20251120110029,4106836,20251120114342,4116126,1,01,1,25350,2593,N
20251120,M7731,41016902,20251120,41,11,08,41_17975824,2,570,41016902,20251120081206,4106836,20251120085234,4111588,0,01,1,24330,2428,N
20251120,M7731,41016902,20251120,41,11,08,41_18010876,2,570,41016902,20251120092509,4106836,20251120101326,4116126,0,01,1,25350,2897,N
20251120,M7731,41016902,20251120,41,11,08,41_18040657,1,570,41016902,20251120190313,4177637,20251120195347,4116126,0,01,1,26850,3034,N
20251120,M7731,41016902,20251120,41,11,08,41_18049859,2,570,41016902,20251120120419,4106836,20251120123857,4116126,0,01,1,25350,2078,N
20251120,M7731,41016902,20251120,41,11,08,41_18071806,1,570,41016902,20251120070310,4177532,20251120081148,4111588,0,01,1,22980,4118,N
20251120,M7731,41016902,20251120,41,11,08,41_18079838,2,570,41016902,20251120071921,4106836,20251120075225,4109162,0,01,1,29380,1984,N
20251120,M7731,41016902,20251120,41,11,08,41_18080011,1,570,41016902,20251120181803,4177532,20251120184452,4111588,0,01,1,22980,1609,N
20251120,M7731,41016902,20251120,41,11,08,41_18082558,2,570,41016902,20251120072342,4110868,20251120075646,4116126,0,01,1,28000,1984,N
20251120,M7731,41016902,20251120,41,11,08,41_18094757,1,570,41016902,20251120190313,4177637,20251120195306,4111588,0,01,1,25830,2993,N
20251120,M7731,41016902,20251120,41,11,08,41_18224598,2,570,41016902,20251120101247,4106836,20251120105444,4111588,0,01,1,24330,2517,N
20251120,M7731,41016902,20251120,41,11,08,41_18232125,1,570,41016902,20251120163954,4106836,20251120171648,4111588,0,01,2,24330,2214,N
20251120,M7731,41016902,20251120,41,11,08,41_1823971,2,570,41016902,20251120060512,4177637,20251120064536,4111588,0,01,1,25830,2424,N
20251120,M7731,41016902,20251120,41,11,08,41_18268428,2,570,41016902,20251120193252,4106836,20251120200301,4111588,1,01,1,24330,1809,N
20251120,M7731,41016902,20251120,41,11,08,41_18312751,2,570,41016902,20251120080859,4106836,20251120083756,4111588,0,01,1,24330,1737,N
20251120,M7731,41016902,20251120,41,11,08,41_18326032,2,570,41016902,20251120180831,4177532,20251120183203,4111588,0,01,1,22980,1412,N
20251120,M7731,41016902,20251120,41,11,08,41_18343203,2,570,41016902,20251120133520,4106836,20251120141505,4111588,0,01,1,24330,2385,N
20251120,M7731,41016902,20251120,41,11,08,41_18357541,1,570,41016902,20251120101400,4177448,20251120103321,4111588,0,01,1,22120,1161,N
20251120,M7731,41016902,20251120,41,11,08,41_18362085,2,570,41016902,20251120181824,4177532,20251120185924,4111588,0,01,1,22980,2460,N
20251120,M7731,41016902,20251120,41,11,08,41_18382598,2,570,41016902,20251120133548,4106836,20251120140955,4111588,0,01,1,24330,2047,N
20251120,M7731,41016902,20251120,41,11,08,41_18382598,2,570,41016902,20251120233507,4106836,20251121001506,4111588,0,01,1,24330,2399,N
20251120,M7731,41016902,20251120,41,11,08,41_18446965,2,570,41016902,20251120070936,4177637,20251120075720,4111598,0,01,1,29120,2864,N
20251120,M7731,41016902,20251120,41,11,08,41_18451067,2,570,41016902,20251120164812,4106836,20251120172740,4111588,1,01,1,24330,2368,N
20251120,M7731,41016902,20251120,41,11,08,41_18498854,2,570,41016902,20251120072832,4177448,20251120080841,4111588,0,01,1,22120,2409,N
20251120,M7731,41016902,20251120,41,11,08,41_18529362,1,570,41016902,20251120153043,4177532,20251120154451,4111588,0,01,1,22980,848,N
20251120,M7731,41016902,20251120,41,11,08,41_18532720,2,570,41016902,20251120192832,4177532,20251120194431,4111588,0,01,1,22980,959,N
20251120,M7731,41016902,20251120,41,11,08,41_18542137,2,570,41016902,20251120152200,4177532,20251120153608,4111588,0,01,1,22980,848,N
20251120,M7731,41016902,20251120,41,11,08,41_18562446,2,570,41016902,20251120152035,4177532,20251120153443,4111588,0,01,1,22980,848,N
20251120,M7731,41016902,20251120,41,11,08,41_18583666,2,570,41016902,20251120065637,4177448,20251120074232,4111588,0,01,1,22120,2755,N
20251120,M7731,41016902,20251120,41,11,08,41_18590857,2,570,41016902,20251120065636,4177448,20251120074231,4116126,0,01,1,23140,2755,N
20251120,M7731,41016902,20251120,41,11,08,41_18609312,2,570,41016902,20251120112434,4107446,20251120115101,4111588,0,01,1,27870,1587,N
20251120,M7731,41016902,20251120,41,11,08,41_18633529,2,570,41016902,20251120085751,4106836,20251120095040,4109162,1,01,1,29380,3169,N
20251120,M7731,41016902,20251120,41,11,08,41_18633529,2,570,41016902,20251120162408,4106836,20251120172646,4109162,0,01,1,29380,3758,N
20251120,M7731,41016902,20251120,41,11,08,41_1864542,1,570,41016902,20251120084823,4106836,20251120093905,4116126,1,01,1,25350,3042,N
20251120,M7731,41016902,20251120,41,11,08,41_18658756,1,570,41016902,20251120145108,4106836,20251120152324,4111588,0,01,1,24330,1936,N
20251120,M7731,41016902,20251120,41,11,08,41_18680793,1,570,41016902,20251120191558,4177532,20251120193611,4111588,0,01,1,22980,1213,N
20251120,M7731,41016902,20251120,41,11,08,41_18696216,1,570,41016902,20251120191951,4177532,20251120194004,4111588,0,01,1,22980,1213,N
20251120,M7731,41016902,20251120,41,11,08,41_18699935,2,570,41016902,20251120134143,4110935,20251120140635,4111588,0,01,1,28710,1492,N
20251120,M7731,41016902,20251120,41,11,08,41_18705455,2,570,41016902,20251120074046,4110935,20251120081053,4109162,0,01,1,33760,1807,N
20251120,M7731,41016902,20251120,41,11,08,41_18708790,1,570,41016902,20251120113139,4106836,20251120120647,4111588,1,01,1,24330,2108,N
20251120,M7731,41016902,20251120,41,11,08,41_18742177,1,570,41016902,20251120071211,4177510,20251120074415,4111588,0,01,1,29500,1924,N
20251120,M7731,41016902,20251120,41,11,08,41_18766918,2,570,41016902,20251120182908,4177532,20251120190220,4109162,0,01,1,28030,1992,N
20251120,M7731,41016902,20251120,41,11,08,41_18790636,2,570,41016902,20251120143520,4177637,20251120150120,4111588,1,01,1,25830,1560,N
20251120,M7731,41016902,20251120,41,11,08,41_18873510,1,570,41016902,20251120073219,4177448,20251120080236,4111588,0,01,1,22120,1817,N
20251120,M7731,41016902,20251120,41,11,08,41_18873510,1,570,41016902,20251120092037,4177448,20251120101349,4111588,0,01,1,22120,3192,N
20251120,M7731,41016902,20251120,41,11,08,41_18928787,2,570,41016902,20251120075612,4106836,20251120082757,4116126,0,01,1,25350,1905,N
20251120,M7731,41016902,20251120,41,11,08,41_18939154,2,570,41016902,20251120150900,4177448,20251120153616,4111588,0,01,1,22120,1636,N
20251120,M7731,41016902,20251120,41,11,08,41_18956614,2,570,41016902,20251120193110,4106836,20251120200155,4116126,0,01,1,25350,1845,N
20251120,M7731,41016902,20251120,41,11,08,41_18979628,1,570,41016902,20251120113204,4106836,20251120120243,4116126,0,01,1,25350,1839,N
20251120,M7731,41016902,20251120,41,11,08,41_19000610,1,570,41016902,20251120211741,4177532,20251120214626,4111588,0,01,1,22980,1725,N
20251120,M7731,41016902,20251120,41,11,08,41_19024840,2,570,41016902,20251121000109,4106836,20251121004356,4111588,0,01,1,24330,2567,N
20251120,M7731,41016902,20251120,41,11,08,41_19027521,1,570,41016902,20251120182346,4177448,20251120190404,4109162,0,01,1,27170,2418,N
20251120,M7731,41016902,20251120,41,11,08,41_19044292,1,570,41016902,20251120091534,4106836,20251120095014,4116126,1,01,1,25350,2080,N
20251120,M7731,41016902,20251120,41,11,08,41_19049001,2,570,41016902,20251120182150,4177448,20251120185928,4116130,0,01,1,24380,2258,N
20251120,M7731,41016902,20251120,41,11,08,41_19102105,1,570,41016902,20251120171043,4106836,20251120174152,4111599,0,01,1,28270,1869,N
20251120,M7731,41016902,20251120,41,11,08,41_19111846,2,570,41016902,20251120145052,4106836,20251120154052,4111588,0,01,1,24330,3000,N
20251120,M7731,41016902,20251120,41,11,08,41_19111846,2,570,41016902,20251120180614,4106836,20251120185324,4111588,0,01,1,24330,2830,N
20251120,M7731,41016902,20251120,41,11,08,41_19111846,2,570,41016902,20251120222243,4106836,20251120225309,4111588,0,01,1,24330,1826,N
20251120,M7731,41016902,20251120,41,11,08,41_19158399,2,570,41016902,20251120075233,4177448,20251120081654,4111588,0,01,1,22120,1461,N
20251120,M7731,41016902,20251120,41,11,08,41_19158399,2,570,41016902,20251120093233,4177448,20251120100355,4111588,0,01,1,22120,1882,N
20251120,M7731,41016902,20251120,41,11,08,41_191828,2,570,41016902,20251120141356,4177532,20251120143737,4116126,0,01,1,24000,1421,N
20251120,M7731,41016902,20251120,41,11,08,41_19194576,1,570,41016902,20251120070357,4110868,20251120073425,4116126,0,01,1,28000,1828,N
20251120,M7731,41016902,20251120,41,11,08,41_19194576,1,570,41016902,20251120173930,4106836,20251120181705,4116126,0,01,1,25350,2255,N
20251120,M7731,41016902,20251120,41,11,08,41_19238749,2,570,41016902,20251120050117,4110935,20251120060309,4111588,0,01,1,28710,3712,N
20251120,M7731,41016902,20251120,41,11,08,41_19254563,1,570,41016902,20251120145153,4177448,20251120153829,4116126,0,01,1,23140,2796,N
20251120,M7731,41016902,20251120,41,11,08,41_19256953,2,570,41016902,20251120123840,4177448,20251120130709,4111588,0,01,1,22120,1709,N
20251120,M7731,41016902,20251120,41,11,08,41_19261195,2,570,41016902,20251120161603,4106836,20251120170804,4111588,0,01,1,24330,3121,N
20251120,M7731,41016902,20251120,41,11,08,41_19275649,2,570,41016902,20251120085558,4177448,20251120092203,4111588,0,01,1,22120,1565,N
20251120,M7731,41016902,20251120,41,11,08,41_19275649,2,570,41016902,20251120143024,4177448,20251120145955,4111588,0,01,1,22120,1771,N
20251120,M7731,41016902,20251120,41,11,08,41_19288621,2,570,41016902,20251120144920,4177448,20251120152334,4111588,0,01,1,22120,2054,N
20251120,M7731,41016902,20251120,41,11,08,41_19317254,2,570,41016902,20251120083037,4106836,20251120093117,4116126,1,01,1,25350,3640,N
20251120,M7731,41016902,20251120,41,11,08,41_19325836,2,570,41016902,20251120161155,4177532,20251120164420,4116126,0,01,1,24000,1945,N
20251120,M7731,41016902,20251120,41,11,08,41_19341464,2,570,41016902,20251120235301,4106836,20251121002829,4111588,0,01,1,24330,2128,N
20251120,M7731,41016902,20251120,41,11,08,41_19345912,2,570,41016902,20251120170228,4177448,20251120173522,4111588,0,01,1,22120,1974,N
20251120,M7731,41016902,20251120,41,11,08,41_19353945,1,570,41016902,20251120191551,4106836,20251120195629,4111588,1,01,1,24330,2438,N
20251120,M7731,41016902,20251120,41,11,08,41_19367972,2,570,41016902,20251120062032,4106836,20251120065837,4111588,0,01,1,24330,2285,N
20251120,M7731,41016902,20251120,41,11,08,41_19378657,2,570,41016902,20251120065204,4106836,20251120073254,4111588,0,01,1,24330,2450,N
20251120,M7731,41016902,20251120,41,11,08,41_19378657,2,570,41016902,20251120113340,4106836,20251120120238,4111588,0,01,1,24330,1738,N
20251120,M7731,41016902,20251120,41,11,08,41_19401118,2,570,41016902,20251120185148,4106836,20251120192043,4116126,0,01,1,25350,1735,N
20251120,M7731,41016902,20251120,41,11,08,41_194035,2,570,41016902,20251120093534,4106836,20251120101445,4116126,0,01,1,25350,2351,N
20251120,M7731,41016902,20251120,41,11,08,41_19406999,1,570,41016902,20251120045828,4177510,20251120054239,4111588,0,01,1,29500,2651,N
20251120,M7731,41016902,20251120,41,11,08,41_19422330,2,570,41016902,20251120212710,4177448,20251120220746,4111588,0,01,1,22120,2436,N
20251120,M7731,41016902,20251120,41,11,08,41_19430439,2,570,41016902,20251120212738,4177637,20251120220206,4111588,0,01,1,25830,2068,N
20251120,M7731,41016902,20251120,41,11,08,41_19444663,2,570,41016902,20251120072420,4177448,20251120075313,4116130,1,01,1,24380,1733,N
20251120,M7731,41016902,20251120,41,11,08,41_19464613,2,570,41016902,20251120150432,4106836,20251120154642,4111588,0,01,1,24330,2530,N
20251120,M7731,41016902,20251120,41,11,08,41_1946829,2,570,41016902,20251120194157,4177448,20251120201135,4111588,0,01,1,22120,1778,N
20251120,M7731,41016902,20251120,41,11,08,41_19477640,2,570,41016902,20251120211830,4106836,20251120215719,4111588,0,01,1,24330,2329,N
20251120,M7731,41016902,20251120,41,11,08,41_19535422,2,570,41016902,20251120150347,4110935,20251120154203,4111588,0,01,1,28710,2296,N
20251120,M7731,41016902,20251120,41,11,08,41_19558247,2,570,41016902,20251120181811,4106836,20251120185423,4111588,0,01,1,24330,2172,N
20251120,M7731,41016902,20251120,41,11,08,41_1956233,2,570,41016902,20251120144443,4106836,20251120153600,4116126,1,01,1,25350,3077,N
20251120,M7731,41016902,20251120,41,11,08,41_1956711,2,570,41016902,20251120090700,4106836,20251120100424,4116126,0,01,1,25350,3444,N
20251120,M7731,41016902,20251120,41,11,08,41_19584571,2,570,41016902,20251120222925,4106836,20251120231207,4116126,1,01,1,25350,2562,N
20251120,M7731,41016902,20251120,41,11,08,41_19589653,2,570,41016902,20251120133812,4106836,20251120141636,4116126,0,01,1,25350,2304,N
20251120,M7731,41016902,20251120,41,11,08,41_19606882,2,570,41016902,20251120225348,4177448,20251120232642,4111588,0,01,1,22120,1974,N
20251120,M7731,41016902,20251120,41,11,08,41_19611287,2,570,41016902,20251120180217,4177448,20251120183005,4116126,0,01,1,23140,1668,N
20251120,M7731,41016902,20251120,41,11,08,41_19635379,1,570,41016902,20251120064424,4177532,20251120071621,4111588,0,01,1,22980,1917,N
20251120,M7731,41016902,20251120,41,11,08,41_19642439,2,570,41016902,20251120104749,4177448,20251120112045,4111588,0,01,1,22120,1976,N
20251120,M7731,41016902,20251120,41,11,08,41_19666728,2,570,41016902,20251120084728,4177637,20251120091506,4116126,0,01,1,26850,1658,N
20251120,M7731,41016902,20251120,41,11,08,41_19685620,1,570,41016902,20251120182548,4177532,20251120194100,4111588,0,01,1,22980,4512,N
20251120,M7731,41016902,20251120,41,11,08,41_19736771,2,570,41016902,20251120231656,4106836,20251120234046,4111588,0,01,1,24330,1430,N
20251120,M7731,41016902,20251120,41,11,08,41_19813618,1,570,41016902,20251120170423,4177448,20251120173032,4111588,0,01,1,22120,1569,N
20251120,M7731,41016902,20251120,41,11,08,41_19817669,2,570,41016902,20251120182328,4177448,20251120184937,4111588,1,01,1,22120,1569,N
20251120,M7731,41016902,20251120,41,11,08,41_19819814,2,570,41016902,20251120144727,4177532,20251120153221,4111588,0,01,1,22980,2694,N
20251120,M7731,41016902,20251120,41,11,08,41_19830700,2,570,41016902,20251120145519,4177532,20251120152509,4111588,0,01,1,22980,1790,N
20251120,M7731,41016902,20251120,41,11,08,41_19835014,2,570,41016902,20251120094231,4110935,20251120102127,4111588,0,01,1,28710,2336,N
20251120,M7731,41016902,20251120,41,11,08,41_19840228,2,570,41016902,20251120145316,4177532,20251120153103,4116126,0,01,1,24000,2267,N
20251120,M7731,41016902,20251120,41,11,08,41_19859684,2,570,41016902,20251120081615,4106836,20251120090312,4116126,1,01,1,25350,2817,N
20251120,M7731,41016902,20251120,41,11,08,41_19865542,1,570,41016902,20251120081741,4106836,20251120090438,4116130,0,01,1,26590,2817,N
20251120,M7731,41016902,20251120,41,11,08,41_19902184,2,570,41016902,20251120190421,4106836,20251120194601,4116130,0,01,1,26590,2500,N
20251120,M7731,41016902,20251120,41,11,08,41_19950130,1,570,41016902,20251120161424,4106836,20251120165434,4111598,0,01,1,27620,2410,N
20251120,M7731,41016902,20251120,41,11,08,41_19988799,1,570,41016902,20251120161424,4106836,20251120165356,4116126,0,01,1,25350,2372,N
20251120,M7731,41016902,20251120,41,11,08,41_19988799,1,570,41016902,20251120171324,4106836,20251120175228,4116126,0,01,1,25350,2344,N
20251120,M7731,41016902,20251120,41,11,08,41_20024984,2,570,41016902,20251120112340,4106836,20251120121912,4116126,0,01,1,25350,3332,N
20251120,M7731,41016902,20251120,41,11,08,41_20034401,2,570,41016902,20251120061511,4106836,20251120065043,4111588,1,01,1,24330,2132,N
20251120,M7731,41016902,20251120,41,11,08,41_20036108,2,570,41016902,20251120234539,4106836,20251121003031,4116126,0,01,1,25350,2692,N
20251120,M7731,41016902,20251120,41,11,08,41_20049338,1,570,41016902,20251120055724,4106836,20251120063626,4116126,1,01,1,25350,2342,N
20251120,M7731,41016902,20251120,41,11,08,41_20069487,1,570,41016902,20251120100152,4177637,20251120104258,4111598,0,01,1,29120,2466,N
20251120,M7731,41016902,20251120,41,11,08,41_20069954,1,570,41016902,20251120085606,4177448,20251120093211,4116126,0,01,1,23140,2165,N
20251120,M7731,41016902,20251120,41,11,08,41_20083041,2,570,41016902,20251120170122,4106836,20251120172939,4111588,1,01,1,24330,1697,N
20251120,M7731,41016902,20251120,41,11,08,41_20097179,1,570,41016902,20251120085612,4177448,20251120093217,4116126,0,01,1,23140,2165,N
20251120,M7731,41016902,20251120,41,11,08,41_20113752,2,570,41016902,20251120175136,4177448,20251120182015,4116130,0,01,1,24380,1719,N
20251120,M7731,41016902,20251120,41,11,08,41_20124896,2,570,41016902,20251120123010,4177448,20251120131204,4111588,0,01,1,22120,2514,N
20251120,M7731,41016902,20251120,41,11,08,41_20124896,2,570,41016902,20251120163203,4177448,20251120170331,4111588,0,01,1,22120,1888,N
20251120,M7731,41016902,20251120,41,11,08,41_2014928,1,570,41016902,20251120170409,4177448,20251120173113,4111588,0,01,1,22120,1624,N
20251120,M7731,41016902,20251120,41,11,08,41_20150906,2,570,41016902,20251120065611,4177510,20251120073656,4111588,0,01,1,29500,2445,N
20251120,M7731,41016902,20251120,41,11,08,41_20160348,1,570,41016902,20251120191731,4106836,20251120195345,4111588,0,01,1,24330,2174,N
20251120,M7731,41016902,20251120,41,11,08,41_20162668,1,570,41016902,20251120141325,4106836,20251120150157,4116126,0,01,1,25350,2912,N
20251120,M7731,41016902,20251120,41,11,08,41_20171395,2,570,41016902,20251120103120,4177637,20251120111320,4116126,0,01,1,26850,2520,N
20251120,M7731,41016902,20251120,41,11,08,41_20177536,2,570,41016902,20251120174424,4177448,20251120181303,4116130,0,01,1,24380,1719,N
20251120,M7731,41016902,20251120,41,11,08,41_20185700,2,570,41016902,20251120172732,4177448,20251120175611,4111588,0,01,1,22120,1719,N
20251120,M7731,41016902,20251120,41,11,08,41_20222147,1,570,41016902,20251120181147,4177448,20251120183120,4111588,0,01,1,22120,1173,N
20251120,M7731,41016902,20251120,41,11,08,41_20226454,2,570,41016902,20251120142212,4177448,20251120144331,4116126,0,01,1,23140,1279,N
20251120,M7731,41016902,20251120,41,11,08,41_20229659,2,570,41016902,20251120111738,4106836,20251120115427,4116126,0,01,1,25350,2209,N
20251120,M7731,41016902,20251120,41,11,08,41_20277653,2,570,41016902,20251120204301,4177448,20251120210528,4111588,0,01,1,22120,1347,N
20251120,M7731,41016902,20251120,41,11,08,41_20298977,2,570,41016902,20251120090135,4106836,20251120093108,4116126,0,01,1,25350,1773,N
20251120,M7731,41016902,20251120,41,11,08,41_20304885,2,570,41016902,20251120170708,4106836,20251120173243,4111599,0,01,1,28270,1535,N
20251120,M7731,41016902,20251120,41,11,08,41_20313310,2,570,41016902,20251120174635,4177532,20251120181802,4111588,0,01,1,22980,1887,N
20251120,M7731,41016902,20251120,41,11,08,41_20315831,2,570,41016902,20251120055442,4177510,20251120065034,4111588,0,01,1,29500,3352,N
20251120,M7731,41016902,20251120,41,11,08,41_20354885,2,570,41016902,20251120063803,4177448,20251120071003,4111588,0,01,1,22120,1920,N
20251120,M7731,41016902,20251120,41,11,08,41_20355711,2,570,41016902,20251120144221,4106836,20251120150857,4116126,0,01,1,25350,1596,N
20251120,M7731,41016902,20251120,41,11,08,41_20388162,2,570,41016902,20251120071912,4177448,20251120074708,4116126,0,01,1,23140,1676,N
20251120,M7731,41016902,20251120,41,11,08,41_20401809,2,570,41016902,20251120091525,4177448,20251120100028,4111588,0,01,1,22120,2703,N
20251120,M7731,41016902,20251120,41,11,08,41_20440508,2,570,41016902,20251120164536,4177637,20251120170754,4116126,0,01,1,26850,1338,N
20251120,M7731,41016902,20251120,41,11,08,41_20447751,2,570,41016902,20251120124949,4177637,20251120133029,4111588,0,01,1,25830,2440,N
20251120,M7731,41016902,20251120,41,11,08,41_20473069,2,570,41016902,20251120091154,4177448,20251120095645,4111588,0,01,1,22120,2691,N
20251120,M7731,41016902,20251120,41,11,08,41_20491559,2,570,41016902,20251120145229,4177532,20251120151252,4111588,0,01,1,22980,1223,N
20251120,M7731,41016902,20251120,41,11,08,41_20497143,2,570,41016902,20251120071914,4177448,20251120074909,4111588,0,01,1,22120,1795,N
20251120,M7731,41016902,20251120,41,11,08,41_20498890,2,570,41016902,20251120173623,4177532,20251120175731,4111588,0,01,1,22980,1268,N
20251120,M7731,41016902,20251120,41,11,08,41_20512726,2,570,41016902,20251120115222,4177532,20251120123120,4116126,0,01,1,24000,2338,N
20251120,M7731,41016902,20251120,41,11,08,41_20544080,2,570,41016902,20251120201807,4177448,20251120204355,4111588,0,01,1,22120,1548,N
20251120,M7731,41016902,20251120,41,11,08,41_20554993,2,570,41016902,20251120115013,4177532,20251120121501,4111588,0,01,1,22980,1488,N
20251120,M7731,41016902,20251120,41,11,08,41_20592921,2,570,41016902,20251120184507,4106836,20251120193422,4116126,0,01,1,25350,2955,N
20251120,M7731,41016902,20251120,41,11,08,41_20613086,2,570,41016902,20251120151013,4106836,20251120161517,4111588,0,01,1,24330,3904,N
20251120,M7731,41016902,20251120,41,11,08,41_20617117,2,570,41016902,20251120173909,4177637,20251120181501,4116126,0,01,1,26850,2152,N
20251120,M7731,41016902,20251120,41,11,08,41_20632781,2,570,41016902,20251120090341,4107446,20251120093403,4111588,0,01,1,27870,1822,N
20251120,M7731,41016902,20251120,41,11,08,41_20651600,2,570,41016902,20251120175637,4177448,20251120182213,4116126,1,01,1,23140,1536,N
20251120,M7731,41016902,20251120,41,11,08,41_20661097,2,570,41016902,20251120134716,4177637,20251120141659,4111588,0,01,1,25830,1783,N
20251120,M7731,41016902,20251120,41,11,08,41_20661097,2,570,41016902,20251120173444,4177637,20251120181125,4111588,0,01,1,25830,2201,N
20251120,M7731,41016902,20251120,41,11,08,41_20668782,2,570,41016902,20251120172232,4106836,20251120175141,4111588,1,01,1,24330,1749,N
20251120,M7731,41016902,20251120,41,11,08,41_20694560,2,570,41016902,20251120071628,4177532,20251120081454,4111588,0,01,1,22980,3506,N
20251120,M7731,41016902,20251120,41,11,08,41_20698109,2,570,41016902,20251120190339,4106836,20251120194151,4116126,0,01,1,25350,2292,N
20251120,M7731,41016902,20251120,41,11,08,41_20743868,2,570,41016902,20251120142908,4177637,20251120150227,4111588,0,01,1,25830,1999,N
20251120,M7731,41016902,20251120,41,11,08,41_20745459,2,570,41016902,20251120141921,4177637,20251120145240,4111588,0,01,1,25830,1999,N
20251120,M7731,41016902,20251120,41,11,08,41_20751568,2,570,41016902,20251120055357,4177510,20251120073036,4111588,0,01,1,29500,5799,N
20251120,M7731,41016902,20251120,41,11,08,41_20759708,2,570,41016902,20251120074404,4177448,20251120081755,4111588,0,01,1,22120,2031,N
20251120,M7731,41016902,20251120,41,11,08,41_20761611,1,570,41016902,20251120134218,4177448,20251120140739,4116126,0,01,1,23140,1521,N
20251120,M7731,41016902,20251120,41,11,08,41_20761611,1,570,41016902,20251120201913,4177448,20251120204812,4116126,0,01,1,23140,1739,N
20251120,M7731,41016902,20251120,41,11,08,41_2078212,2,570,41016902,20251120124952,4177637,20251120133639,4116126,0,01,1,26850,2807,N
20251120,M7731,41016902,20251120,41,11,08,41_2078477,1,570,41016902,20251120065326,4110935,20251120072918,4111588,0,01,1,28710,2152,N
20251120,M7731,41016902,20251120,41,11,08,41_20829311,2,570,41016902,20251120182026,4106836,20251120190932,4116130,0,01,1,26590,2946,N
20251120,M7731,41016902,20251120,41,11,08,41_20864300,2,570,41016902,20251120173358,4106836,20251120181018,4116126,0,01,1,25350,2180,N
20251120,M7731,41016902,20251120,41,11,08,41_2086767,2,570,41016902,20251120181534,4177532,20251120184554,4111588,0,01,1,22980,1820,N
20251120,M7731,41016902,20251120,41,11,08,41_20895826,2,570,41016902,20251120230210,4177637,20251120233903,4111588,0,01,1,25830,2213,N
20251120,M7731,41016902,20251120,41,11,08,41_20916848,1,570,41016902,20251120064439,4106836,20251120072536,4111588,0,01,1,24330,2457,N
20251120,M7731,41016902,20251120,41,11,08,41_20921429,2,570,41016902,20251120224504,4106836,20251120232225,4116126,0,01,1,25350,2241,N
20251120,M7731,41016902,20251120,41,11,08,41_20947433,2,570,41016902,20251120072837,4177532,20251120081256,4111588,0,01,1,22980,2659,N
20251120,M7731,41016902,20251120,41,11,08,41_20965207,2,570,41016902,20251120153204,4106836,20251120160824,4111588,0,01,1,24330,2180,N
20251120,M7731,41016902,20251120,41,11,08,41_20979462,2,570,41016902,20251120071806,4106836,20251120081220,4116126,1,01,1,25350,3254,N
20251120,M7731,41016902,20251120,41,11,08,41_20986423,2,570,41016902,20251120132948,4177637,20251120135831,4111588,0,01,1,25830,1723,N
20251120,M7731,41016902,20251120,41,11,08,41_2098671,2,570,41016902,20251120074514,4177532,20251120081822,4111588,0,01,1,22980,1988,N
20251120,M7731,41016902,20251120,41,11,08,41_21019169,2,570,41016902,20251120085303,4177448,20251120093400,4111588,1,01,1,22120,2457,N
20251120,M7731,41016902,20251120,41,11,08,41_21019785,2,570,41016902,20251120131629,4177532,20251120140039,4111588,0,01,1,22980,2650,N
20251120,M7731,41016902,20251120,41,11,08,41_2102181,2,570,41016902,20251120143419,4177637,20251120145410,4116130,0,01,1,28090,1191,N
20251120,M7731,41016902,20251120,41,11,08,41_21026525,1,570,41016902,20251120063500,4106836,20251120071529,4111588,0,01,2,24330,2429,N
20251120,M7731,41016902,20251120,41,11,08,41_21026536,2,570,41016902,20251120152301,4106836,20251120160108,4116126,0,01,1,25350,2287,N
20251120,M7731,41016902,20251120,41,11,08,41_21048263,1,570,41016902,20251120063009,4177510,20251120075152,4111588,0,01,1,29500,4903,N
20251120,M7731,41016902,20251120,41,11,08,41_21110364,2,570,41016902,20251120184705,4106836,20251120192203,4116126,0,01,1,25350,2098,N
20251120,M7731,41016902,20251120,41,11,08,41_21132829,1,570,41016902,20251120072824,4110935,20251120080358,4111588,0,01,1,28710,2134,N
20251120,M7731,41016902,20251120,41,11,08,41_21133520,2,570,41016902,20251120072940,4106836,20251120080526,4111588,1,01,1,24330,2146,N
20251120,M7731,41016902,20251120,41,11,08,41_21185282,2,570,41016902,20251120065306,4110868,20251120073407,4111588,0,01,2,26980,2461,N
20251120,M7731,41016902,20251120,41,11,08,41_2121705,2,570,41016902,20251120172529,4177448,20251120180147,4116126,0,01,1,23140,2178,N
20251120,M7731,41016902,20251120,41,11,08,41_21240588,2,570,41016902,20251120161318,4106836,20251120171535,4111588,0,01,1,24330,3737,N
20251120,M7731,41016902,20251120,41,11,08,41_21242299,2,570,41016902,20251120140615,4106836,20251120150113,4116126,0,01,1,25350,3298,N
20251120,M7731,41016902,20251120,41,11,08,41_21242299,2,570,41016902,20251120150327,4106836,20251120160448,4116126,0,01,1,25350,3681,N
20251120,M7731,41016902,20251120,41,11,08,41_21242299,2,570,41016902,20251120214835,4106836,20251120224242,4116126,0,01,1,25350,3247,N
20251120,M7731,41016902,20251120,41,11,08,41_21249076,1,570,41016902,20251120080901,4106836,20251120085000,4116130,0,01,1,26590,2459,N
20251120,M7731,41016902,20251120,41,11,08,41_21250452,1,570,41016902,20251120062647,4106836,20251120070908,4111588,0,01,1,24330,2541,N
20251120,M7731,41016902,20251120,41,11,08,41_21352584,2,570,41016902,20251120074652,4110935,20251120081235,4111588,0,01,1,28710,1543,N
20251120,M7731,41016902,20251120,41,11,08,41_21359925,1,570,41016902,20251120211633,4177448,20251120214353,4111588,0,01,1,22120,1640,N
20251120,M7731,41016902,20251120,41,11,08,41_21377593,2,570,41016902,20251120090018,4177637,20251120092216,4111588,0,01,1,25830,1318,N
20251120,M7731,41016902,20251120,41,11,08,41_21404171,1,570,41016902,20251120121407,4106836,20251120130921,4111588,0,01,1,24330,3314,N
20251120,M7731,41016902,20251120,41,11,08,41_21407329,2,570,41016902,20251120223825,4177448,20251120230530,4111588,0,01,1,22120,1625,N
20251120,M7731,41016902,20251120,41,11,08,41_21409501,2,570,41016902,20251120171329,4106836,20251120174817,4111588,0,01,1,24330,2088,N
20251120,M7731,41016902,20251120,41,11,08,41_2141814,1,570,41016902,20251120175449,4177448,20251120182427,4111588,0,01,1,22120,1778,N
20251120,M7731,41016902,20251120,41,11,08,41_21421383,2,570,41016902,20251120220701,4106836,20251120224553,4116126,1,01,1,25350,2332,N
20251120,M7731,41016902,20251120,41,11,08,41_21456910,1,570,41016902,20251120140522,4177448,20251120143327,4111588,0,01,1,22120,1685,N
20251120,M7731,41016902,20251120,41,11,08,41_21457327,1,570,41016902,20251120144238,4106836,20251120152149,4116126,0,01,1,25350,2351,N
20251120,M7731,41016902,20251120,41,11,08,41_21466470,2,570,41016902,20251120105344,4177637,20251120112906,4111588,0,01,1,25830,2122,N
20251120,M7731,41016902,20251120,41,11,08,41_21466470,2,570,41016902,20251120175632,4177637,20251120183848,4111588,0,01,1,25830,2536,N
20251120,M7731,41016902,20251120,41,11,08,41_21489518,2,570,41016902,20251120122054,4106836,20251120125619,4111588,0,01,1,24330,2125,N
20251120,M7731,41016902,20251120,41,11,08,41_2149026,2,570,41016902,20251120160515,4177532,20251120164920,4111588,0,01,1,22980,2645,N
20251120,M7731,41016902,20251120,41,11,08,41_21499009,2,570,41016902,20251120224431,4177532,20251120232130,4111588,0,01,1,22980,2219,N
20251120,M7731,41016902,20251120,41,11,08,41_21502518,2,570,41016902,20251120113100,4106836,20251120122210,4116126,0,01,1,25350,3070,N
20251120,M7731,41016902,20251120,41,11,08,41_21556591,2,570,41016902,20251120162352,4177448,20251120164201,4116126,0,01,1,23140,1089,N
20251120,M7731,41016902,20251120,41,11,08,41_2160638,1,570,41016902,20251120175709,4177448,20251120182811,4111588,0,01,1,22120,1862,N
20251120,M7731,41016902,20251120,41,11,08,41_21638491,2,570,41016902,20251120071622,4177637,20251120082008,4111588,0,01,1,25830,3826,N
20251120,M7731,41016902,20251120,41,11,08,41_21650560,2,570,41016902,20251121000432,4107446,20251121001843,4111588,0,01,1,27870,851,N
20251120,M7731,41016902,20251120,41,11,08,41_21666879,1,570,41016902,20251120170855,4177448,20251120174757,4116126,0,01,1,23140,2342,N
20251120,M7731,41016902,20251120,41,11,08,41_21666879,1,570,41016902,20251120221728,4177448,20251120224430,4116126,0,01,1,23140,1622,N
20251120,M7731,41016902,20251120,41,11,08,41_21681017,1,570,41016902,20251120065141,4110935,20251120072502,4111588,0,01,1,28710,2001,N
20251120,M7731,41016902,20251120,41,11,08,41_21682837,1,570,41016902,20251120071819,4177510,20251120081717,4111588,0,01,1,29500,3538,N
20251120,M7731,41016902,20251120,41,11,08,41_21691328,2,570,41016902,20251120224352,4177448,20251120231040,4116130,0,01,1,24380,1608,N
20251120,M7731,41016902,20251120,41,11,08,41_21695187,1,570,41016902,20251120082726,4106836,20251120091114,4111588,1,01,1,24330,2628,N
20251120,M7731,41016902,20251120,41,11,08,41_21695187,1,570,41016902,20251120152121,4106836,20251120154853,4111598,0,01,1,27620,1652,N
20251120,M7731,41016902,20251120,41,11,08,41_21763253,2,570,41016902,20251120140130,4107446,20251120143652,4111588,0,01,1,27870,2122,N
20251120,M7731,41016902,20251120,41,11,08,41_21770557,2,570,41016902,20251120201859,4177448,20251120205628,4111588,0,01,1,22120,2249,N
20251120,M7731,41016902,20251120,41,11,08,41_21777885,2,570,41016902,20251120182104,4177532,20251120184659,4111588,0,01,1,22980,1555,N
20251120,M7731,41016902,20251120,41,11,08,41_21794227,2,570,41016902,20251120205526,4177448,20251120212304,4116126,0,01,1,23140,1658,N
20251120,M7731,41016902,20251120,41,11,08,41_21811946,2,570,41016902,20251120140156,4177532,20251120145910,4111588,0,01,1,22980,3434,N
20251120,M7731,41016902,20251120,41,11,08,41_21851475,2,570,41016902,20251120140722,4177532,20251120144420,4116126,0,01,1,24000,2218,N
20251120,M7731,41016902,20251120,41,11,08,41_2185532,2,570,41016902,20251120143308,4177637,20251120145250,4111588,0,01,2,25830,1182,N
20251120,M7731,41016902,20251120,41,11,08,41_21865075,2,570,41016902,20251120190335,4106836,20251120194544,4111588,1,01,1,24330,2529,N
20251120,M7731,41016902,20251120,41,11,08,41_21869331,2,570,41016902,20251120161303,4177448,20251120163549,4116126,0,01,1,23140,1366,N
20251120,M7731,41016902,20251120,41,11,08,41_218710,1,570,41016902,20251120233251,4106836,20251121000639,4111588,0,01,1,24330,2028,N
20251120,M7731,41016902,20251120,41,11,08,41_21879420,2,570,41016902,20251120140913,4177532,20251120144257,4111588,0,01,1,22980,2024,N
20251120,M7731,41016902,20251120,41,11,08,41_21900938,1,570,41016902,20251120180047,4177448,20251120183153,4111588,0,01,1,22120,1866,N
20251120,M7731,41016902,20251120,41,11,08,41_2191623,1,570,41016902,20251120045840,4177510,20251120052339,4109162,0,01,1,34550,1499,N
20251120,M7731,41016902,20251120,41,11,08,41_21944792,2,570,41016902,20251120124436,4177448,20251120132220,4116126,0,01,1,23140,2264,N
20251120,M7731,41016902,20251120,41,11,08,41_21975191,2,570,41016902,20251120103130,4177637,20251120110902,4111588,0,01,1,25830,2252,N
20251120,M7731,41016902,20251120,41,11,08,41_22007896,2,570,41016902,20251120055200,4177637,20251120064437,4111588,0,01,1,25830,3157,N
20251120,M7731,41016902,20251120,41,11,08,41_22043120,2,570,41016902,20251120191404,4106836,20251120194721,4116126,0,01,1,25350,1997,N
20251120,M7731,41016902,20251120,41,11,08,41_22093826,2,570,41016902,20251120121702,4177448,20251120124120,4111588,0,01,1,22120,1458,N
20251120,M7731,41016902,20251120,41,11,08,41_22117285,1,570,41016902,20251120192149,4106836,20251120200912,4111588,0,01,1,24330,2843,N
20251120,M7731,41016902,20251120,41,11,08,41_22122662,2,570,41016902,20251120215445,4177448,20251120221612,4111588,0,01,1,22120,1287,N
20251120,M7731,41016902,20251120,41,11,08,41_2212407,1,570,41016902,20251120183656,4106836,20251120193702,4111588,0,01,1,24330,3606,N
20251120,M7731,41016902,20251120,41,11,08,41_2212407,1,570,41016902,20251120194455,4106836,20251120202318,4111588,0,01,1,24330,2303,N
20251120,M7731,41016902,20251120,41,11,08,41_22144510,2,570,41016902,20251120171558,4177532,20251120175219,4116126,0,01,1,24000,2181,N
20251120,M7731,41016902,20251120,41,11,08,41_22168919,1,570,41016902,20251120214210,4177448,20251120221749,4109162,0,01,1,27170,2139,N
20251120,M7731,41016902,20251120,41,11,08,41_22170571,2,570,41016902,20251120171558,4177532,20251120180821,4111588,0,01,1,22980,3143,N
20251120,M7731,41016902,20251120,41,11,08,41_22170571,2,570,41016902,20251120191337,4177532,20251120194942,4111588,0,01,1,22980,2165,N
20251120,M7731,41016902,20251120,41,11,08,41_22185648,2,570,41016902,20251120171558,4177532,20251120174305,4111588,0,01,1,22980,1627,N
20251120,M7731,41016902,20251120,41,11,08,41_22197365,2,570,41016902,20251120192153,4106836,20251120200154,4116126,0,01,1,25350,2401,N
20251120,M7731,41016902,20251120,41,11,08,41_22198598,2,570,41016902,20251120213130,4177448,20251120221017,4116126,0,01,1,23140,2327,N
20251120,M7731,41016902,20251120,41,11,08,41_22223329,2,570,41016902,20251120134347,4177448,20251120142246,4116130,0,01,2,24380,2339,N
20251120,M7731,41016902,20251120,41,11,08,41_2222562,1,570,41016902,20251120174205,4177448,20251120180652,4111588,0,01,1,22120,1487,N
20251120,M7731,41016902,20251120,41,11,08,41_22235757,1,570,41016902,20251120173459,4177448,20251120181031,4111588,0,01,1,22120,2132,N
20251120,M7731,41016902,20251120,41,11,08,41_22241427,2,570,41016902,20251120085802,4177532,20251120093215,4111588,0,01,1,22980,2053,N
20251120,M7731,41016902,20251120,41,11,08,41_22279390,2,570,41016902,20251120134347,4177448,20251120142540,4116130,0,01,1,24380,2513,N
20251120,M7731,41016902,20251120,41,11,08,41_22305535,2,570,41016902,20251120065530,4106836,20251120073742,4116126,1,01,1,25350,2532,N
20251120,M7731,41016902,20251120,41,11,08,41_22305535,2,570,41016902,20251120171737,4106836,20251120180710,4116126,1,01,1,25350,2973,N
20251120,M7731,41016902,20251120,41,11,08,41_22323408,2,570,41016902,20251120194540,4106836,20251120204006,4116126,0,01,1,25350,3266,N
20251120,M7731,41016902,20251120,41,11,08,41_22323408,2,570,41016902,20251120211205,4106836,20251120215308,4116126,0,01,1,25350,2463,N
20251120,M7731,41016902,20251120,41,11,08,41_22330248,2,570,41016902,20251120193758,4177448,20251120201710,4111588,0,01,1,22120,2352,N
20251120,M7731,41016902,20251120,41,11,08,41_22344264,2,570,41016902,20251120135105,4106836,20251120143915,4109162,1,01,1,29380,2890,N
20251120,M7731,41016902,20251120,41,11,08,41_22372232,2,570,41016902,20251120152129,4106836,20251120160443,4111588,0,01,1,24330,2594,N
20251120,M7731,41016902,20251120,41,11,08,41_22410282,1,570,41016902,20251120093022,4177448,20251120101214,4116126,0,01,1,23140,2512,N
20251120,M7731,41016902,20251120,41,11,08,41_22410282,1,570,41016902,20251120212036,4177448,20251120215619,4116126,0,01,1,23140,2143,N
20251120,M7731,41016902,20251120,41,11,08,41_22421543,2,570,41016902,20251120212036,4177448,20251120215619,4111588,0,01,1,22120,2143,N
20251120,M7731,41016902,20251120,41,11,08,41_2249145,1,570,41016902,20251120173948,4177532,20251120180839,4111588,0,01,1,22980,1731,N
20251120,M7731,41016902,20251120,41,11,08,41_22501813,1,570,41016902,20251120162603,4106836,20251120170320,4116126,0,01,1,25350,2237,N
20251120,M7731,41016902,20251120,41,11,08,41_2252672,2,570,41016902,20251120190047,4177532,20251120193011,4111588,0,01,1,22980,1764,N
20251120,M7731,41016902,20251120,41,11,08,41_22540912,1,570,41016902,20251120062922,4177510,20251120074950,4109162,0,01,1,34550,4828,N
20251120,M7731,41016902,20251120,41,11,08,41_22567095,1,570,41016902,20251120182154,4106836,20251120185545,4111588,0,01,1,24330,2031,N
20251120,M7731,41016902,20251120,41,11,08,41_22587195,1,570,41016902,20251120124131,4177448,20251120130730,4116130,0,01,1,24380,1559,N
20251120,M7731,41016902,20251120,41,11,08,41_22596349,2,570,41016902,20251120055500,4177637,20251120064300,4116126,0,01,1,26850,2880,N
20251120,M7731,41016902,20251120,41,11,08,41_22630387,2,570,41016902,20251120131819,4106836,20251120135052,4116130,0,01,1,26590,1953,N
20251120,M7731,41016902,20251120,41,11,08,41_22631518,1,570,41016902,20251120160204,4177532,20251120162823,4111588,0,01,1,22980,1579,N
20251120,M7731,41016902,20251120,41,11,08,41_22662136,2,570,41016902,20251120080618,4177448,20251120085123,4111588,0,01,1,22120,2705,N
20251120,M7731,41016902,20251120,41,11,08,41_22685609,2,570,41016902,20251120151348,4177532,20251120154142,4116126,0,01,1,24000,1674,N
20251120,M7731,41016902,20251120,41,11,08,41_22692080,2,570,41016902,20251120151644,4177532,20251120154431,4116130,0,01,1,25240,1667,N
20251120,M7731,41016902,20251120,41,11,08,41_22712636,1,570,41016902,20251120062704,4177448,20251120070429,4111588,0,01,1,22120,2245,N
20251120,M7731,41016902,20251120,41,11,08,41_22740119,2,570,41016902,20251120143442,4177532,20251120145618,4116130,0,01,1,25240,1296,N
20251120,M7731,41016902,20251120,41,11,08,41_22744185,2,570,41016902,20251120170254,4106836,20251120173349,4116126,0,01,1,25350,1855,N
20251120,M7731,41016902,20251120,41,11,08,41_2274444,2,570,41016902,20251120194530,4106836,20251120203248,4111588,0,01,1,24330,2838,N
20251120,M7731,41016902,20251120,41,11,08,41_22753842,2,570,41016902,20251120112105,4177637,20251120120858,4116126,0,01,1,26850,2873,N
20251120,M7731,41016902,20251120,41,11,08,41_22753842,2,570,41016902,20251120220934,4177637,20251120225212,4116126,0,01,1,26850,2558,N
20251120,M7731,41016902,20251120,41,11,08,41_22780600,1,570,41016902,20251120143855,4177532,20251120150031,4116126,0,01,1,24000,1296,N
20251120,M7731,41016902,20251120,41,11,08,41_22783134,1,570,41016902,20251120174728,4106836,20251120182845,4111588,0,01,1,24330,2477,N
20251120,M7731,41016902,20251120,41,11,08,41_22785478,2,570,41016902,20251120142953,4177532,20251120144900,4111588,0,01,1,22980,1147,N
20251120,M7731,41016902,20251120,41,11,08,41_22792847,2,570,41016902,20251120175327,4177448,20251120182422,4116126,0,01,1,23140,1855,N
20251120,M7731,41016902,20251120,41,11,08,41_22827079,2,570,41016902,20251120134711,4177448,20251120141838,4111588,0,01,1,22120,1887,N
20251120,M7731,41016902,20251120,41,11,08,41_2283654,2,570,41016902,20251120063005,4106836,20251120072602,4116126,1,01,1,25350,3357,N
20251120,M7731,41016902,20251120,41,11,08,41_22860599,2,570,41016902,20251120162642,4106836,20251120171020,4116126,0,01,1,25350,2618,N
20251120,M7731,41016902,20251120,41,11,08,41_22894091,2,570,41016902,20251120090517,4107446,20251120093644,4116130,0,01,1,30130,1887,N
20251120,M7731,41016902,20251120,41,11,08,41_22932811,2,570,41016902,20251120081322,4177448,20251120084242,4116126,0,01,1,23140,1760,N
20251120,M7731,41016902,20251120,41,11,08,41_22932811,2,570,41016902,20251120092746,4177448,20251120100739,4116126,0,01,1,23140,2393,N
20251120,M7731,41016902,20251120,41,11,08,41_22998302,2,570,41016902,20251120071127,4106836,20251120080249,4116126,0,01,1,25350,3082,N
20251120,M7731,41016902,20251120,41,11,08,41_230015,2,570,41016902,20251120082201,4177448,20251120090056,4111588,0,01,1,22120,2335,N
20251120,M7731,41016902,20251120,41,11,08,41_23045919,2,570,41016902,20251120175510,4177448,20251120182802,4111588,0,01,1,22120,1972,N
20251120,M7731,41016902,20251120,41,11,08,41_2305930,2,570,41016902,20251120083110,4106836,20251120091253,4111588,1,01,1,24330,2503,N
20251120,M7731,41016902,20251120,41,11,08,41_23094054,2,570,41016902,20251120172321,4177448,20251120174723,4111588,0,01,1,22120,1442,N
20251120,M7731,41016902,20251120,41,11,08,41_23096467,2,570,41016902,20251120053107,4177510,20251120055446,4116130,0,01,1,31760,1419,N
20251120,M7731,41016902,20251120,41,11,08,41_23135539,2,570,41016902,20251120193732,4177448,20251120201512,4116130,0,01,1,24380,2260,N
20251120,M7731,41016902,20251120,41,11,08,41_23172873,2,570,41016902,20251120211642,4177448,20251120214522,4111588,0,01,1,22120,1720,N
20251120,M7731,41016902,20251120,41,11,08,41_23172873,2,570,41016902,20251120220133,4177448,20251120222903,4111588,0,01,1,22120,1650,N
20251120,M7731,41016902,20251120,41,11,08,41_23172873,2,570,41016902,20251120222945,4177448,20251120232838,4111588,0,01,1,22120,3533,N
20251120,M7731,41016902,20251120,41,11,08,41_23197777,2,570,41016902,20251120195751,4177532,20251120205531,4111588,0,01,1,22980,3460,N
20251120,M7731,41016902,20251120,41,11,08,41_23201994,2,570,41016902,20251120073550,4106836,20251120080353,4116126,1,01,1,25350,1683,N
20251120,M7731,41016902,20251120,41,11,08,41_23227028,1,570,41016902,20251120133825,4177637,20251120141335,4111588,0,01,1,25830,2110,N
20251120,M7731,41016902,20251120,41,11,08,41_23238788,2,570,41016902,20251120093104,4177637,20251120095944,4111599,0,01,1,29770,1720,N
20251120,M7731,41016902,20251120,41,11,08,41_23267273,2,570,41016902,20251121002225,4106836,20251121005715,4116126,0,01,1,25350,2090,N
20251120,M7731,41016902,20251120,41,11,08,41_23278800,1,570,41016902,20251120171105,4106836,20251120173906,4111588,0,01,1,24330,1681,N
20251120,M7731,41016902,20251120,41,11,08,41_23302975,2,570,41016902,20251120124850,4106836,20251120132107,4111588,0,01,1,24330,1937,N
20251120,M7731,41016902,20251120,41,11,08,41_23370722,2,570,41016902,20251120143514,4106836,20251120152321,4111588,0,01,1,24330,2887,N
20251120,M7731,41016902,20251120,41,11,08,41_2343777,2,570,41016902,20251120082715,4177637,20251120090445,4111588,0,01,1,25830,2250,N
20251120,M7731,41016902,20251120,41,11,08,41_23458769,2,570,41016902,20251120064448,4110935,20251120070910,4111588,0,01,1,28710,1462,N
20251120,M7731,41016902,20251120,41,11,08,41_23473869,1,570,41016902,20251120131526,4177532,20251120134318,4111588,0,01,1,22980,1672,N
20251120,M7731,41016902,20251120,41,11,08,41_2348168,1,570,41016902,20251121001556,4177448,20251121004952,4116126,0,01,1,23140,2036,N
20251120,M7731,41016902,20251120,41,11,08,41_23482057,1,570,41016902,20251120064444,4110935,20251120070906,4109162,0,01,1,33760,1462,N
20251120,M7731,41016902,20251120,41,11,08,41_23487640,1,570,41016902,20251120054655,4110935,20251120061259,4111588,0,01,1,28710,1564,N
20251120,M7731,41016902,20251120,41,11,08,41_23489856,2,570,41016902,20251120131245,4177532,20251120134959,4111588,0,01,1,22980,2234,N
20251120,M7731,41016902,20251120,41,11,08,41_23515098,2,570,41016902,20251120141116,4177448,20251120144916,4111588,0,01,1,22120,2280,N
20251120,M7731,41016902,20251120,41,11,08,41_23531406,2,570,41016902,20251120180926,4177532,20251120185058,4111588,0,01,1,22980,2492,N
20251120,M7731,41016902,20251120,41,11,08,41_23537562,1,570,41016902,20251120192834,4177448,20251120195447,4111588,0,01,1,22120,1573,N
20251120,M7731,41016902,20251120,41,11,08,41_23544412,1,570,41016902,20251120181459,4177448,20251120184536,4116126,0,01,1,23140,1837,N
20251120,M7731,41016902,20251120,41,11,08,41_2355702,2,570,41016902,20251120122537,4106836,20251120125904,4116130,0,01,1,26590,2007,N
20251120,M7731,41016902,20251120,41,11,08,41_2355702,2,570,41016902,20251120223628,4106836,20251120231358,4116130,0,01,1,26590,2250,N
20251120,M7731,41016902,20251120,41,11,08,41_23571358,1,570,41016902,20251120124511,4106836,20251120132111,4116130,0,01,1,26590,2160,N
20251120,M7731,41016902,20251120,41,11,08,41_23595134,2,570,41016902,20251120181026,4177532,20251120183506,4111588,0,01,1,22980,1480,N
20251120,M7731,41016902,20251120,41,11,08,41_23602801,2,570,41016902,20251120224739,4177448,20251120231108,4111588,0,01,1,22120,1409,N
20251120,M7731,41016902,20251120,41,11,08,41_23605265,1,570,41016902,20251120072614,4177448,20251120075402,4111599,0,01,1,26060,1668,N
20251120,M7731,41016902,20251120,41,11,08,41_23605265,1,570,41016902,20251120182123,4177448,20251120184823,4111599,0,01,1,26060,1620,N
20251120,M7731,41016902,20251120,41,11,08,41_23647964,2,570,41016902,20251120073900,4177448,20251120080441,4111588,0,01,1,22120,1541,N
20251120,M7731,41016902,20251120,41,11,08,41_23657118,1,570,41016902,20251120072302,4177448,20251120080206,4116126,0,01,2,23140,2344,N
20251120,M7731,41016902,20251120,41,11,08,41_23657118,1,570,41016902,20251120080536,4177448,20251120083113,4116130,0,01,1,24380,1537,N
20251120,M7731,41016902,20251120,41,11,08,41_23685730,2,570,41016902,20251120182724,4177448,20251120192655,4111588,0,01,1,22120,3571,N
20251120,M7731,41016902,20251120,41,11,08,41_23685730,2,570,41016902,20251120224611,4177448,20251120231952,4111588,0,01,1,22120,2021,N
20251120,M7731,41016902,20251120,41,11,08,41_23716925,2,570,41016902,20251120124016,4106836,20251120131905,4111588,1,01,1,24330,2329,N
20251120,M7731,41016902,20251120,41,11,08,41_2372704,2,570,41016902,20251120092224,4106836,20251120103332,4111588,1,01,1,24330,4268,N
20251120,M7731,41016902,20251120,41,11,08,41_23769557,2,570,41016902,20251120111009,4177510,20251120114409,4111588,0,01,1,29500,2040,N
20251120,M7731,41016902,20251120,41,11,08,41_2378963,2,570,41016902,20251120054249,4177510,20251120064651,4116130,0,01,1,31760,3842,N
20251120,M7731,41016902,20251120,41,11,08,41_23798247,2,570,41016902,20251120144746,4106836,20251120153349,4111588,1,01,1,24330,2763,N
20251120,M7731,41016902,20251120,41,11,08,41_23856644,1,570,41016902,20251120114656,4110935,20251120121700,4116126,0,01,1,29730,1804,N
20251120,M7731,41016902,20251120,41,11,08,41_23879754,1,570,41016902,20251120143632,4177448,20251120145929,4111588,0,01,1,22120,1377,N
20251120,M7731,41016902,20251120,41,11,08,41_23879754,1,570,41016902,20251120190953,4177448,20251120193722,4111588,0,01,1,22120,1649,N
20251120,M7731,41016902,20251120,41,11,08,41_23981628,2,570,41016902,20251120112239,4106836,20251120120544,4111588,1,01,1,24330,2585,N
20251120,M7731,41016902,20251120,41,11,08,41_23981628,2,570,41016902,20251120132718,4106836,20251120140316,4111588,1,01,1,24330,2158,N
20251120,M7731,41016902,20251120,41,11,08,41_23996398,2,570,41016902,20251120142824,4177637,20251120152422,4111588,0,01,1,25830,3358,N
20251120,M7731,41016902,20251120,41,11,08,41_2400888,2,570,41016902,20251120163047,4177532,20251120171447,4111588,0,01,1,22980,2640,N
20251120,M7731,41016902,20251120,41,11,08,41_24040468,2,570,41016902,20251120180045,4177637,20251120183924,4111588,0,01,1,25830,2319,N
20251120,M7731,41016902,20251120,41,11,08,41_24054681,2,570,41016902,20251120204544,4177448,20251120211141,4111588,0,01,1,22120,1557,N
20251120,M7731,41016902,20251120,41,11,08,41_24073575,2,570,41016902,20251120222422,4177532,20251120225207,4111588,0,01,1,22980,1665,N
20251120,M7731,41016902,20251120,41,11,08,41_24117447,2,570,41016902,20251120051911,4177532,20251120054352,4111588,0,01,1,22980,1481,N
20251120,M7731,41016902,20251120,41,11,08,41_24152770,2,570,41016902,20251120110820,4177637,20251120113639,4111588,0,01,1,25830,1699,N
20251120,M7731,41016902,20251120,41,11,08,41_24155651,2,570,41016902,20251120162708,4110935,20251120165959,4111588,0,01,1,28710,1971,N
20251120,M7731,41016902,20251120,41,11,08,41_24166034,2,570,41016902,20251120080440,4110935,20251120083752,4116126,0,01,1,29730,1992,N
20251120,M7731,41016902,20251120,41,11,08,41_24192120,2,570,41016902,20251120110820,4177637,20251120113639,4116126,0,01,1,26850,1699,N
20251120,M7731,41016902,20251120,41,11,08,41_24199035,1,570,41016902,20251120160909,4110868,20251120164200,4111588,0,01,1,26980,1971,N
20251120,M7731,41016902,20251120,41,11,08,41_24211222,2,570,41016902,20251120114124,4177532,20251120120633,4111588,0,01,1,22980,1509,N
20251120,M7731,41016902,20251120,41,11,08,41_2425040,2,570,41016902,20251120155546,4106836,20251120164114,4111588,1,01,1,24330,2728,N
20251120,M7731,41016902,20251120,41,11,08,41_24276130,1,570,41016902,20251120175159,4106836,20251120182954,4111588,0,01,1,24330,2275,N
20251120,M7731,41016902,20251120,41,11,08,41_24278025,2,570,41016902,20251120215519,4106836,20251120225117,4116126,0,01,1,25350,3358,N
20251120,M7731,41016902,20251120,41,11,08,41_24313807,2,570,41016902,20251120184152,4177532,20251120191412,4111588,0,01,1,22980,1940,N
20251120,M7731,41016902,20251120,41,11,08,41_24318174,2,570,41016902,20251120141945,4106836,20251120145209,4111588,1,01,1,24330,1944,N
20251120,M7731,41016902,20251120,41,11,08,41_2434537,2,570,41016902,20251120200741,4106836,20251120205120,4111588,0,01,1,24330,2619,N
20251120,M7731,41016902,20251120,41,11,08,41_24358185,2,570,41016902,20251120145655,4177448,20251120153421,4111588,0,01,1,22120,2246,N
20251120,M7731,41016902,20251120,41,11,08,41_24380488,2,570,41016902,20251120183157,4106836,20251120191624,4116126,0,01,1,25350,2667,N
20251120,M7731,41016902,20251120,41,11,08,41_24380652,1,570,41016902,20251120184152,4177532,20251120190453,4111588,0,01,1,22980,1381,N
20251120,M7731,41016902,20251120,41,11,08,41_24384487,1,570,41016902,20251120065027,4177448,20251120073914,4111588,1,01,1,22120,2927,N
20251120,M7731,41016902,20251120,41,11,08,41_24404349,2,570,41016902,20251120064740,4177448,20251120073013,4111588,0,01,1,22120,2553,N
20251120,M7731,41016902,20251120,41,11,08,41_24410076,2,570,41016902,20251120213551,4177448,20251120220553,4116130,0,01,1,24380,1802,N
20251120,M7731,41016902,20251120,41,11,08,41_24439669,2,570,41016902,20251120160004,4177637,20251120162843,4116130,0,01,1,28090,1719,N
20251120,M7731,41016902,20251120,41,11,08,41_24447448,2,570,41016902,20251120144907,4106836,20251120151739,4109162,0,01,1,29380,1712,N
20251120,M7731,41016902,20251120,41,11,08,41_24447585,2,570,41016902,20251120160029,4177532,20251120163343,4111588,0,01,1,22980,1994,N
20251120,M7731,41016902,20251120,41,11,08,41_24460145,2,570,41016902,20251120082214,4177448,20251120092550,4111588,1,01,1,22120,3816,N
20251120,M7731,41016902,20251120,41,11,08,41_24460145,2,570,41016902,20251120213551,4177448,20251120221543,4111588,0,01,1,22120,2392,N
20251120,M7731,41016902,20251120,41,11,08,41_24473977,2,570,41016902,20251120081953,4177448,20251120090512,4116126,1,01,2,23140,2719,N
20251120,M7731,41016902,20251120,41,11,08,41_24485172,2,570,41016902,20251120142842,4106836,20251120145634,4111588,0,01,1,24330,1672,N
20251120,M7731,41016902,20251120,41,11,08,41_24485172,2,570,41016902,20251120232921,4106836,20251121002154,4111588,0,01,1,24330,3153,N
20251120,M7731,41016902,20251120,41,11,08,41_2454692,2,570,41016902,20251120062447,4177448,20251120065002,4111588,0,01,1,22120,1515,N
20251120,M7731,41016902,20251120,41,11,08,41_24565688,1,570,41016902,20251120110048,4106836,20251120112915,4111588,1,01,1,24330,1707,N
20251120,M7731,41016902,20251120,41,11,08,41_2457390,1,570,41016902,20251120181801,4177637,20251120183358,4111588,0,01,1,25830,957,N
20251120,M7731,41016902,20251120,41,11,08,41_2457562,1,570,41016902,20251120131800,4177637,20251120133143,4116126,0,01,1,26850,823,N
20251120,M7731,41016902,20251120,41,11,08,41_2457562,1,570,41016902,20251120182858,4177637,20251120184558,4116126,0,01,1,26850,1020,N
20251120,M7731,41016902,20251120,41,11,08,41_2457562,1,570,41016902,20251120184613,4177637,20251120190313,4116126,0,01,1,26850,1020,N
20251120,M7731,41016902,20251120,41,11,08,41_24586765,2,570,41016902,20251120182947,4106836,20251120185526,4111588,0,01,1,24330,1539,N
20251120,M7731,41016902,20251120,41,11,08,41_24618070,1,570,41016902,20251120070358,4177448,20251120073114,4109162,0,01,1,27170,1636,N
20251120,M7731,41016902,20251120,41,11,08,41_24620342,2,570,41016902,20251120171806,4177532,20251120174251,4111588,0,01,1,22980,1485,N
20251120,M7731,41016902,20251120,41,11,08,41_24655409,2,570,41016902,20251120073127,4177510,20251120080017,4111588,0,01,1,29500,1730,N
20251120,M7731,41016902,20251120,41,11,08,41_24664844,2,570,41016902,20251120233810,4106836,20251121002334,4111588,0,01,1,24330,2724,N
20251120,M7731,41016902,20251120,41,11,08,41_24668310,1,570,41016902,20251120073410,4177510,20251120080300,4116126,0,01,1,30520,1730,N
20251120,M7731,41016902,20251120,41,11,08,41_24704664,2,570,41016902,20251120203859,4177532,20251120212426,4111588,0,01,1,22980,2727,N
20251120,M7731,41016902,20251120,41,11,08,41_24718583,2,570,41016902,20251120132918,4177448,20251120135535,4111588,0,01,1,22120,1577,N
20251120,M7731,41016902,20251120,41,11,08,41_2474892,2,570,41016902,20251120131608,4177637,20251120132903,4111588,0,01,1,25830,775,N
20251120,M7731,41016902,20251120,41,11,08,41_24752490,2,570,41016902,20251120201548,4177448,20251120211112,4111588,0,01,1,22120,3324,N
20251120,M7731,41016902,20251120,41,11,08,41_24756055,2,570,41016902,20251120071700,4177637,20251120075244,4116126,0,01,1,26850,2144,N
20251120,M7731,41016902,20251120,41,11,08,41_24770190,2,570,41016902,20251120132122,4106836,20251120140456,4116126,0,01,1,25350,2614,N
20251120,M7731,41016902,20251120,41,11,08,41_24876096,2,570,41016902,20251120065808,4106836,20251120073946,4111588,1,01,1,24330,2498,N
20251120,M7731,41016902,20251120,41,11,08,41_24889123,2,570,41016902,20251120211146,4106836,20251120214859,4116126,1,01,1,25350,2233,N
20251120,M7731,41016902,20251120,41,11,08,41_24949502,2,570,41016902,20251120081817,4110935,20251120090322,4111588,0,01,1,28710,2705,N
20251120,M7731,41016902,20251120,41,11,08,41_24982926,2,570,41016902,20251120142730,4106836,20251120152343,4111588,0,01,1,24330,3373,N
20251120,M7731,41016902,20251120,41,11,08,41_2500724,2,570,41016902,20251120072542,4106836,20251120082654,4111588,1,01,1,24330,3672,N
20251120,M7731,41016902,20251120,41,11,08,41_25037363,2,570,41016902,20251120134400,4177448,20251120142622,4116126,0,01,1,23140,2542,N
20251120,M7731,41016902,20251120,41,11,08,41_25048,1,570,41016902,20251120121659,4177510,20251120125948,4111588,0,01,1,29500,2569,N
20251120,M7731,41016902,20251120,41,11,08,41_25053940,2,570,41016902,20251120064622,4177637,20251120072941,4111588,0,01,1,25830,2599,N
20251120,M7731,41016902,20251120,41,11,08,41_25065308,2,570,41016902,20251120134510,4177448,20251120142752,4116130,0,01,1,24380,2562,N
20251120,M7731,41016902,20251120,41,11,08,41_25078184,2,570,41016902,20251120200527,4106836,20251120204111,4111588,0,01,1,24330,2144,N
20251120,M7731,41016902,20251120,41,11,08,41_25085584,2,570,41016902,20251120201359,4106836,20251120204400,4111588,0,01,1,24330,1801,N
20251120,M7731,41016902,20251120,41,11,08,41_25134211,2,570,41016902,20251120161430,4106836,20251120165024,4116126,0,01,1,25350,2154,N
20251120,M7731,41016902,20251120,41,11,08,41_25164665,2,570,41016902,20251120122140,4177448,20251120130504,4111588,0,01,2,22120,2604,N
20251120,M7731,41016902,20251120,41,11,08,41_25174114,2,570,41016902,20251120082154,4106836,20251120085918,4116130,0,01,1,26590,2244,N
20251120,M7731,41016902,20251120,41,11,08,41_25175343,2,570,41016902,20251120221553,4177532,20251120224924,4111588,0,01,1,22980,2011,N
20251120,M7731,41016902,20251120,41,11,08,41_25209588,2,570,41016902,20251120150959,4106836,20251120154752,4111588,0,01,1,24330,2273,N
20251120,M7731,41016902,20251120,41,11,08,41_25219450,2,570,41016902,20251120094033,4177448,20251120101650,4116126,0,01,1,23140,2177,N
20251120,M7731,41016902,20251120,41,11,08,41_25238750,2,570,41016902,20251120080556,4177637,20251120084629,4111588,0,01,1,25830,2433,N
20251120,M7731,41016902,20251120,41,11,08,41_2524879,2,570,41016902,20251120173144,4107446,20251120182031,4111588,0,01,1,27870,2927,N
20251120,M7731,41016902,20251120,41,11,08,41_25268364,2,570,41016902,20251120143455,4106836,20251120151142,4116126,1,01,1,25350,2207,N
20251120,M7731,41016902,20251120,41,11,08,41_25271910,2,570,41016902,20251120161028,4106836,20251120164823,4116126,0,01,2,25350,2275,N
20251120,M7731,41016902,20251120,41,11,08,41_25271910,2,570,41016902,20251120184223,4106836,20251120192645,4116126,0,01,1,25350,2662,N
20251120,M7731,41016902,20251120,41,11,08,41_25286380,1,570,41016902,20251120162305,4106836,20251120170100,4116126,0,01,1,25350,2275,N
20251120,M7731,41016902,20251120,41,11,08,41_25286380,1,570,41016902,20251120190827,4106836,20251120194151,4116126,0,01,1,25350,2004,N
20251120,M7731,41016902,20251120,41,11,08,41_2528664,2,570,41016902,20251120120532,4177448,20251120123929,4116130,0,01,1,24380,2037,N
20251120,M7731,41016902,20251120,41,11,08,41_25312010,2,570,41016902,20251120102048,4110935,20251120111403,4111588,0,01,1,28710,3195,N
20251120,M7731,41016902,20251120,41,11,08,41_25338955,2,570,41016902,20251120082141,4110935,20251120093504,4111588,0,01,1,28710,4403,N
20251120,M7731,41016902,20251120,41,11,08,41_25340751,1,570,41016902,20251120092000,4177448,20251120095333,4111599,0,01,1,26060,2013,N
20251120,M7731,41016902,20251120,41,11,08,41_25343280,2,570,41016902,20251120202254,4106836,20251120205055,4111588,0,01,1,24330,1681,N
20251120,M7731,41016902,20251120,41,11,08,41_25346210,2,570,41016902,20251120102917,4107446,20251120105707,4111588,0,01,1,27870,1670,N
20251120,M7731,41016902,20251120,41,11,08,41_25387451,1,570,41016902,20251120170055,4177532,20251120173109,4111588,0,01,1,22980,1814,N
20251120,M7731,41016902,20251120,41,11,08,41_25389582,2,570,41016902,20251120172838,4106836,20251120180710,4111588,1,01,1,24330,2312,N
20251120,M7731,41016902,20251120,41,11,08,41_25418000,2,570,41016902,20251120112228,4106836,20251120120814,4116130,0,01,1,26590,2746,N
20251120,M7731,41016902,20251120,41,11,08,41_25418000,2,570,41016902,20251120173019,4106836,20251120183904,4116130,1,01,1,26590,4125,N
20251120,M7731,41016902,20251120,41,11,08,41_25444933,2,570,41016902,20251120072155,4106836,20251120080705,4111599,0,01,1,28270,2710,N
20251120,M7731,41016902,20251120,41,11,08,41_25452720,1,570,41016902,20251120054335,4177448,20251120063039,4109162,0,01,1,27170,2824,N
20251120,M7731,41016902,20251120,41,11,08,41_25454593,2,570,41016902,20251120085332,4106836,20251120093419,4111588,0,01,1,24330,2447,N
20251120,M7731,41016902,20251120,41,11,08,41_25458845,1,570,41016902,20251120212934,4106836,20251120220516,4111588,0,01,1,24330,2142,N
20251120,M7731,41016902,20251120,41,11,08,41_25475921,2,570,41016902,20251120172444,4177448,20251120180642,4109162,0,01,1,27170,2518,N
20251120,M7731,41016902,20251120,41,11,08,41_25494107,1,570,41016902,20251120072003,4106836,20251120075301,4111588,1,01,1,24330,1978,N
20251120,M7731,41016902,20251120,41,11,08,41_25505332,2,570,41016902,20251120061204,4106836,20251120065733,4111588,1,01,1,24330,2729,N
20251120,M7731,41016902,20251120,41,11,08,41_25524499,2,570,41016902,20251120075123,4177448,20251120081302,4111588,0,01,2,22120,1299,N
20251120,M7731,41016902,20251120,41,11,08,41_25576534,2,570,41016902,20251120075243,4177448,20251120081529,4116126,0,01,1,23140,1366,N
20251120,M7731,41016902,20251120,41,11,08,41_25619927,2,570,41016902,20251120132904,4177448,20251120135649,4111588,0,01,1,22120,1665,N
20251120,M7731,41016902,20251120,41,11,08,41_25633465,2,570,41016902,20251120223620,4106836,20251120231832,4111588,0,01,1,24330,2532,N
20251120,M7731,41016902,20251120,41,11,08,41_2563456,2,570,41016902,20251120171736,4177532,20251120180224,4111588,0,01,1,22980,2688,N
20251120,M7731,41016902,20251120,41,11,08,41_25661119,2,570,41016902,20251120052921,4177448,20251120055510,4111588,0,01,1,22120,1549,N
20251120,M7731,41016902,20251120,41,11,08,41_2570439,2,570,41016902,20251120151919,4106836,20251120161533,4111588,0,01,1,24330,3374,N
20251120,M7731,41016902,20251120,41,11,08,41_2570439,2,570,41016902,20251120175853,4106836,20251120183352,4111588,0,01,1,24330,2099,N
20251120,M7731,41016902,20251120,41,11,08,41_25791182,1,570,41016902,20251120210003,4106836,20251120212002,4116130,0,01,1,26590,1199,N
20251120,M7731,41016902,20251120,41,11,08,41_25803925,2,570,41016902,20251120161305,4177637,20251120164922,4116126,0,01,1,26850,2177,N
20251120,M7731,41016902,20251120,41,11,08,41_25809964,2,570,41016902,20251120183143,4177448,20251120190216,4111588,0,01,1,22120,1833,N
20251120,M7731,41016902,20251120,41,11,08,41_25841948,2,570,41016902,20251120161144,4177637,20251120164605,4111588,0,01,1,25830,2061,N
20251120,M7731,41016902,20251120,41,11,08,41_25846445,1,570,41016902,20251120111940,4106836,20251120115357,4116130,0,01,1,26590,2057,N
20251120,M7731,41016902,20251120,41,11,08,41_25859132,1,570,41016902,20251120160949,4177637,20251120164606,4116126,0,01,1,26850,2177,N
20251120,M7731,41016902,20251120,41,11,08,41_25867060,2,570,41016902,20251120185551,4177448,20251120192121,4111588,0,01,1,22120,1530,N
20251120,M7731,41016902,20251120,41,11,08,41_25876813,2,570,41016902,20251120184548,4177448,20251120193322,4111588,0,01,1,22120,2854,N
20251120,M7731,41016902,20251120,41,11,08,41_25908715,1,570,41016902,20251120070608,4107446,20251120074556,4111588,0,01,1,27870,2388,N
20251120,M7731,41016902,20251120,41,11,08,41_25934435,2,570,41016902,20251120154853,4106836,20251120161946,4111588,0,01,1,24330,1853,N
20251120,M7731,41016902,20251120,41,11,08,41_25934435,2,570,41016902,20251120200656,4106836,20251120204448,4111588,0,01,1,24330,2272,N
20251120,M7731,41016902,20251120,41,11,08,41_26023341,2,570,41016902,20251120144703,4177448,20251120150804,4111588,0,01,1,22120,1261,N
20251120,M7731,41016902,20251120,41,11,08,41_26038332,2,570,41016902,20251120180524,4106836,20251120184744,4116126,1,01,1,25350,2540,N
20251120,M7731,41016902,20251120,41,11,08,41_26040390,2,570,41016902,20251120122535,4106836,20251120131924,4116126,0,01,1,25350,3229,N
20251120,M7731,41016902,20251120,41,11,08,41_26069148,2,570,41016902,20251120131556,4106836,20251120134429,4111588,1,01,1,24330,1713,N
20251120,M7731,41016902,20251120,41,11,08,41_26072640,1,570,41016902,20251120074034,4177510,20251120081258,4116130,0,01,1,31760,1944,N
20251120,M7731,41016902,20251120,41,11,08,41_2608087,2,570,41016902,20251120102122,4106836,20251120110022,4116126,0,01,1,25350,2340,N
20251120,M7731,41016902,20251120,41,11,08,41_26115293,2,570,41016902,20251120091142,4110868,20251120094735,4116130,0,01,1,29240,2153,N
20251120,M7731,41016902,20251120,41,11,08,41_2611757,2,570,41016902,20251120171425,4106836,20251120174417,4116126,0,01,1,25350,1792,N
20251120,M7731,41016902,20251120,41,11,08,41_26119481,2,570,41016902,20251120132657,4106836,20251120141038,4111588,0,01,1,24330,2621,N
20251120,M7731,41016902,20251120,41,11,08,41_26157664,2,570,41016902,20251120083142,4106836,20251120091034,4111588,1,01,1,24330,2332,N
20251120,M7731,41016902,20251120,41,11,08,41_2616253,1,570,41016902,20251120071010,4106836,20251120074449,4111588,1,01,1,24330,2079,N
20251120,M7731,41016902,20251120,41,11,08,41_26183866,1,570,41016902,20251120210149,4106836,20251120213544,4111588,0,01,1,24330,2035,N
20251120,M7731,41016902,20251120,41,11,08,41_26188772,1,570,41016902,20251120122410,4177637,20251120131133,4116130,0,01,1,28090,2843,N
20251120,M7731,41016902,20251120,41,11,08,41_26198135,2,570,41016902,20251120183240,4177532,20251120190401,4111588,0,01,1,22980,1881,N
20251120,M7731,41016902,20251120,41,11,08,41_2621705,1,570,41016902,20251120110603,4106836,20251120114714,4116130,0,01,1,26590,2471,N
20251120,M7731,41016902,20251120,41,11,08,41_26224266,1,570,41016902,20251120164438,4177448,20251120171843,4116126,0,01,1,23140,2045,N
20251120,M7731,41016902,20251120,41,11,08,41_26252185,2,570,41016902,20251120061655,4110935,20251120065402,4111599,0,01,1,32650,2227,N
20251120,M7731,41016902,20251120,41,11,08,41_26276063,2,570,41016902,20251120053359,4106836,20251120062052,4111588,1,01,1,24330,2813,N
20251120,M7731,41016902,20251120,41,11,08,41_2650746,2,570,41016902,20251120151259,4107446,20251120153935,4111588,0,01,1,27870,1596,N
20251120,M7731,41016902,20251120,41,11,08,41_268275,2,570,41016902,20251120060205,4177448,20251120062814,4111588,0,01,1,22120,1569,N
20251120,M7731,41016902,20251120,41,11,08,41_2723883,2,570,41016902,20251120063449,4110935,20251120071242,4111588,0,01,1,28710,2273,N
20251120,M7731,41016902,20251120,41,11,08,41_2723883,2,570,41016902,20251120134354,4110935,20251120142039,4111588,0,01,1,28710,2205,N
20251120,M7731,41016902,20251120,41,11,08,41_2733334,2,570,41016902,20251120124627,4177637,20251120132529,4111588,0,01,1,25830,2342,N
20251120,M7731,41016902,20251120,41,11,08,41_2733334,2,570,41016902,20251120152350,4177637,20251120160441,4111588,0,01,1,25830,2451,N
20251120,M7731,41016902,20251120,41,11,08,41_2737779,2,570,41016902,20251120063920,4106836,20251120071904,4116126,1,01,1,25350,2384,N
20251120,M7731,41016902,20251120,41,11,08,41_274541,2,570,41016902,20251120103918,4106836,20251120111854,4111588,0,01,1,24330,2376,N
20251120,M7731,41016902,20251120,41,11,08,41_274541,2,570,41016902,20251120123551,4106836,20251120131354,4116126,0,01,1,25350,2283,N
20251120,M7731,41016902,20251120,41,11,08,41_275053,2,570,41016902,20251120060446,4177637,20251120065333,4111588,0,01,1,25830,2927,N
20251120,M7731,41016902,20251120,41,11,08,41_2751823,2,570,41016902,20251120182902,4106836,20251120190910,4111588,0,01,1,24330,2408,N
20251120,M7731,41016902,20251120,41,11,08,41_2761638,1,570,41016902,20251120124627,4177637,20251120132527,4109162,0,01,1,30880,2340,N
20251120,M7731,41016902,20251120,41,11,08,41_2800100,2,570,41016902,20251120200428,4177448,20251120202705,4111588,0,01,1,22120,1357,N
20251120,M7731,41016902,20251120,41,11,08,41_2844376,2,570,41016902,20251120102631,4106836,20251120104956,4111598,1,01,1,27620,1405,N
20251120,M7731,41016902,20251120,41,11,08,41_2845939,1,570,41016902,20251120074611,4106836,20251120082149,4111588,0,01,1,24330,2138,N
20251120,M7731,41016902,20251120,41,11,08,41_2865308,2,570,41016902,20251120200251,4177532,20251120202919,4111588,0,01,1,22980,1588,N
20251120,M7731,41016902,20251120,41,11,08,41_2879134,2,570,41016902,20251120141523,4106836,20251120145446,4111588,0,01,1,24330,2363,N
20251120,M7731,41016902,20251120,41,11,08,41_2881383,2,570,41016902,20251120142948,4106836,20251120152059,4111588,0,01,1,24330,3071,N
20251120,M7731,41016902,20251120,41,11,08,41_2888873,1,570,41016902,20251120165157,4177510,20251120172207,4111588,0,01,1,29500,1810,N
20251120,M7731,41016902,20251120,41,11,08,41_2911978,1,570,41016902,20251120123227,4106836,20251120131439,4111588,0,01,1,24330,2532,N
20251120,M7731,41016902,20251120,41,11,08,41_2913101,1,570,41016902,20251120113224,4177532,20251120120153,4116130,0,01,1,25240,1769,N
20251120,M7731,41016902,20251120,41,11,08,41_29694,2,570,41016902,20251120102053,4106836,20251120110431,4116126,0,01,1,25350,2618,N
20251120,M7731,41016902,20251120,41,11,08,41_2998219,2,570,41016902,20251120074928,4107446,20251120083645,4111588,0,01,1,27870,2837,N
20251120,M7731,41016902,20251120,41,11,08,41_2998219,2,570,41016902,20251120113029,4107446,20251120122503,4111588,0,01,1,27870,3274,N
20251120,M7731,41016902,20251120,41,11,08,41_3001431,2,570,41016902,20251120085500,4106836,20251120093235,4111588,1,01,1,24330,2255,N
20251120,M7731,41016902,20251120,41,11,08,41_3009118,2,570,41016902,20251120155048,4106836,20251120161629,4111588,0,01,1,24330,1541,N
20251120,M7731,41016902,20251120,41,11,08,41_3009118,2,570,41016902,20251120215555,4106836,20251120221732,4116126,0,01,1,25350,1297,N
20251120,M7731,41016902,20251120,41,11,08,41_3079084,2,570,41016902,20251120183957,4177448,20251120190350,4111588,0,01,1,22120,1433,N
20251120,M7731,41016902,20251120,41,11,08,41_3109653,1,570,41016902,20251120230832,4106836,20251120234448,4111588,0,01,1,24330,2176,N
20251120,M7731,41016902,20251120,41,11,08,41_3123222,2,570,41016902,20251120171222,4106836,20251120174501,4116130,0,01,1,26590,1959,N
20251120,M7731,41016902,20251120,41,11,08,41_313292,1,570,41016902,20251120174402,4106836,20251120182253,4111588,0,01,1,24330,2331,N
20251120,M7731,41016902,20251120,41,11,08,41_31347,2,570,41016902,20251120213303,4106836,20251120221715,4116126,0,01,1,25350,2652,N
20251120,M7731,41016902,20251120,41,11,08,41_3156862,2,570,41016902,20251120100218,4177448,20251120103507,4111588,0,01,1,22120,1969,N
20251120,M7731,41016902,20251120,41,11,08,41_3228503,2,570,41016902,20251120110351,4177448,20251120113130,4116130,0,01,1,24380,1659,N
20251120,M7731,41016902,20251120,41,11,08,41_3234850,2,570,41016902,20251120085131,4177448,20251120091821,4111588,0,01,1,22120,1610,N
20251120,M7731,41016902,20251120,41,11,08,41_3285996,1,570,41016902,20251120202545,4106836,20251120211140,4116126,0,01,1,25350,2755,N
20251120,M7731,41016902,20251120,41,11,08,41_3300714,2,570,41016902,20251120054227,4177510,20251120065450,4111588,0,01,1,29500,4343,N
20251120,M7731,41016902,20251120,41,11,08,41_3318159,2,570,41016902,20251120201157,4106836,20251120205505,4111588,0,01,1,24330,2588,N
20251120,M7731,41016902,20251120,41,11,08,41_3365577,1,570,41016902,20251120152752,4106836,20251120161713,4111588,0,01,1,24330,2961,N
20251120,M7731,41016902,20251120,41,11,08,41_3369070,1,570,41016902,20251120192121,4177532,20251120195319,4111588,0,01,1,22980,1918,N
20251120,M7731,41016902,20251120,41,11,08,41_3388585,2,570,41016902,20251120165014,4106836,20251120172317,4116126,0,01,1,25350,1983,N
20251120,M7731,41016902,20251120,41,11,08,41_3401773,1,570,41016902,20251120174420,4177532,20251120181026,4111588,0,01,1,22980,1566,N
20251120,M7731,41016902,20251120,41,11,08,41_3410209,2,570,41016902,20251120064206,4110868,20251120071521,4111598,0,01,1,30270,1995,N
20251120,M7731,41016902,20251120,41,11,08,41_3412783,2,570,41016902,20251120183217,4106836,20251120191313,4111588,0,01,1,24330,2456,N
20251120,M7731,41016902,20251120,41,11,08,41_3419965,2,570,41016902,20251120170501,4177532,20251120173422,4111588,0,01,1,22980,1761,N
20251120,M7731,41016902,20251120,41,11,08,41_3461457,2,570,41016902,20251120161509,4106836,20251120165030,4111588,0,01,1,24330,2121,N
20251120,M7731,41016902,20251120,41,11,08,41_3484535,2,570,41016902,20251120143824,4106836,20251120152246,4116126,1,01,1,25350,2662,N
20251120,M7731,41016902,20251120,41,11,08,41_3506127,2,570,41016902,20251120071352,4177637,20251120073916,4111588,0,01,1,25830,1524,N
20251120,M7731,41016902,20251120,41,11,08,41_3508820,2,570,41016902,20251120070345,4110935,20251120073059,4116126,0,01,1,29730,1634,N
20251120,M7731,41016902,20251120,41,11,08,41_3512820,2,570,41016902,20251120171006,4106836,20251120175843,4111588,0,01,1,24330,2917,N
20251120,M7731,41016902,20251120,41,11,08,41_35625,2,570,41016902,20251120063744,4177448,20251120070518,4111588,0,01,1,22120,1654,N
20251120,M7731,41016902,20251120,41,11,08,41_35625,2,570,41016902,20251120215752,4177448,20251120222223,4111588,1,01,1,22120,1471,N
20251120,M7731,41016902,20251120,41,11,08,41_359597,2,570,41016902,20251120070336,4106836,20251120074329,4111588,0,01,1,24330,2393,N
20251120,M7731,41016902,20251120,41,11,08,41_3677500,2,570,41016902,20251120081240,4106836,20251120084127,4111588,0,01,1,24330,1727,N
20251120,M7731,41016902,20251120,41,11,08,41_3760486,2,570,41016902,20251120171702,4177532,20251120174634,4111588,0,01,1,22980,1772,N
20251120,M7731,41016902,20251120,41,11,08,41_3790818,2,570,41016902,20251120130617,4106836,20251120140008,4111588,0,01,1,24330,3231,N
20251120,M7731,41016902,20251120,41,11,08,41_3823756,2,570,41016902,20251120162411,4177448,20251120164518,4111588,0,01,1,22120,1267,N
20251120,M7731,41016902,20251120,41,11,08,41_3825980,2,570,41016902,20251120210409,4106836,20251120213306,4116126,0,01,1,25350,1737,N
20251120,M7731,41016902,20251120,41,11,08,41_3841314,2,570,41016902,20251120061755,4177510,20251120072723,4111588,0,01,1,29500,4168,N
20251120,M7731,41016902,20251120,41,11,08,41_3868074,2,570,41016902,20251120175139,4106836,20251120183013,4111588,0,01,1,24330,2314,N
20251120,M7731,41016902,20251120,41,11,08,41_389324,2,570,41016902,20251120110607,4106836,20251120114346,4116126,0,01,1,25350,2259,N
20251120,M7731,41016902,20251120,41,11,08,41_389324,2,570,41016902,20251120120406,4106836,20251120124750,4116126,0,01,1,25350,2624,N
20251120,M7731,41016902,20251120,41,11,08,41_3917425,2,570,41016902,20251120202533,4177532,20251120211030,4111588,0,01,1,22980,2697,N
20251120,M7731,41016902,20251120,41,11,08,41_391970,2,570,41016902,20251120081841,4177637,20251120084539,4116126,0,01,1,26850,1618,N
20251120,M7731,41016902,20251120,41,11,08,41_3936268,2,570,41016902,20251120200543,4106836,20251120205051,4116126,0,01,1,25350,2708,N
20251120,M7731,41016902,20251120,41,11,08,41_3961173,2,570,41016902,20251120131245,4106836,20251120133922,4111588,0,01,1,24330,1597,N
20251120,M7731,41016902,20251120,41,11,08,41_3963065,2,570,41016902,20251120131737,4177637,20251120140928,4111588,0,01,1,25830,3111,N
20251120,M7731,41016902,20251120,41,11,08,41_3965951,2,570,41016902,20251120135324,4177637,20251120144515,4111588,0,01,1,25830,3111,N
20251120,M7731,41016902,20251120,41,11,08,41_3983368,1,570,41016902,20251120175206,4177532,20251120182957,4111588,0,01,1,22980,2271,N
20251120,M7731,41016902,20251120,41,11,08,41_4011668,2,570,41016902,20251120083957,4177532,20251120091003,4116126,0,01,1,24000,1806,N
20251120,M7731,41016902,20251120,41,11,08,41_4025449,2,570,41016902,20251120201309,4177532,20251120210046,4111588,0,01,1,22980,2857,N
20251120,M7731,41016902,20251120,41,11,08,41_4059311,2,570,41016902,20251120160238,4177637,20251120163547,4116130,0,01,1,28090,1989,N
20251120,M7731,41016902,20251120,41,11,08,41_4061710,1,570,41016902,20251120215120,4177532,20251120221600,4111588,0,01,1,22980,1480,N
20251120,M7731,41016902,20251120,41,11,08,41_4109160,1,570,41016902,20251120190044,4177532,20251120195425,4111588,0,01,1,22980,3221,N
20251120,M7731,41016902,20251120,41,11,08,41_4138353,2,570,41016902,20251120225649,4106836,20251120233206,4111588,0,01,1,24330,2117,N
20251120,M7731,41016902,20251120,41,11,08,41_4152449,2,570,41016902,20251120081752,4177637,20251120090336,4111588,0,01,1,25830,2744,N
20251120,M7731,41016902,20251120,41,11,08,41_4187438,1,570,41016902,20251120172514,4177448,20251120181203,4111588,0,01,1,22120,2809,N
20251120,M7731,41016902,20251120,41,11,08,41_4199405,2,570,41016902,20251120172433,4177448,20251120181122,4116130,0,01,1,24380,2809,N
20251120,M7731,41016902,20251120,41,11,08,41_4203555,1,570,41016902,20251120181425,4177448,20251120190341,4116130,0,01,1,24380,2956,N
20251120,M7731,41016902,20251120,41,11,08,41_4203555,1,570,41016902,20251120194628,4177448,20251120202422,4116130,0,01,1,24380,2274,N
20251120,M7731,41016902,20251120,41,11,08,41_4232176,2,570,41016902,20251120181425,4177448,20251120190341,4111588,0,01,1,22120,2956,N
20251120,M7731,41016902,20251120,41,11,08,41_4235002,2,570,41016902,20251120181644,4177448,20251120190600,4116130,0,01,1,24380,2956,N
20251120,M7731,41016902,20251120,41,11,08,41_4253132,1,570,41016902,20251120124217,4177448,20251120131827,4111588,0,01,1,22120,2170,N
20251120,M7731,41016902,20251120,41,11,08,41_4255281,2,570,41016902,20251120074712,4177637,20251120082628,4111588,0,01,1,25830,2356,N
20251120,M7731,41016902,20251120,41,11,08,41_4255281,2,570,41016902,20251120225501,4177637,20251121000753,4111588,0,01,1,25830,4372,N
20251120,M7731,41016902,20251120,41,11,08,41_4257528,1,570,41016902,20251120193120,4106836,20251120203008,4111588,0,01,1,24330,3528,N
20251120,M7731,41016902,20251120,41,11,08,41_4260961,1,570,41016902,20251120181545,4106836,20251120190229,4116126,0,01,1,25350,2804,N
20251120,M7731,41016902,20251120,41,11,08,41_428024,2,570,41016902,20251120070456,4177532,20251120073707,4111588,1,01,1,22980,1931,N
20251120,M7731,41016902,20251120,41,11,08,41_4292942,2,570,41016902,20251120192109,4177448,20251120195903,4111588,0,01,1,22120,2274,N
20251120,M7731,41016902,20251120,41,11,08,41_4307960,2,570,41016902,20251120181452,4106836,20251120184744,4111588,0,01,1,24330,1972,N
20251120,M7731,41016902,20251120,41,11,08,41_4326226,2,570,41016902,20251120115825,4106836,20251120125145,4116126,0,01,1,25350,3200,N
20251120,M7731,41016902,20251120,41,11,08,41_4337670,2,570,41016902,20251120192115,4106836,20251120201729,4116126,0,01,1,25350,3374,N
20251120,M7731,41016902,20251120,41,11,08,41_435016,2,570,41016902,20251120190426,4106836,20251120194124,4116130,0,01,1,26590,2218,N
20251120,M7731,41016902,20251120,41,11,08,41_4367789,2,570,41016902,20251120213133,4177532,20251120215539,4111588,0,01,1,22980,1446,N
20251120,M7731,41016902,20251120,41,11,08,41_4414367,2,570,41016902,20251120141912,4177532,20251120144219,4116126,0,01,1,24000,1387,N
20251120,M7731,41016902,20251120,41,11,08,41_4441906,1,570,41016902,20251120135131,4106836,20251120141438,4116126,0,01,1,25350,1387,N
20251120,M7731,41016902,20251120,41,11,08,41_4446693,2,570,41016902,20251120112025,4177637,20251120114330,4111598,0,01,1,29120,1385,N
20251120,M7731,41016902,20251120,41,11,08,41_4510960,2,570,41016902,20251120092411,4106836,20251120100904,4111588,0,01,1,24330,2693,N
20251120,M7731,41016902,20251120,41,11,08,41_4533682,2,570,41016902,20251120165729,4110868,20251120173945,4111588,0,01,1,26980,2536,N
20251120,M7731,41016902,20251120,41,11,08,41_4563324,2,570,41016902,20251120172836,4177448,20251120180047,4111588,0,01,1,22120,1931,N
20251120,M7731,41016902,20251120,41,11,08,41_459574,1,570,41016902,20251120190426,4106836,20251120193937,4116126,0,01,1,25350,2111,N
20251120,M7731,41016902,20251120,41,11,08,41_461600,1,570,41016902,20251120110031,4177532,20251120113900,4111588,0,01,1,22980,2309,N
20251120,M7731,41016902,20251120,41,11,08,41_4644721,1,570,41016902,20251120172040,4106836,20251120175842,4111588,0,01,1,24330,2282,N
20251120,M7731,41016902,20251120,41,11,08,41_4644721,1,570,41016902,20251120190220,4106836,20251120193923,4111588,0,01,1,24330,2223,N
20251120,M7731,41016902,20251120,41,11,08,41_4661853,2,570,41016902,20251120094221,4177448,20251120102141,4116126,0,01,1,23140,2360,N
20251120,M7731,41016902,20251120,41,11,08,41_4676387,2,570,41016902,20251120175309,4177448,20251120183111,4111588,0,01,1,22120,2282,N
20251120,M7731,41016902,20251120,41,11,08,41_4708019,2,570,41016902,20251120061653,4110935,20251120064405,4111588,0,01,1,28710,1632,N
20251120,M7731,41016902,20251120,41,11,08,41_4727016,2,570,41016902,20251120213922,4177532,20251120222123,4111588,0,01,1,22980,2521,N
20251120,M7731,41016902,20251120,41,11,08,41_4729114,2,570,41016902,20251120112422,4177510,20251120114728,4111588,0,01,1,29500,1386,N
20251120,M7731,41016902,20251120,41,11,08,41_478105,1,570,41016902,20251120080222,4177448,20251120084738,4111588,0,01,1,22120,2716,N
20251120,M7731,41016902,20251120,41,11,08,41_480640,1,570,41016902,20251120110240,4177532,20251120113745,4116126,0,01,1,24000,2105,N
20251120,M7731,41016902,20251120,41,11,08,41_4825902,1,570,41016902,20251120130532,4177448,20251120133535,4111588,0,01,1,22120,1803,N
20251120,M7731,41016902,20251120,41,11,08,41_4839244,2,570,41016902,20251120104229,4177637,20251120111234,4111588,0,01,1,25830,1805,N
20251120,M7731,41016902,20251120,41,11,08,41_4871468,2,570,41016902,20251120072056,4177448,20251120075502,4116126,0,01,1,23140,2046,N
20251120,M7731,41016902,20251120,41,11,08,41_4888296,2,570,41016902,20251120104304,4177448,20251120111202,4111588,0,01,1,22120,1738,N
20251120,M7731,41016902,20251120,41,11,08,41_4888296,2,570,41016902,20251120130038,4177448,20251120133150,4116126,0,01,1,23140,1872,N
20251120,M7731,41016902,20251120,41,11,08,41_4892182,2,570,41016902,20251120161921,4177510,20251120165356,4111588,0,01,1,29500,2075,N
20251120,M7731,41016902,20251120,41,11,08,41_4916517,2,570,41016902,20251120212101,4177448,20251120214710,4111588,0,01,1,22120,1569,N
20251120,M7731,41016902,20251120,41,11,08,41_5066988,1,570,41016902,20251120171242,4110868,20251120174930,4116126,0,01,1,28000,2208,N
20251120,M7731,41016902,20251120,41,11,08,41_5112611,2,570,41016902,20251120072101,4106836,20251120080111,4111598,1,01,2,27620,2410,N
20251120,M7731,41016902,20251120,41,11,08,41_5118118,2,570,41016902,20251120214620,4106836,20251120222330,4116126,0,01,1,25350,2230,N
20251120,M7731,41016902,20251120,41,11,08,41_5120097,2,570,41016902,20251120071040,4110935,20251120075330,4111588,0,01,1,28710,2570,N
20251120,M7731,41016902,20251120,41,11,08,41_513374,2,570,41016902,20251120061254,4177532,20251120070512,4109162,0,01,1,28030,3138,N
20251120,M7731,41016902,20251120,41,11,08,41_5136758,2,570,41016902,20251120182043,4177532,20251120190853,4111588,0,01,1,22980,2890,N
20251120,M7731,41016902,20251120,41,11,08,41_5140485,2,570,41016902,20251120232122,4106836,20251121000823,4116126,1,01,1,25350,2821,N
20251120,M7731,41016902,20251120,41,11,08,41_5145708,2,570,41016902,20251120082446,4177448,20251120090345,4111588,0,01,1,22120,2339,N
20251120,M7731,41016902,20251120,41,11,08,41_5146125,2,570,41016902,20251120152144,4177637,20251120155438,4111588,0,01,1,25830,1974,N
20251120,M7731,41016902,20251120,41,11,08,41_5219900,2,570,41016902,20251120150416,4106836,20251120154624,4116126,0,01,1,25350,2528,N
20251120,M7731,41016902,20251120,41,11,08,41_5219900,2,570,41016902,20251120180855,4106836,20251120184619,4116126,0,01,1,25350,2244,N
20251120,M7731,41016902,20251120,41,11,08,41_5229480,2,570,41016902,20251120061430,4177637,20251120064223,4116130,0,01,1,28090,1673,N
20251120,M7731,41016902,20251120,41,11,08,41_5250397,2,570,41016902,20251120083113,4177448,20251120091121,4116126,0,01,1,23140,2408,N
20251120,M7731,41016902,20251120,41,11,08,41_529118,2,570,41016902,20251120215648,4177448,20251120222426,4111588,0,01,1,22120,1658,N
20251120,M7731,41016902,20251120,41,11,08,41_5294861,1,570,41016902,20251120103523,4106836,20251120105737,4111588,0,01,1,24330,1334,N
20251120,M7731,41016902,20251120,41,11,08,41_529680,2,570,41016902,20251120215247,4177448,20251120223058,4111588,0,01,1,22120,2291,N
20251120,M7731,41016902,20251120,41,11,08,41_5320580,2,570,41016902,20251120073029,4177510,20251120075033,4111588,0,01,1,29500,1204,N
20251120,M7731,41016902,20251120,41,11,08,41_5354332,2,570,41016902,20251120081006,4110868,20251120083030,4111588,0,01,1,26980,1224,N
20251120,M7731,41016902,20251120,41,11,08,41_5405935,2,570,41016902,20251120190133,4177532,20251120194242,4111588,0,01,1,22980,2469,N
20251120,M7731,41016902,20251120,41,11,08,41_541623,2,570,41016902,20251120142238,4177448,20251120150628,4116126,0,01,1,23140,2630,N
20251120,M7731,41016902,20251120,41,11,08,41_5426878,2,570,41016902,20251120142222,4106836,20251120145406,4116126,0,01,1,25350,1904,N
20251120,M7731,41016902,20251120,41,11,08,41_5427552,2,570,41016902,20251120070230,4106836,20251120075722,4116130,1,01,1,26590,3292,N
20251120,M7731,41016902,20251120,41,11,08,41_5441546,2,570,41016902,20251120163044,4177448,20251120165446,4111588,0,01,1,22120,1442,N
20251120,M7731,41016902,20251120,41,11,08,41_5460424,2,570,41016902,20251120151712,4177448,20251120154113,4111588,0,01,1,22120,1441,N
20251120,M7731,41016902,20251120,41,11,08,41_5478345,2,570,41016902,20251120114035,4106836,20251120123401,4116126,1,01,1,25350,3206,N
20251120,M7731,41016902,20251120,41,11,08,41_5483035,1,570,41016902,20251120183201,4106836,20251120185058,4111588,0,01,1,24330,1137,N
20251120,M7731,41016902,20251120,41,11,08,41_5498755,2,570,41016902,20251120181132,4106836,20251120190754,4116126,1,01,1,25350,3382,N
20251120,M7731,41016902,20251120,41,11,08,41_5541081,1,570,41016902,20251120175329,4177448,20251120181448,4116126,0,01,1,23140,1279,N
20251120,M7731,41016902,20251120,41,11,08,41_5549919,2,570,41016902,20251120071720,4106836,20251120075724,4111588,1,01,1,24330,2404,N
20251120,M7731,41016902,20251120,41,11,08,41_5580596,2,570,41016902,20251120151946,4106836,20251120154925,4116130,0,01,1,26590,1779,N
20251120,M7731,41016902,20251120,41,11,08,41_5602475,1,570,41016902,20251120100324,4177637,20251120110043,4111598,0,01,1,29120,3439,N
20251120,M7731,41016902,20251120,41,11,08,41_5650338,2,570,41016902,20251120220442,4177448,20251120222623,4111588,0,01,1,22120,1301,N
20251120,M7731,41016902,20251120,41,11,08,41_5661940,2,570,41016902,20251120120459,4106836,20251120130818,4109162,0,01,1,29380,3799,N
20251120,M7731,41016902,20251120,41,11,08,41_5661940,2,570,41016902,20251120150819,4106836,20251120160334,4109162,0,01,1,29380,3315,N
20251120,M7731,41016902,20251120,41,11,08,41_5672478,2,570,41016902,20251120203502,4177448,20251120210615,4116126,0,01,1,23140,1873,N
20251120,M7731,41016902,20251120,41,11,08,41_5695863,2,570,41016902,20251120213015,4177448,20251120215246,4111588,1,01,1,22120,1351,N
20251120,M7731,41016902,20251120,41,11,08,41_5702953,1,570,41016902,20251120070547,4106836,20251120081517,4111588,0,01,1,24330,4170,N
20251120,M7731,41016902,20251120,41,11,08,41_5718539,2,570,41016902,20251120120207,4177532,20251120123049,4111588,0,01,1,22980,1722,N
20251120,M7731,41016902,20251120,41,11,08,41_5725878,1,570,41016902,20251120120207,4177532,20251120123804,4116126,0,01,1,24000,2157,N
20251120,M7731,41016902,20251120,41,11,08,41_5738295,1,570,41016902,20251120064456,4177637,20251120072042,4111588,0,01,1,25830,2146,N
20251120,M7731,41016902,20251120,41,11,08,41_5738704,2,570,41016902,20251120121219,4177510,20251120124816,4116126,0,01,1,30520,2157,N
20251120,M7731,41016902,20251120,41,11,08,41_5748692,2,570,41016902,20251120133044,4177637,20251120142359,4116126,0,01,1,26850,3195,N
20251120,M7731,41016902,20251120,41,11,08,41_5774675,2,570,41016902,20251120121224,4177448,20251120124635,4111588,0,01,1,22120,2051,N
20251120,M7731,41016902,20251120,41,11,08,41_5788621,1,570,41016902,20251120064454,4177448,20251120071250,4111588,0,01,1,22120,1676,N
20251120,M7731,41016902,20251120,41,11,08,41_583115,2,570,41016902,20251120201052,4177637,20251120205445,4111588,0,01,1,25830,2633,N
20251120,M7731,41016902,20251120,41,11,08,41_585317,2,570,41016902,20251120061521,4177637,20251120065914,4111588,0,01,1,25830,2633,N
20251120,M7731,41016902,20251120,41,11,08,41_5889439,1,570,41016902,20251120072200,4177532,20251120074658,4111588,0,01,1,22980,1498,N
20251120,M7731,41016902,20251120,41,11,08,41_5889439,1,570,41016902,20251120154547,4177532,20251120164407,4111588,0,01,1,22980,3500,N
20251120,M7731,41016902,20251120,41,11,08,41_590103,2,570,41016902,20251120132252,4177448,20251120134558,4111588,0,01,1,22120,1386,N
20251120,M7731,41016902,20251120,41,11,08,41_5953138,2,570,41016902,20251120080820,4106836,20251120085015,4111588,1,01,1,24330,2515,N
20251120,M7731,41016902,20251120,41,11,08,41_599131,2,570,41016902,20251120213232,4177448,20251120220715,4111588,0,01,1,22120,2083,N
20251120,M7731,41016902,20251120,41,11,08,41_5994166,2,570,41016902,20251120224459,4177448,20251120230817,4111588,0,01,1,22120,1398,N
20251120,M7731,41016902,20251120,41,11,08,41_6018145,2,570,41016902,20251120124241,4106836,20251120131935,4111588,1,01,1,24330,2214,N
20251120,M7731,41016902,20251120,41,11,08,41_6034039,2,570,41016902,20251120142807,4106836,20251120150207,4116126,0,01,1,25350,2040,N
20251120,M7731,41016902,20251120,41,11,08,41_603649,2,570,41016902,20251120122854,4106836,20251120132012,4116126,0,01,1,25350,3078,N
20251120,M7731,41016902,20251120,41,11,08,41_6039947,2,570,41016902,20251120121152,4106836,20251120124807,4111588,0,01,1,24330,2175,N
20251120,M7731,41016902,20251120,41,11,08,41_6089904,2,570,41016902,20251120115550,4107446,20251120123208,4111588,0,01,1,27870,2178,N
20251120,M7731,41016902,20251120,41,11,08,41_6090460,2,570,41016902,20251120103948,4106836,20251120111132,4111588,0,01,1,24330,1904,N
20251120,M7731,41016902,20251120,41,11,08,41_6099791,2,570,41016902,20251120101405,4177448,20251120105310,4111588,0,01,1,22120,2345,N
20251120,M7731,41016902,20251120,41,11,08,41_612754,2,570,41016902,20251120074048,4110935,20251120084549,4111588,0,01,1,28710,3901,N
20251120,M7731,41016902,20251120,41,11,08,41_6131496,2,570,41016902,20251120210655,4177448,20251120213844,4111588,0,01,1,22120,1909,N
20251120,M7731,41016902,20251120,41,11,08,41_615105,1,570,41016902,20251120195437,4177448,20251120202230,4116126,0,01,1,23140,1673,N
20251120,M7731,41016902,20251120,41,11,08,41_6155474,2,570,41016902,20251120162128,4106836,20251120172129,4111588,0,01,1,24330,3601,N
20251120,M7731,41016902,20251120,41,11,08,41_6155474,2,570,41016902,20251120233106,4106836,20251121000550,4111588,0,01,1,24330,2084,N
20251120,M7731,41016902,20251120,41,11,08,41_6192539,2,570,41016902,20251120071650,4110935,20251120080437,4111588,0,01,1,28710,2867,N
20251120,M7731,41016902,20251120,41,11,08,41_6194557,2,570,41016902,20251120082357,4106836,20251120085512,4111588,1,01,1,24330,1875,N
20251120,M7731,41016902,20251120,41,11,08,41_6201544,2,570,41016902,20251120151031,4177532,20251120155920,4111588,0,01,1,22980,2929,N
20251120,M7731,41016902,20251120,41,11,08,41_6222189,2,570,41016902,20251120160702,4177532,20251120164156,4111588,0,01,1,22980,2094,N
20251120,M7731,41016902,20251120,41,11,08,41_6228875,2,570,41016902,20251120070504,4177448,20251120074704,4111588,0,01,1,22120,2520,N
20251120,M7731,41016902,20251120,41,11,08,41_6247122,1,570,41016902,20251120151122,4177532,20251120154643,4116126,0,01,1,24000,2121,N
20251120,M7731,41016902,20251120,41,11,08,41_6247531,2,570,41016902,20251120173834,4177448,20251120182254,4116126,0,01,1,23140,2660,N
20251120,M7731,41016902,20251120,41,11,08,41_6280460,1,570,41016902,20251120110841,4106836,20251120114743,4111588,1,01,1,24330,2342,N
20251120,M7731,41016902,20251120,41,11,08,41_6293284,2,570,41016902,20251120074938,4177637,20251120085420,4111588,0,01,1,25830,3882,N
20251120,M7731,41016902,20251120,41,11,08,41_6293873,2,570,41016902,20251120174235,4177448,20251120183539,4111588,0,01,1,22120,3184,N
20251120,M7731,41016902,20251120,41,11,08,41_6367265,1,570,41016902,20251120151940,4106836,20251120160824,4111588,0,01,1,24330,2924,N
20251120,M7731,41016902,20251120,41,11,08,41_63750,1,570,41016902,20251120062704,4177637,20251120070314,4111588,0,01,1,25830,2170,N
20251120,M7731,41016902,20251120,41,11,08,41_6534766,2,570,41016902,20251121002720,4106836,20251121011245,4116130,0,01,1,26590,2725,N
20251120,M7731,41016902,20251120,41,11,08,41_6543493,2,570,41016902,20251120090835,4177637,20251120093206,4111598,0,01,1,29120,1411,N
20251120,M7731,41016902,20251120,41,11,08,41_6543493,2,570,41016902,20251120130154,4177637,20251120135034,4111588,0,01,1,25830,2920,N
20251120,M7731,41016902,20251120,41,11,08,41_6587715,2,570,41016902,20251120090835,4177637,20251120095456,4111588,0,01,1,25830,2781,N
20251120,M7731,41016902,20251120,41,11,08,41_6605392,1,570,41016902,20251120192137,4106836,20251120200018,4116126,0,01,1,25350,2321,N
20251120,M7731,41016902,20251120,41,11,08,41_6620877,2,570,41016902,20251120220235,4177532,20251120223152,4111588,0,01,1,22980,1757,N
20251120,M7731,41016902,20251120,41,11,08,41_6649311,2,570,41016902,20251120193810,4106836,20251120201015,4116126,1,01,1,25350,1925,N
20251120,M7731,41016902,20251120,41,11,08,41_6713777,2,570,41016902,20251120100640,4177448,20251120103026,4111588,0,01,1,22120,1426,N
20251120,M7731,41016902,20251120,41,11,08,41_6740649,2,570,41016902,20251120121902,4106836,20251120125442,4111588,0,01,1,24330,2140,N
20251120,M7731,41016902,20251120,41,11,08,41_6749290,2,570,41016902,20251120122557,4177532,20251120125432,4111588,0,01,1,22980,1715,N
20251120,M7731,41016902,20251120,41,11,08,41_6762088,2,570,41016902,20251120190109,4177448,20251120192819,4111588,0,01,1,22120,1630,N
20251120,M7731,41016902,20251120,41,11,08,41_6765394,2,570,41016902,20251120165711,4106836,20251120173632,4111588,0,01,1,24330,2361,N
20251120,M7731,41016902,20251120,41,11,08,41_677521,2,570,41016902,20251120094643,4107446,20251120104718,4111588,0,01,1,27870,3635,N
20251120,M7731,41016902,20251120,41,11,08,41_6784319,2,570,41016902,20251120160358,4177532,20251120164709,4111588,0,01,1,22980,2591,N
20251120,M7731,41016902,20251120,41,11,08,41_6785386,2,570,41016902,20251120110111,4106836,20251120115045,4111588,0,01,1,24330,2974,N
20251120,M7731,41016902,20251120,41,11,08,41_680367,2,570,41016902,20251120145222,4177637,20251120152514,4111588,0,01,1,25830,1972,N
20251120,M7731,41016902,20251120,41,11,08,41_683908,2,570,41016902,20251120174617,4106836,20251120182535,4111588,0,01,1,24330,2358,N
20251120,M7731,41016902,20251120,41,11,08,41_6852132,2,570,41016902,20251120190526,4110868,20251120194022,4111588,0,01,1,26980,2096,N
20251120,M7731,41016902,20251120,41,11,08,41_6854638,2,570,41016902,20251120155627,4106836,20251120162952,4116126,0,01,1,25350,2005,N
20251120,M7731,41016902,20251120,41,11,08,41_687155,2,570,41016902,20251120094643,4107446,20251120103610,4111588,0,01,1,27870,2967,N
20251120,M7731,41016902,20251120,41,11,08,41_6876337,2,570,41016902,20251120071702,4107446,20251120074301,4116126,0,01,1,28890,1559,N
20251120,M7731,41016902,20251120,41,11,08,41_6930896,2,570,41016902,20251120144425,4177448,20251120152447,4111588,0,01,1,22120,2422,N
20251120,M7731,41016902,20251120,41,11,08,41_6967264,2,570,41016902,20251120144553,4177448,20251120152615,4111588,0,01,1,22120,2422,N
20251120,M7731,41016902,20251120,41,11,08,41_7030183,1,570,41016902,20251120091810,4106836,20251120095438,4111588,0,01,1,24330,2188,N
20251120,M7731,41016902,20251120,41,11,08,41_7033966,2,570,41016902,20251120101604,4107446,20251120104847,4116126,0,01,1,28890,1963,N
20251120,M7731,41016902,20251120,41,11,08,41_7033966,2,570,41016902,20251120123938,4107446,20251120131304,4116126,0,01,1,28890,2006,N
20251120,M7731,41016902,20251120,41,11,08,41_7035329,1,570,41016902,20251120060527,4177448,20251120064354,4111588,0,01,1,22120,2307,N
20251120,M7731,41016902,20251120,41,11,08,41_7043764,1,570,41016902,20251120060545,4177448,20251120064618,4116126,0,01,1,23140,2433,N
20251120,M7731,41016902,20251120,41,11,08,41_7074435,2,570,41016902,20251120083211,4177448,20251120085535,4111588,0,01,1,22120,1404,N
20251120,M7731,41016902,20251120,41,11,08,41_7101582,2,570,41016902,20251120060155,4106836,20251120064113,4116126,0,01,1,25350,2358,N
20251120,M7731,41016902,20251120,41,11,08,41_7101582,2,570,41016902,20251120170540,4106836,20251120175003,4116126,0,01,1,25350,2663,N
20251120,M7731,41016902,20251120,41,11,08,41_7101582,2,570,41016902,20251120190431,4106836,20251120194932,4116126,0,01,1,25350,2701,N
20251120,M7731,41016902,20251120,41,11,08,41_7111055,2,570,41016902,20251120110347,4177448,20251120113750,4111588,0,01,1,22120,2043,N
20251120,M7731,41016902,20251120,41,11,08,41_7116130,2,570,41016902,20251120054321,4177637,20251120063103,4111588,0,01,1,25830,2862,N
20251120,M7731,41016902,20251120,41,11,08,41_7126693,2,570,41016902,20251120224458,4177532,20251120233006,4111588,0,01,1,22980,2708,N
20251120,M7731,41016902,20251120,41,11,08,41_7144069,2,570,41016902,20251120125859,4106836,20251120132809,4111588,1,01,1,24330,1750,N
20251120,M7731,41016902,20251120,41,11,08,41_7155233,2,570,41016902,20251121003514,4106836,20251121010951,4116126,0,01,1,25350,2077,N
20251120,M7731,41016902,20251120,41,11,08,41_7178597,2,570,41016902,20251120201005,4106836,20251120204824,4116130,0,01,1,26590,2299,N
20251120,M7731,41016902,20251120,41,11,08,41_7205013,1,570,41016902,20251120185251,4110935,20251120195136,4111588,0,01,1,28710,3525,N
20251120,M7731,41016902,20251120,41,11,08,41_7214287,2,570,41016902,20251120084658,4110868,20251120092707,4111588,0,01,1,26980,2409,N
20251120,M7731,41016902,20251120,41,11,08,41_7215849,2,570,41016902,20251120183101,4106836,20251120190113,4111588,0,01,1,24330,1812,N
20251120,M7731,41016902,20251120,41,11,08,41_7249157,2,570,41016902,20251120213512,4177637,20251120221237,4116126,0,01,1,26850,2245,N
20251120,M7731,41016902,20251120,41,11,08,41_728078,2,570,41016902,20251120170650,4106836,20251120174625,4111588,0,01,1,24330,2375,N
20251120,M7731,41016902,20251120,41,11,08,41_7305240,1,570,41016902,20251120073450,4106836,20251120080906,4111588,0,01,1,24330,2056,N
20251120,M7731,41016902,20251120,41,11,08,41_7345056,2,570,41016902,20251120150528,4177448,20251120151958,4111588,0,01,1,22120,870,N
20251120,M7731,41016902,20251120,41,11,08,41_734838,2,570,41016902,20251120134034,4106836,20251120142531,4111588,0,01,1,24330,2697,N
20251120,M7731,41016902,20251120,41,11,08,41_7470589,1,570,41016902,20251120164722,4177510,20251120171145,4116126,0,01,1,30520,1463,N
20251120,M7731,41016902,20251120,41,11,08,41_7471564,2,570,41016902,20251120181001,4177532,20251120185100,4111588,0,01,1,22980,2459,N
20251120,M7731,41016902,20251120,41,11,08,41_7494638,2,570,41016902,20251120122556,4177510,20251120125524,4116130,0,01,1,31760,1768,N
20251120,M7731,41016902,20251120,41,11,08,41_7505899,1,570,41016902,20251120062739,4177510,20251120074019,4116126,0,01,1,30520,4360,N
20251120,M7731,41016902,20251120,41,11,08,41_7620676,2,570,41016902,20251120170352,4106836,20251120174831,4111588,0,01,1,24330,2679,N
20251120,M7731,41016902,20251120,41,11,08,41_7630482,2,570,41016902,20251120120307,4107446,20251120124623,4116126,0,01,1,28890,2596,N
20251120,M7731,41016902,20251120,41,11,08,41_7661556,2,570,41016902,20251120111101,4106836,20251120115930,4111588,0,01,1,24330,2909,N
20251120,M7731,41016902,20251120,41,11,08,41_7661556,2,570,41016902,20251120140927,4106836,20251120144854,4111588,0,01,1,24330,2367,N
20251120,M7731,41016902,20251120,41,11,08,41_7737797,2,570,41016902,20251120212633,4177448,20251120215131,4111588,0,01,1,22120,1498,N
20251120,M7731,41016902,20251120,41,11,08,41_7740613,2,570,41016902,20251120220135,4106836,20251120224156,4116126,0,01,1,25350,2421,N
20251120,M7731,41016902,20251120,41,11,08,41_7744326,2,570,41016902,20251120071655,4106836,20251120074623,4109162,1,01,1,29380,1768,N
20251120,M7731,41016902,20251120,41,11,08,41_7754207,2,570,41016902,20251120224355,4106836,20251120232620,4116126,0,01,1,25350,2545,N
20251120,M7731,41016902,20251120,41,11,08,41_7792135,1,570,41016902,20251120055230,4177510,20251120065051,4116130,0,01,1,31760,3501,N
20251120,M7731,41016902,20251120,41,11,08,41_7800062,2,570,41016902,20251120112850,4177532,20251120120846,4111588,0,01,1,22980,2396,N
20251120,M7731,41016902,20251120,41,11,08,41_7809465,2,570,41016902,20251120055423,4177448,20251120062159,4111588,0,01,1,22120,1656,N
20251120,M7731,41016902,20251120,41,11,08,41_7809465,2,570,41016902,20251120113854,4177448,20251120120705,4111588,0,01,1,22120,1691,N
20251120,M7731,41016902,20251120,41,11,08,41_78147,1,570,41016902,20251120083158,4177448,20251120090348,4111588,0,01,1,22120,1910,N
20251120,M7731,41016902,20251120,41,11,08,41_7822146,1,570,41016902,20251120183608,4106836,20251120191222,4111588,0,01,1,24330,2174,N
20251120,M7731,41016902,20251120,41,11,08,41_7858037,2,570,41016902,20251120170044,4177532,20251120173645,4116126,0,01,1,24000,2161,N
20251120,M7731,41016902,20251120,41,11,08,41_7960191,2,570,41016902,20251120154616,4106836,20251120161217,4111588,0,01,1,24330,1561,N
20251120,M7731,41016902,20251120,41,11,08,41_7974367,2,570,41016902,20251120090827,4177448,20251120095818,4111588,0,01,1,22120,2991,N
20251120,M7731,41016902,20251120,41,11,08,41_7976585,2,570,41016902,20251120073111,4177532,20251120075646,4111588,0,01,1,22980,1535,N
20251120,M7731,41016902,20251120,41,11,08,41_79996,1,570,41016902,20251120081757,4106836,20251120092840,4111588,0,01,1,24330,4243,N
20251120,M7731,41016902,20251120,41,11,08,41_8016128,2,570,41016902,20251120054857,4107446,20251120063817,4111588,0,01,1,27870,2960,N
20251120,M7731,41016902,20251120,41,11,08,41_8017226,2,570,41016902,20251120160208,4177532,20251120164106,4111588,0,01,1,22980,2338,N
20251120,M7731,41016902,20251120,41,11,08,41_8017226,2,570,41016902,20251120170320,4177532,20251120173204,4111588,0,01,1,22980,1724,N
20251120,M7731,41016902,20251120,41,11,08,41_8109761,2,570,41016902,20251120221423,4177448,20251120225459,4111588,0,01,1,22120,2436,N
20251120,M7731,41016902,20251120,41,11,08,41_8115551,2,570,41016902,20251120170401,4177510,20251120181717,4111588,0,01,1,29500,4396,N
20251120,M7731,41016902,20251120,41,11,08,41_8159457,2,570,41016902,20251121000017,4106836,20251121003011,4116126,0,01,1,25350,1794,N
20251120,M7731,41016902,20251120,41,11,08,41_8159688,2,570,41016902,20251120091126,4177532,20251120094635,4116126,0,01,1,24000,2109,N
20251120,M7731,41016902,20251120,41,11,08,41_8175124,1,570,41016902,20251120055446,4177637,20251120062241,4116126,0,01,1,26850,1675,N
20251120,M7731,41016902,20251120,41,11,08,41_8175505,1,570,41016902,20251120054312,4177510,20251120065628,4111588,0,01,1,29500,4396,N
20251120,M7731,41016902,20251120,41,11,08,41_8175575,2,570,41016902,20251120132903,4177510,20251120144116,4111588,0,01,1,29500,4333,N
20251120,M7731,41016902,20251120,41,11,08,41_8202230,1,570,41016902,20251120204558,4177448,20251120211517,4111588,0,01,1,22120,1759,N
20251120,M7731,41016902,20251120,41,11,08,41_8217443,2,570,41016902,20251120151730,4177532,20251120155441,4111588,0,01,1,22980,2231,N
20251120,M7731,41016902,20251120,41,11,08,41_8231132,2,570,41016902,20251120182741,4106836,20251120191723,4111588,1,01,1,24330,2982,N
20251120,M7731,41016902,20251120,41,11,08,41_82473,2,570,41016902,20251120070630,4177448,20251120075547,4111588,0,01,1,22120,2957,N
20251120,M7731,41016902,20251120,41,11,08,41_8249014,1,570,41016902,20251120183108,4177532,20251120190126,4111588,0,01,1,22980,1818,N
20251120,M7731,41016902,20251120,41,11,08,41_8254911,2,570,41016902,20251120071225,4177448,20251120073830,4111588,1,01,1,22120,1565,N
20251120,M7731,41016902,20251120,41,11,08,41_8275129,2,570,41016902,20251120101844,4106836,20251120110647,4116126,0,01,1,25350,2883,N
20251120,M7731,41016902,20251120,41,11,08,41_8279378,2,570,41016902,20251120101839,4106836,20251120104811,4111588,0,01,1,24330,1772,N
20251120,M7731,41016902,20251120,41,11,08,41_8279378,2,570,41016902,20251120182747,4106836,20251120190109,4111588,0,01,1,24330,2002,N
20251120,M7731,41016902,20251120,41,11,08,41_8285101,2,570,41016902,20251120181636,4177448,20251120185022,4111588,0,01,1,22120,2026,N
20251120,M7731,41016902,20251120,41,11,08,41_8285101,2,570,41016902,20251120213205,4177448,20251120220118,4111588,0,01,1,22120,1753,N
20251120,M7731,41016902,20251120,41,11,08,41_8289951,2,570,41016902,20251120064225,4110868,20251120072951,4109162,0,01,1,32030,2846,N
20251120,M7731,41016902,20251120,41,11,08,41_832849,2,570,41016902,20251120080134,4106836,20251120083534,4111588,0,01,1,24330,2040,N
20251120,M7731,41016902,20251120,41,11,08,41_833486,2,570,41016902,20251120180633,4106836,20251120184516,4116126,0,01,1,25350,2323,N
20251120,M7731,41016902,20251120,41,11,08,41_8365443,2,570,41016902,20251120092032,4177448,20251120094601,4111588,0,01,1,22120,1529,N
20251120,M7731,41016902,20251120,41,11,08,41_8393579,2,570,41016902,20251121011946,4106836,20251121015134,4116126,0,01,1,25350,1908,N
20251120,M7731,41016902,20251120,41,11,08,41_8401088,2,570,41016902,20251120155704,4177448,20251120163944,4116126,0,01,1,23140,2560,N
20251120,M7731,41016902,20251120,41,11,08,41_8401545,2,570,41016902,20251120155704,4177448,20251120163513,4116126,0,01,1,23140,2289,N
20251120,M7731,41016902,20251120,41,11,08,41_8407726,2,570,41016902,20251120164942,4177637,20251120173552,4116126,0,01,1,26850,2770,N
20251120,M7731,41016902,20251120,41,11,08,41_8431521,2,570,41016902,20251120204311,4177448,20251120212336,4111588,0,01,1,22120,2425,N
20251120,M7731,41016902,20251120,41,11,08,41_8455283,2,570,41016902,20251120171703,4177637,20251120180718,4111588,0,01,1,25830,3015,N
20251120,M7731,41016902,20251120,41,11,08,41_8474764,1,570,41016902,20251120200233,4177448,20251120202615,4111588,0,01,1,22120,1422,N
20251120,M7731,41016902,20251120,41,11,08,41_8498808,2,570,41016902,20251120164942,4177637,20251120173552,4116126,0,01,1,26850,2770,N
20251120,M7731,41016902,20251120,41,11,08,41_8503470,2,570,41016902,20251120122944,4106836,20251120130048,4116130,1,01,1,26590,1864,N
20251120,M7731,41016902,20251120,41,11,08,41_8503978,2,570,41016902,20251120224150,4177448,20251120232300,4111588,0,01,1,22120,2470,N
20251120,M7731,41016902,20251120,41,11,08,41_8529436,2,570,41016902,20251120223807,4177448,20251120232140,4116126,0,01,1,23140,2613,N
20251120,M7731,41016902,20251120,41,11,08,41_8548769,2,570,41016902,20251120072105,4177637,20251120080153,4111588,0,01,1,25830,2448,N
20251120,M7731,41016902,20251120,41,11,08,41_8549369,2,570,41016902,20251120071606,4106836,20251120075727,4111588,0,01,1,24330,2481,N
20251120,M7731,41016902,20251120,41,11,08,41_8553321,1,570,41016902,20251120173814,4107446,20251120181754,4111588,0,01,1,27870,2380,N
20251120,M7731,41016902,20251120,41,11,08,41_8599603,1,570,41016902,20251120071622,4177637,20251120075927,4116126,0,01,1,26850,2585,N
20251120,M7731,41016902,20251120,41,11,08,41_8608148,2,570,41016902,20251120103320,4177637,20251120111933,4116126,0,01,1,26850,2773,N
20251120,M7731,41016902,20251120,41,11,08,41_8627070,2,570,41016902,20251120172933,4177637,20251120181546,4116126,0,01,1,26850,2773,N
20251120,M7731,41016902,20251120,41,11,08,41_8681050,2,570,41016902,20251120073018,4177448,20251120081003,4111588,0,01,1,22120,2385,N
20251120,M7731,41016902,20251120,41,11,08,41_8747150,2,570,41016902,20251120221555,4106836,20251120225457,4111588,0,01,1,24330,2342,N
20251120,M7731,41016902,20251120,41,11,08,41_8768404,2,570,41016902,20251120063139,4106836,20251120070839,4111588,0,01,1,24330,2220,N
20251120,M7731,41016902,20251120,41,11,08,41_8775556,2,570,41016902,20251120111929,4106836,20251120115848,4111588,0,01,1,24330,2359,N
20251120,M7731,41016902,20251120,41,11,08,41_8809299,2,570,41016902,20251120074627,4177448,20251120082958,4111599,0,01,1,26060,2611,N
20251120,M7731,41016902,20251120,41,11,08,41_8809299,2,570,41016902,20251120110128,4177448,20251120113636,4111599,0,01,1,26060,2108,N
20251120,M7731,41016902,20251120,41,11,08,41_8809299,2,570,41016902,20251120140511,4177448,20251120143422,4116130,0,01,2,24380,1751,N
20251120,M7731,41016902,20251120,41,11,08,41_8812978,2,570,41016902,20251120120432,4177448,20251120123940,4111599,1,01,1,26060,2108,N
20251120,M7731,41016902,20251120,41,11,08,41_8812978,2,570,41016902,20251120163439,4177448,20251120170538,4116126,1,01,1,23140,1859,N
20251120,M7731,41016902,20251120,41,11,08,41_8827258,1,570,41016902,20251120111405,4177448,20251120113657,4111588,0,01,1,22120,1372,N
20251120,M7731,41016902,20251120,41,11,08,41_8858829,2,570,41016902,20251120180554,4177532,20251120184917,4116130,0,01,1,25240,2603,N
20251120,M7731,41016902,20251120,41,11,08,41_8947688,2,570,41016902,20251120162855,4106836,20251120170514,4111588,0,01,1,24330,2179,N
20251120,M7731,41016902,20251120,41,11,08,41_8977425,2,570,41016902,20251120123412,4106836,20251120131631,4111588,0,01,1,24330,2539,N
20251120,M7731,41016902,20251120,41,11,08,41_900558,2,570,41016902,20251120070626,4177448,20251120073243,4111588,0,01,1,22120,1577,N
20251120,M7731,41016902,20251120,41,11,08,41_9032275,2,570,41016902,20251120072217,4177448,20251120081313,4111588,1,01,1,22120,3056,N
20251120,M7731,41016902,20251120,41,11,08,41_9034363,2,570,41016902,20251120214213,4177448,20251120220945,4111588,0,01,1,22120,1652,N
20251120,M7731,41016902,20251120,41,11,08,41_9037309,1,570,41016902,20251120182204,4177532,20251120185456,4111588,0,01,1,22980,1972,N
20251120,M7731,41016902,20251120,41,11,08,41_9048744,2,570,41016902,20251120101831,4106836,20251120105307,4111588,0,01,1,24330,2076,N
20251120,M7731,41016902,20251120,41,11,08,41_9049022,2,570,41016902,20251120190003,4177532,20251120193208,4111588,0,01,1,22980,1925,N
20251120,M7731,41016902,20251120,41,11,08,41_9053873,2,570,41016902,20251120145931,4106836,20251120152707,4116126,0,01,1,25350,1656,N
20251120,M7731,41016902,20251120,41,11,08,41_9053873,2,570,41016902,20251120203007,4106836,20251120205632,4116126,0,01,1,25350,1585,N
20251120,M7731,41016902,20251120,41,11,08,41_9103132,2,570,41016902,20251120213000,4177637,20251120220557,4109162,0,01,1,30880,2157,N
20251120,M7731,41016902,20251120,41,11,08,41_9128631,2,570,41016902,20251120140914,4110935,20251120144207,4111588,0,01,1,28710,1973,N
20251120,M7731,41016902,20251120,41,11,08,41_9166089,1,570,41016902,20251120181422,4110868,20251120184038,4116126,0,01,1,28000,1576,N
20251120,M7731,41016902,20251120,41,11,08,41_9176093,2,570,41016902,20251120175345,4177532,20251120181828,4116126,0,01,1,24000,1483,N
20251120,M7731,41016902,20251120,41,11,08,41_9215333,2,570,41016902,20251120191334,4177448,20251120192742,4111588,0,01,1,22120,848,N
20251120,M7731,41016902,20251120,41,11,08,41_9236337,2,570,41016902,20251120191334,4177448,20251120195445,4111598,0,01,1,25410,2471,N
20251120,M7731,41016902,20251120,41,11,08,41_9247288,2,570,41016902,20251120222520,4177532,20251120224534,4111588,0,01,1,22980,1214,N
20251120,M7731,41016902,20251120,41,11,08,41_9286641,2,570,41016902,20251120155629,4177637,20251120160846,4116126,0,01,1,26850,737,N
20251120,M7731,41016902,20251120,41,11,08,41_9292645,2,570,41016902,20251120155630,4177637,20251120160847,4116126,0,01,1,26850,737,N
20251120,M7731,41016902,20251120,41,11,08,41_9293589,2,570,41016902,20251120155629,4177637,20251120160852,4111588,0,01,1,25830,743,N
20251120,M7731,41016902,20251120,41,11,08,41_9302637,2,570,41016902,20251120144234,4177448,20251120152155,4116130,0,01,1,24380,2361,N
20251120,M7731,41016902,20251120,41,11,08,41_9304833,2,570,41016902,20251120100011,4177637,20251120103551,4111598,0,01,1,29120,2140,N
20251120,M7731,41016902,20251120,41,11,08,41_9307073,2,570,41016902,20251120094550,4177637,20251120101709,4116126,0,01,1,26850,1879,N
20251120,M7731,41016902,20251120,41,11,08,41_9309735,2,570,41016902,20251120144032,4177448,20251120150321,4111588,0,01,1,22120,1369,N
20251120,M7731,41016902,20251120,41,11,08,41_9323928,1,570,41016902,20251120065524,4110868,20251120074045,4111588,0,01,1,26980,2721,N
20251120,M7731,41016902,20251120,41,11,08,41_9363144,1,570,41016902,20251120055455,4177510,20251120070113,4111588,0,01,1,29500,3978,N
20251120,M7731,41016902,20251120,41,11,08,41_9393413,2,570,41016902,20251120164440,4177532,20251120171446,4111588,0,01,1,22980,1806,N
20251120,M7731,41016902,20251120,41,11,08,41_9412390,2,570,41016902,20251120081513,4177532,20251120084552,4111588,0,01,1,22980,1839,N
20251120,M7731,41016902,20251120,41,11,08,41_9419983,1,570,41016902,20251120171455,4177448,20251120175026,4111588,0,01,1,22120,2131,N
20251120,M7731,41016902,20251120,41,11,08,41_9449643,1,570,41016902,20251120081758,4177637,20251120092311,4116126,0,01,1,26850,3913,N
20251120,M7731,41016902,20251120,41,11,08,41_9450926,2,570,41016902,20251120081845,4177637,20251120092928,4116126,0,01,1,26850,4243,N
20251120,M7731,41016902,20251120,41,11,08,41_9479054,2,570,41016902,20251120140920,4177532,20251120144743,4111588,0,01,1,22980,2303,N
20251120,M7731,41016902,20251120,41,11,08,41_9491934,2,570,41016902,20251120054851,4110935,20251120062643,4111588,0,01,1,28710,2272,N
20251120,M7731,41016902,20251120,41,11,08,41_949359,1,570,41016902,20251120113902,4106836,20251120123506,4111588,0,01,1,24330,3364,N
20251120,M7731,41016902,20251120,41,11,08,41_9494355,2,570,41016902,20251120054746,4110935,20251120062538,4111588,0,01,1,28710,2272,N
20251120,M7731,41016902,20251120,41,11,08,41_9520355,2,570,41016902,20251120074409,4177448,20251120081502,4111588,0,01,1,22120,1853,N
20251120,M7731,41016902,20251120,41,11,08,41_9587439,2,570,41016902,20251120155325,4106836,20251120164159,4111588,1,01,1,24330,2914,N
20251120,M7731,41016902,20251120,41,11,08,41_9588203,2,570,41016902,20251120090057,4177448,20251120100227,4116130,0,01,1,24380,3690,N
20251120,M7731,41016902,20251120,41,11,08,41_9592196,2,570,41016902,20251120070626,4177448,20251120072928,4111588,0,01,1,22120,1382,N
20251120,M7731,41016902,20251120,41,11,08,41_963304,2,570,41016902,20251120140814,4177637,20251120144322,4111588,0,01,1,25830,2108,N
20251120,M7731,41016902,20251120,41,11,08,41_9685173,1,570,41016902,20251120063939,4107446,20251120073533,4111588,0,01,1,27870,3354,N
20251120,M7731,41016902,20251120,41,11,08,41_9707424,2,570,41016902,20251120083707,4177510,20251120092147,4109162,0,01,1,34550,2680,N
20251120,M7731,41016902,20251120,41,11,08,41_9719339,2,570,41016902,20251120105359,4177448,20251120111918,4111588,0,01,1,22120,1519,N
20251120,M7731,41016902,20251120,41,11,08,41_9728003,2,570,41016902,20251120133628,4106836,20251120142223,4111588,0,01,1,24330,2755,N
20251120,M7731,41016902,20251120,41,11,08,41_9740126,2,570,41016902,20251120210444,4106836,20251120214502,4111588,1,01,1,24330,2418,N
20251120,M7731,41016902,20251120,41,11,08,41_9754330,2,570,41016902,20251120072715,4106836,20251120081255,4111588,0,01,1,24330,2740,N
20251120,M7731,41016902,20251120,41,11,08,41_9777456,2,570,41016902,20251120074333,4106836,20251120081932,4111599,0,01,1,28270,2159,N
20251120,M7731,41016902,20251120,41,11,08,41_9777456,2,570,41016902,20251120150007,4106836,20251120154056,4116130,0,01,1,26590,2449,N
20251120,M7731,41016902,20251120,41,11,08,41_9811334,1,570,41016902,20251120090624,4177637,20251120092915,4116130,0,01,1,28090,1371,N
20251120,M7731,41016902,20251120,41,11,08,41_9811750,2,570,41016902,20251120172537,4177532,20251120175312,4111588,0,01,1,22980,1655,N
20251120,M7731,41016902,20251120,41,11,08,41_9811750,2,570,41016902,20251120182818,4177532,20251120185523,4111588,0,01,1,22980,1625,N
20251120,M7731,41016902,20251120,41,11,08,41_9827788,1,570,41016902,20251120145650,4177448,20251120152643,4111588,0,01,1,22120,1793,N
20251120,M7731,41016902,20251120,41,11,08,41_9857268,2,570,41016902,20251120171619,4106836,20251120174524,4111598,0,01,1,27620,1745,N
20251120,M7731,41016902,20251120,41,11,08,41_991611,2,570,41016902,20251120173009,4177532,20251120180453,4111588,0,01,1,22980,2084,N
20251120,M7731,41016902,20251120,41,11,08,41_9937832,1,570,41016902,20251120150421,4177448,20251120153322,4111588,0,01,1,22120,1741,N
20251120,M7731,41016902,20251120,41,11,08,41_9942186,2,570,41016902,20251120160455,4106836,20251120165802,4111588,1,01,1,24330,3187,N
20251120,M7731,41016902,20251120,41,11,08,41_9964160,2,570,41016902,20251120162130,4177448,20251120164521,4111588,0,01,1,22120,1431,N
20251120,M7731,41016902,20251120,41,11,08,41_9981074,2,570,41016902,20251120051941,4110868,20251120054810,4111588,0,01,1,26980,1709,N
20251120,M7731,41016902,20251120,41,11,08,41_998669,2,570,41016902,20251120173508,4177532,20251120181449,4111588,0,01,1,22980,2381,N
20251120,M7731,41016902,20251120,41,11,08,41_9992621,1,570,41016902,20251120200524,4106836,20251120203728,4111588,0,01,1,24330,1924,N
20251120,M7731,41016902,20251120,41,11,08,41_9999137,1,570,41016902,20251120083645,4177448,20251120090645,4111588,1,01,1,22120,1800,N
