query_date,query_route_no,query_route_id,opr_ymd,ride_ctpv_cd,goff_ctpv_cd,clcln_bzmn_id,vr_card_no,card_se_cd,clcln_bzmn_trfc_mns_cd,rte_id,ride_dt,ride_sttn_id,goff_dt,goff_sttn_id,trnf_cnt,users_type_cd,utztn_nope,utztn_dstnc,brdg_hr,msv_intrpl_yn
20251023,M7731,41016902,20251023,41,11,08,41_1001518,2,570,41016902,20251023104852,4106836,20251023114224,4111599,1,01,4,28270,3212,N
20251023,M7731,41016902,20251023,41,11,08,41_1002899,1,570,41016902,20251023140830,4177448,20251023142838,4111588,0,01,2,22120,1208,N
20251023,M7731,41016902,20251023,41,11,08,41_1002899,1,570,41016902,20251023162718,4177448,20251023165711,4111588,0,01,3,22120,1793,N
20251023,M7731,41016902,20251023,41,11,08,41_100332,2,570,41016902,20251023064826,4177637,20251023072854,4111588,0,01,3,25830,2428,N
20251023,M7731,41016902,20251023,41,11,08,41_10043872,1,570,41016902,20251023121814,4106836,20251023130250,4111588,1,01,2,24330,2676,N
20251023,M7731,41016902,20251023,41,11,08,41_10044719,1,570,41016902,20251023052206,4177637,20251023055721,4111588,0,01,4,25830,2115,N
20251023,M7731,41016902,20251023,41,11,08,41_10061860,2,570,41016902,20251023072449,4177448,20251023074358,4111588,1,01,1,22120,1149,N
20251023,M7731,41016902,20251023,41,11,08,41_10085652,2,570,41016902,20251023152328,4177532,20251023154403,4111588,0,01,1,22980,1235,N
20251023,M7731,41016902,20251023,41,11,08,41_10090601,2,570,41016902,20251023052530,4110935,20251023055931,4116130,0,01,2,30970,2041,N
20251023,M7731,41016902,20251023,41,11,08,41_10178059,1,570,41016902,20251023161609,4106836,20251023164555,4111588,0,01,1,24330,1786,N
20251023,M7731,41016902,20251023,41,11,08,41_10181291,2,570,41016902,20251023142450,4106836,20251023150635,4116126,0,01,3,25350,2505,N
20251023,M7731,41016902,20251023,41,11,08,41_10181291,2,570,41016902,20251023152753,4106836,20251023161441,4116126,0,01,4,25350,2808,N
20251023,M7731,41016902,20251023,41,11,08,41_10224110,2,570,41016902,20251023112534,4106836,20251023115920,4116126,0,01,1,25350,2026,N
20251023,M7731,41016902,20251023,41,11,08,41_10266036,1,570,41016902,20251023112315,4177448,20251023115436,4111588,0,01,2,22120,1881,N
20251023,M7731,41016902,20251023,41,11,08,41_10269445,2,570,41016902,20251023062738,4177448,20251023070333,4111588,0,01,1,22120,2155,N
20251023,M7731,41016902,20251023,41,11,08,41_10271735,1,570,41016902,20251024000606,4106836,20251024004320,4111588,3,01,1,24330,2234,N
20251023,M7731,41016902,20251023,41,11,08,41_10285981,2,570,41016902,20251023112359,4177448,20251023115732,4116126,0,01,1,23140,2013,N
20251023,M7731,41016902,20251023,41,11,08,41_10297097,1,570,41016902,20251023070841,4106836,20251023074822,4111588,0,01,1,24330,2381,N
20251023,M7731,41016902,20251023,41,11,08,41_10321831,1,570,41016902,20251023141529,4177532,20251023144838,4111588,0,01,4,22980,1989,N
20251023,M7731,41016902,20251023,41,11,08,41_10370473,2,570,41016902,20251023063124,4177510,20251023073806,4111588,0,01,4,29500,4002,N
20251023,M7731,41016902,20251023,41,11,08,41_10377527,2,570,41016902,20251023184712,4177448,20251023191029,4111588,0,01,3,22120,1397,N
20251023,M7731,41016902,20251023,41,11,08,41_10393180,2,570,41016902,20251023164408,4106836,20251023171756,4116126,0,01,4,25350,2028,N
20251023,M7731,41016902,20251023,41,11,08,41_10393180,2,570,41016902,20251023230252,4106836,20251023235824,4116126,0,01,4,25350,3332,N
20251023,M7731,41016902,20251023,41,11,08,41_10394387,2,570,41016902,20251023142237,4177532,20251023144904,4116126,0,01,3,24000,1587,N
20251023,M7731,41016902,20251023,41,11,08,41_10412842,2,570,41016902,20251023145650,4177448,20251023150810,4111599,0,01,2,26060,680,N
20251023,M7731,41016902,20251023,41,11,08,41_10412842,2,570,41016902,20251023161915,4177448,20251023163201,4111599,0,01,2,26060,766,N
20251023,M7731,41016902,20251023,41,11,08,41_10418739,2,570,41016902,20251023215358,4106836,20251023222642,4111588,0,01,4,24330,1964,N
20251023,M7731,41016902,20251023,41,11,08,41_10425916,2,570,41016902,20251023163308,4177448,20251023164558,4116126,0,01,3,23140,770,N
20251023,M7731,41016902,20251023,41,11,08,41_10438765,2,570,41016902,20251023192546,4177448,20251023193725,4111588,0,01,3,22120,699,N
20251023,M7731,41016902,20251023,41,11,08,41_10445381,2,570,41016902,20251023151544,4177448,20251023152519,4111588,0,01,2,22120,575,N
20251023,M7731,41016902,20251023,41,11,08,41_10446610,1,570,41016902,20251023063604,4177637,20251023075206,4111588,0,01,2,25830,4562,N
20251023,M7731,41016902,20251023,41,11,08,41_10458166,1,570,41016902,20251023161915,4177448,20251023163112,4111588,0,01,2,22120,717,N
20251023,M7731,41016902,20251023,41,11,08,41_10465799,2,570,41016902,20251023190846,4177532,20251023194056,4111588,0,01,1,22980,1930,N
20251023,M7731,41016902,20251023,41,11,08,41_10466267,2,570,41016902,20251023054336,4177637,20251023070710,4111588,0,01,2,25830,5014,N
20251023,M7731,41016902,20251023,41,11,08,41_10477634,1,570,41016902,20251023230843,4106836,20251023232114,4109162,0,01,2,29380,751,N
20251023,M7731,41016902,20251023,41,11,08,41_10486320,2,570,41016902,20251023070528,4106836,20251023071600,4109162,1,01,3,29380,632,N
20251023,M7731,41016902,20251023,41,11,08,41_10486348,2,570,41016902,20251023134745,4106836,20251023142354,4111588,0,01,1,24330,2169,N
20251023,M7731,41016902,20251023,41,11,08,41_10491165,2,570,41016902,20251023164014,4106836,20251023165300,4116126,0,01,2,25350,766,N
20251023,M7731,41016902,20251023,41,11,08,41_10491165,2,570,41016902,20251023231118,4106836,20251023232414,4116126,0,01,1,25350,776,N
20251023,M7731,41016902,20251023,41,11,08,41_10505587,1,570,41016902,20251023181821,4177532,20251023185514,4111588,0,01,4,22980,2213,N
20251023,M7731,41016902,20251023,41,11,08,41_1052434,2,570,41016902,20251023045759,4177510,20251023054304,4111588,0,01,2,29500,2705,N
20251023,M7731,41016902,20251023,41,11,08,41_10537699,1,570,41016902,20251023121825,4177532,20251023125437,4111588,0,01,2,22980,2172,N
20251023,M7731,41016902,20251023,41,11,08,41_1057105,2,570,41016902,20251023190312,4177532,20251023193736,4116130,0,01,1,25240,2064,N
20251023,M7731,41016902,20251023,41,11,08,41_10583551,2,570,41016902,20251023144856,4177532,20251023151834,4111588,0,01,3,22980,1778,N
20251023,M7731,41016902,20251023,41,11,08,41_10613149,2,570,41016902,20251023113942,4106836,20251023121235,4116126,0,01,4,25350,1973,N
20251023,M7731,41016902,20251023,41,11,08,41_10613149,2,570,41016902,20251023224433,4106836,20251023232053,4116126,0,01,3,25350,2180,N
20251023,M7731,41016902,20251023,41,11,08,41_10618313,2,570,41016902,20251023113301,4106836,20251023121519,4111588,0,01,4,24330,2538,N
20251023,M7731,41016902,20251023,41,11,08,41_10627781,2,570,41016902,20251023153137,4106836,20251023160654,4109162,0,01,4,29380,2117,N
20251023,M7731,41016902,20251023,41,11,08,41_10645742,2,570,41016902,20251023084023,4177448,20251023090816,4116126,0,01,2,23140,1673,N
20251023,M7731,41016902,20251023,41,11,08,41_10645742,2,570,41016902,20251023212324,4177448,20251023220101,4111588,0,01,1,22120,2257,N
20251023,M7731,41016902,20251023,41,11,08,41_10657078,2,570,41016902,20251023224433,4106836,20251023232336,4111588,0,01,2,24330,2343,N
20251023,M7731,41016902,20251023,41,11,08,41_10671966,2,570,41016902,20251023084037,4177448,20251023091005,4111588,0,01,3,22120,1768,N
20251023,M7731,41016902,20251023,41,11,08,41_1069962,2,570,41016902,20251023141821,4177448,20251023145755,4116126,0,01,4,23140,2374,N
20251023,M7731,41016902,20251023,41,11,08,41_10773772,2,570,41016902,20251023121717,4106836,20251023125526,4116126,0,01,2,25350,2289,N
20251023,M7731,41016902,20251023,41,11,08,41_1077574,2,570,41016902,20251023162718,4177448,20251023170146,4116126,0,01,1,23140,2068,N
20251023,M7731,41016902,20251023,41,11,08,41_1079155,1,570,41016902,20251023112436,4106836,20251023120030,4111588,1,01,3,24330,2154,N
20251023,M7731,41016902,20251023,41,11,08,41_10828962,1,570,41016902,20251023090305,4177637,20251023093117,4111588,0,01,3,25830,1692,N
20251023,M7731,41016902,20251023,41,11,08,41_10840950,1,570,41016902,20251023111659,4106836,20251023120347,4111588,1,01,1,24330,2808,N
20251023,M7731,41016902,20251023,41,11,08,41_10891663,1,570,41016902,20251023072308,4106836,20251023075924,4111588,0,01,2,24330,2176,N
20251023,M7731,41016902,20251023,41,11,08,41_10922118,2,570,41016902,20251023063952,4177637,20251023072424,4111588,0,01,4,25830,2672,N
20251023,M7731,41016902,20251023,41,11,08,41_1095682,2,570,41016902,20251023081516,4106836,20251023091530,4111588,0,01,1,24330,3614,N
20251023,M7731,41016902,20251023,41,11,08,41_10981215,2,570,41016902,20251023170716,4177510,20251023174636,4111588,0,01,1,29500,2360,N
20251023,M7731,41016902,20251023,41,11,08,41_10992213,2,570,41016902,20251023221301,4106836,20251023225148,4111588,0,01,4,24330,2327,N
20251023,M7731,41016902,20251023,41,11,08,41_11040406,1,570,41016902,20251023062105,4177448,20251023065311,4111588,0,01,4,22120,1926,N
20251023,M7731,41016902,20251023,41,11,08,41_11058409,1,570,41016902,20251023223316,4177637,20251023231604,4111588,0,01,1,25830,2568,N
20251023,M7731,41016902,20251023,41,11,08,41_11097823,1,570,41016902,20251023153130,4177532,20251023160508,4111588,0,01,3,22980,2018,N
20251023,M7731,41016902,20251023,41,11,08,41_11106227,2,570,41016902,20251023081643,4177510,20251023084940,4116126,0,01,3,30520,1977,N
20251023,M7731,41016902,20251023,41,11,08,41_11122571,2,570,41016902,20251023175440,4107446,20251023182554,4111588,1,01,2,27870,1874,N
20251023,M7731,41016902,20251023,41,11,08,41_11142895,2,570,41016902,20251023204333,4106836,20251023211826,4111588,1,01,3,24330,2093,N
20251023,M7731,41016902,20251023,41,11,08,41_1114343,2,570,41016902,20251023213156,4177637,20251023223422,4116126,0,01,2,26850,3746,N
20251023,M7731,41016902,20251023,41,11,08,41_1115327,2,570,41016902,20251023142832,4177448,20251023151847,4116130,0,01,3,24380,3015,N
20251023,M7731,41016902,20251023,41,11,08,41_11195358,1,570,41016902,20251023224116,4106836,20251023230859,4111588,0,01,4,24330,1663,N
20251023,M7731,41016902,20251023,41,11,08,41_1124032,1,570,41016902,20251023140142,4177448,20251023145157,4116126,0,01,3,23140,3015,N
20251023,M7731,41016902,20251023,41,11,08,41_11251306,2,570,41016902,20251023083917,4110935,20251023093056,4111588,0,01,1,28710,3099,N
20251023,M7731,41016902,20251023,41,11,08,41_11261615,2,570,41016902,20251023073010,4177532,20251023082722,4109162,0,01,2,28030,3432,N
20251023,M7731,41016902,20251023,41,11,08,41_11267887,2,570,41016902,20251023082634,4106836,20251023090048,4111588,0,01,4,24330,2054,N
20251023,M7731,41016902,20251023,41,11,08,41_11273642,2,570,41016902,20251023201008,4106836,20251023205200,4111588,0,01,4,24330,2512,N
20251023,M7731,41016902,20251023,41,11,08,41_11276860,2,570,41016902,20251023073010,4177532,20251023081904,4111588,0,01,3,22980,2934,N
20251023,M7731,41016902,20251023,41,11,08,41_11323395,2,570,41016902,20251023180517,4177532,20251023183456,4111588,0,01,3,22980,1779,N
20251023,M7731,41016902,20251023,41,11,08,41_11331634,1,570,41016902,20251023055738,4110935,20251023063923,4111588,0,01,1,28710,2505,N
20251023,M7731,41016902,20251023,41,11,08,41_11351275,2,570,41016902,20251023171707,4177448,20251023175758,4111588,0,01,3,22120,2451,N
20251023,M7731,41016902,20251023,41,11,08,41_11372141,2,570,41016902,20251023161229,4177510,20251023165558,4111588,0,01,2,29500,2609,N
20251023,M7731,41016902,20251023,41,11,08,41_11389789,1,570,41016902,20251023234745,4106836,20251024001914,4111588,0,01,2,24330,1889,N
20251023,M7731,41016902,20251023,41,11,08,41_11414423,1,570,41016902,20251023231141,4177448,20251023234344,4111588,0,01,2,22120,1923,N
20251023,M7731,41016902,20251023,41,11,08,41_11435079,2,570,41016902,20251023170614,4106836,20251023175824,4116126,0,01,2,25350,3130,N
20251023,M7731,41016902,20251023,41,11,08,41_11448780,1,570,41016902,20251023164407,4106836,20251023173641,4116130,0,01,3,26590,3154,N
20251023,M7731,41016902,20251023,41,11,08,41_11478391,2,570,41016902,20251023145024,4177637,20251023154154,4116126,0,01,4,26850,3090,N
20251023,M7731,41016902,20251023,41,11,08,41_11488450,2,570,41016902,20251023104716,4106836,20251023112943,4111588,1,01,3,24330,2547,N
20251023,M7731,41016902,20251023,41,11,08,41_11502426,2,570,41016902,20251023121335,4177532,20251023123813,4116126,0,01,2,24000,1478,N
20251023,M7731,41016902,20251023,41,11,08,41_11509162,2,570,41016902,20251023204443,4106836,20251023210618,4116126,0,01,1,25350,1295,N
20251023,M7731,41016902,20251023,41,11,08,41_11513341,1,570,41016902,20251023070419,4177510,20251023082835,4111588,0,01,1,29500,5056,N
20251023,M7731,41016902,20251023,41,11,08,41_11546419,2,570,41016902,20251023121014,4177532,20251023123452,4116126,0,01,4,24000,1478,N
20251023,M7731,41016902,20251023,41,11,08,41_11558870,2,570,41016902,20251023064734,4177510,20251023082028,4111588,0,01,1,29500,5574,N
20251023,M7731,41016902,20251023,41,11,08,41_11584231,2,570,41016902,20251023054246,4177510,20251023065334,4111588,0,01,3,29500,4248,N
20251023,M7731,41016902,20251023,41,11,08,41_11612616,2,570,41016902,20251023123912,4106836,20251023131915,4116126,0,01,1,25350,2403,N
20251023,M7731,41016902,20251023,41,11,08,41_11616230,1,570,41016902,20251023181426,4106836,20251023185009,4116130,1,01,2,26590,2143,N
20251023,M7731,41016902,20251023,41,11,08,41_11653774,2,570,41016902,20251023080640,4106836,20251023083451,4116130,0,01,3,26590,1691,N
20251023,M7731,41016902,20251023,41,11,08,41_11662062,2,570,41016902,20251023201248,4106836,20251023210415,4111588,0,01,3,24330,3087,N
20251023,M7731,41016902,20251023,41,11,08,41_11662062,2,570,41016902,20251023225945,4106836,20251023234616,4111588,0,01,2,24330,2791,N
20251023,M7731,41016902,20251023,41,11,08,41_11685421,2,570,41016902,20251023131306,4177637,20251023134039,4111588,0,01,4,25830,1653,N
20251023,M7731,41016902,20251023,41,11,08,41_11688520,2,570,41016902,20251023130939,4177637,20251023133712,4111588,0,01,1,25830,1653,N
20251023,M7731,41016902,20251023,41,11,08,41_11690425,2,570,41016902,20251023210247,4106836,20251023212726,4109162,0,01,4,29380,1479,N
20251023,M7731,41016902,20251023,41,11,08,41_11695857,2,570,41016902,20251023095407,4106836,20251023103020,4111588,0,01,2,24330,2173,N
20251023,M7731,41016902,20251023,41,11,08,41_11707567,1,570,41016902,20251023085123,4177448,20251023093819,4109162,0,01,1,27170,2816,N
20251023,M7731,41016902,20251023,41,11,08,41_11755903,1,570,41016902,20251023192051,4177532,20251023195420,4111588,0,01,3,22980,2009,N
20251023,M7731,41016902,20251023,41,11,08,41_11768780,2,570,41016902,20251023065055,4177637,20251023073936,4111588,0,01,2,25830,2921,N
20251023,M7731,41016902,20251023,41,11,08,41_1177382,2,570,41016902,20251023145833,4177510,20251023155400,4111588,0,01,4,29500,3327,N
20251023,M7731,41016902,20251023,41,11,08,41_11777979,2,570,41016902,20251023085111,4177448,20251023093604,4111588,0,01,1,22120,2693,N
20251023,M7731,41016902,20251023,41,11,08,41_11786120,2,570,41016902,20251023090543,4177448,20251023093028,4111588,0,01,1,22120,1485,N
20251023,M7731,41016902,20251023,41,11,08,41_11786120,2,570,41016902,20251023093030,4177448,20251023100848,4111588,0,01,4,22120,2298,N
20251023,M7731,41016902,20251023,41,11,08,41_1183561,2,570,41016902,20251023230138,4106836,20251023232917,4111588,0,01,1,24330,1659,N
20251023,M7731,41016902,20251023,41,11,08,41_11852261,1,570,41016902,20251023071416,4106836,20251023081958,4111588,0,01,2,24330,3942,N
20251023,M7731,41016902,20251023,41,11,08,41_11858542,2,570,41016902,20251023144552,4106836,20251023151933,4116126,1,01,2,25350,2021,N
20251023,M7731,41016902,20251023,41,11,08,41_11876379,2,570,41016902,20251023083045,4177448,20251023085431,4116126,0,01,2,23140,1426,N
20251023,M7731,41016902,20251023,41,11,08,41_11897588,2,570,41016902,20251023071138,4106836,20251023074327,4111588,0,01,4,24330,1909,N
20251023,M7731,41016902,20251023,41,11,08,41_11897776,2,570,41016902,20251023083018,4177448,20251023085907,4111588,0,01,2,22120,1729,N
20251023,M7731,41016902,20251023,41,11,08,41_1190678,2,570,41016902,20251023140027,4177448,20251023143344,4111588,0,01,3,22120,1997,N
20251023,M7731,41016902,20251023,41,11,08,41_11912825,1,570,41016902,20251023064633,4177448,20251023074740,4109162,0,01,2,27170,3667,N
20251023,M7731,41016902,20251023,41,11,08,41_11912825,1,570,41016902,20251023114803,4177448,20251023121842,4111588,0,01,1,22120,1839,N
20251023,M7731,41016902,20251023,41,11,08,41_11915262,2,570,41016902,20251023060730,4177637,20251023070449,4111588,0,01,2,25830,3439,N
20251023,M7731,41016902,20251023,41,11,08,41_11915262,2,570,41016902,20251023120204,4177637,20251023124946,4111588,0,01,1,25830,2862,N
20251023,M7731,41016902,20251023,41,11,08,41_11919847,2,570,41016902,20251023154506,4106836,20251023165215,4111588,0,01,4,24330,4029,N
20251023,M7731,41016902,20251023,41,11,08,41_11920499,2,570,41016902,20251023143319,4177532,20251023152408,4116126,0,01,2,24000,3049,N
20251023,M7731,41016902,20251023,41,11,08,41_11949218,2,570,41016902,20251023052152,4177448,20251023054634,4111588,0,01,1,22120,1482,N
20251023,M7731,41016902,20251023,41,11,08,41_11972857,2,570,41016902,20251023114815,4177448,20251023120844,4111588,0,01,1,22120,1229,N
20251023,M7731,41016902,20251023,41,11,08,41_1198537,2,570,41016902,20251023145642,4106836,20251023154413,4116126,1,01,3,25350,2851,N
20251023,M7731,41016902,20251023,41,11,08,41_1199381,2,570,41016902,20251023100312,4177448,20251023102746,4111588,0,01,2,22120,1474,N
20251023,M7731,41016902,20251023,41,11,08,41_12001039,2,570,41016902,20251023070226,4106836,20251023073540,4111588,1,01,3,24330,1994,N
20251023,M7731,41016902,20251023,41,11,08,41_12001614,1,570,41016902,20251024000134,4177448,20251024002328,4111588,0,01,2,22120,1314,N
20251023,M7731,41016902,20251023,41,11,08,41_12009865,2,570,41016902,20251023140347,4106836,20251023150246,4111588,1,01,2,24330,3539,N
20251023,M7731,41016902,20251023,41,11,08,41_12111053,2,570,41016902,20251023065106,4177448,20251023072352,4111588,0,01,1,22120,1966,N
20251023,M7731,41016902,20251023,41,11,08,41_12111053,2,570,41016902,20251023111807,4177448,20251023114517,4111588,0,01,1,22120,1630,N
20251023,M7731,41016902,20251023,41,11,08,41_12119209,1,570,41016902,20251023065106,4177448,20251023072352,4116126,0,01,3,23140,1966,N
20251023,M7731,41016902,20251023,41,11,08,41_12122993,1,570,41016902,20251023061754,4177532,20251023064533,4111588,0,01,1,22980,1659,N
20251023,M7731,41016902,20251023,41,11,08,41_12149682,1,570,41016902,20251023094127,4106836,20251023100024,4111599,0,01,2,28270,1137,N
20251023,M7731,41016902,20251023,41,11,08,41_12151171,2,570,41016902,20251023060538,4107446,20251023063650,4111588,0,01,3,27870,1872,N
20251023,M7731,41016902,20251023,41,11,08,41_12158521,1,570,41016902,20251023093555,4106836,20251023101052,4111588,0,01,3,24330,2097,N
20251023,M7731,41016902,20251023,41,11,08,41_12189266,2,570,41016902,20251023144638,4106836,20251023153143,4116126,0,01,1,25350,2705,N
20251023,M7731,41016902,20251023,41,11,08,41_12223241,2,570,41016902,20251023083007,4106836,20251023092032,4116126,0,01,1,25350,3025,N
20251023,M7731,41016902,20251023,41,11,08,41_12223241,2,570,41016902,20251023092915,4106836,20251023101420,4116126,0,01,2,25350,2705,N
20251023,M7731,41016902,20251023,41,11,08,41_12223241,2,570,41016902,20251023120502,4106836,20251023125541,4116126,0,01,2,25350,3039,N
20251023,M7731,41016902,20251023,41,11,08,41_12223241,2,570,41016902,20251023222009,4106836,20251023230540,4116126,0,01,1,25350,2731,N
20251023,M7731,41016902,20251023,41,11,08,41_12224802,2,570,41016902,20251023181009,4106836,20251023184814,4116126,1,01,4,25350,2285,N
20251023,M7731,41016902,20251023,41,11,08,41_12244080,2,570,41016902,20251023144250,4106836,20251023151357,4111588,0,01,3,24330,1867,N
20251023,M7731,41016902,20251023,41,11,08,41_12250673,2,570,41016902,20251023070808,4106836,20251023083022,4111588,0,01,1,24330,4934,N
20251023,M7731,41016902,20251023,41,11,08,41_12282375,2,570,41016902,20251023103330,4177510,20251023112139,4116130,0,01,1,31760,2889,N
20251023,M7731,41016902,20251023,41,11,08,41_12302807,2,570,41016902,20251023191822,4106836,20251023194625,4111588,0,01,1,24330,1683,N
20251023,M7731,41016902,20251023,41,11,08,41_12311131,2,570,41016902,20251023190752,4106836,20251023193555,4111588,0,01,2,24330,1683,N
20251023,M7731,41016902,20251023,41,11,08,41_12312132,2,570,41016902,20251023093913,4177637,20251023104255,4116126,0,01,2,26850,3822,N
20251023,M7731,41016902,20251023,41,11,08,41_12348525,2,570,41016902,20251023190849,4107446,20251023193808,4111588,0,01,4,27870,1759,N
20251023,M7731,41016902,20251023,41,11,08,41_1236078,2,570,41016902,20251023131106,4107446,20251023134044,4111588,0,01,1,27870,1778,N
20251023,M7731,41016902,20251023,41,11,08,41_12367988,2,570,41016902,20251023055402,4177637,20251023071559,4116126,0,01,4,26850,4917,N
20251023,M7731,41016902,20251023,41,11,08,41_1237744,1,570,41016902,20251023084119,4177637,20251023091325,4116126,0,01,2,26850,1926,N
20251023,M7731,41016902,20251023,41,11,08,41_12387865,2,570,41016902,20251023093218,4177637,20251023100455,4116130,0,01,3,28090,1957,N
20251023,M7731,41016902,20251023,41,11,08,41_12415068,2,570,41016902,20251023084056,4177637,20251023092312,4111588,0,01,4,25830,2536,N
20251023,M7731,41016902,20251023,41,11,08,41_12420653,2,570,41016902,20251023171010,4177532,20251023174327,4111588,0,01,4,22980,1997,N
20251023,M7731,41016902,20251023,41,11,08,41_12454561,2,570,41016902,20251023100154,4106836,20251023105404,4111588,1,01,3,24330,3130,N
20251023,M7731,41016902,20251023,41,11,08,41_12475423,1,570,41016902,20251023095637,4106836,20251023103544,4116126,0,01,4,25350,2347,N
20251023,M7731,41016902,20251023,41,11,08,41_12477180,2,570,41016902,20251023163842,4106836,20251023174638,4111598,0,01,1,27620,4076,N
20251023,M7731,41016902,20251023,41,11,08,41_12500294,2,570,41016902,20251023104640,4106836,20251023112549,4111588,0,01,4,24330,2349,N
20251023,M7731,41016902,20251023,41,11,08,41_12500294,2,570,41016902,20251023222910,4106836,20251023230712,4111588,0,01,1,24330,2282,N
20251023,M7731,41016902,20251023,41,11,08,41_12533016,2,570,41016902,20251023143741,4177448,20251023150415,4111588,0,01,1,22120,1594,N
20251023,M7731,41016902,20251023,41,11,08,41_12544579,2,570,41016902,20251023163708,4177637,20251023172118,4116126,0,01,3,26850,2650,N
20251023,M7731,41016902,20251023,41,11,08,41_1254507,1,570,41016902,20251023061736,4106836,20251023065213,4111588,1,01,4,24330,2077,N
20251023,M7731,41016902,20251023,41,11,08,41_12565210,1,570,41016902,20251023201439,4177448,20251023204219,4111588,1,01,1,22120,1660,N
20251023,M7731,41016902,20251023,41,11,08,41_12607919,1,570,41016902,20251023094525,4177532,20251023103229,4111588,0,01,2,22980,2824,N
20251023,M7731,41016902,20251023,41,11,08,41_12608582,2,570,41016902,20251023110012,4106836,20251023113518,4111588,0,01,2,24330,2106,N
20251023,M7731,41016902,20251023,41,11,08,41_12613738,2,570,41016902,20251023151421,4177448,20251023161427,4111588,0,01,2,22120,3606,N
20251023,M7731,41016902,20251023,41,11,08,41_12644820,1,570,41016902,20251023073834,4177448,20251023080559,4111588,0,01,1,22120,1645,N
20251023,M7731,41016902,20251023,41,11,08,41_12692503,2,570,41016902,20251023220634,4106836,20251023223316,4111588,2,01,4,24330,1602,N
20251023,M7731,41016902,20251023,41,11,08,41_1272340,1,570,41016902,20251023162621,4106836,20251023170337,4111588,0,01,4,24330,2236,N
20251023,M7731,41016902,20251023,41,11,08,41_12729075,2,570,41016902,20251023133521,4106836,20251023143411,4116126,1,01,2,25350,3530,N
20251023,M7731,41016902,20251023,41,11,08,41_12744004,2,570,41016902,20251023083501,4106836,20251023090443,4111588,0,01,3,24330,1782,N
20251023,M7731,41016902,20251023,41,11,08,41_1277111,2,570,41016902,20251023073247,4106836,20251023080007,4111588,1,01,1,24330,1640,N
20251023,M7731,41016902,20251023,41,11,08,41_12780530,2,570,41016902,20251023151113,4106836,20251023155203,4111588,0,01,3,24330,2450,N
20251023,M7731,41016902,20251023,41,11,08,41_12806514,2,570,41016902,20251023153502,4106836,20251023161846,4111588,0,01,4,24330,2624,N
20251023,M7731,41016902,20251023,41,11,08,41_1284327,2,570,41016902,20251023104704,4177532,20251023112031,4111588,0,01,3,22980,2007,N
20251023,M7731,41016902,20251023,41,11,08,41_12864130,2,570,41016902,20251023200023,4177448,20251023204134,4116126,0,01,1,23140,2471,N
20251023,M7731,41016902,20251023,41,11,08,41_1288850,2,570,41016902,20251023135616,4107446,20251023142554,4111588,1,01,4,27870,1778,N
20251023,M7731,41016902,20251023,41,11,08,41_12894967,2,570,41016902,20251023071301,4177510,20251023081034,4111588,0,01,1,29500,3453,N
20251023,M7731,41016902,20251023,41,11,08,41_12896675,2,570,41016902,20251023201030,4177448,20251023204943,4111588,0,01,3,22120,2353,N
20251023,M7731,41016902,20251023,41,11,08,41_12898401,2,570,41016902,20251023175207,4107446,20251023183419,4111588,0,01,1,27870,2532,N
20251023,M7731,41016902,20251023,41,11,08,41_12906808,2,570,41016902,20251023080925,4106836,20251023084143,4111588,1,01,4,24330,1938,N
20251023,M7731,41016902,20251023,41,11,08,41_12913080,2,570,41016902,20251023160439,4177532,20251023163447,4116126,0,01,3,24000,1808,N
20251023,M7731,41016902,20251023,41,11,08,41_12951864,2,570,41016902,20251023175120,4106836,20251023183040,4111588,0,01,2,24330,2360,N
20251023,M7731,41016902,20251023,41,11,08,41_12972672,2,570,41016902,20251023153813,4106836,20251023161504,4111588,0,01,1,24330,2211,N
20251023,M7731,41016902,20251023,41,11,08,41_12972672,2,570,41016902,20251023183713,4106836,20251023192205,4111588,0,01,3,24330,2692,N
20251023,M7731,41016902,20251023,41,11,08,41_12972672,2,570,41016902,20251023213201,4106836,20251023221412,4111588,0,01,1,24330,2531,N
20251023,M7731,41016902,20251023,41,11,08,41_13014741,2,570,41016902,20251023190221,4177448,20251023193157,4116126,0,01,1,23140,1776,N
20251023,M7731,41016902,20251023,41,11,08,41_13014741,2,570,41016902,20251023194401,4177448,20251023201337,4116126,0,01,3,23140,1776,N
20251023,M7731,41016902,20251023,41,11,08,41_13025276,1,570,41016902,20251023144947,4106836,20251023151929,4116126,0,01,4,25350,1782,N
20251023,M7731,41016902,20251023,41,11,08,41_13032374,2,570,41016902,20251023191913,4177448,20251023195552,4111588,0,01,4,22120,2199,N
20251023,M7731,41016902,20251023,41,11,08,41_13063016,2,570,41016902,20251023153445,4177532,20251023161949,4111588,0,01,1,22980,2704,N
20251023,M7731,41016902,20251023,41,11,08,41_13068586,2,570,41016902,20251023123227,4177448,20251023125845,4111588,0,01,2,22120,1578,N
20251023,M7731,41016902,20251023,41,11,08,41_13068586,2,570,41016902,20251023190743,4177448,20251023193151,4111588,0,01,3,22120,1448,N
20251023,M7731,41016902,20251023,41,11,08,41_13136131,2,570,41016902,20251023134949,4177510,20251023144716,4111588,1,01,4,29500,3447,N
20251023,M7731,41016902,20251023,41,11,08,41_13149769,2,570,41016902,20251023143556,4106836,20251023152756,4111588,0,01,2,24330,3120,N
20251023,M7731,41016902,20251023,41,11,08,41_13149769,2,570,41016902,20251023230335,4106836,20251023233648,4111588,0,01,4,24330,1993,N
20251023,M7731,41016902,20251023,41,11,08,41_13163375,2,570,41016902,20251023183904,4106836,20251023191532,4116126,0,01,3,25350,2188,N
20251023,M7731,41016902,20251023,41,11,08,41_13163722,1,570,41016902,20251023195100,4106836,20251023202811,4116126,1,01,2,25350,2231,N
20251023,M7731,41016902,20251023,41,11,08,41_13167691,2,570,41016902,20251023081034,4106836,20251023084312,4111588,1,01,4,24330,1958,N
20251023,M7731,41016902,20251023,41,11,08,41_13201574,1,570,41016902,20251023153314,4177448,20251023162725,4116126,0,01,2,23140,3251,N
20251023,M7731,41016902,20251023,41,11,08,41_13202397,2,570,41016902,20251023154831,4106836,20251023164613,4116126,0,01,4,25350,3462,N
20251023,M7731,41016902,20251023,41,11,08,41_13202397,2,570,41016902,20251023220344,4106836,20251023225610,4116126,0,01,1,25350,3146,N
20251023,M7731,41016902,20251023,41,11,08,41_13205219,2,570,41016902,20251023161658,4177532,20251023172429,4116126,0,01,3,24000,4051,N
20251023,M7731,41016902,20251023,41,11,08,41_13209963,2,570,41016902,20251023193815,4106836,20251023201758,4111588,0,01,2,24330,2383,N
20251023,M7731,41016902,20251023,41,11,08,41_13231018,1,570,41016902,20251023170820,4177532,20251023181153,4111588,0,01,2,22980,3813,N
20251023,M7731,41016902,20251023,41,11,08,41_13240175,2,570,41016902,20251023154102,4106836,20251023163657,4111588,0,01,2,24330,3355,N
20251023,M7731,41016902,20251023,41,11,08,41_13240797,1,570,41016902,20251023161658,4177532,20251023172041,4111588,0,01,1,22980,3823,N
20251023,M7731,41016902,20251023,41,11,08,41_13252257,2,570,41016902,20251023123548,4106836,20251023130305,4111588,0,01,3,24330,1637,N
20251023,M7731,41016902,20251023,41,11,08,41_13253371,2,570,41016902,20251023133013,4106836,20251023142723,4111599,0,01,1,28270,3430,N
20251023,M7731,41016902,20251023,41,11,08,41_13253371,2,570,41016902,20251023155240,4106836,20251023165022,4109162,0,01,4,29380,3462,N
20251023,M7731,41016902,20251023,41,11,08,41_13254438,2,570,41016902,20251023090431,4177448,20251023100825,4111599,0,01,1,26060,3834,N
20251023,M7731,41016902,20251023,41,11,08,41_13256620,1,570,41016902,20251023090431,4177448,20251023100449,4116126,0,01,4,23140,3618,N
20251023,M7731,41016902,20251023,41,11,08,41_1327429,2,570,41016902,20251023103621,4106836,20251023120034,4111588,0,01,4,24330,5053,N
20251023,M7731,41016902,20251023,41,11,08,41_13285250,2,570,41016902,20251023063115,4106836,20251023070300,4111588,0,01,1,24330,1905,N
20251023,M7731,41016902,20251023,41,11,08,41_13305560,2,570,41016902,20251023082445,4177448,20251023085347,4116130,0,01,2,24380,1742,N
20251023,M7731,41016902,20251023,41,11,08,41_13309231,2,570,41016902,20251023130337,4106836,20251023132912,4111588,0,01,1,24330,1535,N
20251023,M7731,41016902,20251023,41,11,08,41_13330909,2,570,41016902,20251023082449,4177448,20251023085533,4111588,0,01,2,22120,1844,N
20251023,M7731,41016902,20251023,41,11,08,41_13400613,2,570,41016902,20251023171633,4106836,20251023175443,4111588,0,01,3,24330,2290,N
20251023,M7731,41016902,20251023,41,11,08,41_13416928,2,570,41016902,20251023160023,4177448,20251023164050,4111588,0,01,1,22120,2427,N
20251023,M7731,41016902,20251023,41,11,08,41_1348838,2,570,41016902,20251023062349,4110868,20251023065836,4111588,0,01,4,26980,2087,N
20251023,M7731,41016902,20251023,41,11,08,41_1350302,2,570,41016902,20251023181544,4106836,20251023190201,4111588,0,01,1,24330,2777,N
20251023,M7731,41016902,20251023,41,11,08,41_1350302,2,570,41016902,20251023223556,4106836,20251023234152,4111588,0,01,4,24330,3956,N
20251023,M7731,41016902,20251023,41,11,08,41_1352007,2,570,41016902,20251023164838,4177448,20251023172113,4116126,0,01,3,23140,1955,N
20251023,M7731,41016902,20251023,41,11,08,41_13544559,1,570,41016902,20251023174511,4177448,20251023182911,4116126,0,01,1,23140,2640,N
20251023,M7731,41016902,20251023,41,11,08,41_13581700,2,570,41016902,20251023075345,4177637,20251023083518,4116126,0,01,1,26850,2493,N
20251023,M7731,41016902,20251023,41,11,08,41_1362191,2,570,41016902,20251023223433,4106836,20251023230548,4116130,0,01,2,26590,1875,N
20251023,M7731,41016902,20251023,41,11,08,41_13622102,2,570,41016902,20251023105058,4177637,20251023112321,4116126,0,01,4,26850,1943,N
20251023,M7731,41016902,20251023,41,11,08,41_13622102,2,570,41016902,20251024001815,4177637,20251024004704,4111588,0,01,4,25830,1729,N
20251023,M7731,41016902,20251023,41,11,08,41_13630001,2,570,41016902,20251023211905,4106836,20251023220422,4111588,0,01,3,24330,2717,N
20251023,M7731,41016902,20251023,41,11,08,41_13648501,2,570,41016902,20251023114716,4106836,20251023121939,4116126,1,01,1,25350,1943,N
20251023,M7731,41016902,20251023,41,11,08,41_13659688,2,570,41016902,20251023070623,4110868,20251023073422,4111598,0,01,2,30270,1679,N
20251023,M7731,41016902,20251023,41,11,08,41_13710317,1,570,41016902,20251023201719,4177448,20251023204452,4111588,0,01,3,22120,1653,N
20251023,M7731,41016902,20251023,41,11,08,41_13711380,2,570,41016902,20251023112116,4106836,20251023120757,4111588,1,01,2,24330,2801,N
20251023,M7731,41016902,20251023,41,11,08,41_13738997,2,570,41016902,20251023194023,4106836,20251023201942,4116126,0,01,2,25350,2359,N
20251023,M7731,41016902,20251023,41,11,08,41_13744210,2,570,41016902,20251023163731,4177448,20251023170548,4116126,0,01,3,23140,1697,N
20251023,M7731,41016902,20251023,41,11,08,41_13766265,2,570,41016902,20251023195047,4106836,20251023202002,4111588,0,01,4,24330,1755,N
20251023,M7731,41016902,20251023,41,11,08,41_13778733,1,570,41016902,20251023171319,4106836,20251023175832,4116126,0,01,3,25350,2713,N
20251023,M7731,41016902,20251023,41,11,08,41_13783580,1,570,41016902,20251023093948,4106836,20251023103755,4116126,1,01,2,25350,3487,N
20251023,M7731,41016902,20251023,41,11,08,41_1383577,2,570,41016902,20251023150616,4107446,20251023154008,4111588,0,01,4,27870,2032,N
20251023,M7731,41016902,20251023,41,11,08,41_13890752,2,570,41016902,20251023082321,4107446,20251023085323,4111588,0,01,4,27870,1802,N
20251023,M7731,41016902,20251023,41,11,08,41_13903984,2,570,41016902,20251023122726,4177448,20251023131031,4116126,0,01,3,23140,2585,N
20251023,M7731,41016902,20251023,41,11,08,41_13911567,2,570,41016902,20251023121310,4106836,20251023130108,4116126,0,01,3,25350,2878,N
20251023,M7731,41016902,20251023,41,11,08,41_13911567,2,570,41016902,20251023180008,4106836,20251023184612,4116126,0,01,2,25350,2764,N
20251023,M7731,41016902,20251023,41,11,08,41_13937801,2,570,41016902,20251023151737,4177510,20251023160056,4116130,0,01,4,31760,2599,N
20251023,M7731,41016902,20251023,41,11,08,41_13937801,2,570,41016902,20251023230034,4177510,20251023233526,4116130,0,01,3,31760,2092,N
20251023,M7731,41016902,20251023,41,11,08,41_13941913,1,570,41016902,20251023071745,4106836,20251023080600,4111588,0,01,3,24330,2895,N
20251023,M7731,41016902,20251023,41,11,08,41_13977117,2,570,41016902,20251023204228,4177637,20251023212526,4116126,0,01,4,26850,2578,N
20251023,M7731,41016902,20251023,41,11,08,41_13992061,2,570,41016902,20251023205442,4106836,20251023214501,4116126,1,01,1,25350,3019,N
20251023,M7731,41016902,20251023,41,11,08,41_14012431,2,570,41016902,20251023162625,4106836,20251023170653,4116126,0,01,3,25350,2428,N
20251023,M7731,41016902,20251023,41,11,08,41_14018299,1,570,41016902,20251023210532,4177448,20251023213127,4116126,0,01,3,23140,1555,N
20251023,M7731,41016902,20251023,41,11,08,41_14021335,2,570,41016902,20251023123323,4106836,20251023132809,4111588,1,01,3,24330,3286,N
20251023,M7731,41016902,20251023,41,11,08,41_14038027,2,570,41016902,20251023213002,4110935,20251023215716,4111588,0,01,2,28710,1634,N
20251023,M7731,41016902,20251023,41,11,08,41_14069875,2,570,41016902,20251023071103,4106836,20251023075150,4111588,0,01,1,24330,2447,N
20251023,M7731,41016902,20251023,41,11,08,41_14069875,2,570,41016902,20251023113426,4106836,20251023121604,4111588,0,01,2,24330,2498,N
20251023,M7731,41016902,20251023,41,11,08,41_14074766,2,570,41016902,20251023193212,4177637,20251023200016,4116126,0,01,2,26850,1684,N
20251023,M7731,41016902,20251023,41,11,08,41_14094488,2,570,41016902,20251023210159,4177448,20251023212754,4116126,0,01,3,23140,1555,N
20251023,M7731,41016902,20251023,41,11,08,41_14098002,1,570,41016902,20251023071103,4106836,20251023073626,4116130,0,01,4,26590,1523,N
20251023,M7731,41016902,20251023,41,11,08,41_14098002,1,570,41016902,20251023154306,4106836,20251023162303,4116130,1,01,3,26590,2397,N
20251023,M7731,41016902,20251023,41,11,08,41_1416523,2,570,41016902,20251023084322,4110935,20251023093639,4111588,0,01,1,28710,3197,N
20251023,M7731,41016902,20251023,41,11,08,41_141957,2,570,41016902,20251023080431,4177532,20251023083646,4116126,0,01,2,24000,1935,N
20251023,M7731,41016902,20251023,41,11,08,41_141957,2,570,41016902,20251023150312,4177532,20251023155920,4116126,0,01,4,24000,3368,N
20251023,M7731,41016902,20251023,41,11,08,41_141957,2,570,41016902,20251023191549,4177448,20251023195314,4116126,0,01,3,23140,2245,N
20251023,M7731,41016902,20251023,41,11,08,41_14223177,2,570,41016902,20251023112855,4107446,20251023121038,4111588,0,01,4,27870,2503,N
20251023,M7731,41016902,20251023,41,11,08,41_14234475,1,570,41016902,20251023080101,4106836,20251023083416,4111588,0,01,2,24330,1995,N
20251023,M7731,41016902,20251023,41,11,08,41_14234975,2,570,41016902,20251023141607,4177532,20251023144921,4111588,0,01,1,22980,1994,N
20251023,M7731,41016902,20251023,41,11,08,41_14254460,2,570,41016902,20251023080252,4106836,20251023083353,4111588,0,01,3,24330,1861,N
20251023,M7731,41016902,20251023,41,11,08,41_14265665,2,570,41016902,20251023175659,4106836,20251023184323,4111588,0,01,2,24330,2784,N
20251023,M7731,41016902,20251023,41,11,08,41_14269855,2,570,41016902,20251023131314,4177510,20251023143552,4111588,0,01,2,29500,4958,N
20251023,M7731,41016902,20251023,41,11,08,41_14280029,2,570,41016902,20251023134229,4177532,20251023144131,4111588,0,01,4,22980,3542,N
20251023,M7731,41016902,20251023,41,11,08,41_14285184,2,570,41016902,20251023175336,4177448,20251023181956,4111588,0,01,4,22120,1580,N
20251023,M7731,41016902,20251023,41,11,08,41_14286751,1,570,41016902,20251023061515,4177532,20251023070647,4111588,0,01,4,22980,3092,N
20251023,M7731,41016902,20251023,41,11,08,41_14291983,2,570,41016902,20251023210802,4106836,20251023221148,4111588,0,01,3,24330,3826,N
20251023,M7731,41016902,20251023,41,11,08,41_14292965,2,570,41016902,20251023105016,4110935,20251023113931,4111588,0,01,1,28710,2955,N
20251023,M7731,41016902,20251023,41,11,08,41_14307684,2,570,41016902,20251023180545,4177637,20251023184712,4111588,0,01,4,25830,2487,N
20251023,M7731,41016902,20251023,41,11,08,41_14312982,1,570,41016902,20251023200143,4177532,20251023204213,4111588,0,01,2,22980,2430,N
20251023,M7731,41016902,20251023,41,11,08,41_14334213,2,570,41016902,20251023130731,4106836,20251023134139,4116126,0,01,1,25350,2048,N
20251023,M7731,41016902,20251023,41,11,08,41_14342402,1,570,41016902,20251023152454,4177448,20251023160328,4111588,0,01,4,22120,2314,N
20251023,M7731,41016902,20251023,41,11,08,41_14343225,2,570,41016902,20251023151044,4106836,20251023154918,4111588,1,01,1,24330,2314,N
20251023,M7731,41016902,20251023,41,11,08,41_14345398,2,570,41016902,20251023152254,4177448,20251023160911,4116126,0,01,4,23140,2777,N
20251023,M7731,41016902,20251023,41,11,08,41_14346093,2,570,41016902,20251023054103,4110868,20251023062540,4111588,0,01,1,26980,2677,N
20251023,M7731,41016902,20251023,41,11,08,41_14348190,1,570,41016902,20251023072431,4177532,20251023075915,4111588,0,01,2,22980,2084,N
20251023,M7731,41016902,20251023,41,11,08,41_1437830,2,570,41016902,20251023161154,4177532,20251023164353,4111588,0,01,3,22980,1919,N
20251023,M7731,41016902,20251023,41,11,08,41_14388634,2,570,41016902,20251023153452,4177532,20251023161131,4111588,0,01,3,22980,2199,N
20251023,M7731,41016902,20251023,41,11,08,41_14392026,2,570,41016902,20251023161614,4106836,20251023170127,4111588,0,01,2,24330,2713,N
20251023,M7731,41016902,20251023,41,11,08,41_144672,2,570,41016902,20251023211420,4177448,20251023213921,4111588,0,01,2,22120,1501,N
20251023,M7731,41016902,20251023,41,11,08,41_1450533,1,570,41016902,20251023160029,4177448,20251023163314,4111588,0,01,2,22120,1965,N
20251023,M7731,41016902,20251023,41,11,08,41_14512277,2,570,41016902,20251023060412,4177510,20251023064758,4111588,0,01,3,29500,2626,N
20251023,M7731,41016902,20251023,41,11,08,41_14519050,2,570,41016902,20251023085100,4177637,20251023093519,4111588,0,01,3,25830,2659,N
20251023,M7731,41016902,20251023,41,11,08,41_14534129,2,570,41016902,20251023171136,4106836,20251023174913,4111588,0,01,2,24330,2257,N
20251023,M7731,41016902,20251023,41,11,08,41_14546811,2,570,41016902,20251023063453,4106836,20251023071010,4111588,1,01,4,24330,2117,N
20251023,M7731,41016902,20251023,41,11,08,41_14552708,2,570,41016902,20251023085100,4177637,20251023093755,4116126,0,01,1,26850,2815,N
20251023,M7731,41016902,20251023,41,11,08,41_14552708,2,570,41016902,20251023175322,4177637,20251023183438,4111588,0,01,2,25830,2476,N
20251023,M7731,41016902,20251023,41,11,08,41_1456320,2,570,41016902,20251023114517,4177532,20251023122034,4111588,0,01,1,22980,2117,N
20251023,M7731,41016902,20251023,41,11,08,41_14564944,2,570,41016902,20251023222347,4177448,20251023230034,4111588,0,01,1,22120,2207,N
20251023,M7731,41016902,20251023,41,11,08,41_14579208,2,570,41016902,20251023210150,4177448,20251023212635,4111588,0,01,1,22120,1485,N
20251023,M7731,41016902,20251023,41,11,08,41_14623043,2,570,41016902,20251023170037,4106836,20251023175300,4116126,0,01,4,25350,3143,N
20251023,M7731,41016902,20251023,41,11,08,41_14625758,2,570,41016902,20251023162229,4106836,20251023170313,4111588,0,01,1,24330,2444,N
20251023,M7731,41016902,20251023,41,11,08,41_14651847,2,570,41016902,20251023101146,4106836,20251023110657,4116126,1,01,4,25350,3311,N
20251023,M7731,41016902,20251023,41,11,08,41_14681191,1,570,41016902,20251023113132,4177448,20251023121042,4109162,0,01,1,27170,2350,N
20251023,M7731,41016902,20251023,41,11,08,41_14752623,2,570,41016902,20251023201053,4106836,20251023205438,4116130,0,01,3,26590,2625,N
20251023,M7731,41016902,20251023,41,11,08,41_14781028,2,570,41016902,20251023061238,4106836,20251023064758,4111588,0,01,3,24330,2120,N
20251023,M7731,41016902,20251023,41,11,08,41_14789200,2,570,41016902,20251023200110,4177637,20251023204455,4116126,0,01,3,26850,2625,N
20251023,M7731,41016902,20251023,41,11,08,41_14789200,2,570,41016902,20251023210324,4177637,20251023214709,4116126,0,01,2,26850,2625,N
20251023,M7731,41016902,20251023,41,11,08,41_14803649,2,570,41016902,20251023184109,4177448,20251023190535,4111588,0,01,4,22120,1466,N
20251023,M7731,41016902,20251023,41,11,08,41_14816825,2,570,41016902,20251023090653,4177637,20251023101722,4111588,0,01,1,25830,4229,N
20251023,M7731,41016902,20251023,41,11,08,41_14840553,2,570,41016902,20251023193352,4106836,20251023201018,4116126,0,01,4,25350,2186,N
20251023,M7731,41016902,20251023,41,11,08,41_14850621,1,570,41016902,20251023113623,4177448,20251023121303,4111588,1,01,2,22120,2200,N
20251023,M7731,41016902,20251023,41,11,08,41_14858331,2,570,41016902,20251023081056,4177448,20251023084147,4111599,0,01,4,26060,1851,N
20251023,M7731,41016902,20251023,41,11,08,41_14861327,1,570,41016902,20251023101055,4177448,20251023103429,4111588,0,01,3,22120,1414,N
20251023,M7731,41016902,20251023,41,11,08,41_14866040,2,570,41016902,20251023165137,4177532,20251023172043,4111588,0,01,1,22980,1746,N
20251023,M7731,41016902,20251023,41,11,08,41_14901320,2,570,41016902,20251023130005,4177532,20251023135801,4116126,0,01,4,24000,3476,N
20251023,M7731,41016902,20251023,41,11,08,41_14907494,1,570,41016902,20251023072653,4177448,20251023080937,4111588,0,01,2,22120,2564,N
20251023,M7731,41016902,20251023,41,11,08,41_14920806,2,570,41016902,20251023212843,4177448,20251023221228,4116126,0,01,4,23140,2625,N
20251023,M7731,41016902,20251023,41,11,08,41_14969247,1,570,41016902,20251023210635,4106836,20251023215222,4116126,0,01,4,25350,2747,N
20251023,M7731,41016902,20251023,41,11,08,41_14974006,1,570,41016902,20251023060334,4177510,20251023064744,4111588,0,01,3,29500,2650,N
20251023,M7731,41016902,20251023,41,11,08,41_14996275,2,570,41016902,20251023073946,4106836,20251023083814,4111588,1,01,4,24330,3508,N
20251023,M7731,41016902,20251023,41,11,08,41_15029290,2,570,41016902,20251023161511,4177448,20251023164634,4116126,0,01,1,23140,1883,N
20251023,M7731,41016902,20251023,41,11,08,41_15063185,1,570,41016902,20251023072041,4177510,20251023084314,4116126,0,01,3,30520,4953,N
20251023,M7731,41016902,20251023,41,11,08,41_15092468,2,570,41016902,20251023082931,4177448,20251023084920,4111588,0,01,4,22120,1189,N
20251023,M7731,41016902,20251023,41,11,08,41_15108739,2,570,41016902,20251023080742,4177448,20251023085532,4116126,0,01,3,23140,2870,N
20251023,M7731,41016902,20251023,41,11,08,41_15113882,2,570,41016902,20251023224455,4106836,20251023231445,4111588,0,01,1,24330,1790,N
20251023,M7731,41016902,20251023,41,11,08,41_15115532,2,570,41016902,20251023080622,4177448,20251023085412,4116126,0,01,1,23140,2870,N
20251023,M7731,41016902,20251023,41,11,08,41_15115532,2,570,41016902,20251023203719,4106836,20251023212025,4116126,0,01,1,25350,2586,N
20251023,M7731,41016902,20251023,41,11,08,41_15170490,2,570,41016902,20251023065714,4106836,20251023074454,4111588,0,01,2,24330,2860,N
20251023,M7731,41016902,20251023,41,11,08,41_15184837,2,570,41016902,20251023090323,4106836,20251023094043,4111588,0,01,3,24330,2240,N
20251023,M7731,41016902,20251023,41,11,08,41_15232173,2,570,41016902,20251023060714,4177637,20251023063833,4111588,0,01,3,25830,1879,N
20251023,M7731,41016902,20251023,41,11,08,41_152453,2,570,41016902,20251023090948,4177448,20251023093356,4111588,0,01,3,22120,1448,N
20251023,M7731,41016902,20251023,41,11,08,41_15283694,2,570,41016902,20251023074434,4177510,20251023083324,4111588,0,01,1,29500,2930,N
20251023,M7731,41016902,20251023,41,11,08,41_15293792,2,570,41016902,20251023111630,4106836,20251023115222,4116126,1,01,1,25350,2152,N
20251023,M7731,41016902,20251023,41,11,08,41_15294461,2,570,41016902,20251023204324,4106836,20251023211359,4109162,0,01,1,29380,1835,N
20251023,M7731,41016902,20251023,41,11,08,41_15305814,2,570,41016902,20251023203615,4106836,20251023205456,4116126,0,01,3,25350,1121,N
20251023,M7731,41016902,20251023,41,11,08,41_15325809,2,570,41016902,20251023060718,4177448,20251023062943,4111588,0,01,4,22120,1345,N
20251023,M7731,41016902,20251023,41,11,08,41_15338704,2,570,41016902,20251023130935,4177448,20251023133206,4116126,0,01,1,23140,1351,N
20251023,M7731,41016902,20251023,41,11,08,41_15350186,1,570,41016902,20251023131050,4177448,20251023133321,4116126,0,01,4,23140,1351,N
20251023,M7731,41016902,20251023,41,11,08,41_15358431,2,570,41016902,20251023163312,4106836,20251023170739,4111588,0,01,3,24330,2067,N
20251023,M7731,41016902,20251023,41,11,08,41_15358431,2,570,41016902,20251023183622,4106836,20251023191240,4111588,0,01,4,24330,2178,N
20251023,M7731,41016902,20251023,41,11,08,41_15378413,1,570,41016902,20251023181355,4177532,20251023185136,4111588,0,01,1,22980,2261,N
20251023,M7731,41016902,20251023,41,11,08,41_15380592,2,570,41016902,20251023161154,4106836,20251023164508,4111588,0,01,3,24330,1994,N
20251023,M7731,41016902,20251023,41,11,08,41_15382939,1,570,41016902,20251023132737,4177448,20251023140303,4111588,0,01,4,22120,2126,N
20251023,M7731,41016902,20251023,41,11,08,41_15423237,2,570,41016902,20251023191002,4106836,20251023195407,4116126,0,01,1,25350,2645,N
20251023,M7731,41016902,20251023,41,11,08,41_154326,2,570,41016902,20251023150312,4177532,20251023153802,4111588,0,01,1,22980,2090,N
20251023,M7731,41016902,20251023,41,11,08,41_15437995,1,570,41016902,20251023071939,4177637,20251023075128,4116130,0,01,4,28090,1909,N
20251023,M7731,41016902,20251023,41,11,08,41_15440073,2,570,41016902,20251023113220,4177448,20251023120648,4116126,0,01,2,23140,2068,N
20251023,M7731,41016902,20251023,41,11,08,41_15440073,2,570,41016902,20251023141125,4177448,20251023144144,4111588,1,01,1,22120,1819,N
20251023,M7731,41016902,20251023,41,11,08,41_15450151,2,570,41016902,20251023112445,4177448,20251023114731,4111588,0,01,2,22120,1366,N
20251023,M7731,41016902,20251023,41,11,08,41_15484847,2,570,41016902,20251023211432,4177448,20251023221844,4111588,0,01,4,22120,3852,N
20251023,M7731,41016902,20251023,41,11,08,41_15497594,2,570,41016902,20251023130646,4106836,20251023134225,4116126,0,01,4,25350,2139,N
20251023,M7731,41016902,20251023,41,11,08,41_15518185,2,570,41016902,20251023071052,4177637,20251023074234,4116126,0,01,2,26850,1902,N
20251023,M7731,41016902,20251023,41,11,08,41_15526100,1,570,41016902,20251023073232,4177448,20251023075738,4111588,1,01,1,22120,1506,N
20251023,M7731,41016902,20251023,41,11,08,41_15541849,1,570,41016902,20251023160321,4177532,20251023163211,4111588,0,01,3,22980,1730,N
20251023,M7731,41016902,20251023,41,11,08,41_15560960,2,570,41016902,20251023073908,4106836,20251023080753,4111588,0,01,2,24330,1725,N
20251023,M7731,41016902,20251023,41,11,08,41_15560960,2,570,41016902,20251023115147,4106836,20251023124203,4116126,1,01,3,25350,3016,N
20251023,M7731,41016902,20251023,41,11,08,41_15564649,1,570,41016902,20251023065701,4106836,20251023072516,4111588,0,01,2,24330,1695,N
20251023,M7731,41016902,20251023,41,11,08,41_15568986,1,570,41016902,20251023162905,4177532,20251023165755,4111588,0,01,1,22980,1730,N
20251023,M7731,41016902,20251023,41,11,08,41_15570030,2,570,41016902,20251023065059,4177637,20251023073313,4111588,0,01,1,25830,2534,N
20251023,M7731,41016902,20251023,41,11,08,41_15572415,1,570,41016902,20251023171130,4106836,20251023180612,4111588,0,01,4,24330,3282,N
20251023,M7731,41016902,20251023,41,11,08,41_15592121,2,570,41016902,20251023091713,4106836,20251023100844,4111588,0,01,2,24330,3091,N
20251023,M7731,41016902,20251023,41,11,08,41_15602060,2,570,41016902,20251023110046,4106836,20251023114642,4116126,1,01,4,25350,2756,N
20251023,M7731,41016902,20251023,41,11,08,41_15614524,2,570,41016902,20251023194010,4177448,20251023201314,4111588,1,01,1,22120,1984,N
20251023,M7731,41016902,20251023,41,11,08,41_15627275,2,570,41016902,20251023201956,4106836,20251023210333,4116126,0,01,3,25350,2617,N
20251023,M7731,41016902,20251023,41,11,08,41_15642134,2,570,41016902,20251023223911,4106836,20251023233156,4111588,0,01,4,24330,3165,N
20251023,M7731,41016902,20251023,41,11,08,41_15667573,2,570,41016902,20251023161248,4177448,20251023165543,4116130,0,01,1,24380,2575,N
20251023,M7731,41016902,20251023,41,11,08,41_15677150,2,570,41016902,20251023205522,4106836,20251023214118,4116126,0,01,3,25350,2756,N
20251023,M7731,41016902,20251023,41,11,08,41_15687088,2,570,41016902,20251023162407,4177532,20251023170439,4111588,0,01,1,22980,2432,N
20251023,M7731,41016902,20251023,41,11,08,41_15701244,2,570,41016902,20251023164457,4177532,20251023170832,4111588,0,01,3,22980,1415,N
20251023,M7731,41016902,20251023,41,11,08,41_1570733,2,570,41016902,20251023203528,4106836,20251023205935,4111588,0,01,1,24330,1447,N
20251023,M7731,41016902,20251023,41,11,08,41_1570733,2,570,41016902,20251023220754,4106836,20251023223828,4111588,0,01,4,24330,1834,N
20251023,M7731,41016902,20251023,41,11,08,41_15709307,2,570,41016902,20251023071852,4106836,20251023074854,4111588,0,01,2,24330,1802,N
20251023,M7731,41016902,20251023,41,11,08,41_15710953,1,570,41016902,20251023160104,4177532,20251023162439,4111588,0,01,1,22980,1415,N
20251023,M7731,41016902,20251023,41,11,08,41_15713288,1,570,41016902,20251023142532,4177532,20251023144951,4109162,0,01,3,28030,1459,N
20251023,M7731,41016902,20251023,41,11,08,41_15713288,1,570,41016902,20251023164457,4177532,20251023170952,4109162,0,01,1,28030,1495,N
20251023,M7731,41016902,20251023,41,11,08,41_15731841,1,570,41016902,20251023230501,4106836,20251024000339,4111588,0,01,1,24330,3518,N
20251023,M7731,41016902,20251023,41,11,08,41_15762767,2,570,41016902,20251023155406,4106836,20251023161756,4116126,0,01,2,25350,1430,N
20251023,M7731,41016902,20251023,41,11,08,41_15763427,2,570,41016902,20251023161853,4177448,20251023164237,4111588,0,01,4,22120,1424,N
20251023,M7731,41016902,20251023,41,11,08,41_15778328,1,570,41016902,20251023111736,4106836,20251023121614,4111588,1,01,2,24330,3518,N
20251023,M7731,41016902,20251023,41,11,08,41_15792465,2,570,41016902,20251023133505,4106836,20251023141448,4111588,0,01,3,24330,2383,N
20251023,M7731,41016902,20251023,41,11,08,41_15797917,2,570,41016902,20251023050133,4110935,20251023052217,4111588,0,01,1,28710,1244,N
20251023,M7731,41016902,20251023,41,11,08,41_15799074,2,570,41016902,20251023054023,4177532,20251023060104,4111598,0,01,1,26270,1241,N
20251023,M7731,41016902,20251023,41,11,08,41_15866162,1,570,41016902,20251023061232,4106836,20251023064201,4111588,0,01,4,24330,1769,N
20251023,M7731,41016902,20251023,41,11,08,41_15876535,2,570,41016902,20251023132254,4177448,20251023134519,4116126,0,01,2,23140,1345,N
20251023,M7731,41016902,20251023,41,11,08,41_15884067,2,570,41016902,20251023132254,4177448,20251023134519,4111598,0,01,1,25410,1345,N
20251023,M7731,41016902,20251023,41,11,08,41_15891186,2,570,41016902,20251023100935,4177448,20251023103422,4111588,0,01,3,22120,1487,N
20251023,M7731,41016902,20251023,41,11,08,41_15897461,2,570,41016902,20251023132907,4177448,20251023140854,4111588,0,01,1,22120,2387,N
20251023,M7731,41016902,20251023,41,11,08,41_15900451,2,570,41016902,20251023091309,4106836,20251023100324,4116126,0,01,2,25350,3015,N
20251023,M7731,41016902,20251023,41,11,08,41_15929532,2,570,41016902,20251023171303,4177532,20251023174725,4116126,0,01,4,24000,2062,N
20251023,M7731,41016902,20251023,41,11,08,41_15940898,2,570,41016902,20251023163041,4177448,20251023171651,4111588,1,01,3,22120,2770,N
20251023,M7731,41016902,20251023,41,11,08,41_15948829,1,570,41016902,20251023171201,4177532,20251023174623,4116126,0,01,2,24000,2062,N
20251023,M7731,41016902,20251023,41,11,08,41_15955380,2,570,41016902,20251023171848,4177532,20251023175310,4116126,0,01,1,24000,2062,N
20251023,M7731,41016902,20251023,41,11,08,41_15957394,2,570,41016902,20251023105547,4106836,20251023112721,4111588,1,01,4,24330,1894,N
20251023,M7731,41016902,20251023,41,11,08,41_15985751,2,570,41016902,20251023055830,4110935,20251023061517,4111588,0,01,2,28710,1007,N
20251023,M7731,41016902,20251023,41,11,08,41_15986476,2,570,41016902,20251023141340,4106836,20251023144708,4116126,0,01,1,25350,2008,N
20251023,M7731,41016902,20251023,41,11,08,41_16004952,2,570,41016902,20251023061618,4177637,20251023064450,4116126,0,01,3,26850,1712,N
20251023,M7731,41016902,20251023,41,11,08,41_16025641,2,570,41016902,20251023120533,4177448,20251023123156,4116126,0,01,4,23140,1583,N
20251023,M7731,41016902,20251023,41,11,08,41_16025641,2,570,41016902,20251023130132,4177448,20251023134150,4116126,0,01,2,23140,2418,N
20251023,M7731,41016902,20251023,41,11,08,41_16025641,2,570,41016902,20251023161020,4177448,20251023164646,4116126,0,01,1,23140,2186,N
20251023,M7731,41016902,20251023,41,11,08,41_16027687,2,570,41016902,20251023075751,4106836,20251023084428,4116126,0,01,1,25350,2797,N
20251023,M7731,41016902,20251023,41,11,08,41_16027687,2,570,41016902,20251023085128,4106836,20251023092230,4111588,0,01,1,24330,1862,N
20251023,M7731,41016902,20251023,41,11,08,41_16029694,2,570,41016902,20251023160319,4106836,20251023162916,4111588,0,01,4,24330,1557,N
20251023,M7731,41016902,20251023,41,11,08,41_16031869,2,570,41016902,20251023132419,4177448,20251023134954,4111588,0,01,1,22120,1535,N
20251023,M7731,41016902,20251023,41,11,08,41_16031869,2,570,41016902,20251023161700,4177448,20251023164530,4111588,0,01,4,22120,1710,N
20251023,M7731,41016902,20251023,41,11,08,41_16040177,2,570,41016902,20251023180929,4177532,20251023182855,4116126,0,01,3,24000,1166,N
20251023,M7731,41016902,20251023,41,11,08,41_16051302,2,570,41016902,20251023144140,4177510,20251023150741,4116126,0,01,3,30520,1561,N
20251023,M7731,41016902,20251023,41,11,08,41_16055095,1,570,41016902,20251023120533,4177448,20251023122833,4111588,0,01,2,22120,1380,N
20251023,M7731,41016902,20251023,41,11,08,41_16055095,1,570,41016902,20251023161020,4177448,20251023163404,4111588,0,01,2,22120,1424,N
20251023,M7731,41016902,20251023,41,11,08,41_16061862,2,570,41016902,20251023061618,4177637,20251023064450,4116126,0,01,2,26850,1712,N
20251023,M7731,41016902,20251023,41,11,08,41_16086702,2,570,41016902,20251023161811,4177532,20251023165130,4111588,0,01,1,22980,1999,N
20251023,M7731,41016902,20251023,41,11,08,41_1609251,1,570,41016902,20251023111643,4177448,20251023115316,4111588,0,01,3,22120,2193,N
20251023,M7731,41016902,20251023,41,11,08,41_16124074,2,570,41016902,20251023113037,4107446,20251023121756,4111588,0,01,2,27870,2839,N
20251023,M7731,41016902,20251023,41,11,08,41_16159069,1,570,41016902,20251023214104,4177448,20251023220211,4111588,0,01,3,22120,1267,N
20251023,M7731,41016902,20251023,41,11,08,41_16188149,2,570,41016902,20251023055401,4177532,20251023063749,4111588,0,01,1,22980,2628,N
20251023,M7731,41016902,20251023,41,11,08,41_1619960,1,570,41016902,20251023051225,4110935,20251023061813,4111588,0,01,4,28710,3948,N
20251023,M7731,41016902,20251023,41,11,08,41_16218183,2,570,41016902,20251023063953,4106836,20251023072051,4116126,0,01,3,25350,2458,N
20251023,M7731,41016902,20251023,41,11,08,41_16244579,2,570,41016902,20251023195729,4177532,20251023203205,4116126,0,01,2,24000,2076,N
20251023,M7731,41016902,20251023,41,11,08,41_16244579,2,570,41016902,20251023231821,4177532,20251023235016,4116126,0,01,1,24000,1915,N
20251023,M7731,41016902,20251023,41,11,08,41_16303645,1,570,41016902,20251023145748,4177532,20251023152718,4116126,0,01,3,24000,1770,N
20251023,M7731,41016902,20251023,41,11,08,41_16319467,2,570,41016902,20251023055426,4177637,20251023064647,4111588,0,01,4,25830,3141,N
20251023,M7731,41016902,20251023,41,11,08,41_16328376,2,570,41016902,20251023171548,4177532,20251023174627,4111588,0,01,2,22980,1839,N
20251023,M7731,41016902,20251023,41,11,08,41_16338042,2,570,41016902,20251023144624,4177532,20251023151650,4111588,0,01,3,22980,1826,N
20251023,M7731,41016902,20251023,41,11,08,41_16338042,2,570,41016902,20251023151800,4177532,20251023155344,4111588,0,01,4,22980,2144,N
20251023,M7731,41016902,20251023,41,11,08,41_16341843,2,570,41016902,20251023151800,4177532,20251023155044,4116126,0,01,4,24000,1964,N
20251023,M7731,41016902,20251023,41,11,08,41_16359985,1,570,41016902,20251023163915,4106836,20251023172509,4116126,0,01,1,25350,2754,N
20251023,M7731,41016902,20251023,41,11,08,41_16364891,2,570,41016902,20251023082701,4177448,20251023092033,4116126,0,01,1,23140,3212,N
20251023,M7731,41016902,20251023,41,11,08,41_16364891,2,570,41016902,20251023150655,4177448,20251023160027,4116126,0,01,3,23140,3212,N
20251023,M7731,41016902,20251023,41,11,08,41_16364891,2,570,41016902,20251023224126,4177448,20251023232301,4116126,0,01,1,23140,2495,N
20251023,M7731,41016902,20251023,41,11,08,41_16372499,2,570,41016902,20251023072223,4177448,20251023081623,4111599,0,01,1,26060,3240,N
20251023,M7731,41016902,20251023,41,11,08,41_16403298,2,570,41016902,20251023173549,4106836,20251023181843,4116126,0,01,1,25350,2574,N
20251023,M7731,41016902,20251023,41,11,08,41_16406126,2,570,41016902,20251023123301,4177637,20251023132811,4111588,0,01,4,25830,3310,N
20251023,M7731,41016902,20251023,41,11,08,41_16415599,2,570,41016902,20251023165555,4177532,20251023172630,4111588,0,01,4,22980,1835,N
20251023,M7731,41016902,20251023,41,11,08,41_16428462,2,570,41016902,20251023183210,4106836,20251023190350,4116130,0,01,1,26590,1900,N
20251023,M7731,41016902,20251023,41,11,08,41_16434848,2,570,41016902,20251023134851,4106836,20251023144044,4111588,1,01,4,24330,3113,N
20251023,M7731,41016902,20251023,41,11,08,41_16446222,2,570,41016902,20251023123143,4177637,20251023132514,4111588,0,01,3,25830,3211,N
20251023,M7731,41016902,20251023,41,11,08,41_16461210,2,570,41016902,20251023094301,4106836,20251023102141,4111599,0,01,4,28270,2320,N
20251023,M7731,41016902,20251023,41,11,08,41_16463713,1,570,41016902,20251023074508,4177637,20251023081846,4111588,0,01,4,25830,2018,N
20251023,M7731,41016902,20251023,41,11,08,41_16513264,2,570,41016902,20251023172947,4177637,20251023181732,4111588,0,01,1,25830,2865,N
20251023,M7731,41016902,20251023,41,11,08,41_16513528,2,570,41016902,20251023060935,4177448,20251023065405,4111588,0,01,4,22120,2670,N
20251023,M7731,41016902,20251023,41,11,08,41_16531889,2,570,41016902,20251023084602,4177448,20251023090809,4111588,0,01,4,22120,1327,N
20251023,M7731,41016902,20251023,41,11,08,41_16535265,2,570,41016902,20251023172955,4177532,20251023175647,4111588,0,01,2,22980,1612,N
20251023,M7731,41016902,20251023,41,11,08,41_16538380,2,570,41016902,20251023171204,4177532,20251023174014,4116126,0,01,1,24000,1690,N
20251023,M7731,41016902,20251023,41,11,08,41_16579505,2,570,41016902,20251023175033,4106836,20251023182506,4111588,0,01,1,24330,2073,N
20251023,M7731,41016902,20251023,41,11,08,41_1657967,2,570,41016902,20251023231723,4106836,20251023234811,4111588,0,01,1,24330,1848,N
20251023,M7731,41016902,20251023,41,11,08,41_16620579,2,570,41016902,20251023153313,4106836,20251023160634,4111588,1,01,1,24330,2001,N
20251023,M7731,41016902,20251023,41,11,08,41_166210,2,570,41016902,20251023183708,4106836,20251023191311,4116126,0,01,2,25350,2163,N
20251023,M7731,41016902,20251023,41,11,08,41_16622636,2,570,41016902,20251023143401,4177532,20251023150224,4111588,0,01,2,22980,1703,N
20251023,M7731,41016902,20251023,41,11,08,41_16622636,2,570,41016902,20251023152746,4177532,20251023160404,4111588,0,01,2,22980,2178,N
20251023,M7731,41016902,20251023,41,11,08,41_16622636,2,570,41016902,20251023201020,4177532,20251023203439,4111588,0,01,4,22980,1459,N
20251023,M7731,41016902,20251023,41,11,08,41_16643844,1,570,41016902,20251023061806,4110935,20251023065301,4111588,0,01,4,28710,2095,N
20251023,M7731,41016902,20251023,41,11,08,41_16656806,2,570,41016902,20251023175408,4177532,20251023183020,4111588,0,01,4,22980,2172,N
20251023,M7731,41016902,20251023,41,11,08,41_16680341,1,570,41016902,20251023175426,4177532,20251023183531,4111588,0,01,1,22980,2465,N
20251023,M7731,41016902,20251023,41,11,08,41_16724808,2,570,41016902,20251023231455,4106836,20251024002229,4111588,0,01,1,24330,4054,N
20251023,M7731,41016902,20251023,41,11,08,41_167505,1,570,41016902,20251023075533,4177448,20251023083452,4116126,0,01,1,23140,2359,N
20251023,M7731,41016902,20251023,41,11,08,41_16826921,2,570,41016902,20251023071647,4177448,20251023075312,4116126,0,01,3,23140,2185,N
20251023,M7731,41016902,20251023,41,11,08,41_16826921,2,570,41016902,20251023145408,4177448,20251023152326,4116126,0,01,2,23140,1758,N
20251023,M7731,41016902,20251023,41,11,08,41_16836709,2,570,41016902,20251023071356,4107446,20251023074500,4111588,0,01,1,27870,1864,N
20251023,M7731,41016902,20251023,41,11,08,41_16845550,2,570,41016902,20251023063443,4177637,20251023070244,4116126,0,01,4,26850,1681,N
20251023,M7731,41016902,20251023,41,11,08,41_16845550,2,570,41016902,20251023094829,4177637,20251023101522,4116126,0,01,4,26850,1613,N
20251023,M7731,41016902,20251023,41,11,08,41_16846667,2,570,41016902,20251023071647,4177448,20251023074846,4116126,0,01,3,23140,1919,N
20251023,M7731,41016902,20251023,41,11,08,41_16846667,2,570,41016902,20251023145058,4177448,20251023152033,4111588,0,01,2,22120,1775,N
20251023,M7731,41016902,20251023,41,11,08,41_16846667,2,570,41016902,20251023164720,4177637,20251023171856,4116126,0,01,3,26850,1896,N
20251023,M7731,41016902,20251023,41,11,08,41_16889467,2,570,41016902,20251023153902,4106836,20251023160136,4116126,1,01,4,25350,1354,N
20251023,M7731,41016902,20251023,41,11,08,41_16938994,2,570,41016902,20251023063905,4177637,20251023071412,4111588,0,01,3,25830,2107,N
20251023,M7731,41016902,20251023,41,11,08,41_16959413,2,570,41016902,20251023060204,4106836,20251023063137,4111588,1,01,4,24330,1773,N
20251023,M7731,41016902,20251023,41,11,08,41_16959413,2,570,41016902,20251023112430,4106836,20251023120650,4111588,1,01,1,24330,2540,N
20251023,M7731,41016902,20251023,41,11,08,41_16963538,1,570,41016902,20251023065015,4110935,20251023072927,4111588,0,01,3,28710,2352,N
20251023,M7731,41016902,20251023,41,11,08,41_16979101,2,570,41016902,20251023102830,4110935,20251023110146,4116126,0,01,3,29730,1996,N
20251023,M7731,41016902,20251023,41,11,08,41_16990971,2,570,41016902,20251023110951,4106836,20251023114053,4116126,1,01,4,25350,1862,N
20251023,M7731,41016902,20251023,41,11,08,41_16995,2,570,41016902,20251023162348,4177532,20251023165212,4116126,0,01,1,24000,1704,N
20251023,M7731,41016902,20251023,41,11,08,41_16999242,2,570,41016902,20251023054429,4106836,20251023064030,4111588,1,01,3,24330,3361,N
20251023,M7731,41016902,20251023,41,11,08,41_17015373,1,570,41016902,20251023072941,4106836,20251023082100,4116126,0,01,1,25350,3079,N
20251023,M7731,41016902,20251023,41,11,08,41_17015373,1,570,41016902,20251023110313,4106836,20251023114322,4116126,0,01,1,25350,2409,N
20251023,M7731,41016902,20251023,41,11,08,41_17044177,2,570,41016902,20251023162429,4106836,20251023164949,4111588,0,01,4,24330,1520,N
20251023,M7731,41016902,20251023,41,11,08,41_17051738,2,570,41016902,20251023110345,4177510,20251023120114,4111588,0,01,3,29500,3449,N
20251023,M7731,41016902,20251023,41,11,08,41_17070051,2,570,41016902,20251023110249,4106836,20251023112716,4116130,0,01,3,26590,1467,N
20251023,M7731,41016902,20251023,41,11,08,41_17072142,2,570,41016902,20251023151125,4106836,20251023155413,4116126,0,01,1,25350,2568,N
20251023,M7731,41016902,20251023,41,11,08,41_17072142,2,570,41016902,20251023205813,4106836,20251023214932,4116126,0,01,3,25350,3079,N
20251023,M7731,41016902,20251023,41,11,08,41_17074705,2,570,41016902,20251023173420,4177532,20251023181116,4116126,0,01,2,24000,2216,N
20251023,M7731,41016902,20251023,41,11,08,41_17079023,2,570,41016902,20251023150713,4177448,20251023153055,4116126,0,01,2,23140,1422,N
20251023,M7731,41016902,20251023,41,11,08,41_17082650,2,570,41016902,20251023114426,4106836,20251023124208,4111588,0,01,3,24330,3462,N
20251023,M7731,41016902,20251023,41,11,08,41_1712625,2,570,41016902,20251023174306,4177637,20251023181951,4109162,0,01,3,30880,2205,N
20251023,M7731,41016902,20251023,41,11,08,41_17160343,1,570,41016902,20251023063108,4177448,20251023065933,4111588,1,01,3,22120,1705,N
20251023,M7731,41016902,20251023,41,11,08,41_17178239,2,570,41016902,20251023065104,4177448,20251023071929,4111588,0,01,1,22120,1705,N
20251023,M7731,41016902,20251023,41,11,08,41_17178368,2,570,41016902,20251023222433,4106836,20251023225733,4111588,0,01,3,24330,1980,N
20251023,M7731,41016902,20251023,41,11,08,41_17184467,2,570,41016902,20251023113414,4106836,20251023122206,4116126,1,01,2,25350,2872,N
20251023,M7731,41016902,20251023,41,11,08,41_17219238,2,570,41016902,20251023163657,4177448,20251023170535,4111588,0,01,2,22120,1718,N
20251023,M7731,41016902,20251023,41,11,08,41_17233050,2,570,41016902,20251023062154,4107446,20251023065913,4111588,0,01,3,27870,2239,N
20251023,M7731,41016902,20251023,41,11,08,41_1724224,2,570,41016902,20251023110344,4177532,20251023113110,4111588,0,01,2,22980,1646,N
20251023,M7731,41016902,20251023,41,11,08,41_17254144,2,570,41016902,20251023065048,4177448,20251023080750,4111588,0,01,2,22120,4622,N
20251023,M7731,41016902,20251023,41,11,08,41_17255453,2,570,41016902,20251023120856,4106836,20251023125713,4111588,1,01,1,24330,2897,N
20251023,M7731,41016902,20251023,41,11,08,41_17263481,1,570,41016902,20251023174503,4106836,20251023182900,4111588,0,01,4,24330,2637,N
20251023,M7731,41016902,20251023,41,11,08,41_17274907,2,570,41016902,20251023080333,4110935,20251023082156,4111588,0,01,1,28710,1103,N
20251023,M7731,41016902,20251023,41,11,08,41_17277918,2,570,41016902,20251023062052,4107446,20251023065811,4111588,0,01,2,27870,2239,N
20251023,M7731,41016902,20251023,41,11,08,41_17344867,2,570,41016902,20251023164914,4110868,20251023172922,4111588,0,01,4,26980,2408,N
20251023,M7731,41016902,20251023,41,11,08,41_17353734,2,570,41016902,20251023232935,4106836,20251024000309,4111588,0,01,4,24330,2014,N
20251023,M7731,41016902,20251023,41,11,08,41_17362480,2,570,41016902,20251023151837,4177532,20251023160705,4111588,0,01,1,22980,2908,N
20251023,M7731,41016902,20251023,41,11,08,41_17388426,2,570,41016902,20251023123925,4177637,20251023133039,4116126,0,01,4,26850,3074,N
20251023,M7731,41016902,20251023,41,11,08,41_17409812,1,570,41016902,20251023062748,4177448,20251023065457,4111588,0,01,4,22120,1629,N
20251023,M7731,41016902,20251023,41,11,08,41_1743521,2,570,41016902,20251023065631,4177510,20251023073037,4111588,0,01,4,29500,2046,N
20251023,M7731,41016902,20251023,41,11,08,41_17445311,2,570,41016902,20251023152402,4106836,20251023160332,4116130,0,01,1,26590,2370,N
20251023,M7731,41016902,20251023,41,11,08,41_17482207,2,570,41016902,20251023095353,4177448,20251023103558,4116126,1,01,4,23140,2525,N
20251023,M7731,41016902,20251023,41,11,08,41_17515966,1,570,41016902,20251023224533,4106836,20251023232125,4116126,0,01,4,25350,2152,N
20251023,M7731,41016902,20251023,41,11,08,41_17523078,1,570,41016902,20251023090937,4107446,20251023094525,4111588,0,01,3,27870,2148,N
20251023,M7731,41016902,20251023,41,11,08,41_17523085,2,570,41016902,20251023232412,4106836,20251024001127,4116130,0,01,4,26590,2835,N
20251023,M7731,41016902,20251023,41,11,08,41_17533927,2,570,41016902,20251023202547,4177448,20251023205022,4111588,0,01,2,22120,1475,N
20251023,M7731,41016902,20251023,41,11,08,41_17589692,1,570,41016902,20251023063218,4177448,20251023070452,4116126,0,01,2,23140,1954,N
20251023,M7731,41016902,20251023,41,11,08,41_17600948,1,570,41016902,20251023075300,4106836,20251023083715,4111588,0,01,2,24330,2655,N
20251023,M7731,41016902,20251023,41,11,08,41_1761421,2,570,41016902,20251023181136,4177448,20251023183730,4116126,0,01,4,23140,1554,N
20251023,M7731,41016902,20251023,41,11,08,41_17629705,2,570,41016902,20251023063903,4177448,20251023071713,4111588,0,01,2,22120,2290,N
20251023,M7731,41016902,20251023,41,11,08,41_1765881,2,570,41016902,20251023223754,4177510,20251023230918,4111588,0,01,2,29500,1884,N
20251023,M7731,41016902,20251023,41,11,08,41_17663400,1,570,41016902,20251023171815,4106836,20251023180931,4116126,0,01,2,25350,3076,N
20251023,M7731,41016902,20251023,41,11,08,41_17691375,2,570,41016902,20251023092625,4106836,20251023095058,4111588,0,01,3,24330,1473,N
20251023,M7731,41016902,20251023,41,11,08,41_17691375,2,570,41016902,20251023144034,4106836,20251023152009,4111588,0,01,3,24330,2375,N
20251023,M7731,41016902,20251023,41,11,08,41_17691375,2,570,41016902,20251023190007,4106836,20251023192440,4111588,0,01,4,24330,1473,N
20251023,M7731,41016902,20251023,41,11,08,41_17707893,2,570,41016902,20251023121446,4110868,20251023124815,4111588,0,01,1,26980,2009,N
20251023,M7731,41016902,20251023,41,11,08,41_17722144,2,570,41016902,20251023090305,4177637,20251023093625,4116126,0,01,4,26850,2000,N
20251023,M7731,41016902,20251023,41,11,08,41_1774447,2,570,41016902,20251023180655,4106836,20251023184903,4111588,0,01,3,24330,2528,N
20251023,M7731,41016902,20251023,41,11,08,41_17750693,2,570,41016902,20251023200708,4177448,20251023203114,4111588,0,01,2,22120,1446,N
20251023,M7731,41016902,20251023,41,11,08,41_17763739,2,570,41016902,20251023172147,4177448,20251023174727,4111588,0,01,2,22120,1540,N
20251023,M7731,41016902,20251023,41,11,08,41_17782886,1,570,41016902,20251023170722,4177448,20251023174329,4111588,0,01,2,22120,2167,N
20251023,M7731,41016902,20251023,41,11,08,41_17786845,1,570,41016902,20251023170523,4177448,20251023173227,4111588,0,01,3,22120,1624,N
20251023,M7731,41016902,20251023,41,11,08,41_17809768,2,570,41016902,20251023185708,4177510,20251023193814,4111588,0,01,2,29500,2466,N
20251023,M7731,41016902,20251023,41,11,08,41_17874278,2,570,41016902,20251023121328,4177448,20251023131142,4111588,0,01,1,22120,3494,N
20251023,M7731,41016902,20251023,41,11,08,41_17878103,2,570,41016902,20251023203044,4106836,20251023211443,4111588,0,01,3,24330,2639,N
20251023,M7731,41016902,20251023,41,11,08,41_17891281,2,570,41016902,20251023094024,4177637,20251023102218,4116126,0,01,1,26850,2514,N
20251023,M7731,41016902,20251023,41,11,08,41_17904896,2,570,41016902,20251023084851,4106836,20251023093411,4116126,1,01,3,25350,2720,N
20251023,M7731,41016902,20251023,41,11,08,41_179057,2,570,41016902,20251023090945,4177532,20251023094330,4116126,0,01,4,24000,2025,N
20251023,M7731,41016902,20251023,41,11,08,41_179057,2,570,41016902,20251023150828,4177532,20251023155525,4116126,0,01,3,24000,2817,N
20251023,M7731,41016902,20251023,41,11,08,41_17923552,2,570,41016902,20251023081151,4177448,20251023083142,4111588,0,01,2,22120,1191,N
20251023,M7731,41016902,20251023,41,11,08,41_17926771,1,570,41016902,20251023145645,4177448,20251023151924,4111588,0,01,3,22120,1359,N
20251023,M7731,41016902,20251023,41,11,08,41_17926923,2,570,41016902,20251023122831,4106836,20251023130822,4111588,0,01,1,24330,2391,N
20251023,M7731,41016902,20251023,41,11,08,41_17926923,2,570,41016902,20251023134604,4106836,20251023142746,4111588,0,01,2,24330,2502,N
20251023,M7731,41016902,20251023,41,11,08,41_17926923,2,570,41016902,20251023153217,4106836,20251023155837,4111588,0,01,3,24330,1580,N
20251023,M7731,41016902,20251023,41,11,08,41_1793054,1,570,41016902,20251023224746,4177510,20251023231910,4111588,0,01,2,29500,1884,N
20251023,M7731,41016902,20251023,41,11,08,41_17934424,2,570,41016902,20251023123913,4177510,20251023131421,4116130,1,01,2,31760,2108,N
20251023,M7731,41016902,20251023,41,11,08,41_17971665,2,570,41016902,20251023060621,4106836,20251023063333,4116126,0,01,1,25350,1632,N
20251023,M7731,41016902,20251023,41,11,08,41_17992796,1,570,41016902,20251023073536,4177448,20251023075749,4111588,0,01,1,22120,1333,N
20251023,M7731,41016902,20251023,41,11,08,41_17992796,1,570,41016902,20251023182920,4177448,20251023190546,4111599,0,01,3,26060,2186,N
20251023,M7731,41016902,20251023,41,11,08,41_1799355,2,570,41016902,20251023205108,4106836,20251023212654,4111588,1,01,3,24330,2146,N
20251023,M7731,41016902,20251023,41,11,08,41_18019950,2,570,41016902,20251023162619,4177637,20251023170233,4111588,0,01,4,25830,2174,N
20251023,M7731,41016902,20251023,41,11,08,41_18064937,2,570,41016902,20251023081528,4177637,20251023085124,4111588,0,01,3,25830,2156,N
20251023,M7731,41016902,20251023,41,11,08,41_18070984,2,570,41016902,20251023175252,4177532,20251023183433,4111588,0,01,3,22980,2501,N
20251023,M7731,41016902,20251023,41,11,08,41_18104720,1,570,41016902,20251023104932,4177637,20251023113242,4111588,0,01,1,25830,2590,N
20251023,M7731,41016902,20251023,41,11,08,41_18107170,2,570,41016902,20251023063922,4177510,20251023072756,4111588,0,01,3,29500,2914,N
20251023,M7731,41016902,20251023,41,11,08,41_18182318,2,570,41016902,20251023151628,4177448,20251023154403,4111588,0,01,3,22120,1655,N
20251023,M7731,41016902,20251023,41,11,08,41_18182318,2,570,41016902,20251023194933,4177448,20251023202022,4111588,0,01,2,22120,1849,N
20251023,M7731,41016902,20251023,41,11,08,41_18186019,2,570,41016902,20251023221616,4106836,20251023230125,4111588,0,01,4,24330,2709,N
20251023,M7731,41016902,20251023,41,11,08,41_18199524,2,570,41016902,20251023103933,4177448,20251023111741,4111588,0,01,1,22120,2288,N
20251023,M7731,41016902,20251023,41,11,08,41_18203459,2,570,41016902,20251023184658,4106836,20251023191857,4116126,0,01,3,25350,1919,N
20251023,M7731,41016902,20251023,41,11,08,41_18214374,2,570,41016902,20251023155103,4177637,20251023162213,4116126,0,01,2,26850,1870,N
20251023,M7731,41016902,20251023,41,11,08,41_18214425,2,570,41016902,20251023184800,4106836,20251023191345,4111588,0,01,4,24330,1545,N
20251023,M7731,41016902,20251023,41,11,08,41_18228332,2,570,41016902,20251023163435,4107446,20251023171256,4111588,0,01,1,27870,2301,N
20251023,M7731,41016902,20251023,41,11,08,41_18228332,2,570,41016902,20251023172718,4107446,20251023180155,4111588,0,01,2,27870,2077,N
20251023,M7731,41016902,20251023,41,11,08,41_18241279,2,570,41016902,20251023184726,4106836,20251023193445,4116126,0,01,1,25350,2839,N
20251023,M7731,41016902,20251023,41,11,08,41_1824680,2,570,41016902,20251023062041,4106836,20251023065010,4111588,0,01,3,24330,1769,N
20251023,M7731,41016902,20251023,41,11,08,41_18308292,2,570,41016902,20251023170354,4177532,20251023172009,4116126,0,01,1,24000,975,N
20251023,M7731,41016902,20251023,41,11,08,41_18319762,2,570,41016902,20251023061848,4177532,20251023063529,4111588,0,01,2,22980,1001,N
20251023,M7731,41016902,20251023,41,11,08,41_18319762,2,570,41016902,20251023125444,4106836,20251023133044,4111588,0,01,2,24330,2160,N
20251023,M7731,41016902,20251023,41,11,08,41_18321812,2,570,41016902,20251023163748,4177532,20251023165604,4111588,0,01,2,22980,1096,N
20251023,M7731,41016902,20251023,41,11,08,41_18321812,2,570,41016902,20251023170354,4177532,20251023171908,4111588,0,01,4,22980,914,N
20251023,M7731,41016902,20251023,41,11,08,41_18342974,2,570,41016902,20251024003100,4177448,20251024005022,4111588,0,01,4,22120,1162,N
20251023,M7731,41016902,20251023,41,11,08,41_18350203,2,570,41016902,20251024004452,4177448,20251024013024,4111588,0,01,1,22120,2732,N
20251023,M7731,41016902,20251023,41,11,08,41_18416830,2,570,41016902,20251023070432,4177637,20251023073739,4111599,0,01,4,29770,1987,N
20251023,M7731,41016902,20251023,41,11,08,41_18462573,2,570,41016902,20251023163836,4177448,20251023171255,4116130,0,01,1,24380,2059,N
20251023,M7731,41016902,20251023,41,11,08,41_18541745,1,570,41016902,20251023112022,4177448,20251023115125,4111588,0,01,4,22120,1863,N
20251023,M7731,41016902,20251023,41,11,08,41_18561958,2,570,41016902,20251023203851,4177448,20251023210351,4111588,0,01,2,22120,1500,N
20251023,M7731,41016902,20251023,41,11,08,41_18587604,2,570,41016902,20251023193758,4106836,20251023200904,4111588,1,01,4,24330,1866,N
20251023,M7731,41016902,20251023,41,11,08,41_18631198,2,570,41016902,20251023112028,4177448,20251023114904,4116126,0,01,4,23140,1716,N
20251023,M7731,41016902,20251023,41,11,08,41_18631198,2,570,41016902,20251023123502,4177448,20251023130336,4116126,0,01,3,23140,1714,N
20251023,M7731,41016902,20251023,41,11,08,41_18631517,1,570,41016902,20251023161838,4107446,20251023170306,4116126,0,01,2,28890,2668,N
20251023,M7731,41016902,20251023,41,11,08,41_1868614,1,570,41016902,20251023061929,4177448,20251023064715,4111588,0,01,3,22120,1666,N
20251023,M7731,41016902,20251023,41,11,08,41_18689802,2,570,41016902,20251023064740,4107446,20251023073134,4116126,0,01,4,28890,2634,N
20251023,M7731,41016902,20251023,41,11,08,41_18716195,1,570,41016902,20251023180256,4106836,20251023183526,4111588,0,01,3,24330,1950,N
20251023,M7731,41016902,20251023,41,11,08,41_1872407,1,570,41016902,20251023172248,4177532,20251023175051,4111588,0,01,2,22980,1683,N
20251023,M7731,41016902,20251023,41,11,08,41_18725323,2,570,41016902,20251023212530,4106836,20251023220952,4116126,0,01,1,25350,2662,N
20251023,M7731,41016902,20251023,41,11,08,41_18744406,1,570,41016902,20251023060730,4110935,20251023065357,4111588,0,01,1,28710,2787,N
20251023,M7731,41016902,20251023,41,11,08,41_18786057,2,570,41016902,20251023160452,4110935,20251023164140,4111588,0,01,3,28710,2208,N
20251023,M7731,41016902,20251023,41,11,08,41_18790683,2,570,41016902,20251023120015,4106836,20251023125214,4111588,1,01,3,24330,3119,N
20251023,M7731,41016902,20251023,41,11,08,41_18790683,2,570,41016902,20251023200404,4106836,20251023203856,4111588,1,01,4,24330,2092,N
20251023,M7731,41016902,20251023,41,11,08,41_18798799,2,570,41016902,20251023070854,4177532,20251023074910,4111588,1,01,2,22980,2416,N
20251023,M7731,41016902,20251023,41,11,08,41_18800553,2,570,41016902,20251023133155,4106836,20251023144156,4116126,0,01,1,25350,4201,N
20251023,M7731,41016902,20251023,41,11,08,41_18823242,2,570,41016902,20251023191041,4177510,20251023195654,4111588,0,01,3,29500,2773,N
20251023,M7731,41016902,20251023,41,11,08,41_18841511,2,570,41016902,20251023141146,4177637,20251023144624,4111588,0,01,2,25830,2078,N
20251023,M7731,41016902,20251023,41,11,08,41_1890288,2,570,41016902,20251023062424,4177448,20251023065327,4109162,0,01,2,27170,1743,N
20251023,M7731,41016902,20251023,41,11,08,41_1890288,2,570,41016902,20251023082143,4177448,20251023084425,4109162,0,01,1,27170,1362,N
20251023,M7731,41016902,20251023,41,11,08,41_18921983,2,570,41016902,20251023081606,4106836,20251023084007,4109162,0,01,3,29380,1441,N
20251023,M7731,41016902,20251023,41,11,08,41_18923803,2,570,41016902,20251023081634,4106836,20251023083908,4116126,0,01,2,25350,1354,N
20251023,M7731,41016902,20251023,41,11,08,41_18934739,2,570,41016902,20251023221332,4106836,20251023225212,4111588,0,01,2,24330,2320,N
20251023,M7731,41016902,20251023,41,11,08,41_18940293,2,570,41016902,20251023081602,4106836,20251023084003,4116130,0,01,3,26590,1441,N
20251023,M7731,41016902,20251023,41,11,08,41_18963258,2,570,41016902,20251023221511,4106836,20251023223807,4116130,0,01,1,26590,1376,N
20251023,M7731,41016902,20251023,41,11,08,41_19098655,2,570,41016902,20251023170420,4106836,20251023174820,4111588,1,01,2,24330,2640,N
20251023,M7731,41016902,20251023,41,11,08,41_19155305,2,570,41016902,20251023063652,4106836,20251023070423,4116126,1,01,4,25350,1651,N
20251023,M7731,41016902,20251023,41,11,08,41_19155305,2,570,41016902,20251023202730,4106836,20251023210638,4116126,0,01,4,25350,2348,N
20251023,M7731,41016902,20251023,41,11,08,41_19160168,2,570,41016902,20251023072141,4177448,20251023080739,4116126,0,01,4,23140,2758,N
20251023,M7731,41016902,20251023,41,11,08,41_19162018,2,570,41016902,20251023061623,4106836,20251023072500,4111588,1,01,4,24330,4117,N
20251023,M7731,41016902,20251023,41,11,08,41_19165841,2,570,41016902,20251023071209,4177448,20251023075818,4116130,0,01,2,24380,2769,N
20251023,M7731,41016902,20251023,41,11,08,41_19184846,1,570,41016902,20251023151632,4177532,20251023155958,4116126,0,01,4,24000,2606,N
20251023,M7731,41016902,20251023,41,11,08,41_19188140,2,570,41016902,20251023144259,4177532,20251023152253,4116130,0,01,1,25240,2394,N
20251023,M7731,41016902,20251023,41,11,08,41_19192295,2,570,41016902,20251023121605,4177448,20251023123841,4111588,0,01,2,22120,1356,N
20251023,M7731,41016902,20251023,41,11,08,41_19233533,1,570,41016902,20251023172930,4177532,20251023175823,4111588,0,01,2,22980,1733,N
20251023,M7731,41016902,20251023,41,11,08,41_19284831,2,570,41016902,20251023190838,4177532,20251023194636,4116126,0,01,4,24000,2278,N
20251023,M7731,41016902,20251023,41,11,08,41_19311097,2,570,41016902,20251023134026,4177448,20251023141034,4111588,0,01,4,22120,1808,N
20251023,M7731,41016902,20251023,41,11,08,41_1932124,1,570,41016902,20251023184506,4110868,20251023191606,4116126,0,01,2,28000,1860,N
20251023,M7731,41016902,20251023,41,11,08,41_19390692,2,570,41016902,20251023081605,4177637,20251023090856,4111588,0,01,4,25830,3171,N
20251023,M7731,41016902,20251023,41,11,08,41_1943604,2,570,41016902,20251023045808,4177510,20251023055925,4111588,0,01,2,29500,3677,N
20251023,M7731,41016902,20251023,41,11,08,41_19446392,1,570,41016902,20251023135347,4106836,20251023144551,4109162,0,01,4,29380,3124,N
20251023,M7731,41016902,20251023,41,11,08,41_19459703,2,570,41016902,20251023181237,4177532,20251023185137,4116126,0,01,1,24000,2340,N
20251023,M7731,41016902,20251023,41,11,08,41_19491324,2,570,41016902,20251023084100,4106836,20251023091903,4111588,0,01,1,24330,2283,N
20251023,M7731,41016902,20251023,41,11,08,41_19515858,1,570,41016902,20251023064857,4110935,20251023071312,4111588,0,01,2,28710,1455,N
20251023,M7731,41016902,20251023,41,11,08,41_19520633,2,570,41016902,20251023141017,4106836,20251023150627,4111588,0,01,1,24330,3370,N
20251023,M7731,41016902,20251023,41,11,08,41_19520633,2,570,41016902,20251023170802,4106836,20251023175238,4111588,0,01,4,24330,2676,N
20251023,M7731,41016902,20251023,41,11,08,41_19528157,1,570,41016902,20251023223342,4177532,20251023230028,4116126,0,01,1,24000,1606,N
20251023,M7731,41016902,20251023,41,11,08,41_19547570,2,570,41016902,20251023200352,4106836,20251023204313,4111588,0,01,2,24330,2361,N
20251023,M7731,41016902,20251023,41,11,08,41_19557392,2,570,41016902,20251023205453,4177532,20251023213341,4111588,0,01,4,22980,2328,N
20251023,M7731,41016902,20251023,41,11,08,41_19581176,2,570,41016902,20251023050846,4177637,20251023053519,4111598,0,01,2,29120,1593,N
20251023,M7731,41016902,20251023,41,11,08,41_1958402,1,570,41016902,20251023213906,4106836,20251023222653,4111588,2,01,2,24330,2867,N
20251023,M7731,41016902,20251023,41,11,08,41_19584348,2,570,41016902,20251023181507,4106836,20251023184447,4116130,0,01,2,26590,1780,N
20251023,M7731,41016902,20251023,41,11,08,41_19597056,1,570,41016902,20251023050846,4177637,20251023053533,4109162,0,01,3,30880,1607,N
20251023,M7731,41016902,20251023,41,11,08,41_19611853,2,570,41016902,20251023123913,4177637,20251023131611,4116126,0,01,4,26850,2218,N
20251023,M7731,41016902,20251023,41,11,08,41_19623914,2,570,41016902,20251023091827,4106836,20251023100210,4111588,1,01,4,24330,2623,N
20251023,M7731,41016902,20251023,41,11,08,41_19629862,1,570,41016902,20251023143153,4106836,20251023150823,4116126,0,01,2,25350,2190,N
20251023,M7731,41016902,20251023,41,11,08,41_19630898,1,570,41016902,20251023123913,4177637,20251023131543,4111588,0,01,3,25830,2190,N
20251023,M7731,41016902,20251023,41,11,08,41_19643274,2,570,41016902,20251023124700,4177637,20251023132330,4111598,0,01,1,29120,2190,N
20251023,M7731,41016902,20251023,41,11,08,41_19698167,2,570,41016902,20251023155817,4177532,20251023163529,4111588,0,01,4,22980,2232,N
20251023,M7731,41016902,20251023,41,11,08,41_19718474,2,570,41016902,20251023162337,4177532,20251023165154,4111588,0,01,1,22980,1697,N
20251023,M7731,41016902,20251023,41,11,08,41_19757657,2,570,41016902,20251023180213,4106836,20251023182853,4111588,1,01,2,24330,1600,N
20251023,M7731,41016902,20251023,41,11,08,41_19780704,2,570,41016902,20251023142039,4177448,20251023145403,4111588,0,01,2,22120,2004,N
20251023,M7731,41016902,20251023,41,11,08,41_19789662,2,570,41016902,20251023162337,4177532,20251023165839,4116126,0,01,4,24000,2102,N
20251023,M7731,41016902,20251023,41,11,08,41_19800766,2,570,41016902,20251023112235,4177532,20251023120121,4116130,0,01,1,25240,2326,N
20251023,M7731,41016902,20251023,41,11,08,41_19815949,2,570,41016902,20251023171307,4177448,20251023173926,4111588,0,01,4,22120,1579,N
20251023,M7731,41016902,20251023,41,11,08,41_1985475,2,570,41016902,20251023140047,4177448,20251023142509,4111588,0,01,3,22120,1462,N
20251023,M7731,41016902,20251023,41,11,08,41_198710,2,570,41016902,20251023140800,4177448,20251023144503,4116126,0,01,1,23140,2223,N
20251023,M7731,41016902,20251023,41,11,08,41_19873119,2,570,41016902,20251023061217,4177510,20251023071346,4111588,0,01,3,29500,3689,N
20251023,M7731,41016902,20251023,41,11,08,41_1987921,2,570,41016902,20251023122933,4107446,20251023125531,4116126,0,01,3,28890,1558,N
20251023,M7731,41016902,20251023,41,11,08,41_19907244,2,570,41016902,20251023071719,4106836,20251023080612,4116126,0,01,4,25350,2933,N
20251023,M7731,41016902,20251023,41,11,08,41_19907244,2,570,41016902,20251023161503,4106836,20251023165825,4116126,0,01,4,25350,2602,N
20251023,M7731,41016902,20251023,41,11,08,41_19941736,2,570,41016902,20251023083021,4106836,20251023090014,4111588,0,01,1,24330,1793,N
20251023,M7731,41016902,20251023,41,11,08,41_19951193,2,570,41016902,20251023133106,4177532,20251023140158,4111588,0,01,1,22980,1852,N
20251023,M7731,41016902,20251023,41,11,08,41_19983828,1,570,41016902,20251023130612,4177532,20251023134346,4111588,0,01,3,22980,2254,N
20251023,M7731,41016902,20251023,41,11,08,41_20056827,2,570,41016902,20251023142355,4110935,20251023151108,4116126,0,01,4,29730,2833,N
20251023,M7731,41016902,20251023,41,11,08,41_20074992,2,570,41016902,20251023153142,4106836,20251023161508,4116126,0,01,4,25350,2606,N
20251023,M7731,41016902,20251023,41,11,08,41_20097929,2,570,41016902,20251023171902,4106836,20251023175136,4111588,0,01,2,24330,1954,N
20251023,M7731,41016902,20251023,41,11,08,41_20097929,2,570,41016902,20251023192437,4106836,20251023200801,4111588,0,01,2,24330,2604,N
20251023,M7731,41016902,20251023,41,11,08,41_2010940,2,570,41016902,20251023170329,4177532,20251023173236,4116126,0,01,1,24000,1747,N
20251023,M7731,41016902,20251023,41,11,08,41_20132814,1,570,41016902,20251023181329,4177448,20251023185632,4111588,0,01,3,22120,2583,N
20251023,M7731,41016902,20251023,41,11,08,41_20142996,2,570,41016902,20251023174401,4106836,20251023182005,4111588,0,01,1,24330,2164,N
20251023,M7731,41016902,20251023,41,11,08,41_20157695,2,570,41016902,20251023111310,4106836,20251023115518,4111588,0,01,4,24330,2528,N
20251023,M7731,41016902,20251023,41,11,08,41_20192610,1,570,41016902,20251023181329,4177448,20251023185622,4116126,0,01,2,23140,2573,N
20251023,M7731,41016902,20251023,41,11,08,41_20335654,2,570,41016902,20251023194904,4106836,20251023201807,4111588,0,01,2,24330,1743,N
20251023,M7731,41016902,20251023,41,11,08,41_203693,2,570,41016902,20251023190157,4177448,20251023193704,4111598,0,01,1,25410,2107,N
20251023,M7731,41016902,20251023,41,11,08,41_20404708,2,570,41016902,20251023180854,4177532,20251023185740,4116126,0,01,4,24000,2926,N
20251023,M7731,41016902,20251023,41,11,08,41_20405393,2,570,41016902,20251023091059,4110935,20251023101952,4109162,0,01,1,33760,4133,N
20251023,M7731,41016902,20251023,41,11,08,41_20416227,2,570,41016902,20251023083235,4106836,20251023090709,4111588,0,01,4,24330,2074,N
20251023,M7731,41016902,20251023,41,11,08,41_20416227,2,570,41016902,20251023174453,4106836,20251023183001,4116126,0,01,2,25350,2708,N
20251023,M7731,41016902,20251023,41,11,08,41_20429527,1,570,41016902,20251023181818,4177532,20251023185057,4111588,0,01,4,22980,1959,N
20251023,M7731,41016902,20251023,41,11,08,41_20510157,2,570,41016902,20251023091343,4177532,20251023093751,4116130,0,01,1,25240,1448,N
20251023,M7731,41016902,20251023,41,11,08,41_20537504,2,570,41016902,20251023072021,4177637,20251023075051,4111588,0,01,1,25830,1830,N
20251023,M7731,41016902,20251023,41,11,08,41_20581843,2,570,41016902,20251023193827,4177510,20251023200511,4111588,0,01,3,29500,1604,N
20251023,M7731,41016902,20251023,41,11,08,41_20605145,2,570,41016902,20251023195334,4106836,20251023202108,4111588,0,01,4,24330,1654,N
20251023,M7731,41016902,20251023,41,11,08,41_20638509,1,570,41016902,20251023061039,4177637,20251023064429,4109162,0,01,1,30880,2030,N
20251023,M7731,41016902,20251023,41,11,08,41_20643625,2,570,41016902,20251023161530,4177532,20251023164122,4111588,0,01,2,22980,1552,N
20251023,M7731,41016902,20251023,41,11,08,41_20652146,2,570,41016902,20251023130451,4106836,20251023134112,4116130,0,01,1,26590,2181,N
20251023,M7731,41016902,20251023,41,11,08,41_20661009,2,570,41016902,20251023171158,4177448,20251023180002,4116126,0,01,3,23140,2884,N
20251023,M7731,41016902,20251023,41,11,08,41_20681422,1,570,41016902,20251023123227,4177448,20251023130919,4111588,0,01,4,22120,2212,N
20251023,M7731,41016902,20251023,41,11,08,41_20701320,2,570,41016902,20251023071036,4106836,20251023075312,4111588,1,01,3,24330,2556,N
20251023,M7731,41016902,20251023,41,11,08,41_2070441,1,570,41016902,20251023133356,4110935,20251023141625,4116126,0,01,4,29730,2549,N
20251023,M7731,41016902,20251023,41,11,08,41_20745284,1,570,41016902,20251023184532,4177448,20251023193602,4111598,0,01,1,25410,3030,N
20251023,M7731,41016902,20251023,41,11,08,41_20753115,2,570,41016902,20251023100033,4177448,20251023110003,4116130,0,01,1,24380,3570,N
20251023,M7731,41016902,20251023,41,11,08,41_20753115,2,570,41016902,20251023122556,4177448,20251023132504,4116130,0,01,2,24380,3548,N
20251023,M7731,41016902,20251023,41,11,08,41_20753115,2,570,41016902,20251023183850,4177448,20251023192920,4116130,0,01,2,24380,3030,N
20251023,M7731,41016902,20251023,41,11,08,41_20753268,2,570,41016902,20251023090629,4107446,20251023095504,4111598,0,01,2,31160,2915,N
20251023,M7731,41016902,20251023,41,11,08,41_20756867,2,570,41016902,20251023183759,4177448,20251023192829,4116126,0,01,4,23140,3030,N
20251023,M7731,41016902,20251023,41,11,08,41_20758000,2,570,41016902,20251023122347,4177448,20251023125501,4111588,0,01,2,22120,1874,N
20251023,M7731,41016902,20251023,41,11,08,41_20758000,2,570,41016902,20251023184145,4177448,20251023192519,4111588,0,01,1,22120,2614,N
20251023,M7731,41016902,20251023,41,11,08,41_20760937,1,570,41016902,20251023085046,4177448,20251023093339,4111588,0,01,4,22120,2573,N
20251023,M7731,41016902,20251023,41,11,08,41_20760937,1,570,41016902,20251023100858,4177448,20251023103643,4111588,0,01,2,22120,1665,N
20251023,M7731,41016902,20251023,41,11,08,41_20781263,2,570,41016902,20251023085030,4177448,20251023094107,4116130,0,01,1,24380,3037,N
20251023,M7731,41016902,20251023,41,11,08,41_20804369,2,570,41016902,20251023110206,4106836,20251023114020,4111588,1,01,1,24330,2294,N
20251023,M7731,41016902,20251023,41,11,08,41_20814979,2,570,41016902,20251023112021,4106836,20251023115253,4111588,1,01,4,24330,1952,N
20251023,M7731,41016902,20251023,41,11,08,41_20827611,2,570,41016902,20251023150827,4177532,20251023154253,4111588,0,01,4,22980,2066,N
20251023,M7731,41016902,20251023,41,11,08,41_20840854,2,570,41016902,20251023071103,4177637,20251023082234,4111588,0,01,3,25830,4291,N
20251023,M7731,41016902,20251023,41,11,08,41_20843679,2,570,41016902,20251023063805,4177448,20251023072639,4111588,0,01,2,22120,2914,N
20251023,M7731,41016902,20251023,41,11,08,41_20843857,2,570,41016902,20251023061754,4177532,20251023070628,4109162,0,01,1,28030,2914,N
20251023,M7731,41016902,20251023,41,11,08,41_20879901,1,570,41016902,20251023071439,4177510,20251023083425,4111588,0,01,4,29500,4786,N
20251023,M7731,41016902,20251023,41,11,08,41_20970494,2,570,41016902,20251023182052,4177510,20251023190400,4116126,0,01,1,30520,2588,N
20251023,M7731,41016902,20251023,41,11,08,41_2097946,2,570,41016902,20251023143408,4177532,20251023151654,4111588,0,01,3,22980,2566,N
20251023,M7731,41016902,20251023,41,11,08,41_21003462,2,570,41016902,20251023143816,4177448,20251023145802,4111588,0,01,3,22120,1186,N
20251023,M7731,41016902,20251023,41,11,08,41_21006333,2,570,41016902,20251023143611,4177448,20251023150856,4116126,0,01,4,23140,1965,N
20251023,M7731,41016902,20251023,41,11,08,41_21006333,2,570,41016902,20251023210148,4177448,20251023214638,4116126,0,01,4,23140,2690,N
20251023,M7731,41016902,20251023,41,11,08,41_21037475,2,570,41016902,20251023094933,4106836,20251023103622,4111588,1,01,3,24330,2809,N
20251023,M7731,41016902,20251023,41,11,08,41_21057980,2,570,41016902,20251023171034,4177532,20251023175124,4116126,0,01,2,24000,2450,N
20251023,M7731,41016902,20251023,41,11,08,41_21057980,2,570,41016902,20251023193719,4177532,20251023201550,4116126,0,01,4,24000,2311,N
20251023,M7731,41016902,20251023,41,11,08,41_21082742,1,570,41016902,20251023210148,4177448,20251023212629,4111588,0,01,4,22120,1481,N
20251023,M7731,41016902,20251023,41,11,08,41_21090550,2,570,41016902,20251023171553,4177532,20251023175401,4111588,0,01,1,22980,2288,N
20251023,M7731,41016902,20251023,41,11,08,41_21104414,2,570,41016902,20251023061531,4110935,20251023070701,4111588,0,01,1,28710,3090,N
20251023,M7731,41016902,20251023,41,11,08,41_21113714,2,570,41016902,20251023155644,4110935,20251023170533,4111588,0,01,3,28710,4129,N
20251023,M7731,41016902,20251023,41,11,08,41_21118539,2,570,41016902,20251023212933,4106836,20251023220333,4111588,0,01,1,24330,2040,N
20251023,M7731,41016902,20251023,41,11,08,41_21118539,2,570,41016902,20251023230111,4106836,20251023233351,4111588,0,01,1,24330,1960,N
20251023,M7731,41016902,20251023,41,11,08,41_21120888,2,570,41016902,20251023202347,4106836,20251023210058,4116126,1,01,1,25350,2231,N
20251023,M7731,41016902,20251023,41,11,08,41_21135840,2,570,41016902,20251023072549,4177448,20251023081320,4111588,0,01,1,22120,2851,N
20251023,M7731,41016902,20251023,41,11,08,41_21164186,2,570,41016902,20251023082116,4177448,20251023085935,4111588,0,01,3,22120,2299,N
20251023,M7731,41016902,20251023,41,11,08,41_21169988,1,570,41016902,20251023052047,4177448,20251023061513,4109162,0,01,4,27170,3266,N
20251023,M7731,41016902,20251023,41,11,08,41_21252485,2,570,41016902,20251023190235,4177448,20251023195535,4111588,0,01,3,22120,3180,N
20251023,M7731,41016902,20251023,41,11,08,41_21271748,2,570,41016902,20251023190401,4177448,20251023200011,4116126,0,01,1,23140,3370,N
20251023,M7731,41016902,20251023,41,11,08,41_21282891,2,570,41016902,20251023173042,4106836,20251023181453,4111588,0,01,2,24330,2651,N
20251023,M7731,41016902,20251023,41,11,08,41_21291620,2,570,41016902,20251023101644,4107446,20251023105043,4111588,0,01,3,27870,2039,N
20251023,M7731,41016902,20251023,41,11,08,41_21296085,2,570,41016902,20251023182623,4106836,20251023192057,4111588,0,01,3,24330,3274,N
20251023,M7731,41016902,20251023,41,11,08,41_21300856,2,570,41016902,20251023070318,4110935,20251023074826,4111588,0,01,4,28710,2708,N
20251023,M7731,41016902,20251023,41,11,08,41_21309681,2,570,41016902,20251023131750,4106836,20251023135929,4116126,1,01,4,25350,2499,N
20251023,M7731,41016902,20251023,41,11,08,41_21355760,2,570,41016902,20251023233736,4106836,20251024003007,4111588,0,01,3,24330,3151,N
20251023,M7731,41016902,20251023,41,11,08,41_2136075,1,570,41016902,20251023230042,4177448,20251023233359,4111588,0,01,2,22120,1997,N
20251023,M7731,41016902,20251023,41,11,08,41_21369479,2,570,41016902,20251023152914,4106836,20251023155955,4111588,0,01,2,24330,1841,N
20251023,M7731,41016902,20251023,41,11,08,41_21388835,2,570,41016902,20251023151647,4106836,20251023160918,4111588,0,01,2,24330,3151,N
20251023,M7731,41016902,20251023,41,11,08,41_21397416,2,570,41016902,20251023151647,4106836,20251023154728,4111588,0,01,2,24330,1841,N
20251023,M7731,41016902,20251023,41,11,08,41_21435238,2,570,41016902,20251023191852,4106836,20251023200544,4111588,0,01,1,24330,2812,N
20251023,M7731,41016902,20251023,41,11,08,41_21456230,2,570,41016902,20251023170729,4177448,20251023173358,4111588,0,01,3,22120,1589,N
20251023,M7731,41016902,20251023,41,11,08,41_21466394,1,570,41016902,20251023153825,4106836,20251023161848,4116126,0,01,4,25350,2423,N
20251023,M7731,41016902,20251023,41,11,08,41_21505769,2,570,41016902,20251023175743,4110935,20251023184947,4111588,0,01,1,28710,3124,N
20251023,M7731,41016902,20251023,41,11,08,41_21516828,1,570,41016902,20251023132151,4177532,20251023135527,4111588,0,01,4,22980,2016,N
20251023,M7731,41016902,20251023,41,11,08,41_21529108,2,570,41016902,20251023155527,4106836,20251023163029,4116126,1,01,3,25350,2102,N
20251023,M7731,41016902,20251023,41,11,08,41_21540221,2,570,41016902,20251023210911,4177532,20251023214311,4109162,0,01,1,28030,2040,N
20251023,M7731,41016902,20251023,41,11,08,41_21545281,2,570,41016902,20251023182306,4106836,20251023185901,4116126,0,01,3,25350,2155,N
20251023,M7731,41016902,20251023,41,11,08,41_21615102,2,570,41016902,20251023171101,4106836,20251023175846,4116126,0,01,2,25350,2865,N
20251023,M7731,41016902,20251023,41,11,08,41_21621997,2,570,41016902,20251023054348,4177448,20251023061116,4111588,0,01,1,22120,1648,N
20251023,M7731,41016902,20251023,41,11,08,41_21652406,2,570,41016902,20251023071717,4107446,20251023080001,4116126,0,01,3,28890,2564,N
20251023,M7731,41016902,20251023,41,11,08,41_21666292,2,570,41016902,20251023051439,4110935,20251023054818,4111588,0,01,3,28710,2019,N
20251023,M7731,41016902,20251023,41,11,08,41_21669475,2,570,41016902,20251023193137,4106836,20251023202536,4116126,0,01,3,25350,3239,N
20251023,M7731,41016902,20251023,41,11,08,41_21681959,2,570,41016902,20251023062108,4110935,20251023065447,4116126,0,01,1,29730,2019,N
20251023,M7731,41016902,20251023,41,11,08,41_21681959,2,570,41016902,20251023081818,4110935,20251023085637,4111588,0,01,2,28710,2299,N
20251023,M7731,41016902,20251023,41,11,08,41_21692973,2,570,41016902,20251023063117,4177510,20251023081607,4111588,0,01,2,29500,6290,N
20251023,M7731,41016902,20251023,41,11,08,41_21709932,2,570,41016902,20251023121102,4177448,20251023123912,4111588,0,01,4,22120,1690,N
20251023,M7731,41016902,20251023,41,11,08,41_21709951,1,570,41016902,20251023184012,4106836,20251023191555,4116130,0,01,2,26590,2143,N
20251023,M7731,41016902,20251023,41,11,08,41_21721400,2,570,41016902,20251023184846,4106836,20251023192659,4116126,0,01,3,25350,2293,N
20251023,M7731,41016902,20251023,41,11,08,41_2172517,2,570,41016902,20251023112225,4106836,20251023115047,4111588,1,01,1,24330,1702,N
20251023,M7731,41016902,20251023,41,11,08,41_21740605,2,570,41016902,20251023182007,4177448,20251023185820,4111598,0,01,1,25410,2293,N
20251023,M7731,41016902,20251023,41,11,08,41_21745360,2,570,41016902,20251023164213,4177532,20251023172105,4111588,0,01,1,22980,2332,N
20251023,M7731,41016902,20251023,41,11,08,41_21746327,2,570,41016902,20251023130204,4177448,20251023133212,4111588,0,01,1,22120,1808,N
20251023,M7731,41016902,20251023,41,11,08,41_21786281,2,570,41016902,20251023104330,4106836,20251023112302,4116130,0,01,2,26590,2372,N
20251023,M7731,41016902,20251023,41,11,08,41_21789259,2,570,41016902,20251023081000,4177637,20251023085043,4111588,0,01,2,25830,2443,N
20251023,M7731,41016902,20251023,41,11,08,41_21799384,2,570,41016902,20251023103327,4177448,20251023110434,4111588,0,01,4,22120,1867,N
20251023,M7731,41016902,20251023,41,11,08,41_21815479,2,570,41016902,20251023110637,4177448,20251023114312,4116126,0,01,4,23140,2195,N
20251023,M7731,41016902,20251023,41,11,08,41_21830127,1,570,41016902,20251023140405,4177637,20251023144039,4111588,0,01,4,25830,2194,N
20251023,M7731,41016902,20251023,41,11,08,41_21863740,2,570,41016902,20251023075257,4177448,20251023082841,4111588,0,01,3,22120,2144,N
20251023,M7731,41016902,20251023,41,11,08,41_21872874,1,570,41016902,20251023103806,4177532,20251023111441,4116126,0,01,2,24000,2195,N
20251023,M7731,41016902,20251023,41,11,08,41_21884652,1,570,41016902,20251023162051,4106836,20251023165841,4111588,0,01,1,24330,2270,N
20251023,M7731,41016902,20251023,41,11,08,41_21888212,2,570,41016902,20251023180239,4177532,20251023183727,4116126,0,01,3,24000,2088,N
20251023,M7731,41016902,20251023,41,11,08,41_21899000,2,570,41016902,20251023101437,4177532,20251023104854,4111588,0,01,4,22980,2057,N
20251023,M7731,41016902,20251023,41,11,08,41_21903066,2,570,41016902,20251023141412,4106836,20251023144021,4111588,0,01,4,24330,1569,N
20251023,M7731,41016902,20251023,41,11,08,41_21974290,2,570,41016902,20251023114940,4177637,20251023122328,4116126,0,01,2,26850,2028,N
20251023,M7731,41016902,20251023,41,11,08,41_22032000,2,570,41016902,20251023131410,4106836,20251023134232,4111588,0,01,4,24330,1702,N
20251023,M7731,41016902,20251023,41,11,08,41_22039569,2,570,41016902,20251023053033,4177510,20251023055347,4111588,0,01,4,29500,1394,N
20251023,M7731,41016902,20251023,41,11,08,41_22043671,2,570,41016902,20251023192011,4177510,20251023194707,4111588,0,01,2,29500,1616,N
20251023,M7731,41016902,20251023,41,11,08,41_22074424,2,570,41016902,20251023171040,4106836,20251023174049,4116126,1,01,1,25350,1809,N
20251023,M7731,41016902,20251023,41,11,08,41_22080257,1,570,41016902,20251023074554,4106836,20251023083324,4111588,0,01,4,24330,2850,N
20251023,M7731,41016902,20251023,41,11,08,41_22080257,1,570,41016902,20251023210810,4106836,20251023214905,4111588,0,01,3,24330,2455,N
20251023,M7731,41016902,20251023,41,11,08,41_22103654,1,570,41016902,20251023112553,4177532,20251023120051,4111588,0,01,3,22980,2098,N
20251023,M7731,41016902,20251023,41,11,08,41_22115225,2,570,41016902,20251023194810,4177448,20251023201144,4111588,0,01,3,22120,1414,N
20251023,M7731,41016902,20251023,41,11,08,41_22122622,2,570,41016902,20251023161907,4177532,20251023170326,4111588,0,01,4,22980,2659,N
20251023,M7731,41016902,20251023,41,11,08,41_22133470,2,570,41016902,20251023165723,4177532,20251023174820,4111588,0,01,3,22980,3057,N
20251023,M7731,41016902,20251023,41,11,08,41_22144513,1,570,41016902,20251024000354,4177448,20251024002935,4111588,0,01,3,22120,1541,N
20251023,M7731,41016902,20251023,41,11,08,41_22178813,2,570,41016902,20251023212922,4106836,20251023221643,4116126,0,01,1,25350,2841,N
20251023,M7731,41016902,20251023,41,11,08,41_22179125,2,570,41016902,20251023191759,4106836,20251023195017,4111588,0,01,2,24330,1938,N
20251023,M7731,41016902,20251023,41,11,08,41_22182942,2,570,41016902,20251023120957,4177637,20251023124802,4111588,0,01,3,25830,2285,N
20251023,M7731,41016902,20251023,41,11,08,41_22184876,2,570,41016902,20251023164522,4177532,20251023171344,4111588,0,01,1,22980,1702,N
20251023,M7731,41016902,20251023,41,11,08,41_22193828,2,570,41016902,20251023164522,4177532,20251023172941,4111588,0,01,2,22980,2659,N
20251023,M7731,41016902,20251023,41,11,08,41_22203466,2,570,41016902,20251023170337,4177532,20251023173238,4111588,0,01,1,22980,1741,N
20251023,M7731,41016902,20251023,41,11,08,41_22212440,1,570,41016902,20251023143208,4177532,20251023151257,4111588,0,01,2,22980,2449,N
20251023,M7731,41016902,20251023,41,11,08,41_2223402,2,570,41016902,20251023213559,4106836,20251023220811,4111588,0,01,2,24330,1932,N
20251023,M7731,41016902,20251023,41,11,08,41_22241307,2,570,41016902,20251023224427,4106836,20251023232307,4116126,0,01,3,25350,2320,N
20251023,M7731,41016902,20251023,41,11,08,41_22244312,2,570,41016902,20251023130626,4106836,20251023134813,4111588,0,01,2,24330,2507,N
20251023,M7731,41016902,20251023,41,11,08,41_222474,1,570,41016902,20251023143409,4106836,20251023150906,4116126,0,01,2,25350,2097,N
20251023,M7731,41016902,20251023,41,11,08,41_22254877,2,570,41016902,20251023143208,4177532,20251023152431,4116126,0,01,1,24000,3143,N
20251023,M7731,41016902,20251023,41,11,08,41_22264247,2,570,41016902,20251023182026,4177532,20251023184343,4111588,0,01,2,22980,1397,N
20251023,M7731,41016902,20251023,41,11,08,41_22283377,2,570,41016902,20251023153534,4106836,20251023161151,4111588,0,01,3,24330,2177,N
20251023,M7731,41016902,20251023,41,11,08,41_22332530,1,570,41016902,20251023110126,4177510,20251023112445,4111588,0,01,4,29500,1399,N
20251023,M7731,41016902,20251023,41,11,08,41_22340788,2,570,41016902,20251023104649,4177448,20251023111436,4111588,0,01,1,22120,1667,N
20251023,M7731,41016902,20251023,41,11,08,41_22342302,2,570,41016902,20251023112621,4177510,20251023114940,4116126,0,01,3,30520,1399,N
20251023,M7731,41016902,20251023,41,11,08,41_22342302,2,570,41016902,20251023165039,4177510,20251023171344,4116126,0,01,3,30520,1385,N
20251023,M7731,41016902,20251023,41,11,08,41_22350072,2,570,41016902,20251023070059,4106836,20251023073048,4111588,0,01,4,24330,1789,N
20251023,M7731,41016902,20251023,41,11,08,41_22394227,1,570,41016902,20251023174034,4177532,20251023181234,4111588,0,01,3,22980,1920,N
20251023,M7731,41016902,20251023,41,11,08,41_22432595,2,570,41016902,20251023173147,4177448,20251023180403,4111588,0,01,4,22120,1936,N
20251023,M7731,41016902,20251023,41,11,08,41_2252214,2,570,41016902,20251023141719,4110935,20251023144928,4111588,0,01,4,28710,1929,N
20251023,M7731,41016902,20251023,41,11,08,41_22524471,1,570,41016902,20251023171146,4106836,20251023174800,4111588,0,01,3,24330,2174,N
20251023,M7731,41016902,20251023,41,11,08,41_22538531,1,570,41016902,20251023070407,4177510,20251023073816,4111588,0,01,3,29500,2049,N
20251023,M7731,41016902,20251023,41,11,08,41_22557194,2,570,41016902,20251023164516,4177532,20251023172446,4116126,0,01,2,24000,2370,N
20251023,M7731,41016902,20251023,41,11,08,41_22558776,2,570,41016902,20251023100948,4106836,20251023105431,4111588,0,01,1,24330,2683,N
20251023,M7731,41016902,20251023,41,11,08,41_22571728,2,570,41016902,20251023213618,4106836,20251023223314,4116126,0,01,2,25350,3416,N
20251023,M7731,41016902,20251023,41,11,08,41_22579952,2,570,41016902,20251023125044,4177448,20251023131414,4111588,0,01,1,22120,1410,N
20251023,M7731,41016902,20251023,41,11,08,41_22580676,2,570,41016902,20251023132835,4106836,20251023141414,4116126,0,01,3,25350,2739,N
20251023,M7731,41016902,20251023,41,11,08,41_22613468,2,570,41016902,20251023190213,4177532,20251023193926,4116130,0,01,3,25240,2233,N
20251023,M7731,41016902,20251023,41,11,08,41_22627394,2,570,41016902,20251023094924,4177637,20251023102415,4116126,0,01,4,26850,2091,N
20251023,M7731,41016902,20251023,41,11,08,41_22657387,1,570,41016902,20251023140031,4106836,20251023144813,4116126,1,01,3,25350,2862,N
20251023,M7731,41016902,20251023,41,11,08,41_22669192,2,570,41016902,20251023151710,4177448,20251023155444,4116126,0,01,1,23140,2254,N
20251023,M7731,41016902,20251023,41,11,08,41_22675273,2,570,41016902,20251023170408,4177448,20251023173242,4111588,0,01,2,22120,1714,N
20251023,M7731,41016902,20251023,41,11,08,41_22700935,1,570,41016902,20251023180550,4177532,20251023183234,4111588,0,01,2,22980,1604,N
20251023,M7731,41016902,20251023,41,11,08,41_22704277,2,570,41016902,20251023063848,4177510,20251023071209,4109162,0,01,2,34550,2001,N
20251023,M7731,41016902,20251023,41,11,08,41_22741204,1,570,41016902,20251023064746,4110868,20251023072729,4111588,0,01,4,26980,2383,N
20251023,M7731,41016902,20251023,41,11,08,41_22770198,2,570,41016902,20251023184959,4177448,20251023193433,4111588,0,01,2,22120,2674,N
20251023,M7731,41016902,20251023,41,11,08,41_22781527,2,570,41016902,20251023123045,4177637,20251023130100,4111588,0,01,4,25830,1815,N
20251023,M7731,41016902,20251023,41,11,08,41_22791964,2,570,41016902,20251023221215,4106836,20251023224339,4111598,0,01,1,27620,1884,N
20251023,M7731,41016902,20251023,41,11,08,41_2282275,2,570,41016902,20251023170613,4177448,20251023174339,4111588,0,01,2,22120,2246,N
20251023,M7731,41016902,20251023,41,11,08,41_22865790,2,570,41016902,20251023144234,4177510,20251023153815,4116126,0,01,2,30520,3341,N
20251023,M7731,41016902,20251023,41,11,08,41_22906794,2,570,41016902,20251023152004,4106836,20251023160046,4111588,0,01,2,24330,2442,N
20251023,M7731,41016902,20251023,41,11,08,41_22906794,2,570,41016902,20251023170826,4106836,20251023173854,4111588,0,01,1,24330,1828,N
20251023,M7731,41016902,20251023,41,11,08,41_22931130,1,570,41016902,20251023081355,4177448,20251023084625,4116126,0,01,3,23140,1950,N
20251023,M7731,41016902,20251023,41,11,08,41_2293993,2,570,41016902,20251023170613,4177448,20251023173055,4111598,0,01,3,25410,1482,N
20251023,M7731,41016902,20251023,41,11,08,41_22971494,2,570,41016902,20251023171333,4106836,20251023175315,4111588,0,01,3,24330,2382,N
20251023,M7731,41016902,20251023,41,11,08,41_23041557,2,570,41016902,20251023213125,4177448,20251023220520,4116126,0,01,4,23140,2035,N
20251023,M7731,41016902,20251023,41,11,08,41_23052201,2,570,41016902,20251023073617,4106836,20251023080854,4111588,1,01,3,24330,1957,N
20251023,M7731,41016902,20251023,41,11,08,41_23059347,2,570,41016902,20251023193706,4177448,20251023200839,4111588,0,01,4,22120,1893,N
20251023,M7731,41016902,20251023,41,11,08,41_23059347,2,570,41016902,20251023213508,4177448,20251023220428,4111588,0,01,2,22120,1760,N
20251023,M7731,41016902,20251023,41,11,08,41_23080451,2,570,41016902,20251023214825,4177448,20251023222532,4111598,0,01,3,25410,2227,N
20251023,M7731,41016902,20251023,41,11,08,41_23087809,2,570,41016902,20251023093733,4106836,20251023102227,4111588,0,01,4,24330,2694,N
20251023,M7731,41016902,20251023,41,11,08,41_23105671,2,570,41016902,20251023123409,4106836,20251023130820,4111588,0,01,4,24330,2051,N
20251023,M7731,41016902,20251023,41,11,08,41_23105671,2,570,41016902,20251023151922,4106836,20251023160417,4111588,0,01,2,24330,2695,N
20251023,M7731,41016902,20251023,41,11,08,41_23120857,1,570,41016902,20251023084723,4177532,20251023093938,4111588,0,01,4,22980,3135,N
20251023,M7731,41016902,20251023,41,11,08,41_23134959,2,570,41016902,20251023071302,4106836,20251023074608,4111588,1,01,1,24330,1986,N
20251023,M7731,41016902,20251023,41,11,08,41_23151575,2,570,41016902,20251023213453,4177532,20251023220834,4111588,0,01,4,22980,2021,N
20251023,M7731,41016902,20251023,41,11,08,41_23154834,2,570,41016902,20251023184513,4106836,20251023192740,4116126,0,01,1,25350,2547,N
20251023,M7731,41016902,20251023,41,11,08,41_23159156,2,570,41016902,20251023152944,4177448,20251023161827,4116126,0,01,1,23140,2923,N
20251023,M7731,41016902,20251023,41,11,08,41_23159156,2,570,41016902,20251023190223,4177448,20251023194658,4116126,0,01,1,23140,2675,N
20251023,M7731,41016902,20251023,41,11,08,41_23173699,2,570,41016902,20251023153004,4177448,20251023161601,4111588,0,01,2,22120,2757,N
20251023,M7731,41016902,20251023,41,11,08,41_23173699,2,570,41016902,20251023190211,4177448,20251023194408,4111588,0,01,1,22120,2517,N
20251023,M7731,41016902,20251023,41,11,08,41_2319475,1,570,41016902,20251023112008,4110935,20251023114216,4116126,0,01,2,29730,1328,N
20251023,M7731,41016902,20251023,41,11,08,41_23203666,2,570,41016902,20251023182052,4177448,20251023185642,4111588,0,01,4,22120,2150,N
20251023,M7731,41016902,20251023,41,11,08,41_23237621,2,570,41016902,20251023113859,4177510,20251023121323,4116130,0,01,2,31760,2064,N
20251023,M7731,41016902,20251023,41,11,08,41_23250836,2,570,41016902,20251023130601,4106836,20251023133806,4111588,0,01,1,24330,1925,N
20251023,M7731,41016902,20251023,41,11,08,41_23250836,2,570,41016902,20251023170803,4106836,20251023175545,4111588,0,01,1,24330,2862,N
20251023,M7731,41016902,20251023,41,11,08,41_23250836,2,570,41016902,20251023213953,4106836,20251023221154,4111588,0,01,3,24330,1921,N
20251023,M7731,41016902,20251023,41,11,08,41_23255987,1,570,41016902,20251023143647,4177448,20251023150335,4111588,0,01,4,22120,1608,N
20251023,M7731,41016902,20251023,41,11,08,41_23266157,2,570,41016902,20251023114430,4177448,20251023121627,4111588,1,01,1,22120,1917,N
20251023,M7731,41016902,20251023,41,11,08,41_23271247,1,570,41016902,20251023132020,4106836,20251023135432,4116126,0,01,1,25350,2052,N
20251023,M7731,41016902,20251023,41,11,08,41_23311206,2,570,41016902,20251023170829,4106836,20251023180321,4111588,0,01,2,24330,3292,N
20251023,M7731,41016902,20251023,41,11,08,41_23325751,2,570,41016902,20251023191607,4106836,20251023194656,4111588,0,01,4,24330,1849,N
20251023,M7731,41016902,20251023,41,11,08,41_2333554,2,570,41016902,20251023071835,4106836,20251023074651,4109162,0,01,2,29380,1696,N
20251023,M7731,41016902,20251023,41,11,08,41_23356398,2,570,41016902,20251023082828,4177448,20251023084959,4116126,0,01,3,23140,1291,N
20251023,M7731,41016902,20251023,41,11,08,41_23376560,1,570,41016902,20251023073536,4106836,20251023080627,4111588,0,01,2,24330,1851,N
20251023,M7731,41016902,20251023,41,11,08,41_23380050,1,570,41016902,20251023122101,4106836,20251023125227,4116126,0,01,3,25350,1886,N
20251023,M7731,41016902,20251023,41,11,08,41_23387559,2,570,41016902,20251023062533,4177637,20251023064814,4111588,0,01,2,25830,1361,N
20251023,M7731,41016902,20251023,41,11,08,41_23388792,2,570,41016902,20251023151459,4177532,20251023154201,4111588,0,01,1,22980,1622,N
20251023,M7731,41016902,20251023,41,11,08,41_23415429,1,570,41016902,20251023211350,4106836,20251023221040,4111588,1,01,3,24330,3410,N
20251023,M7731,41016902,20251023,41,11,08,41_23420415,1,570,41016902,20251023080739,4106836,20251023084517,4111588,0,01,2,24330,2258,N
20251023,M7731,41016902,20251023,41,11,08,41_23420415,1,570,41016902,20251023164311,4106836,20251023174811,4111588,0,01,1,24330,3900,N
20251023,M7731,41016902,20251023,41,11,08,41_23425639,2,570,41016902,20251023215410,4110868,20251023222026,4111588,0,01,2,26980,1576,N
20251023,M7731,41016902,20251023,41,11,08,41_23468385,2,570,41016902,20251023190551,4106836,20251023195058,4116126,0,01,4,25350,2707,N
20251023,M7731,41016902,20251023,41,11,08,41_23476274,2,570,41016902,20251023143407,4177532,20251023150054,4111588,0,01,3,22980,1607,N
20251023,M7731,41016902,20251023,41,11,08,41_23495343,2,570,41016902,20251023202820,4177448,20251023205253,4116130,0,01,2,24380,1473,N
20251023,M7731,41016902,20251023,41,11,08,41_23512072,2,570,41016902,20251023060339,4106836,20251023064202,4111588,0,01,1,24330,2303,N
20251023,M7731,41016902,20251023,41,11,08,41_23516830,2,570,41016902,20251023165104,4106836,20251023173717,4111588,0,01,2,24330,2773,N
20251023,M7731,41016902,20251023,41,11,08,41_23516830,2,570,41016902,20251023230526,4106836,20251023234353,4111588,0,01,2,24330,2307,N
20251023,M7731,41016902,20251023,41,11,08,41_23545316,1,570,41016902,20251023062024,4106836,20251023065633,4111588,0,01,4,24330,2169,N
20251023,M7731,41016902,20251023,41,11,08,41_23547621,2,570,41016902,20251023170504,4177637,20251023174812,4111588,0,01,2,25830,2588,N
20251023,M7731,41016902,20251023,41,11,08,41_23568479,1,570,41016902,20251023164256,4177637,20251023172724,4111588,0,01,4,25830,2668,N
20251023,M7731,41016902,20251023,41,11,08,41_23578600,2,570,41016902,20251024000742,4177448,20251024003820,4111588,0,01,4,22120,1838,N
20251023,M7731,41016902,20251023,41,11,08,41_23578653,2,570,41016902,20251023082854,4106836,20251023091631,4111588,0,01,2,24330,2857,N
20251023,M7731,41016902,20251023,41,11,08,41_23596266,2,570,41016902,20251023111359,4177637,20251023115453,4111588,0,01,4,25830,2454,N
20251023,M7731,41016902,20251023,41,11,08,41_23612877,2,570,41016902,20251023134838,4177448,20251023143936,4111588,1,01,2,22120,3058,N
20251023,M7731,41016902,20251023,41,11,08,41_2361850,1,570,41016902,20251023103518,4106836,20251023110643,4111588,0,01,3,24330,1885,N
20251023,M7731,41016902,20251023,41,11,08,41_23626718,2,570,41016902,20251023061905,4177448,20251023065428,4111588,0,01,2,22120,2123,N
20251023,M7731,41016902,20251023,41,11,08,41_23656222,2,570,41016902,20251023182937,4106836,20251023191512,4116126,0,01,1,25350,2735,N
20251023,M7731,41016902,20251023,41,11,08,41_23782341,2,570,41016902,20251023124540,4177532,20251023131154,4111588,0,01,3,22980,1574,N
20251023,M7731,41016902,20251023,41,11,08,41_23782341,2,570,41016902,20251023162414,4177532,20251023170233,4111588,0,01,3,22980,2299,N
20251023,M7731,41016902,20251023,41,11,08,41_23838931,2,570,41016902,20251023143551,4106836,20251023152046,4116126,0,01,1,25350,2695,N
20251023,M7731,41016902,20251023,41,11,08,41_23863586,2,570,41016902,20251023223914,4177448,20251023234120,4111588,0,01,4,22120,3726,N
20251023,M7731,41016902,20251023,41,11,08,41_238717,2,570,41016902,20251023112752,4177448,20251023120249,4111598,0,01,2,25410,2097,N
20251023,M7731,41016902,20251023,41,11,08,41_2388415,1,570,41016902,20251023184042,4106836,20251023193609,4116126,0,01,2,25350,3327,N
20251023,M7731,41016902,20251023,41,11,08,41_23885126,2,570,41016902,20251023174513,4106836,20251023182053,4111588,0,01,3,24330,2140,N
20251023,M7731,41016902,20251023,41,11,08,41_23895790,2,570,41016902,20251023052858,4177510,20251023062728,4111588,0,01,1,29500,3510,N
20251023,M7731,41016902,20251023,41,11,08,41_23897949,2,570,41016902,20251023221622,4106836,20251023231828,4116126,0,01,2,25350,3726,N
20251023,M7731,41016902,20251023,41,11,08,41_23946929,2,570,41016902,20251023212036,4106836,20251023220010,4111588,0,01,3,24330,2374,N
20251023,M7731,41016902,20251023,41,11,08,41_23981410,1,570,41016902,20251023153629,4177532,20251023160515,4111598,0,01,4,26270,1726,N
20251023,M7731,41016902,20251023,41,11,08,41_2398384,2,570,41016902,20251023160511,4177637,20251023163426,4109162,0,01,2,30880,1755,N
20251023,M7731,41016902,20251023,41,11,08,41_23985392,2,570,41016902,20251023135247,4106836,20251023143946,4111588,0,01,4,24330,2819,N
20251023,M7731,41016902,20251023,41,11,08,41_24038223,1,570,41016902,20251023151342,4106836,20251023160019,4116126,0,01,1,25350,2797,N
20251023,M7731,41016902,20251023,41,11,08,41_24038223,1,570,41016902,20251023222007,4106836,20251023225750,4116126,0,01,3,25350,2263,N
20251023,M7731,41016902,20251023,41,11,08,41_24085156,2,570,41016902,20251023124439,4106836,20251023132620,4111588,0,01,3,24330,2501,N
20251023,M7731,41016902,20251023,41,11,08,41_2410608,1,570,41016902,20251023162330,4177510,20251023165811,4111588,0,01,3,29500,2081,N
20251023,M7731,41016902,20251023,41,11,08,41_24117174,2,570,41016902,20251023230306,4177448,20251023233033,4111588,0,01,1,22120,1647,N
20251023,M7731,41016902,20251023,41,11,08,41_24127693,2,570,41016902,20251023103900,4106836,20251023111311,4111588,0,01,1,24330,2051,N
20251023,M7731,41016902,20251023,41,11,08,41_2414378,2,570,41016902,20251023135418,4177637,20251023142800,4111588,0,01,1,25830,2022,N
20251023,M7731,41016902,20251023,41,11,08,41_24153001,1,570,41016902,20251023071519,4177532,20251023073904,4116126,0,01,1,24000,1425,N
20251023,M7731,41016902,20251023,41,11,08,41_24180855,2,570,41016902,20251023140108,4177532,20251023143206,4111588,0,01,4,22980,1858,N
20251023,M7731,41016902,20251023,41,11,08,41_24181102,1,570,41016902,20251023065825,4110868,20251023072308,4111588,0,01,1,26980,1483,N
20251023,M7731,41016902,20251023,41,11,08,41_24203947,2,570,41016902,20251023184304,4106836,20251023192523,4111588,1,01,2,24330,2539,N
20251023,M7731,41016902,20251023,41,11,08,41_24214559,2,570,41016902,20251023165453,4177510,20251023172358,4111588,0,01,2,29500,1745,N
20251023,M7731,41016902,20251023,41,11,08,41_24228964,2,570,41016902,20251023164132,4177532,20251023171037,4111588,0,01,3,22980,1745,N
20251023,M7731,41016902,20251023,41,11,08,41_24242877,2,570,41016902,20251023183414,4177448,20251023190646,4111598,0,01,4,25410,1952,N
20251023,M7731,41016902,20251023,41,11,08,41_2424582,1,570,41016902,20251023185916,4106836,20251023193837,4116126,0,01,2,25350,2361,N
20251023,M7731,41016902,20251023,41,11,08,41_24253330,2,570,41016902,20251023115244,4177532,20251023121616,4111588,0,01,4,22980,1412,N
20251023,M7731,41016902,20251023,41,11,08,41_24263302,2,570,41016902,20251023155237,4177532,20251023163242,4116126,0,01,1,24000,2405,N
20251023,M7731,41016902,20251023,41,11,08,41_24277948,2,570,41016902,20251023202732,4106836,20251023210645,4111588,0,01,4,24330,2353,N
20251023,M7731,41016902,20251023,41,11,08,41_24277948,2,570,41016902,20251023220254,4106836,20251023223112,4111588,0,01,3,24330,1698,N
20251023,M7731,41016902,20251023,41,11,08,41_24281967,1,570,41016902,20251023114610,4106836,20251023121132,4116126,0,01,4,25350,1522,N
20251023,M7731,41016902,20251023,41,11,08,41_24291063,2,570,41016902,20251023154337,4177448,20251023161333,4111588,0,01,1,22120,1796,N
20251023,M7731,41016902,20251023,41,11,08,41_24293123,2,570,41016902,20251023151846,4177532,20251023155540,4111588,0,01,4,22980,2214,N
20251023,M7731,41016902,20251023,41,11,08,41_24313413,1,570,41016902,20251023213435,4177532,20251023220508,4111588,0,01,3,22980,1833,N
20251023,M7731,41016902,20251023,41,11,08,41_24352448,2,570,41016902,20251023180531,4177448,20251023190332,4111588,0,01,3,22120,3481,N
20251023,M7731,41016902,20251023,41,11,08,41_24394732,2,570,41016902,20251023151820,4177448,20251023154819,4111588,1,01,1,22120,1799,N
20251023,M7731,41016902,20251023,41,11,08,41_24394732,2,570,41016902,20251023221526,4177637,20251023224748,4111588,0,01,1,25830,1942,N
20251023,M7731,41016902,20251023,41,11,08,41_24400056,2,570,41016902,20251023090109,4177448,20251023093908,4111588,0,01,3,22120,2279,N
20251023,M7731,41016902,20251023,41,11,08,41_24431632,2,570,41016902,20251023165138,4177637,20251023175254,4111588,1,01,4,25830,3676,N
20251023,M7731,41016902,20251023,41,11,08,41_2443922,2,570,41016902,20251023055340,4106836,20251023063819,4116126,1,01,1,25350,2679,N
20251023,M7731,41016902,20251023,41,11,08,41_24445511,2,570,41016902,20251023090050,4177448,20251023093849,4111588,0,01,1,22120,2279,N
20251023,M7731,41016902,20251023,41,11,08,41_24460052,1,570,41016902,20251023181924,4106836,20251023192406,4111588,0,01,1,24330,3882,N
20251023,M7731,41016902,20251023,41,11,08,41_24462119,2,570,41016902,20251023152616,4110935,20251023160445,4111588,0,01,1,28710,2309,N
20251023,M7731,41016902,20251023,41,11,08,41_24470191,2,570,41016902,20251023161403,4106836,20251023165611,4116126,0,01,4,25350,2528,N
20251023,M7731,41016902,20251023,41,11,08,41_2448579,2,570,41016902,20251023083559,4177510,20251023090756,4111598,0,01,2,32790,1917,N
20251023,M7731,41016902,20251023,41,11,08,41_24536991,1,570,41016902,20251023152551,4177448,20251023155743,4111588,0,01,3,22120,1912,N
20251023,M7731,41016902,20251023,41,11,08,41_24538231,1,570,41016902,20251023113851,4106836,20251023120440,4111588,0,01,3,24330,1549,N
20251023,M7731,41016902,20251023,41,11,08,41_24556722,2,570,41016902,20251023084726,4177532,20251023092229,4111588,0,01,1,22980,2103,N
20251023,M7731,41016902,20251023,41,11,08,41_24600001,1,570,41016902,20251023082126,4177448,20251023084355,4111599,0,01,4,26060,1349,N
20251023,M7731,41016902,20251023,41,11,08,41_24601502,2,570,41016902,20251023050947,4177510,20251023060330,4111588,0,01,2,29500,3223,N
20251023,M7731,41016902,20251023,41,11,08,41_24632907,2,570,41016902,20251023161615,4106836,20251023163724,4111588,1,01,1,24330,1269,N
20251023,M7731,41016902,20251023,41,11,08,41_24644317,2,570,41016902,20251023161251,4106836,20251023163400,4111588,0,01,3,24330,1269,N
20251023,M7731,41016902,20251023,41,11,08,41_24651920,2,570,41016902,20251023194149,4106836,20251023202045,4116126,0,01,3,25350,2336,N
20251023,M7731,41016902,20251023,41,11,08,41_24716333,2,570,41016902,20251023154841,4106836,20251023162956,4111588,0,01,1,24330,2475,N
20251023,M7731,41016902,20251023,41,11,08,41_24716333,2,570,41016902,20251023193956,4106836,20251023201218,4111588,0,01,3,24330,1942,N
20251023,M7731,41016902,20251023,41,11,08,41_24780151,2,570,41016902,20251023172047,4106836,20251023180939,4111588,1,01,4,24330,2932,N
20251023,M7731,41016902,20251023,41,11,08,41_24796281,2,570,41016902,20251023181655,4106836,20251023185645,4116130,0,01,3,26590,2390,N
20251023,M7731,41016902,20251023,41,11,08,41_2479886,2,570,41016902,20251023153851,4177448,20251023161354,4116126,0,01,1,23140,2103,N
20251023,M7731,41016902,20251023,41,11,08,41_2479886,2,570,41016902,20251023205431,4177448,20251023212815,4116126,0,01,3,23140,2024,N
20251023,M7731,41016902,20251023,41,11,08,41_24801586,2,570,41016902,20251023105622,4106836,20251023112715,4111588,1,01,3,24330,1853,N
20251023,M7731,41016902,20251023,41,11,08,41_24827245,1,570,41016902,20251023142923,4107446,20251023145448,4116130,0,01,3,30130,1525,N
20251023,M7731,41016902,20251023,41,11,08,41_24833534,1,570,41016902,20251023171125,4106836,20251023175138,4111588,0,01,1,24330,2413,N
20251023,M7731,41016902,20251023,41,11,08,41_24833534,1,570,41016902,20251023192442,4106836,20251023202009,4116126,0,01,2,25350,3327,N
20251023,M7731,41016902,20251023,41,11,08,41_24850739,2,570,41016902,20251023083717,4106836,20251023091640,4116126,0,01,3,25350,2363,N
20251023,M7731,41016902,20251023,41,11,08,41_24850739,2,570,41016902,20251023201114,4106836,20251023205111,4116126,0,01,2,25350,2397,N
20251023,M7731,41016902,20251023,41,11,08,41_24850739,2,570,41016902,20251023220209,4106836,20251023224038,4116126,0,01,3,25350,2309,N
20251023,M7731,41016902,20251023,41,11,08,41_24857011,1,570,41016902,20251023153917,4177448,20251023155841,4111588,0,01,1,22120,1164,N
20251023,M7731,41016902,20251023,41,11,08,41_2486143,2,570,41016902,20251023084751,4110868,20251023091954,4111588,0,01,2,26980,1923,N
20251023,M7731,41016902,20251023,41,11,08,41_2489644,1,570,41016902,20251023154109,4177448,20251023161903,4116130,0,01,3,24380,2274,N
20251023,M7731,41016902,20251023,41,11,08,41_24904578,2,570,41016902,20251023222219,4177448,20251023225304,4116126,0,01,3,23140,1845,N
20251023,M7731,41016902,20251023,41,11,08,41_25020319,2,570,41016902,20251023164338,4106836,20251023174208,4111588,0,01,3,24330,3510,N
20251023,M7731,41016902,20251023,41,11,08,41_25065094,2,570,41016902,20251023120210,4106836,20251023125754,4116126,0,01,3,25350,3344,N
20251023,M7731,41016902,20251023,41,11,08,41_25065094,2,570,41016902,20251023130838,4106836,20251023140311,4116126,0,01,2,25350,3273,N
20251023,M7731,41016902,20251023,41,11,08,41_25065094,2,570,41016902,20251023184704,4106836,20251023192409,4116126,0,01,1,25350,2225,N
20251023,M7731,41016902,20251023,41,11,08,41_25082518,2,570,41016902,20251023172140,4177637,20251023180447,4111588,0,01,2,25830,2587,N
20251023,M7731,41016902,20251023,41,11,08,41_2508260,2,570,41016902,20251023210152,4177448,20251023214831,4116126,0,01,2,23140,2799,N
20251023,M7731,41016902,20251023,41,11,08,41_25101259,2,570,41016902,20251023101912,4106836,20251023110822,4111588,1,01,4,24330,2950,N
20251023,M7731,41016902,20251023,41,11,08,41_25109076,2,570,41016902,20251023212739,4106836,20251023221121,4111588,0,01,1,24330,2622,N
20251023,M7731,41016902,20251023,41,11,08,41_25121873,2,570,41016902,20251023071940,4107446,20251023073505,4116126,0,01,1,28890,925,N
20251023,M7731,41016902,20251023,41,11,08,41_25135447,1,570,41016902,20251023072626,4106836,20251023081845,4111588,0,01,4,24330,3139,N
20251023,M7731,41016902,20251023,41,11,08,41_25173498,2,570,41016902,20251023061628,4106836,20251023070310,4111588,1,01,4,24330,2802,N
20251023,M7731,41016902,20251023,41,11,08,41_25175287,2,570,41016902,20251023122519,4106836,20251023130143,4116126,1,01,2,25350,2184,N
20251023,M7731,41016902,20251023,41,11,08,41_25175287,2,570,41016902,20251023210505,4106836,20251023221917,4116126,0,01,4,25350,4452,N
20251023,M7731,41016902,20251023,41,11,08,41_25187135,2,570,41016902,20251023064120,4177448,20251023072303,4111588,0,01,2,22120,2503,N
20251023,M7731,41016902,20251023,41,11,08,41_25190005,2,570,41016902,20251023074243,4110935,20251023075937,4116130,0,01,3,30970,1014,N
20251023,M7731,41016902,20251023,41,11,08,41_25190005,2,570,41016902,20251023110112,4110935,20251023112635,4116130,0,01,1,30970,1523,N
20251023,M7731,41016902,20251023,41,11,08,41_25193930,2,570,41016902,20251023110147,4106836,20251023113745,4111588,1,01,3,24330,2158,N
20251023,M7731,41016902,20251023,41,11,08,41_25196218,1,570,41016902,20251023210505,4106836,20251023214819,4111588,0,01,4,24330,2594,N
20251023,M7731,41016902,20251023,41,11,08,41_25196502,2,570,41016902,20251023061849,4110935,20251023063839,4109162,0,01,1,33760,1190,N
20251023,M7731,41016902,20251023,41,11,08,41_25196502,2,570,41016902,20251023110658,4110935,20251023113221,4109162,0,01,4,33760,1523,N
20251023,M7731,41016902,20251023,41,11,08,41_25206154,2,570,41016902,20251023152110,4177532,20251023160510,4116126,0,01,4,24000,2640,N
20251023,M7731,41016902,20251023,41,11,08,41_25207156,2,570,41016902,20251023103156,4106836,20251023110623,4111588,0,01,1,24330,2067,N
20251023,M7731,41016902,20251023,41,11,08,41_25208537,2,570,41016902,20251023161536,4177532,20251023165823,4111588,0,01,3,22980,2567,N
20251023,M7731,41016902,20251023,41,11,08,41_25212953,1,570,41016902,20251023150627,4177532,20251023154829,4111588,0,01,2,22980,2522,N
20251023,M7731,41016902,20251023,41,11,08,41_25233542,1,570,41016902,20251023105241,4106836,20251023113334,4111588,0,01,2,24330,2453,N
20251023,M7731,41016902,20251023,41,11,08,41_25233542,1,570,41016902,20251023194819,4106836,20251023202034,4111588,0,01,3,24330,1935,N
20251023,M7731,41016902,20251023,41,11,08,41_25294679,2,570,41016902,20251023070458,4106836,20251023074209,4116126,0,01,1,25350,2231,N
20251023,M7731,41016902,20251023,41,11,08,41_25342515,2,570,41016902,20251023080718,4177637,20251023084040,4116130,0,01,4,28090,2002,N
20251023,M7731,41016902,20251023,41,11,08,41_25350817,2,570,41016902,20251023075428,4110868,20251023083705,4111588,0,01,1,26980,2557,N
20251023,M7731,41016902,20251023,41,11,08,41_2535661,2,570,41016902,20251023123234,4177510,20251023133015,4111588,0,01,3,29500,3461,N
20251023,M7731,41016902,20251023,41,11,08,41_25368115,2,570,41016902,20251023141825,4177448,20251023144352,4111588,0,01,3,22120,1527,N
20251023,M7731,41016902,20251023,41,11,08,41_25376422,2,570,41016902,20251023072833,4177448,20251023081110,4116126,0,01,1,23140,2557,N
20251023,M7731,41016902,20251023,41,11,08,41_25412583,2,570,41016902,20251023222610,4177532,20251023230036,4111588,0,01,4,22980,2066,N
20251023,M7731,41016902,20251023,41,11,08,41_25413819,2,570,41016902,20251023125613,4177448,20251023131953,4111588,0,01,4,22120,1420,N
20251023,M7731,41016902,20251023,41,11,08,41_25418566,2,570,41016902,20251023201417,4106836,20251023204545,4116130,1,01,2,26590,1888,N
20251023,M7731,41016902,20251023,41,11,08,41_25418788,2,570,41016902,20251023135704,4177448,20251023142044,4111588,0,01,4,22120,1420,N
20251023,M7731,41016902,20251023,41,11,08,41_25425686,2,570,41016902,20251023151619,4106836,20251023154840,4116130,0,01,3,26590,1941,N
20251023,M7731,41016902,20251023,41,11,08,41_25475000,1,570,41016902,20251023142415,4106836,20251023145307,4111588,0,01,2,24330,1732,N
20251023,M7731,41016902,20251023,41,11,08,41_25503309,2,570,41016902,20251023161339,4177637,20251023164920,4116126,0,01,2,26850,2141,N
20251023,M7731,41016902,20251023,41,11,08,41_2552341,2,570,41016902,20251023165015,4106836,20251023172704,4111588,0,01,3,24330,2209,N
20251023,M7731,41016902,20251023,41,11,08,41_25587814,2,570,41016902,20251023064306,4177637,20251023072005,4111588,0,01,3,25830,2219,N
20251023,M7731,41016902,20251023,41,11,08,41_25597334,2,570,41016902,20251023152652,4106836,20251023162146,4111588,0,01,4,24330,3294,N
20251023,M7731,41016902,20251023,41,11,08,41_2566147,2,570,41016902,20251023210152,4177448,20251023212546,4111588,0,01,3,22120,1434,N
20251023,M7731,41016902,20251023,41,11,08,41_25696688,2,570,41016902,20251023151623,4106836,20251023160808,4111588,0,01,2,24330,3105,N
20251023,M7731,41016902,20251023,41,11,08,41_25707422,2,570,41016902,20251023153210,4106836,20251023160932,4111588,0,01,3,24330,2242,N
20251023,M7731,41016902,20251023,41,11,08,41_25732270,2,570,41016902,20251023131943,4106836,20251023135739,4111588,0,01,3,24330,2276,N
20251023,M7731,41016902,20251023,41,11,08,41_25738689,2,570,41016902,20251023073811,4177532,20251023084727,4116126,0,01,3,24000,4156,N
20251023,M7731,41016902,20251023,41,11,08,41_2574951,2,570,41016902,20251023101140,4106836,20251023110626,4116126,0,01,1,25350,3286,N
20251023,M7731,41016902,20251023,41,11,08,41_25833750,2,570,41016902,20251023092823,4106836,20251023100649,4116126,0,01,1,25350,2306,N
20251023,M7731,41016902,20251023,41,11,08,41_25845236,2,570,41016902,20251023051903,4177532,20251023060804,4116126,0,01,4,24000,2941,N
20251023,M7731,41016902,20251023,41,11,08,41_25867036,2,570,41016902,20251023060516,4106836,20251023065229,4111588,1,01,2,24330,2833,N
20251023,M7731,41016902,20251023,41,11,08,41_25868731,1,570,41016902,20251023075457,4177448,20251023082938,4116126,0,01,1,23140,2081,N
20251023,M7731,41016902,20251023,41,11,08,41_25869261,2,570,41016902,20251023210101,4106836,20251023214912,4111588,0,01,2,24330,2891,N
20251023,M7731,41016902,20251023,41,11,08,41_25886741,1,570,41016902,20251023210106,4106836,20251023215653,4116126,0,01,3,25350,3347,N
20251023,M7731,41016902,20251023,41,11,08,41_2589824,2,570,41016902,20251023122541,4106836,20251023132322,4116130,1,01,4,26590,3461,N
20251023,M7731,41016902,20251023,41,11,08,41_25904654,2,570,41016902,20251023172741,4177532,20251023181440,4111588,0,01,1,22980,2819,N
20251023,M7731,41016902,20251023,41,11,08,41_25944352,2,570,41016902,20251023063546,4110868,20251023065559,4109162,0,01,1,32030,1213,N
20251023,M7731,41016902,20251023,41,11,08,41_25956684,2,570,41016902,20251023210656,4106836,20251023214317,4111588,1,01,4,24330,2181,N
20251023,M7731,41016902,20251023,41,11,08,41_25982246,1,570,41016902,20251023120627,4106836,20251023123913,4116126,0,01,3,25350,1966,N
20251023,M7731,41016902,20251023,41,11,08,41_25982246,1,570,41016902,20251023183209,4106836,20251023192254,4116126,0,01,2,25350,3045,N
20251023,M7731,41016902,20251023,41,11,08,41_26013476,2,570,41016902,20251023142206,4177532,20251023150623,4116126,0,01,1,24000,2657,N
20251023,M7731,41016902,20251023,41,11,08,41_26013476,2,570,41016902,20251023160033,4177532,20251023164154,4116126,0,01,2,24000,2481,N
20251023,M7731,41016902,20251023,41,11,08,41_26032823,2,570,41016902,20251023094420,4177637,20251023103003,4111588,0,01,2,25830,2743,N
20251023,M7731,41016902,20251023,41,11,08,41_26047451,2,570,41016902,20251023160457,4177532,20251023164344,4111588,0,01,4,22980,2327,N
20251023,M7731,41016902,20251023,41,11,08,41_26048538,2,570,41016902,20251023160127,4106836,20251023164248,4116130,0,01,4,26590,2481,N
20251023,M7731,41016902,20251023,41,11,08,41_26048538,2,570,41016902,20251023221654,4106836,20251023225415,4116130,0,01,1,26590,2241,N
20251023,M7731,41016902,20251023,41,11,08,41_26090546,2,570,41016902,20251023162554,4177448,20251023170455,4111588,0,01,3,22120,2341,N
20251023,M7731,41016902,20251023,41,11,08,41_26106024,2,570,41016902,20251023071946,4106836,20251023074743,4111588,0,01,3,24330,1677,N
20251023,M7731,41016902,20251023,41,11,08,41_26125773,2,570,41016902,20251023100445,4110935,20251023111101,4111588,0,01,4,28710,3976,N
20251023,M7731,41016902,20251023,41,11,08,41_26151759,2,570,41016902,20251023140113,4106836,20251023143144,4116126,1,01,3,25350,1831,N
20251023,M7731,41016902,20251023,41,11,08,41_2618286,2,570,41016902,20251023144247,4106836,20251023152251,4116126,0,01,4,25350,2404,N
20251023,M7731,41016902,20251023,41,11,08,41_26191247,2,570,41016902,20251023114742,4106836,20251023121857,4116126,0,01,2,25350,1875,N
20251023,M7731,41016902,20251023,41,11,08,41_2621309,2,570,41016902,20251023181350,4177532,20251023185516,4111588,0,01,3,22980,2486,N
20251023,M7731,41016902,20251023,41,11,08,41_26233005,2,570,41016902,20251023082105,4177448,20251023085556,4111588,0,01,1,22120,2091,N
20251023,M7731,41016902,20251023,41,11,08,41_26233005,2,570,41016902,20251023170333,4177448,20251023175351,4111588,0,01,1,22120,3018,N
20251023,M7731,41016902,20251023,41,11,08,41_26257977,2,570,41016902,20251023173847,4177448,20251023180332,4111588,0,01,3,22120,1485,N
20251023,M7731,41016902,20251023,41,11,08,41_26263804,2,570,41016902,20251023192210,4106836,20251023201130,4116130,0,01,4,26590,2960,N
20251023,M7731,41016902,20251023,41,11,08,41_26274848,2,570,41016902,20251023080140,4106836,20251023085044,4111599,0,01,4,28270,2944,N
20251023,M7731,41016902,20251023,41,11,08,41_26274848,2,570,41016902,20251023124136,4106836,20251023131524,4111599,1,01,3,28270,2028,N
20251023,M7731,41016902,20251023,41,11,08,41_26274848,2,570,41016902,20251023173540,4106836,20251023182618,4109162,0,01,4,29380,3038,N
20251023,M7731,41016902,20251023,41,11,08,41_26296751,2,570,41016902,20251023080140,4106836,20251023084810,4116126,0,01,1,25350,2790,N
20251023,M7731,41016902,20251023,41,11,08,41_26375907,2,570,41016902,20251023075058,4177637,20251023083322,4116126,0,01,2,26850,2544,N
20251023,M7731,41016902,20251023,41,11,08,41_26384983,1,570,41016902,20251023160139,4177448,20251023163937,4116130,0,01,2,24380,2278,N
20251023,M7731,41016902,20251023,41,11,08,41_2644851,2,570,41016902,20251023152928,4177448,20251023155208,4111588,0,01,4,22120,1360,N
20251023,M7731,41016902,20251023,41,11,08,41_265224,1,570,41016902,20251023113513,4177532,20251023121010,4111588,0,01,4,22980,2097,N
20251023,M7731,41016902,20251023,41,11,08,41_2663311,2,570,41016902,20251023144727,4106836,20251023151132,4111588,0,01,2,24330,1445,N
20251023,M7731,41016902,20251023,41,11,08,41_2683804,2,570,41016902,20251023075545,4106836,20251023082540,4116126,1,01,3,25350,1795,N
20251023,M7731,41016902,20251023,41,11,08,41_2709362,2,570,41016902,20251023191209,4106836,20251023195048,4116130,0,01,2,26590,2319,N
20251023,M7731,41016902,20251023,41,11,08,41_2757173,2,570,41016902,20251023094347,4110868,20251023102217,4111588,0,01,1,26980,2310,N
20251023,M7731,41016902,20251023,41,11,08,41_2766386,1,570,41016902,20251023055022,4177510,20251023063013,4116130,0,01,1,31760,2391,N
20251023,M7731,41016902,20251023,41,11,08,41_2806680,1,570,41016902,20251023162645,4106836,20251023170848,4111588,0,01,2,24330,2523,N
20251023,M7731,41016902,20251023,41,11,08,41_283323,2,570,41016902,20251023161325,4106836,20251023164820,4116126,1,01,2,25350,2095,N
20251023,M7731,41016902,20251023,41,11,08,41_2876590,2,570,41016902,20251023062623,4177637,20251023071730,4109162,0,01,4,30880,3067,N
20251023,M7731,41016902,20251023,41,11,08,41_2880863,2,570,41016902,20251023164533,4177448,20251023172543,4111588,0,01,2,22120,2410,N
20251023,M7731,41016902,20251023,41,11,08,41_2953535,2,570,41016902,20251023203257,4177448,20251023210112,4116126,0,01,2,23140,1695,N
20251023,M7731,41016902,20251023,41,11,08,41_2961068,1,570,41016902,20251023164105,4106836,20251023171648,4111588,0,01,2,24330,2143,N
20251023,M7731,41016902,20251023,41,11,08,41_3002630,2,570,41016902,20251023063410,4177637,20251023071526,4111588,0,01,3,25830,2476,N
20251023,M7731,41016902,20251023,41,11,08,41_301696,2,570,41016902,20251023163318,4106836,20251023170606,4116130,0,01,4,26590,1968,N
20251023,M7731,41016902,20251023,41,11,08,41_3023017,2,570,41016902,20251023063410,4177637,20251023071526,4111588,0,01,1,25830,2476,N
20251023,M7731,41016902,20251023,41,11,08,41_3043430,2,570,41016902,20251023173355,4106836,20251023180949,4111588,0,01,1,24330,2154,N
20251023,M7731,41016902,20251023,41,11,08,41_3063157,1,570,41016902,20251023212522,4106836,20251023215956,4111588,0,01,1,24330,2074,N
20251023,M7731,41016902,20251023,41,11,08,41_3068172,2,570,41016902,20251023224813,4177637,20251024000416,4111588,0,01,1,25830,4563,N
20251023,M7731,41016902,20251023,41,11,08,41_3077329,1,570,41016902,20251023163704,4106836,20251023171400,4111588,0,01,4,24330,2216,N
20251023,M7731,41016902,20251023,41,11,08,41_3086568,1,570,41016902,20251023173823,4177532,20251023181959,4116126,0,01,1,24000,2496,N
20251023,M7731,41016902,20251023,41,11,08,41_3131658,1,570,41016902,20251023122903,4177510,20251023124443,4116130,0,01,3,31760,940,N
20251023,M7731,41016902,20251023,41,11,08,41_3137398,2,570,41016902,20251023074356,4177448,20251023080325,4111588,0,01,4,22120,1169,N
20251023,M7731,41016902,20251023,41,11,08,41_3144609,2,570,41016902,20251023174353,4106836,20251023175955,4111588,0,01,2,24330,962,N
20251023,M7731,41016902,20251023,41,11,08,41_3147182,2,570,41016902,20251023173953,4106836,20251023175555,4111588,0,01,4,24330,962,N
20251023,M7731,41016902,20251023,41,11,08,41_3161615,2,570,41016902,20251023072835,4177448,20251023074804,4111588,0,01,4,22120,1169,N
20251023,M7731,41016902,20251023,41,11,08,41_3192980,1,570,41016902,20251023083640,4106836,20251023085338,4116130,0,01,2,26590,1018,N
20251023,M7731,41016902,20251023,41,11,08,41_3192980,1,570,41016902,20251023225439,4106836,20251023231405,4116130,0,01,2,26590,1166,N
20251023,M7731,41016902,20251023,41,11,08,41_3196253,1,570,41016902,20251023122030,4177510,20251023123610,4111588,0,01,4,29500,940,N
20251023,M7731,41016902,20251023,41,11,08,41_3217968,2,570,41016902,20251023104054,4177448,20251023111739,4111588,0,01,3,22120,2205,N
20251023,M7731,41016902,20251023,41,11,08,41_3220722,2,570,41016902,20251023073517,4177448,20251023082129,4116126,1,01,3,23140,2772,N
20251023,M7731,41016902,20251023,41,11,08,41_3220722,2,570,41016902,20251023104239,4177448,20251023113911,4111588,0,01,2,22120,3392,N
20251023,M7731,41016902,20251023,41,11,08,41_3235659,2,570,41016902,20251023183946,4177448,20251023191631,4111588,0,01,2,22120,2205,N
20251023,M7731,41016902,20251023,41,11,08,41_3242505,1,570,41016902,20251023151347,4177532,20251023155059,4111588,0,01,3,22980,2232,N
20251023,M7731,41016902,20251023,41,11,08,41_3242505,1,570,41016902,20251023172006,4177532,20251023180456,4111588,0,01,4,22980,2690,N
20251023,M7731,41016902,20251023,41,11,08,41_327276,2,570,41016902,20251023102740,4177637,20251023105816,4111588,0,01,3,25830,1836,N
20251023,M7731,41016902,20251023,41,11,08,41_327936,2,570,41016902,20251023162340,4106836,20251023165628,4116130,0,01,4,26590,1968,N
20251023,M7731,41016902,20251023,41,11,08,41_3297817,2,570,41016902,20251023140255,4177448,20251023144551,4116126,0,01,2,23140,2576,N
20251023,M7731,41016902,20251023,41,11,08,41_3307268,2,570,41016902,20251023112938,4106836,20251023120823,4116126,1,01,4,25350,2325,N
20251023,M7731,41016902,20251023,41,11,08,41_3318421,1,570,41016902,20251023164408,4177532,20251023171808,4111588,0,01,3,22980,2040,N
20251023,M7731,41016902,20251023,41,11,08,41_332665,2,570,41016902,20251023110820,4177448,20251023113704,4111588,0,01,4,22120,1724,N
20251023,M7731,41016902,20251023,41,11,08,41_3354811,1,570,41016902,20251023164949,4177532,20251023172335,4116126,0,01,2,24000,2026,N
20251023,M7731,41016902,20251023,41,11,08,41_3367567,2,570,41016902,20251023080844,4177448,20251023084932,4116130,0,01,2,24380,2448,N
20251023,M7731,41016902,20251023,41,11,08,41_3367567,2,570,41016902,20251023173633,4177448,20251023180932,4116130,0,01,1,24380,1979,N
20251023,M7731,41016902,20251023,41,11,08,41_3385841,2,570,41016902,20251023192438,4177448,20251023195805,4111588,0,01,1,22120,2007,N
20251023,M7731,41016902,20251023,41,11,08,41_3398817,1,570,41016902,20251023220508,4106836,20251023230651,4116126,0,01,1,25350,3703,N
20251023,M7731,41016902,20251023,41,11,08,41_3417402,2,570,41016902,20251023180846,4177637,20251023190329,4111588,0,01,1,25830,3283,N
20251023,M7731,41016902,20251023,41,11,08,41_3462578,1,570,41016902,20251023065545,4107446,20251023075402,4111588,0,01,4,27870,3497,N
20251023,M7731,41016902,20251023,41,11,08,41_3495867,2,570,41016902,20251023084636,4177510,20251023094055,4111588,0,01,1,29500,3259,N
20251023,M7731,41016902,20251023,41,11,08,41_3500233,2,570,41016902,20251023121806,4177532,20251023130941,4111588,0,01,2,22980,3095,N
20251023,M7731,41016902,20251023,41,11,08,41_3502537,2,570,41016902,20251023172646,4106836,20251023180406,4111588,0,01,1,24330,2240,N
20251023,M7731,41016902,20251023,41,11,08,41_3502537,2,570,41016902,20251023190908,4106836,20251023194558,4111588,0,01,1,24330,2210,N
20251023,M7731,41016902,20251023,41,11,08,41_3507162,1,570,41016902,20251023152125,4106836,20251023155417,4116126,0,01,1,25350,1972,N
20251023,M7731,41016902,20251023,41,11,08,41_3507162,1,570,41016902,20251023172757,4106836,20251023180238,4116126,0,01,1,25350,2081,N
20251023,M7731,41016902,20251023,41,11,08,41_3545385,2,570,41016902,20251023121754,4177532,20251023130641,4111588,0,01,4,22980,2927,N
20251023,M7731,41016902,20251023,41,11,08,41_3558955,2,570,41016902,20251023210713,4106836,20251023213602,4111599,0,01,3,28270,1729,N
20251023,M7731,41016902,20251023,41,11,08,41_3572916,2,570,41016902,20251023062912,4107446,20251023065943,4111588,0,01,3,27870,1831,N
20251023,M7731,41016902,20251023,41,11,08,41_3637207,2,570,41016902,20251023082010,4106836,20251023090129,4116130,0,01,2,26590,2479,N
20251023,M7731,41016902,20251023,41,11,08,41_3637207,2,570,41016902,20251023165639,4106836,20251023174605,4116130,0,01,2,26590,2966,N
20251023,M7731,41016902,20251023,41,11,08,41_3650886,1,570,41016902,20251023155432,4106836,20251023163632,4116126,1,01,2,25350,2520,N
20251023,M7731,41016902,20251023,41,11,08,41_3655500,2,570,41016902,20251023071127,4106836,20251023080317,4111588,0,01,4,24330,3110,N
20251023,M7731,41016902,20251023,41,11,08,41_3678936,2,570,41016902,20251023141207,4177448,20251023150513,4116126,0,01,3,23140,3186,N
20251023,M7731,41016902,20251023,41,11,08,41_3685932,2,570,41016902,20251023235135,4106836,20251024003731,4116126,0,01,1,25350,2756,N
20251023,M7731,41016902,20251023,41,11,08,41_3687950,2,570,41016902,20251023082715,4106836,20251023091640,4111588,0,01,3,24330,2965,N
20251023,M7731,41016902,20251023,41,11,08,41_3692889,1,570,41016902,20251023234934,4177637,20251024002024,4111588,0,01,4,25830,1850,N
20251023,M7731,41016902,20251023,41,11,08,41_3701840,2,570,41016902,20251023172248,4177448,20251023175556,4116126,0,01,3,23140,1988,N
20251023,M7731,41016902,20251023,41,11,08,41_371561,2,570,41016902,20251023053016,4177637,20251023060502,4116126,0,01,2,26850,2086,N
20251023,M7731,41016902,20251023,41,11,08,41_3769278,2,570,41016902,20251023122534,4106836,20251023125916,4116130,0,01,3,26590,2022,N
20251023,M7731,41016902,20251023,41,11,08,41_3801110,2,570,41016902,20251023150702,4177448,20251023154232,4116126,0,01,2,23140,2130,N
20251023,M7731,41016902,20251023,41,11,08,41_3837669,2,570,41016902,20251023150626,4177448,20251023154156,4116126,0,01,2,23140,2130,N
20251023,M7731,41016902,20251023,41,11,08,41_3848380,1,570,41016902,20251023150626,4177448,20251023154156,4111588,0,01,3,22120,2130,N
20251023,M7731,41016902,20251023,41,11,08,41_3850001,2,570,41016902,20251023111408,4177637,20251023114938,4111588,0,01,1,25830,2130,N
20251023,M7731,41016902,20251023,41,11,08,41_3871093,2,570,41016902,20251023061636,4106836,20251023065206,4111588,1,01,2,24330,2130,N
20251023,M7731,41016902,20251023,41,11,08,41_387888,1,570,41016902,20251023222719,4177448,20251023225800,4109162,0,01,3,27170,1841,N
20251023,M7731,41016902,20251023,41,11,08,41_3880284,2,570,41016902,20251023112125,4177637,20251023115655,4111588,0,01,3,25830,2130,N
20251023,M7731,41016902,20251023,41,11,08,41_3925248,2,570,41016902,20251023160702,4106836,20251023164457,4116126,0,01,2,25350,2275,N
20251023,M7731,41016902,20251023,41,11,08,41_394056,2,570,41016902,20251023093057,4106836,20251023100116,4111588,1,01,2,24330,1819,N
20251023,M7731,41016902,20251023,41,11,08,41_3942357,2,570,41016902,20251023163715,4177448,20251023171020,4111588,0,01,4,22120,1985,N
20251023,M7731,41016902,20251023,41,11,08,41_3944273,1,570,41016902,20251023142705,4106836,20251023151108,4116126,0,01,2,25350,2643,N
20251023,M7731,41016902,20251023,41,11,08,41_3986081,2,570,41016902,20251023104724,4177637,20251023112107,4111588,0,01,3,25830,2023,N
20251023,M7731,41016902,20251023,41,11,08,41_400797,2,570,41016902,20251023144013,4177448,20251023152937,4116130,0,01,1,24380,2964,N
20251023,M7731,41016902,20251023,41,11,08,41_4026616,2,570,41016902,20251023155344,4106836,20251023162342,4111588,1,01,1,24330,1798,N
20251023,M7731,41016902,20251023,41,11,08,41_404141,2,570,41016902,20251023154116,4177448,20251023161131,4111588,0,01,4,22120,1815,N
20251023,M7731,41016902,20251023,41,11,08,41_4058912,2,570,41016902,20251023075725,4177637,20251023083048,4111588,0,01,3,25830,2003,N
20251023,M7731,41016902,20251023,41,11,08,41_4082756,2,570,41016902,20251023142831,4106836,20251023151202,4116126,0,01,2,25350,2611,N
20251023,M7731,41016902,20251023,41,11,08,41_4116128,2,570,41016902,20251023085107,4106836,20251023094055,4111588,0,01,2,24330,2988,N
20251023,M7731,41016902,20251023,41,11,08,41_4138839,2,570,41016902,20251023171752,4106836,20251023180104,4111588,1,01,2,24330,2592,N
20251023,M7731,41016902,20251023,41,11,08,41_4145455,1,570,41016902,20251023171616,4106836,20251023175259,4111588,0,01,2,24330,2203,N
20251023,M7731,41016902,20251023,41,11,08,41_415045,2,570,41016902,20251023084338,4177448,20251023091051,4111588,0,01,1,22120,1633,N
20251023,M7731,41016902,20251023,41,11,08,41_4171913,1,570,41016902,20251023090007,4106836,20251023095711,4116126,0,01,4,25350,3424,N
20251023,M7731,41016902,20251023,41,11,08,41_4202283,2,570,41016902,20251023161429,4177448,20251023164827,4111588,0,01,2,22120,2038,N
20251023,M7731,41016902,20251023,41,11,08,41_4217666,2,570,41016902,20251023155325,4106836,20251023164603,4111588,0,01,2,24330,3158,N
20251023,M7731,41016902,20251023,41,11,08,41_4217666,2,570,41016902,20251023211250,4106836,20251023215506,4111588,0,01,2,24330,2536,N
20251023,M7731,41016902,20251023,41,11,08,41_4217666,2,570,41016902,20251023224618,4106836,20251023232914,4111588,0,01,4,24330,2576,N
20251023,M7731,41016902,20251023,41,11,08,41_423496,2,570,41016902,20251023080430,4177637,20251023084852,4109162,0,01,4,30880,2662,N
20251023,M7731,41016902,20251023,41,11,08,41_4245929,2,570,41016902,20251023153827,4107446,20251023161440,4111588,0,01,3,27870,2173,N
20251023,M7731,41016902,20251023,41,11,08,41_4295224,2,570,41016902,20251023174003,4106836,20251023182006,4116126,0,01,1,25350,2403,N
20251023,M7731,41016902,20251023,41,11,08,41_4339136,2,570,41016902,20251023082426,4177448,20251023084806,4111588,0,01,1,22120,1420,N
20251023,M7731,41016902,20251023,41,11,08,41_4347988,2,570,41016902,20251023051353,4106836,20251023054124,4111588,0,01,3,24330,1651,N
20251023,M7731,41016902,20251023,41,11,08,41_4362232,1,570,41016902,20251023132645,4107446,20251023141816,4111588,0,01,3,27870,3091,N
20251023,M7731,41016902,20251023,41,11,08,41_4389738,1,570,41016902,20251023212750,4177448,20251023215802,4111588,0,01,2,22120,1812,N
20251023,M7731,41016902,20251023,41,11,08,41_4390932,2,570,41016902,20251023064405,4106836,20251023071058,4111588,0,01,2,24330,1613,N
20251023,M7731,41016902,20251023,41,11,08,41_4411944,2,570,41016902,20251023143350,4177532,20251023150055,4111588,0,01,2,22980,1625,N
20251023,M7731,41016902,20251023,41,11,08,41_4452841,1,570,41016902,20251023173105,4106836,20251023175644,4116126,0,01,1,25350,1539,N
20251023,M7731,41016902,20251023,41,11,08,41_4544822,2,570,41016902,20251023123702,4177637,20251023130747,4116126,0,01,4,26850,1845,N
20251023,M7731,41016902,20251023,41,11,08,41_4550358,2,570,41016902,20251023130339,4106836,20251023133921,4111588,0,01,4,24330,2142,N
20251023,M7731,41016902,20251023,41,11,08,41_4550358,2,570,41016902,20251023150533,4106836,20251023155235,4111588,0,01,2,24330,2822,N
20251023,M7731,41016902,20251023,41,11,08,41_4551792,2,570,41016902,20251023104831,4106836,20251023112904,4116126,0,01,1,25350,2433,N
20251023,M7731,41016902,20251023,41,11,08,41_456117,1,570,41016902,20251023181915,4177532,20251023185224,4111588,0,01,3,22980,1989,N
20251023,M7731,41016902,20251023,41,11,08,41_4577338,2,570,41016902,20251023172642,4106836,20251023183632,4116126,0,01,2,25350,4190,N
20251023,M7731,41016902,20251023,41,11,08,41_4577713,2,570,41016902,20251023155327,4110935,20251023162149,4111588,0,01,2,28710,1702,N
20251023,M7731,41016902,20251023,41,11,08,41_4589863,2,570,41016902,20251023064858,4106836,20251023071815,4111588,0,01,3,24330,1757,N
20251023,M7731,41016902,20251023,41,11,08,41_4592959,1,570,41016902,20251023225713,4177448,20251023232417,4111588,0,01,1,22120,1624,N
20251023,M7731,41016902,20251023,41,11,08,41_4624966,2,570,41016902,20251023081309,4106836,20251023090145,4116126,0,01,3,25350,2916,N
20251023,M7731,41016902,20251023,41,11,08,41_464162,2,570,41016902,20251023164827,4106836,20251023172703,4111588,0,01,2,24330,2316,N
20251023,M7731,41016902,20251023,41,11,08,41_464422,2,570,41016902,20251023142606,4177448,20251023145835,4111588,0,01,1,22120,1949,N
20251023,M7731,41016902,20251023,41,11,08,41_464422,2,570,41016902,20251023181729,4177448,20251023184544,4111588,0,01,1,22120,1695,N
20251023,M7731,41016902,20251023,41,11,08,41_4651534,2,570,41016902,20251023194526,4177532,20251023201401,4111588,0,01,2,22980,1715,N
20251023,M7731,41016902,20251023,41,11,08,41_4690509,2,570,41016902,20251023192021,4177448,20251023195038,4116126,0,01,2,23140,1817,N
20251023,M7731,41016902,20251023,41,11,08,41_4697844,2,570,41016902,20251023052827,4177448,20251023061318,4111588,0,01,3,22120,2691,N
20251023,M7731,41016902,20251023,41,11,08,41_4716933,2,570,41016902,20251023165107,4177532,20251023172718,4111588,0,01,4,22980,2171,N
20251023,M7731,41016902,20251023,41,11,08,41_4725613,2,570,41016902,20251023164522,4177532,20251023171844,4116126,0,01,2,24000,2002,N
20251023,M7731,41016902,20251023,41,11,08,41_4745904,2,570,41016902,20251023070642,4110935,20251023073248,4111588,0,01,1,28710,1566,N
20251023,M7731,41016902,20251023,41,11,08,41_4756724,2,570,41016902,20251023193612,4177532,20251023200939,4116126,0,01,3,24000,2007,N
20251023,M7731,41016902,20251023,41,11,08,41_4789023,2,570,41016902,20251023213524,4106836,20251023220006,4116126,0,01,1,25350,1482,N
20251023,M7731,41016902,20251023,41,11,08,41_4799098,2,570,41016902,20251023094243,4106836,20251023101205,4111588,0,01,2,24330,1762,N
20251023,M7731,41016902,20251023,41,11,08,41_4832547,2,570,41016902,20251023162430,4177532,20251023165151,4111588,0,01,4,22980,1641,N
20251023,M7731,41016902,20251023,41,11,08,41_4832547,2,570,41016902,20251023220026,4177532,20251023223034,4111588,0,01,2,22980,1808,N
20251023,M7731,41016902,20251023,41,11,08,41_4838128,2,570,41016902,20251023064450,4177637,20251023072629,4111588,0,01,4,25830,2499,N
20251023,M7731,41016902,20251023,41,11,08,41_483960,2,570,41016902,20251023182624,4106836,20251023185612,4111588,0,01,2,24330,1788,N
20251023,M7731,41016902,20251023,41,11,08,41_4853902,2,570,41016902,20251023181119,4177532,20251023184550,4111588,0,01,2,22980,2071,N
20251023,M7731,41016902,20251023,41,11,08,41_4860993,2,570,41016902,20251023162334,4177532,20251023170902,4116126,0,01,2,24000,2728,N
20251023,M7731,41016902,20251023,41,11,08,41_4904042,1,570,41016902,20251023085946,4177448,20251023093415,4111588,0,01,3,22120,2069,N
20251023,M7731,41016902,20251023,41,11,08,41_4907285,2,570,41016902,20251023110553,4106836,20251023113802,4116130,0,01,1,26590,1929,N
20251023,M7731,41016902,20251023,41,11,08,41_4911922,2,570,41016902,20251023134359,4177448,20251023140935,4111588,0,01,1,22120,1536,N
20251023,M7731,41016902,20251023,41,11,08,41_4912916,1,570,41016902,20251023150314,4177532,20251023153632,4111588,0,01,2,22980,1998,N
20251023,M7731,41016902,20251023,41,11,08,41_4948444,2,570,41016902,20251023102239,4177637,20251023105659,4116126,0,01,4,26850,2060,N
20251023,M7731,41016902,20251023,41,11,08,41_4958264,2,570,41016902,20251023202051,4177448,20251023205005,4111588,1,01,4,22120,1754,N
20251023,M7731,41016902,20251023,41,11,08,41_4972817,1,570,41016902,20251023182358,4106836,20251023185251,4116126,0,01,2,25350,1733,N
20251023,M7731,41016902,20251023,41,11,08,41_4992530,2,570,41016902,20251023191035,4106836,20251023193904,4111588,0,01,4,24330,1709,N
20251023,M7731,41016902,20251023,41,11,08,41_5018306,1,570,41016902,20251023092410,4177448,20251023095655,4116126,0,01,4,23140,1965,N
20251023,M7731,41016902,20251023,41,11,08,41_5049551,1,570,41016902,20251023171658,4177532,20251023175854,4111588,0,01,2,22980,2516,N
20251023,M7731,41016902,20251023,41,11,08,41_5065749,1,570,41016902,20251023074511,4177448,20251023080826,4111588,0,01,4,22120,1395,N
20251023,M7731,41016902,20251023,41,11,08,41_508767,2,570,41016902,20251023170403,4177532,20251023174053,4111588,0,01,2,22980,2210,N
20251023,M7731,41016902,20251023,41,11,08,41_5113270,2,570,41016902,20251023201207,4177448,20251023203512,4111588,0,01,4,22120,1385,N
20251023,M7731,41016902,20251023,41,11,08,41_5143069,1,570,41016902,20251023092602,4177448,20251023095636,4111588,1,01,4,22120,1834,N
20251023,M7731,41016902,20251023,41,11,08,41_5143659,2,570,41016902,20251023101525,4106836,20251023105237,4111588,0,01,2,24330,2232,N
20251023,M7731,41016902,20251023,41,11,08,41_5153313,2,570,41016902,20251023053820,4106836,20251023061945,4111588,1,01,1,24330,2485,N
20251023,M7731,41016902,20251023,41,11,08,41_5200883,2,570,41016902,20251023174900,4177448,20251023181823,4111588,0,01,2,22120,1763,N
20251023,M7731,41016902,20251023,41,11,08,41_5215437,1,570,41016902,20251023162359,4177448,20251023170028,4111588,0,01,3,22120,2189,N
20251023,M7731,41016902,20251023,41,11,08,41_5217962,2,570,41016902,20251023080343,4177448,20251023083337,4116126,0,01,1,23140,1794,N
20251023,M7731,41016902,20251023,41,11,08,41_5243566,1,570,41016902,20251023114238,4177532,20251023125417,4111588,0,01,1,22980,4299,N
20251023,M7731,41016902,20251023,41,11,08,41_5267619,2,570,41016902,20251023114238,4177532,20251023124456,4111588,0,01,4,22980,3738,N
20251023,M7731,41016902,20251023,41,11,08,41_531150,1,570,41016902,20251023055533,4177448,20251023062556,4111588,0,01,2,22120,1823,N
20251023,M7731,41016902,20251023,41,11,08,41_5341316,1,570,41016902,20251023235157,4177637,20251024002829,4116126,0,01,2,26850,2192,N
20251023,M7731,41016902,20251023,41,11,08,41_5390311,2,570,41016902,20251023085437,4106836,20251023093318,4116130,0,01,2,26590,2321,N
20251023,M7731,41016902,20251023,41,11,08,41_5409278,1,570,41016902,20251023152523,4106836,20251023155743,4116126,0,01,2,25350,1940,N
20251023,M7731,41016902,20251023,41,11,08,41_5410314,2,570,41016902,20251023181746,4177448,20251023185353,4111588,0,01,4,22120,2167,N
20251023,M7731,41016902,20251023,41,11,08,41_5463796,2,570,41016902,20251023113526,4106836,20251023120755,4111588,0,01,1,24330,1949,N
20251023,M7731,41016902,20251023,41,11,08,41_5477512,2,570,41016902,20251023194116,4106836,20251023200556,4111588,0,01,3,24330,1480,N
20251023,M7731,41016902,20251023,41,11,08,41_5481259,1,570,41016902,20251023133830,4177637,20251023142618,4111588,0,01,4,25830,2868,N
20251023,M7731,41016902,20251023,41,11,08,41_5512186,2,570,41016902,20251023191134,4106836,20251023194815,4116126,0,01,2,25350,2201,N
20251023,M7731,41016902,20251023,41,11,08,41_5514502,2,570,41016902,20251023215025,4177448,20251023222841,4111588,0,01,1,22120,2296,N
20251023,M7731,41016902,20251023,41,11,08,41_553964,2,570,41016902,20251023202428,4177448,20251023204856,4111588,0,01,4,22120,1468,N
20251023,M7731,41016902,20251023,41,11,08,41_5550070,1,570,41016902,20251023210502,4106836,20251023214142,4116126,0,01,3,25350,2200,N
20251023,M7731,41016902,20251023,41,11,08,41_556619,2,570,41016902,20251023073626,4106836,20251023080247,4111588,0,01,2,24330,1581,N
20251023,M7731,41016902,20251023,41,11,08,41_5578640,2,570,41016902,20251023214948,4177448,20251023222804,4109162,0,01,1,27170,2296,N
20251023,M7731,41016902,20251023,41,11,08,41_5588591,2,570,41016902,20251023062527,4106836,20251023071315,4111588,0,01,3,24330,2868,N
20251023,M7731,41016902,20251023,41,11,08,41_5605131,1,570,41016902,20251023100514,4177448,20251023103957,4111588,0,01,2,22120,2083,N
20251023,M7731,41016902,20251023,41,11,08,41_5611552,2,570,41016902,20251023132731,4177448,20251023135650,4111588,0,01,3,22120,1759,N
20251023,M7731,41016902,20251023,41,11,08,41_5632457,2,570,41016902,20251023182823,4177448,20251023185857,4111588,0,01,4,22120,1834,N
20251023,M7731,41016902,20251023,41,11,08,41_563732,2,570,41016902,20251023174036,4177532,20251023181642,4111588,0,01,4,22980,2166,N
20251023,M7731,41016902,20251023,41,11,08,41_5640866,2,570,41016902,20251023093315,4110868,20251023103631,4111588,0,01,1,26980,3796,N
20251023,M7731,41016902,20251023,41,11,08,41_5703046,2,570,41016902,20251023080429,4177532,20251023083457,4116130,0,01,1,25240,1828,N
20251023,M7731,41016902,20251023,41,11,08,41_5705424,1,570,41016902,20251023094620,4177532,20251023101056,4116130,0,01,2,25240,1476,N
20251023,M7731,41016902,20251023,41,11,08,41_5712550,2,570,41016902,20251023170548,4177637,20251023180150,4111588,0,01,3,25830,3362,N
20251023,M7731,41016902,20251023,41,11,08,41_5743110,1,570,41016902,20251023080429,4177532,20251023083455,4116126,0,01,1,24000,1826,N
20251023,M7731,41016902,20251023,41,11,08,41_5755646,2,570,41016902,20251023142842,4177532,20251023154521,4111588,0,01,1,22980,4599,N
20251023,M7731,41016902,20251023,41,11,08,41_5769639,2,570,41016902,20251023181519,4106836,20251023185920,4116126,1,01,3,25350,2641,N
20251023,M7731,41016902,20251023,41,11,08,41_5784736,2,570,41016902,20251023200541,4177448,20251023202925,4111588,0,01,4,22120,1424,N
20251023,M7731,41016902,20251023,41,11,08,41_579639,2,570,41016902,20251023060712,4177532,20251023063914,4111588,0,01,2,22980,1922,N
20251023,M7731,41016902,20251023,41,11,08,41_5860569,2,570,41016902,20251023063929,4177637,20251023070739,4116126,0,01,1,26850,1690,N
20251023,M7731,41016902,20251023,41,11,08,41_5875014,1,570,41016902,20251023133228,4177532,20251023135631,4116126,0,01,4,24000,1443,N
20251023,M7731,41016902,20251023,41,11,08,41_5879625,1,570,41016902,20251023170402,4106836,20251023173624,4116126,0,01,3,25350,1942,N
20251023,M7731,41016902,20251023,41,11,08,41_5879625,1,570,41016902,20251023220456,4106836,20251023224134,4116126,0,01,1,25350,2198,N
20251023,M7731,41016902,20251023,41,11,08,41_5880752,1,570,41016902,20251023063938,4177637,20251023070748,4109162,0,01,2,30880,1690,N
20251023,M7731,41016902,20251023,41,11,08,41_5896118,2,570,41016902,20251023220638,4106836,20251023224551,4111588,0,01,2,24330,2353,N
20251023,M7731,41016902,20251023,41,11,08,41_5903649,2,570,41016902,20251023100441,4177448,20251023102856,4116130,0,01,2,24380,1455,N
20251023,M7731,41016902,20251023,41,11,08,41_5918226,2,570,41016902,20251023134339,4177532,20251023142352,4111588,0,01,4,22980,2413,N
20251023,M7731,41016902,20251023,41,11,08,41_5918941,2,570,41016902,20251023171758,4177532,20251023174622,4111588,0,01,1,22980,1704,N
20251023,M7731,41016902,20251023,41,11,08,41_5927779,2,570,41016902,20251023153032,4177448,20251023160202,4116126,0,01,2,23140,1890,N
20251023,M7731,41016902,20251023,41,11,08,41_5937970,2,570,41016902,20251023170321,4177532,20251023172959,4111588,0,01,3,22980,1598,N
20251023,M7731,41016902,20251023,41,11,08,41_5937970,2,570,41016902,20251023191404,4177532,20251023194620,4111588,0,01,1,22980,1936,N
20251023,M7731,41016902,20251023,41,11,08,41_5948504,2,570,41016902,20251023130402,4110935,20251023132557,4111588,0,01,1,28710,1315,N
20251023,M7731,41016902,20251023,41,11,08,41_5953568,2,570,41016902,20251023165641,4177532,20251023172855,4116126,0,01,3,24000,1934,N
20251023,M7731,41016902,20251023,41,11,08,41_598360,2,570,41016902,20251023170526,4177532,20251023173724,4116126,0,01,1,24000,1918,N
20251023,M7731,41016902,20251023,41,11,08,41_6006431,2,570,41016902,20251023123205,4177448,20251023130416,4111588,0,01,1,22120,1931,N
20251023,M7731,41016902,20251023,41,11,08,41_6028250,2,570,41016902,20251023150327,4110935,20251023153436,4111588,0,01,1,28710,1869,N
20251023,M7731,41016902,20251023,41,11,08,41_6029399,1,570,41016902,20251023171525,4110935,20251023174646,4111588,0,01,4,28710,1881,N
20251023,M7731,41016902,20251023,41,11,08,41_6032372,1,570,41016902,20251023075429,4177448,20251023082019,4116126,0,01,2,23140,1550,N
20251023,M7731,41016902,20251023,41,11,08,41_6042494,1,570,41016902,20251023193758,4177532,20251023200743,4116126,0,01,3,24000,1785,N
20251023,M7731,41016902,20251023,41,11,08,41_6052217,2,570,41016902,20251023082615,4177532,20251023085717,4116126,0,01,3,24000,1862,N
20251023,M7731,41016902,20251023,41,11,08,41_605497,1,570,41016902,20251023063854,4177448,20251023073319,4116126,0,01,1,23140,3265,N
20251023,M7731,41016902,20251023,41,11,08,41_6094632,2,570,41016902,20251023105447,4177510,20251023112738,4111598,0,01,3,32790,1971,N
20251023,M7731,41016902,20251023,41,11,08,41_6113431,2,570,41016902,20251023130324,4177532,20251023133542,4111588,0,01,2,22980,1938,N
20251023,M7731,41016902,20251023,41,11,08,41_6116952,2,570,41016902,20251023111417,4177637,20251023115819,4111588,0,01,1,25830,2642,N
20251023,M7731,41016902,20251023,41,11,08,41_6126668,2,570,41016902,20251023064623,4106836,20251023073529,4111588,1,01,3,24330,2946,N
20251023,M7731,41016902,20251023,41,11,08,41_6128110,2,570,41016902,20251023074622,4177448,20251023081454,4116126,0,01,1,23140,1712,N
20251023,M7731,41016902,20251023,41,11,08,41_6168466,2,570,41016902,20251023133133,4106836,20251023140727,4111588,1,01,4,24330,2154,N
20251023,M7731,41016902,20251023,41,11,08,41_6169051,1,570,41016902,20251023174652,4177448,20251023180811,4111588,0,01,4,22120,1279,N
20251023,M7731,41016902,20251023,41,11,08,41_6183516,2,570,41016902,20251023174824,4177448,20251023182600,4116126,0,01,4,23140,2256,N
20251023,M7731,41016902,20251023,41,11,08,41_6200122,1,570,41016902,20251023163233,4106836,20251023173346,4111588,0,01,3,24330,3673,N
20251023,M7731,41016902,20251023,41,11,08,41_620117,1,570,41016902,20251023064132,4110868,20251023073531,4111588,0,01,1,26980,3239,N
20251023,M7731,41016902,20251023,41,11,08,41_6213677,2,570,41016902,20251023104655,4106836,20251023112926,4116126,1,01,3,25350,2551,N
20251023,M7731,41016902,20251023,41,11,08,41_6303607,1,570,41016902,20251023192922,4177510,20251023202318,4111588,0,01,4,29500,3236,N
20251023,M7731,41016902,20251023,41,11,08,41_630369,1,570,41016902,20251023191147,4177448,20251023194112,4111588,0,01,2,22120,1765,N
20251023,M7731,41016902,20251023,41,11,08,41_6307819,2,570,41016902,20251023171655,4177532,20251023175615,4111588,0,01,3,22980,2360,N
20251023,M7731,41016902,20251023,41,11,08,41_633812,2,570,41016902,20251023112803,4106836,20251023120524,4111588,1,01,2,24330,2241,N
20251023,M7731,41016902,20251023,41,11,08,41_6362731,2,570,41016902,20251023060313,4106836,20251023064440,4116130,1,01,1,26590,2487,N
20251023,M7731,41016902,20251023,41,11,08,41_6362731,2,570,41016902,20251023120622,4106836,20251023124426,4116130,0,01,2,26590,2284,N
20251023,M7731,41016902,20251023,41,11,08,41_6378171,2,570,41016902,20251023054944,4106836,20251023062759,4111588,1,01,2,24330,2295,N
20251023,M7731,41016902,20251023,41,11,08,41_6388800,2,570,41016902,20251023201736,4177448,20251023205925,4116130,0,01,4,24380,2509,N
20251023,M7731,41016902,20251023,41,11,08,41_642228,2,570,41016902,20251023112803,4106836,20251023122836,4116126,1,01,1,25350,3633,N
20251023,M7731,41016902,20251023,41,11,08,41_6427966,2,570,41016902,20251023095656,4106836,20251023102224,4111588,1,01,1,24330,1528,N
20251023,M7731,41016902,20251023,41,11,08,41_6476794,2,570,41016902,20251023051650,4106836,20251023055841,4111588,1,01,3,24330,2511,N
20251023,M7731,41016902,20251023,41,11,08,41_6497449,2,570,41016902,20251023133759,4106836,20251023142750,4111588,0,01,4,24330,2991,N
20251023,M7731,41016902,20251023,41,11,08,41_6502231,1,570,41016902,20251023082355,4107446,20251023085916,4116126,0,01,4,28890,2121,N
20251023,M7731,41016902,20251023,41,11,08,41_6543642,2,570,41016902,20251023144249,4177637,20251023152257,4111588,0,01,4,25830,2408,N
20251023,M7731,41016902,20251023,41,11,08,41_6543642,2,570,41016902,20251023160536,4177637,20251023163617,4111588,0,01,4,25830,1841,N
20251023,M7731,41016902,20251023,41,11,08,41_6592929,2,570,41016902,20251023144306,4177637,20251023152026,4109162,0,01,1,30880,2240,N
20251023,M7731,41016902,20251023,41,11,08,41_6619713,1,570,41016902,20251023062050,4107446,20251023065400,4111588,0,01,3,27870,1990,N
20251023,M7731,41016902,20251023,41,11,08,41_6619713,1,570,41016902,20251024003006,4107446,20251024005314,4111588,0,01,1,27870,1388,N
20251023,M7731,41016902,20251023,41,11,08,41_6626007,2,570,41016902,20251023111454,4106836,20251023114516,4116126,0,01,4,25350,1822,N
20251023,M7731,41016902,20251023,41,11,08,41_6633743,2,570,41016902,20251023080006,4177448,20251023082722,4111588,0,01,2,22120,1636,N
20251023,M7731,41016902,20251023,41,11,08,41_665206,2,570,41016902,20251023063752,4177448,20251023071402,4111588,0,01,4,22120,2170,N
20251023,M7731,41016902,20251023,41,11,08,41_665206,2,570,41016902,20251023110302,4177448,20251023113252,4111588,0,01,2,22120,1790,N
20251023,M7731,41016902,20251023,41,11,08,41_6658268,2,570,41016902,20251023214910,4106836,20251023221759,4116130,0,01,2,26590,1729,N
20251023,M7731,41016902,20251023,41,11,08,41_6658882,1,570,41016902,20251023073635,4177637,20251023081431,4116130,0,01,1,28090,2276,N
20251023,M7731,41016902,20251023,41,11,08,41_6666663,2,570,41016902,20251023171251,4177532,20251023174822,4111588,0,01,3,22980,2131,N
20251023,M7731,41016902,20251023,41,11,08,41_6684928,2,570,41016902,20251023141111,4106836,20251023145058,4111588,0,01,2,24330,2387,N
20251023,M7731,41016902,20251023,41,11,08,41_6691701,1,570,41016902,20251023141135,4106836,20251023144112,4116126,0,01,3,25350,1777,N
20251023,M7731,41016902,20251023,41,11,08,41_6697711,2,570,41016902,20251023190941,4106836,20251023194115,4111588,0,01,4,24330,1894,N
20251023,M7731,41016902,20251023,41,11,08,41_6699123,1,570,41016902,20251023055449,4177510,20251023062445,4109162,0,01,3,34550,1796,N
20251023,M7731,41016902,20251023,41,11,08,41_6700715,1,570,41016902,20251023155700,4106836,20251023165014,4111588,0,01,2,24330,3194,N
20251023,M7731,41016902,20251023,41,11,08,41_6728942,2,570,41016902,20251023062045,4106836,20251023065110,4111588,0,01,3,24330,1825,N
20251023,M7731,41016902,20251023,41,11,08,41_675304,1,570,41016902,20251023165519,4107446,20251023174920,4111599,0,01,4,31810,3241,N
20251023,M7731,41016902,20251023,41,11,08,41_6762043,2,570,41016902,20251023211555,4106836,20251023214317,4116126,0,01,2,25350,1642,N
20251023,M7731,41016902,20251023,41,11,08,41_6763293,1,570,41016902,20251023045807,4177510,20251023050832,4109162,0,01,3,34550,625,N
20251023,M7731,41016902,20251023,41,11,08,41_6795509,1,570,41016902,20251023054513,4106836,20251023060030,4111598,1,01,4,27620,917,N
20251023,M7731,41016902,20251023,41,11,08,41_6803881,2,570,41016902,20251023081028,4107446,20251023091645,4111588,0,01,3,27870,3977,N
20251023,M7731,41016902,20251023,41,11,08,41_683700,2,570,41016902,20251023150255,4177510,20251023155618,4111588,0,01,1,29500,3203,N
20251023,M7731,41016902,20251023,41,11,08,41_6853209,2,570,41016902,20251023063535,4106836,20251023071826,4109162,1,01,1,29380,2571,N
20251023,M7731,41016902,20251023,41,11,08,41_6882802,2,570,41016902,20251023052832,4177637,20251023061056,4116126,0,01,1,26850,2544,N
20251023,M7731,41016902,20251023,41,11,08,41_6908783,2,570,41016902,20251023161041,4106836,20251023164903,4111588,0,01,2,24330,2302,N
20251023,M7731,41016902,20251023,41,11,08,41_6920593,2,570,41016902,20251023063947,4177448,20251023075723,4111588,0,01,4,22120,4656,N
20251023,M7731,41016902,20251023,41,11,08,41_6927613,2,570,41016902,20251023133824,4177637,20251023142402,4116126,0,01,4,26850,2738,N
20251023,M7731,41016902,20251023,41,11,08,41_6937171,1,570,41016902,20251023140944,4106836,20251023145246,4111588,0,01,1,24330,2582,N
20251023,M7731,41016902,20251023,41,11,08,41_6992280,1,570,41016902,20251023152355,4106836,20251023160859,4116126,0,01,2,25350,2704,N
20251023,M7731,41016902,20251023,41,11,08,41_6999194,2,570,41016902,20251023175213,4106836,20251023183657,4111588,0,01,1,24330,2684,N
20251023,M7731,41016902,20251023,41,11,08,41_7017541,2,570,41016902,20251023080609,4106836,20251023085149,4111588,0,01,4,24330,2740,N
20251023,M7731,41016902,20251023,41,11,08,41_7040073,2,570,41016902,20251023201310,4106836,20251023204718,4111588,1,01,2,24330,2048,N
20251023,M7731,41016902,20251023,41,11,08,41_7052406,2,570,41016902,20251023164735,4177532,20251023172342,4111588,0,01,2,22980,2167,N
20251023,M7731,41016902,20251023,41,11,08,41_7080616,2,570,41016902,20251023054216,4177510,20251023063022,4116130,0,01,4,31760,2886,N
20251023,M7731,41016902,20251023,41,11,08,41_7088497,2,570,41016902,20251023152354,4106836,20251023163001,4116130,1,01,2,26590,3967,N
20251023,M7731,41016902,20251023,41,11,08,41_7091216,1,570,41016902,20251023065806,4177510,20251023073829,4111588,0,01,3,29500,2423,N
20251023,M7731,41016902,20251023,41,11,08,41_7121287,2,570,41016902,20251023122630,4106836,20251023131052,4116126,2,01,4,25350,2662,N
20251023,M7731,41016902,20251023,41,11,08,41_7125799,2,570,41016902,20251023184618,4106836,20251023195525,4111588,0,01,1,24330,4147,N
20251023,M7731,41016902,20251023,41,11,08,41_7148031,2,570,41016902,20251023200330,4177448,20251023203609,4111588,0,01,4,22120,1959,N
20251023,M7731,41016902,20251023,41,11,08,41_7150109,2,570,41016902,20251023155826,4106836,20251023163439,4111599,0,01,2,28270,2173,N
20251023,M7731,41016902,20251023,41,11,08,41_7161474,2,570,41016902,20251023111956,4177532,20251023114819,4116126,0,01,2,24000,1703,N
20251023,M7731,41016902,20251023,41,11,08,41_718644,2,570,41016902,20251023175430,4106836,20251023182619,4111598,0,01,1,27620,1909,N
20251023,M7731,41016902,20251023,41,11,08,41_7197686,2,570,41016902,20251023093339,4106836,20251023101220,4111588,1,01,1,24330,2321,N
20251023,M7731,41016902,20251023,41,11,08,41_7219834,2,570,41016902,20251023062636,4106836,20251023065110,4116126,0,01,1,25350,1474,N
20251023,M7731,41016902,20251023,41,11,08,41_7222059,1,570,41016902,20251023221917,4106836,20251023224510,4111588,0,01,2,24330,1553,N
20251023,M7731,41016902,20251023,41,11,08,41_7239627,1,570,41016902,20251023080804,4110935,20251023083533,4111599,0,01,4,32650,1649,N
20251023,M7731,41016902,20251023,41,11,08,41_725405,1,570,41016902,20251023160914,4177532,20251023163630,4111588,0,01,2,22980,1636,N
20251023,M7731,41016902,20251023,41,11,08,41_7270299,2,570,41016902,20251023062217,4106836,20251023073047,4111588,0,01,4,24330,4110,N
20251023,M7731,41016902,20251023,41,11,08,41_7334217,2,570,41016902,20251023213754,4106836,20251023221634,4111588,0,01,4,24330,2320,N
20251023,M7731,41016902,20251023,41,11,08,41_734394,2,570,41016902,20251023121800,4177532,20251023124548,4116126,0,01,2,24000,1668,N
20251023,M7731,41016902,20251023,41,11,08,41_7345316,1,570,41016902,20251023055419,4106836,20251023064142,4116126,1,01,4,25350,2843,N
20251023,M7731,41016902,20251023,41,11,08,41_7350964,2,570,41016902,20251023152928,4106836,20251023160535,4111588,0,01,3,24330,2167,N
20251023,M7731,41016902,20251023,41,11,08,41_7378116,1,570,41016902,20251023182556,4177532,20251023190508,4116130,0,01,2,25240,2352,N
20251023,M7731,41016902,20251023,41,11,08,41_7392369,2,570,41016902,20251023100132,4177448,20251023104036,4116126,0,01,2,23140,2344,N
20251023,M7731,41016902,20251023,41,11,08,41_7413008,2,570,41016902,20251023171729,4177532,20251023180613,4116126,0,01,3,24000,2924,N
20251023,M7731,41016902,20251023,41,11,08,41_7413008,2,570,41016902,20251023181128,4177532,20251023183648,4116126,0,01,1,24000,1520,N
20251023,M7731,41016902,20251023,41,11,08,41_7421630,2,570,41016902,20251023062642,4177637,20251023072901,4111588,0,01,2,25830,3739,N
20251023,M7731,41016902,20251023,41,11,08,41_7426558,2,570,41016902,20251023065854,4177448,20251023072218,4111588,0,01,3,22120,1404,N
20251023,M7731,41016902,20251023,41,11,08,41_7433280,1,570,41016902,20251023174408,4177532,20251023182954,4111588,0,01,4,22980,2746,N
20251023,M7731,41016902,20251023,41,11,08,41_7439883,2,570,41016902,20251023174720,4106836,20251023183901,4111588,0,01,4,24330,3101,N
20251023,M7731,41016902,20251023,41,11,08,41_7456003,2,570,41016902,20251023062617,4177637,20251023073540,4111588,0,01,3,25830,4163,N
20251023,M7731,41016902,20251023,41,11,08,41_7460481,2,570,41016902,20251023150723,4177448,20251023162207,4111588,0,01,3,22120,4484,N
20251023,M7731,41016902,20251023,41,11,08,41_748791,2,570,41016902,20251023140432,4106836,20251023145416,4111588,0,01,3,24330,2984,N
20251023,M7731,41016902,20251023,41,11,08,41_7492351,2,570,41016902,20251023150706,4177448,20251023153836,4111588,0,01,4,22120,1890,N
20251023,M7731,41016902,20251023,41,11,08,41_7500438,1,570,41016902,20251023102135,4177448,20251023111236,4111588,0,01,4,22120,3061,N
20251023,M7731,41016902,20251023,41,11,08,41_7517381,2,570,41016902,20251023192824,4106836,20251023202140,4111598,0,01,2,27620,3196,N
20251023,M7731,41016902,20251023,41,11,08,41_7582795,2,570,41016902,20251023132256,4177637,20251023141900,4111598,0,01,4,29120,3364,N
20251023,M7731,41016902,20251023,41,11,08,41_7589665,1,570,41016902,20251023152325,4177448,20251023161354,4111588,0,01,1,22120,3029,N
20251023,M7731,41016902,20251023,41,11,08,41_7589665,1,570,41016902,20251023182155,4177448,20251023191639,4111588,0,01,4,22120,3284,N
20251023,M7731,41016902,20251023,41,11,08,41_7593868,1,570,41016902,20251023102149,4177532,20251023105340,4111588,0,01,3,22980,1911,N
20251023,M7731,41016902,20251023,41,11,08,41_762669,2,570,41016902,20251023203124,4177448,20251023205750,4111588,0,01,1,22120,1586,N
20251023,M7731,41016902,20251023,41,11,08,41_7708456,2,570,41016902,20251023053231,4177637,20251023061859,4111588,0,01,3,25830,2788,N
20251023,M7731,41016902,20251023,41,11,08,41_771395,1,570,41016902,20251023163512,4110868,20251023165644,4111588,0,01,2,26980,1292,N
20251023,M7731,41016902,20251023,41,11,08,41_7715513,2,570,41016902,20251023182202,4177448,20251023190348,4111598,0,01,1,25410,2506,N
20251023,M7731,41016902,20251023,41,11,08,41_7720408,2,570,41016902,20251023185816,4106836,20251023195724,4111588,1,01,3,24330,3548,N
20251023,M7731,41016902,20251023,41,11,08,41_773093,2,570,41016902,20251023111234,4177510,20251023113741,4111588,0,01,2,29500,1507,N
20251023,M7731,41016902,20251023,41,11,08,41_773093,2,570,41016902,20251023120633,4177510,20251023123421,4111588,0,01,3,29500,1668,N
20251023,M7731,41016902,20251023,41,11,08,41_7745567,2,570,41016902,20251023070418,4106836,20251023081019,4116126,0,01,2,25350,3961,N
20251023,M7731,41016902,20251023,41,11,08,41_7747058,1,570,41016902,20251023070318,4106836,20251023081036,4116126,0,01,2,25350,4038,N
20251023,M7731,41016902,20251023,41,11,08,41_7747058,1,570,41016902,20251023082850,4106836,20251023095148,4111588,0,01,2,24330,4978,N
20251023,M7731,41016902,20251023,41,11,08,41_7748351,1,570,41016902,20251023142605,4177532,20251023150619,4111588,0,01,4,22980,2414,N
20251023,M7731,41016902,20251023,41,11,08,41_776847,1,570,41016902,20251023140520,4177532,20251023144040,4111588,0,01,2,22980,2120,N
20251023,M7731,41016902,20251023,41,11,08,41_7772629,2,570,41016902,20251023120949,4106836,20251023124550,4116126,0,01,4,25350,2161,N
20251023,M7731,41016902,20251023,41,11,08,41_7813493,2,570,41016902,20251023054347,4177448,20251023061442,4109162,0,01,2,27170,1855,N
20251023,M7731,41016902,20251023,41,11,08,41_7826421,2,570,41016902,20251023130641,4106836,20251023140654,4116126,0,01,4,25350,3613,N
20251023,M7731,41016902,20251023,41,11,08,41_7827843,2,570,41016902,20251023125345,4106836,20251023132658,4111588,1,01,2,24330,1993,N
20251023,M7731,41016902,20251023,41,11,08,41_7827843,2,570,41016902,20251023134348,4106836,20251023143330,4111588,1,01,1,24330,2982,N
20251023,M7731,41016902,20251023,41,11,08,41_7840869,2,570,41016902,20251023192208,4177532,20251023200033,4111588,0,01,3,22980,2305,N
20251023,M7731,41016902,20251023,41,11,08,41_784600,2,570,41016902,20251023191358,4177532,20251023194458,4111588,0,01,1,22980,1860,N
20251023,M7731,41016902,20251023,41,11,08,41_786703,2,570,41016902,20251023110528,4106836,20251023115047,4116126,0,01,2,25350,2719,N
20251023,M7731,41016902,20251023,41,11,08,41_7901676,2,570,41016902,20251023221334,4177448,20251023223611,4111588,0,01,2,22120,1357,N
20251023,M7731,41016902,20251023,41,11,08,41_7904460,2,570,41016902,20251023074532,4106836,20251023082556,4111588,1,01,4,24330,2424,N
20251023,M7731,41016902,20251023,41,11,08,41_7925790,2,570,41016902,20251023180520,4106836,20251023183555,4116126,0,01,1,25350,1835,N
20251023,M7731,41016902,20251023,41,11,08,41_7955578,2,570,41016902,20251023114423,4177448,20251023121504,4111588,0,01,3,22120,1841,N
20251023,M7731,41016902,20251023,41,11,08,41_7980908,2,570,41016902,20251023221334,4177448,20251023224650,4111588,0,01,2,22120,1996,N
20251023,M7731,41016902,20251023,41,11,08,41_7990557,1,570,41016902,20251023142023,4106836,20251023145308,4116130,0,01,3,26590,1965,N
20251023,M7731,41016902,20251023,41,11,08,41_7990557,1,570,41016902,20251023161005,4106836,20251023164122,4116130,0,01,2,26590,1877,N
20251023,M7731,41016902,20251023,41,11,08,41_8002753,2,570,41016902,20251023082522,4177637,20251023085734,4109162,0,01,3,30880,1932,N
20251023,M7731,41016902,20251023,41,11,08,41_8049759,2,570,41016902,20251023121934,4106836,20251023125354,4116130,0,01,4,26590,2060,N
20251023,M7731,41016902,20251023,41,11,08,41_805244,2,570,41016902,20251023152325,4177510,20251023163254,4111588,0,01,2,29500,4169,N
20251023,M7731,41016902,20251023,41,11,08,41_8053627,2,570,41016902,20251023070633,4177637,20251023073823,4111588,0,01,4,25830,1910,N
20251023,M7731,41016902,20251023,41,11,08,41_806296,2,570,41016902,20251023170350,4177532,20251023173227,4116126,0,01,3,24000,1717,N
20251023,M7731,41016902,20251023,41,11,08,41_8072345,2,570,41016902,20251023152259,4177532,20251023155520,4111588,0,01,2,22980,1941,N
20251023,M7731,41016902,20251023,41,11,08,41_8091171,2,570,41016902,20251023082724,4106836,20251023085554,4111588,0,01,2,24330,1710,N
20251023,M7731,41016902,20251023,41,11,08,41_8094399,1,570,41016902,20251023152259,4177532,20251023155520,4111588,0,01,1,22980,1941,N
20251023,M7731,41016902,20251023,41,11,08,41_8098285,2,570,41016902,20251023053724,4106836,20251023060956,4111588,0,01,4,24330,1952,N
20251023,M7731,41016902,20251023,41,11,08,41_8197768,1,570,41016902,20251023153130,4177532,20251023160146,4111588,0,01,4,22980,1816,N
20251023,M7731,41016902,20251023,41,11,08,41_8202930,1,570,41016902,20251023054258,4177510,20251023064413,4111588,0,01,1,29500,3675,N
20251023,M7731,41016902,20251023,41,11,08,41_8242553,2,570,41016902,20251023175347,4177532,20251023182726,4111588,0,01,3,22980,2019,N
20251023,M7731,41016902,20251023,41,11,08,41_8286901,2,570,41016902,20251023190758,4106836,20251023193351,4111588,0,01,1,24330,1553,N
20251023,M7731,41016902,20251023,41,11,08,41_8286901,2,570,41016902,20251023220802,4106836,20251023223852,4111588,0,01,4,24330,1850,N
20251023,M7731,41016902,20251023,41,11,08,41_8311114,2,570,41016902,20251023133554,4177532,20251023140527,4111588,0,01,1,22980,1773,N
20251023,M7731,41016902,20251023,41,11,08,41_8311114,2,570,41016902,20251023164949,4177532,20251023173507,4111588,0,01,3,22980,2718,N
20251023,M7731,41016902,20251023,41,11,08,41_8317663,2,570,41016902,20251023171156,4106836,20251023175049,4111588,0,01,2,24330,2333,N
20251023,M7731,41016902,20251023,41,11,08,41_8342349,2,570,41016902,20251023145833,4106836,20251023153307,4111588,1,01,1,24330,2074,N
20251023,M7731,41016902,20251023,41,11,08,41_8349296,2,570,41016902,20251023121001,4177448,20251023125119,4116126,0,01,3,23140,2478,N
20251023,M7731,41016902,20251023,41,11,08,41_8359748,2,570,41016902,20251023170905,4106836,20251023175144,4111599,0,01,2,28270,2559,N
20251023,M7731,41016902,20251023,41,11,08,41_8366370,2,570,41016902,20251023140750,4177510,20251023151932,4116126,0,01,3,30520,4302,N
20251023,M7731,41016902,20251023,41,11,08,41_8368968,1,570,41016902,20251023164113,4177532,20251023172038,4116126,0,01,4,24000,2365,N
20251023,M7731,41016902,20251023,41,11,08,41_8371611,2,570,41016902,20251023061844,4106836,20251023070203,4111588,1,01,2,24330,2599,N
20251023,M7731,41016902,20251023,41,11,08,41_8378343,1,570,41016902,20251023071026,4177637,20251023075109,4111588,0,01,2,25830,2443,N
20251023,M7731,41016902,20251023,41,11,08,41_838437,2,570,41016902,20251023054221,4177510,20251023063243,4111588,0,01,3,29500,3022,N
20251023,M7731,41016902,20251023,41,11,08,41_8396287,1,570,41016902,20251023145904,4177448,20251023153533,4111588,0,01,2,22120,2189,N
20251023,M7731,41016902,20251023,41,11,08,41_8406747,2,570,41016902,20251023174151,4106836,20251023180636,4111588,0,01,3,24330,1485,N
20251023,M7731,41016902,20251023,41,11,08,41_8451627,2,570,41016902,20251023094454,4177510,20251023103009,4116130,0,01,3,31760,2715,N
20251023,M7731,41016902,20251023,41,11,08,41_8483288,2,570,41016902,20251023052556,4177637,20251023055823,4111588,0,01,2,25830,1947,N
20251023,M7731,41016902,20251023,41,11,08,41_8528353,2,570,41016902,20251023220620,4106836,20251023223638,4111588,0,01,3,24330,1818,N
20251023,M7731,41016902,20251023,41,11,08,41_858476,2,570,41016902,20251023062857,4177510,20251023065823,4109162,0,01,4,34550,1766,N
20251023,M7731,41016902,20251023,41,11,08,41_8618115,2,570,41016902,20251023180541,4106836,20251023184025,4116126,0,01,1,25350,2084,N
20251023,M7731,41016902,20251023,41,11,08,41_8636495,2,570,41016902,20251023081240,4106836,20251023091319,4116126,0,01,1,25350,3639,N
20251023,M7731,41016902,20251023,41,11,08,41_8648854,2,570,41016902,20251023080724,4106836,20251023090336,4111588,0,01,4,24330,3372,N
20251023,M7731,41016902,20251023,41,11,08,41_8648854,2,570,41016902,20251023111917,4106836,20251023114513,4111588,0,01,2,24330,1556,N
20251023,M7731,41016902,20251023,41,11,08,41_8649725,1,570,41016902,20251023155339,4177637,20251023164229,4116126,0,01,1,26850,2930,N
20251023,M7731,41016902,20251023,41,11,08,41_866013,2,570,41016902,20251023150942,4177448,20251023152851,4111588,0,01,4,22120,1149,N
20251023,M7731,41016902,20251023,41,11,08,41_8697219,1,570,41016902,20251023163348,4106836,20251023171029,4111588,1,01,3,24330,2201,N
20251023,M7731,41016902,20251023,41,11,08,41_8735591,2,570,41016902,20251023170242,4106836,20251023172939,4111588,0,01,1,24330,1617,N
20251023,M7731,41016902,20251023,41,11,08,41_8744603,2,570,41016902,20251023215043,4106836,20251023222833,4109162,0,01,2,29380,2270,N
20251023,M7731,41016902,20251023,41,11,08,41_8756296,2,570,41016902,20251023151024,4177532,20251023154450,4111588,0,01,1,22980,2066,N
20251023,M7731,41016902,20251023,41,11,08,41_8766654,2,570,41016902,20251023150848,4177532,20251023153600,4111588,0,01,2,22980,1632,N
20251023,M7731,41016902,20251023,41,11,08,41_8767077,2,570,41016902,20251023134423,4106836,20251023143957,4116130,0,01,3,26590,3334,N
20251023,M7731,41016902,20251023,41,11,08,41_8779395,1,570,41016902,20251023204207,4106836,20251023211519,4116126,0,01,1,25350,1992,N
20251023,M7731,41016902,20251023,41,11,08,41_8793910,1,570,41016902,20251023055011,4106836,20251023063338,4116130,1,01,4,26590,2607,N
20251023,M7731,41016902,20251023,41,11,08,41_8838054,2,570,41016902,20251023232324,4106836,20251023235828,4116126,1,01,3,25350,2104,N
20251023,M7731,41016902,20251023,41,11,08,41_8843080,2,570,41016902,20251023155421,4177448,20251023162836,4116126,0,01,2,23140,2055,N
20251023,M7731,41016902,20251023,41,11,08,41_88495,2,570,41016902,20251023090913,4107446,20251023093912,4116130,0,01,2,30130,1799,N
20251023,M7731,41016902,20251023,41,11,08,41_8852493,2,570,41016902,20251024000030,4106836,20251024004022,4111588,0,01,1,24330,2392,N
20251023,M7731,41016902,20251023,41,11,08,41_8856364,1,570,41016902,20251023154720,4177448,20251023161949,4111588,0,01,3,22120,1949,N
20251023,M7731,41016902,20251023,41,11,08,41_8878856,2,570,41016902,20251023142002,4106836,20251023145354,4116126,0,01,4,25350,2032,N
20251023,M7731,41016902,20251023,41,11,08,41_8882563,2,570,41016902,20251023154815,4177448,20251023162044,4111588,0,01,1,22120,1949,N
20251023,M7731,41016902,20251023,41,11,08,41_8895948,2,570,41016902,20251023214623,4106836,20251023224459,4111588,0,01,4,24330,3516,N
20251023,M7731,41016902,20251023,41,11,08,41_8909102,2,570,41016902,20251023200512,4106836,20251023211205,4111588,0,01,3,24330,4013,N
20251023,M7731,41016902,20251023,41,11,08,41_8909393,2,570,41016902,20251023163227,4106836,20251023171759,4111588,1,01,2,24330,2732,N
20251023,M7731,41016902,20251023,41,11,08,41_8919420,2,570,41016902,20251023161427,4177532,20251023164658,4111588,0,01,4,22980,1951,N
20251023,M7731,41016902,20251023,41,11,08,41_8931899,2,570,41016902,20251023061209,4106836,20251023064627,4116126,0,01,2,25350,2058,N
20251023,M7731,41016902,20251023,41,11,08,41_8937799,1,570,41016902,20251023161848,4106836,20251023165314,4116130,0,01,2,26590,2066,N
20251023,M7731,41016902,20251023,41,11,08,41_8941510,2,570,41016902,20251023081042,4177532,20251023084051,4111588,0,01,4,22980,1809,N
20251023,M7731,41016902,20251023,41,11,08,41_8943857,2,570,41016902,20251023180653,4106836,20251023183645,4116126,0,01,1,25350,1792,N
20251023,M7731,41016902,20251023,41,11,08,41_8949057,2,570,41016902,20251023103535,4106836,20251023113303,4111588,0,01,4,24330,3448,N
20251023,M7731,41016902,20251023,41,11,08,41_8969361,2,570,41016902,20251023163829,4106836,20251023171100,4116126,1,01,2,25350,1951,N
20251023,M7731,41016902,20251023,41,11,08,41_8973995,2,570,41016902,20251023080528,4106836,20251023084533,4111588,1,01,1,24330,2405,N
20251023,M7731,41016902,20251023,41,11,08,41_8984109,2,570,41016902,20251023173641,4177448,20251023180859,4111588,0,01,3,22120,1938,N
20251023,M7731,41016902,20251023,41,11,08,41_8984622,2,570,41016902,20251023055406,4177510,20251023064026,4111588,0,01,3,29500,2780,N
20251023,M7731,41016902,20251023,41,11,08,41_8995603,2,570,41016902,20251023152129,4106836,20251023160221,4111588,0,01,1,24330,2452,N
20251023,M7731,41016902,20251023,41,11,08,41_9016330,2,570,41016902,20251023165213,4177637,20251023173006,4116126,0,01,4,26850,2273,N
20251023,M7731,41016902,20251023,41,11,08,41_9020364,2,570,41016902,20251023133917,4177532,20251023141926,4116126,0,01,1,24000,2409,N
20251023,M7731,41016902,20251023,41,11,08,41_9020489,1,570,41016902,20251023083500,4106836,20251023091414,4111588,0,01,3,24330,2354,N
20251023,M7731,41016902,20251023,41,11,08,41_9038653,2,570,41016902,20251023165531,4177532,20251023173149,4111588,0,01,2,22980,2178,N
20251023,M7731,41016902,20251023,41,11,08,41_9038983,1,570,41016902,20251023073908,4106836,20251023081605,4111588,0,01,2,24330,2217,N
20251023,M7731,41016902,20251023,41,11,08,41_9043278,1,570,41016902,20251023063459,4177532,20251023070908,4111588,0,01,1,22980,2049,N
20251023,M7731,41016902,20251023,41,11,08,41_9089925,2,570,41016902,20251023100239,4106836,20251023103908,4116126,1,01,3,25350,2189,N
20251023,M7731,41016902,20251023,41,11,08,41_9107236,2,570,41016902,20251023124431,4106836,20251023135435,4111588,0,01,1,24330,4204,N
20251023,M7731,41016902,20251023,41,11,08,41_9117662,2,570,41016902,20251023083745,4177510,20251023090411,4111599,0,01,2,33440,1586,N
20251023,M7731,41016902,20251023,41,11,08,41_9123664,2,570,41016902,20251023151514,4106836,20251023160004,4116126,0,01,2,25350,2690,N
20251023,M7731,41016902,20251023,41,11,08,41_9135743,1,570,41016902,20251023132448,4177532,20251023140030,4116126,0,01,4,24000,2142,N
20251023,M7731,41016902,20251023,41,11,08,41_9143085,2,570,41016902,20251023210154,4177448,20251023213908,4111588,0,01,2,22120,2234,N
20251023,M7731,41016902,20251023,41,11,08,41_9163597,2,570,41016902,20251023120444,4106836,20251023124039,4111588,0,01,2,24330,2155,N
20251023,M7731,41016902,20251023,41,11,08,41_9180202,1,570,41016902,20251023184058,4177448,20251023190952,4116126,0,01,2,23140,1734,N
20251023,M7731,41016902,20251023,41,11,08,41_920363,2,570,41016902,20251023070307,4177637,20251023080216,4111588,0,01,4,25830,3549,N
20251023,M7731,41016902,20251023,41,11,08,41_9264897,1,570,41016902,20251023080549,4177637,20251023090325,4111588,0,01,3,25830,3456,N
20251023,M7731,41016902,20251023,41,11,08,41_9306226,2,570,41016902,20251023162108,4107446,20251023170652,4111588,0,01,1,27870,2744,N
20251023,M7731,41016902,20251023,41,11,08,41_9376248,2,570,41016902,20251023162823,4177532,20251023170331,4111588,0,01,1,22980,2108,N
20251023,M7731,41016902,20251023,41,11,08,41_9376715,2,570,41016902,20251023152012,4106836,20251023155306,4111588,0,01,3,24330,1974,N
20251023,M7731,41016902,20251023,41,11,08,41_9396924,2,570,41016902,20251023112107,4106836,20251023121719,4111588,0,01,3,24330,3372,N
20251023,M7731,41016902,20251023,41,11,08,41_9396924,2,570,41016902,20251023173445,4106836,20251023181832,4111588,0,01,4,24330,2627,N
20251023,M7731,41016902,20251023,41,11,08,41_9399643,2,570,41016902,20251023161415,4106836,20251023163950,4111588,0,01,1,24330,1535,N
20251023,M7731,41016902,20251023,41,11,08,41_9402411,2,570,41016902,20251023220652,4106836,20251023225541,4116126,0,01,1,25350,2929,N
20251023,M7731,41016902,20251023,41,11,08,41_9412318,2,570,41016902,20251023204821,4177637,20251023212322,4111588,0,01,2,25830,2101,N
20251023,M7731,41016902,20251023,41,11,08,41_941671,2,570,41016902,20251023091110,4177532,20251023094042,4111588,0,01,3,22980,1772,N
20251023,M7731,41016902,20251023,41,11,08,41_9429869,2,570,41016902,20251023174859,4106836,20251023182847,4111588,0,01,2,24330,2388,N
20251023,M7731,41016902,20251023,41,11,08,41_9463150,2,570,41016902,20251023130937,4177448,20251023133200,4111588,0,01,2,22120,1343,N
20251023,M7731,41016902,20251023,41,11,08,41_9505363,2,570,41016902,20251023141531,4177532,20251023143903,4111588,0,01,2,22980,1412,N
20251023,M7731,41016902,20251023,41,11,08,41_9510801,2,570,41016902,20251023080039,4177448,20251023084618,4111588,0,01,2,22120,2739,N
20251023,M7731,41016902,20251023,41,11,08,41_9518276,1,570,41016902,20251023070058,4106836,20251023073420,4111588,1,01,2,24330,2002,N
20251023,M7731,41016902,20251023,41,11,08,41_9530547,2,570,41016902,20251023070058,4106836,20251023073420,4111588,1,01,3,24330,2002,N
20251023,M7731,41016902,20251023,41,11,08,41_956682,2,570,41016902,20251023062908,4177510,20251023065513,4111588,0,01,4,29500,1565,N
20251023,M7731,41016902,20251023,41,11,08,41_9608199,2,570,41016902,20251023214054,4106836,20251023222353,4111588,0,01,3,24330,2579,N
20251023,M7731,41016902,20251023,41,11,08,41_9675130,2,570,41016902,20251023090732,4106836,20251023095815,4111588,0,01,3,24330,3043,N
20251023,M7731,41016902,20251023,41,11,08,41_9687829,1,570,41016902,20251023175202,4106836,20251023183204,4116126,0,01,3,25350,2402,N
20251023,M7731,41016902,20251023,41,11,08,41_9687829,1,570,41016902,20251023192456,4106836,20251023200638,4116126,0,01,2,25350,2502,N
20251023,M7731,41016902,20251023,41,11,08,41_9693856,2,570,41016902,20251023061435,4177637,20251023065536,4111598,0,01,2,29120,2461,N
20251023,M7731,41016902,20251023,41,11,08,41_9693856,2,570,41016902,20251023083023,4177637,20251023091201,4111598,0,01,4,29120,2498,N
20251023,M7731,41016902,20251023,41,11,08,41_9693856,2,570,41016902,20251023202747,4177637,20251023210137,4111598,0,01,3,29120,2030,N
20251023,M7731,41016902,20251023,41,11,08,41_9703911,2,570,41016902,20251023162555,4177448,20251023165100,4111588,0,01,4,22120,1505,N
20251023,M7731,41016902,20251023,41,11,08,41_9707936,2,570,41016902,20251023060712,4177637,20251023065248,4111588,0,01,2,25830,2736,N
20251023,M7731,41016902,20251023,41,11,08,41_9707936,2,570,41016902,20251023140941,4177637,20251023145919,4111588,0,01,4,25830,2978,N
20251023,M7731,41016902,20251023,41,11,08,41_974663,1,570,41016902,20251023064312,4177637,20251023074506,4111588,0,01,1,25830,3714,N
20251023,M7731,41016902,20251023,41,11,08,41_9749572,2,570,41016902,20251023142912,4177532,20251023145915,4111588,0,01,3,22980,1803,N
20251023,M7731,41016902,20251023,41,11,08,41_9772580,2,570,41016902,20251023081724,4106836,20251023090547,4111588,0,01,4,24330,2903,N
20251023,M7731,41016902,20251023,41,11,08,41_9783563,2,570,41016902,20251023085651,4177448,20251023092123,4111588,0,01,2,22120,1472,N
20251023,M7731,41016902,20251023,41,11,08,41_9830228,2,570,41016902,20251023213501,4106836,20251023220303,4111588,0,01,4,24330,1682,N
20251023,M7731,41016902,20251023,41,11,08,41_9832059,2,570,41016902,20251023222456,4106836,20251023225623,4111588,0,01,3,24330,1887,N
20251023,M7731,41016902,20251023,41,11,08,41_9837854,1,570,41016902,20251023124030,4106836,20251023132423,4111588,1,01,4,24330,2633,N
20251023,M7731,41016902,20251023,41,11,08,41_9888107,2,570,41016902,20251023113340,4106836,20251023120242,4116126,1,01,2,25350,1742,N
20251023,M7731,41016902,20251023,41,11,08,41_9918573,2,570,41016902,20251023193340,4106836,20251023201335,4111588,0,01,4,24330,2395,N
20251023,M7731,41016902,20251023,41,11,08,41_9961427,1,570,41016902,20251023125627,4177637,20251023132702,4111588,0,01,2,25830,1835,N
20251023,M7731,41016902,20251023,41,11,08,41_9969292,1,570,41016902,20251023160427,4106836,20251023163643,4111588,0,01,3,24330,1936,N
20251023,M7731,41016902,20251023,41,11,08,41_9973842,2,570,41016902,20251023123907,4177637,20251023130822,4116130,0,01,4,28090,1755,N
20251023,M7731,41016902,20251023,41,11,08,41_9982964,2,570,41016902,20251023112143,4106836,20251023115651,4111588,0,01,2,24330,2108,N
20251023,M7731,41016902,20251023,41,11,08,41_999893,2,570,41016902,20251023155836,4106836,20251023164658,4111588,0,01,4,24330,2902,N
