query_date,query_route_no,query_route_id,opr_ymd,ride_ctpv_cd,goff_ctpv_cd,clcln_bzmn_id,vr_card_no,card_se_cd,clcln_bzmn_trfc_mns_cd,rte_id,ride_dt,ride_sttn_id,goff_dt,goff_sttn_id,trnf_cnt,users_type_cd,utztn_nope,utztn_dstnc,brdg_hr,msv_intrpl_yn
20260514,M7731,41016902,20260514,41,11,08,41_10007970,2,570,41016902,20260514121803,4177637,20260514124800,4116126,0,01,4,26850,1797,N
20260514,M7731,41016902,20260514,41,11,08,41_1003047,1,570,41016902,20260514072943,4177448,20260514080853,4111588,1,01,3,22120,2350,N
20260514,M7731,41016902,20260514,41,11,08,41_1003047,1,570,41016902,20260514173125,4177448,20260514175457,4111588,1,01,1,22120,1412,N
20260514,M7731,41016902,20260514,41,41,08,41_10088030,2,570,41016902,20260514055144,4110868,20260514055735,4177448,0,01,3,4860,351,N
20260514,M7731,41016902,20260514,41,11,08,41_10105873,2,570,41016902,20260514182335,4177448,20260514190247,4111588,1,01,2,22120,2352,N
20260514,M7731,41016902,20260514,41,11,08,41_10113083,2,570,41016902,20260514123552,4177532,20260514133242,4116126,0,01,4,24000,3410,N
20260514,M7731,41016902,20260514,41,11,08,41_10151615,2,570,41016902,20260514100218,4177448,20260514103205,4111588,0,01,3,22120,1787,N
20260514,M7731,41016902,20260514,41,41,08,41_10163818,1,570,41016902,20260514124859,4123056,20260514132916,4107447,2,01,2,5480,2417,N
20260514,M7731,41016902,20260514,41,11,08,41_10173007,2,570,41016902,20260514134156,4177448,20260514142108,4111588,0,01,4,22120,2352,N
20260514,M7731,41016902,20260514,41,11,08,41_1018447,2,570,41016902,20260514200943,4177532,20260514204210,4116126,0,01,2,24000,1947,N
20260514,M7731,41016902,20260514,41,11,08,41_10199362,2,570,41016902,20260514080123,4110868,20260514084508,4111588,0,01,3,26980,2625,N
20260514,M7731,41016902,20260514,41,11,08,41_10216218,2,570,41016902,20260514064555,4177448,20260514070955,4111588,0,01,4,22120,1440,N
20260514,M7731,41016902,20260514,41,41,08,41_10246223,1,570,41016902,20260514195442,4123056,20260514202150,4177511,2,01,2,7120,1628,N
20260514,M7731,41016902,20260514,41,11,08,41_1030109,2,570,41016902,20260514181631,4107446,20260514184110,4111588,0,01,3,27870,1479,N
20260514,M7731,41016902,20260514,41,11,08,41_10305148,2,570,41016902,20260514122617,4106836,20260514130632,4116126,0,01,1,25350,2415,N
20260514,M7731,41016902,20260514,41,11,08,41_10305148,2,570,41016902,20260514160649,4106836,20260514165457,4116126,0,01,1,25350,2888,N
20260514,M7731,41016902,20260514,41,11,08,41_10334061,1,570,41016902,20260514072203,4177637,20260514075948,4111588,0,01,2,25830,2265,N
20260514,M7731,41016902,20260514,41,11,08,41_10347601,2,570,41016902,20260514130339,4110935,20260514133614,4111588,0,01,4,28710,1955,N
20260514,M7731,41016902,20260514,41,41,08,41_10361010,2,570,41016902,20260514235940,4106837,20260515000538,4107447,1,01,4,3540,358,N
20260514,M7731,41016902,20260514,41,11,08,41_10367648,2,570,41016902,20260514132912,4106836,20260514140018,4111588,0,01,3,24330,1866,N
20260514,M7731,41016902,20260514,41,11,08,41_1037205,1,570,41016902,20260514200007,4177448,20260514203044,4116126,0,01,2,23140,1837,N
20260514,M7731,41016902,20260514,41,11,08,41_10377407,2,570,41016902,20260514114907,4110868,20260514122351,4111588,0,01,3,26980,2084,N
20260514,M7731,41016902,20260514,41,41,08,41_1038068,1,570,41016902,20260514155734,4123056,20260514160725,4102447,2,01,4,3320,591,N
20260514,M7731,41016902,20260514,41,11,08,41_10414816,2,570,41016902,20260514105003,4106836,20260514111831,4111588,1,01,3,24330,1708,N
20260514,M7731,41016902,20260514,41,41,08,41_10431567,2,570,41016902,20260514214057,4123056,20260514221712,4110934,0,01,3,6380,2175,N
20260514,M7731,41016902,20260514,41,11,08,41_10446818,2,570,41016902,20260514140154,4177532,20260514142833,4111588,0,01,3,22980,1599,N
20260514,M7731,41016902,20260514,41,11,08,41_10466178,1,570,41016902,20260514213040,4106836,20260514220541,4116130,0,01,1,26590,2101,N
20260514,M7731,41016902,20260514,41,11,08,41_10490715,2,570,41016902,20260514125038,4177532,20260514132704,4116126,0,01,3,24000,2186,N
20260514,M7731,41016902,20260514,41,11,08,41_10492174,1,570,41016902,20260514133854,4106836,20260514141711,4116126,0,01,3,25350,2297,N
20260514,M7731,41016902,20260514,41,11,08,41_10492174,1,570,41016902,20260514220731,4106836,20260514224906,4116126,0,01,2,25350,2495,N
20260514,M7731,41016902,20260514,41,11,08,41_1049817,2,570,41016902,20260514065112,4177448,20260514072440,4116126,0,01,1,23140,2008,N
20260514,M7731,41016902,20260514,41,11,08,41_10506395,2,570,41016902,20260514162728,4177532,20260514171009,4116126,0,01,1,24000,2561,N
20260514,M7731,41016902,20260514,41,41,08,41_10521138,2,570,41016902,20260514073056,4177637,20260514074054,4106836,0,01,3,1500,598,N
20260514,M7731,41016902,20260514,41,11,08,41_10524965,2,570,41016902,20260514162559,4177532,20260514165945,4111588,0,01,1,22980,2026,N
20260514,M7731,41016902,20260514,41,11,08,41_10544281,2,570,41016902,20260514070352,4177448,20260514074313,4111588,0,01,4,22120,2361,N
20260514,M7731,41016902,20260514,41,11,08,41_10546300,2,570,41016902,20260514174401,4177532,20260514180758,4111588,0,01,1,22980,1437,N
20260514,M7731,41016902,20260514,41,11,08,41_10552119,2,570,41016902,20260514182143,4177448,20260514184814,4111588,0,01,1,22120,1591,N
20260514,M7731,41016902,20260514,41,11,08,41_10552119,2,570,41016902,20260514190430,4177448,20260514192708,4111588,0,01,1,22120,1358,N
20260514,M7731,41016902,20260514,41,11,08,41_10560701,1,570,41016902,20260514182143,4177448,20260514190642,4116126,0,01,1,23140,2699,N
20260514,M7731,41016902,20260514,41,11,08,41_10570056,2,570,41016902,20260514065505,4177448,20260514071416,4111588,0,01,1,22120,1151,N
20260514,M7731,41016902,20260514,41,11,08,41_10630916,2,570,41016902,20260514135127,4177448,20260514141329,4111588,0,01,2,22120,1322,N
20260514,M7731,41016902,20260514,41,11,08,41_10635731,2,570,41016902,20260514192713,4177532,20260514195800,4111588,0,01,4,22980,1847,N
20260514,M7731,41016902,20260514,41,11,08,41_1064380,2,570,41016902,20260514064637,4177448,20260514071407,4111588,0,01,2,22120,1650,N
20260514,M7731,41016902,20260514,41,11,08,41_10656012,2,570,41016902,20260514072318,4177448,20260514081715,4116126,0,01,4,23140,3237,N
20260514,M7731,41016902,20260514,41,11,08,41_10656012,2,570,41016902,20260514082127,4177448,20260514085846,4116126,0,01,3,23140,2239,N
20260514,M7731,41016902,20260514,41,41,08,41_10656801,1,570,41016902,20260514143023,4123056,20260514143852,4102447,2,01,4,3320,509,N
20260514,M7731,41016902,20260514,41,11,08,41_10667801,2,570,41016902,20260514210038,4177532,20260514213730,4111588,0,01,2,22980,2212,N
20260514,M7731,41016902,20260514,41,11,08,41_10678241,2,570,41016902,20260514123820,4106836,20260514132319,4116126,0,01,3,25350,2699,N
20260514,M7731,41016902,20260514,41,11,08,41_1067841,1,570,41016902,20260514161457,4106836,20260514164817,4111588,0,01,1,24330,2000,N
20260514,M7731,41016902,20260514,41,11,08,41_10693004,2,570,41016902,20260514142537,4106836,20260514145634,4111588,1,01,4,24330,1857,N
20260514,M7731,41016902,20260514,41,11,08,41_10708140,2,570,41016902,20260514080954,4177532,20260514084142,4116126,0,01,4,24000,1908,N
20260514,M7731,41016902,20260514,41,11,08,41_10715431,2,570,41016902,20260514155020,4177448,20260514164236,4116126,0,01,3,23140,3136,N
20260514,M7731,41016902,20260514,41,11,08,41_10716222,1,570,41016902,20260514051839,4177448,20260514055834,4111588,0,01,1,22120,2395,N
20260514,M7731,41016902,20260514,41,11,08,41_10754253,1,570,41016902,20260514211750,4177637,20260514220732,4116126,0,01,1,26850,2982,N
20260514,M7731,41016902,20260514,41,11,08,41_1076744,2,570,41016902,20260514200504,4110868,20260514203457,4111588,0,01,1,26980,1793,N
20260514,M7731,41016902,20260514,41,11,08,41_10772951,2,570,41016902,20260514080826,4177637,20260514090246,4111588,0,01,3,25830,3260,N
20260514,M7731,41016902,20260514,41,41,08,41_10784560,1,570,41016902,20260514134048,4107447,20260514135455,4177511,0,01,1,1640,847,N
20260514,M7731,41016902,20260514,41,11,08,41_10819689,2,570,41016902,20260514170717,4177532,20260514173757,4111588,0,01,1,22980,1840,N
20260514,M7731,41016902,20260514,41,11,08,41_10822201,2,570,41016902,20260514152741,4177532,20260514155248,4111588,0,01,1,22980,1507,N
20260514,M7731,41016902,20260514,41,11,08,41_10830736,1,570,41016902,20260514151424,4177532,20260514154125,4116126,0,01,2,24000,1621,N
20260514,M7731,41016902,20260514,41,41,08,41_10832504,2,570,41016902,20260514143154,4102447,20260514144927,4177511,0,01,2,3800,1053,N
20260514,M7731,41016902,20260514,41,11,08,41_10899029,2,570,41016902,20260514061506,4177510,20260514064617,4116126,0,01,2,30520,1871,N
20260514,M7731,41016902,20260514,41,11,08,41_10906847,2,570,41016902,20260514072705,4177532,20260514075136,4111588,0,01,4,22980,1471,N
20260514,M7731,41016902,20260514,41,11,08,41_1090971,2,570,41016902,20260514070441,4177510,20260514073004,4111588,0,01,2,29500,1523,N
20260514,M7731,41016902,20260514,41,11,08,41_10912058,2,570,41016902,20260514162445,4177448,20260514164626,4116130,0,01,1,24380,1301,N
20260514,M7731,41016902,20260514,41,11,08,41_10926794,2,570,41016902,20260514114807,4177532,20260514120715,4116126,0,01,4,24000,1148,N
20260514,M7731,41016902,20260514,41,11,08,41_10926794,2,570,41016902,20260514181613,4177532,20260514184327,4116126,0,01,1,24000,1634,N
20260514,M7731,41016902,20260514,41,11,08,41_10959094,1,570,41016902,20260514062340,4107446,20260514064608,4111588,0,01,2,27870,1348,N
20260514,M7731,41016902,20260514,41,11,08,41_10963627,1,570,41016902,20260514205243,4177448,20260514212153,4116126,0,01,2,23140,1750,N
20260514,M7731,41016902,20260514,41,11,08,41_10976244,1,570,41016902,20260514110555,4106836,20260514113631,4111588,0,01,4,24330,1836,N
20260514,M7731,41016902,20260514,41,11,08,41_10981142,2,570,41016902,20260514112903,4106836,20260514120754,4111588,0,01,2,24330,2331,N
20260514,M7731,41016902,20260514,41,11,08,41_10986217,2,570,41016902,20260514090201,4177448,20260514093342,4116126,1,01,2,23140,1901,N
20260514,M7731,41016902,20260514,41,11,08,41_10986217,2,570,41016902,20260514203700,4177448,20260514211112,4116126,0,01,1,23140,2052,N
20260514,M7731,41016902,20260514,41,11,08,41_10989420,2,570,41016902,20260514072822,4110868,20260514075612,4111588,0,01,1,26980,1670,N
20260514,M7731,41016902,20260514,41,11,08,41_11002333,2,570,41016902,20260514130158,4177532,20260514134314,4111588,0,01,3,22980,2476,N
20260514,M7731,41016902,20260514,41,11,08,41_11009434,2,570,41016902,20260514060545,4177448,20260514063407,4116126,0,01,3,23140,1702,N
20260514,M7731,41016902,20260514,41,11,08,41_11010505,2,570,41016902,20260514121223,4177532,20260514124452,4111588,0,01,1,22980,1949,N
20260514,M7731,41016902,20260514,41,11,08,41_11012039,1,570,41016902,20260514060545,4177448,20260514063454,4111588,0,01,1,22120,1749,N
20260514,M7731,41016902,20260514,41,11,08,41_11014734,2,570,41016902,20260514061335,4177637,20260514064508,4111588,0,01,2,25830,1893,N
20260514,M7731,41016902,20260514,41,11,08,41_11051825,2,570,41016902,20260514073451,4106836,20260514075911,4116126,0,01,1,25350,1460,N
20260514,M7731,41016902,20260514,41,11,08,41_11091643,2,570,41016902,20260514140912,4106836,20260514145417,4111588,0,01,4,24330,2705,N
20260514,M7731,41016902,20260514,41,11,08,41_11100987,1,570,41016902,20260514162330,4177448,20260514165315,4116126,0,01,3,23140,1785,N
20260514,M7731,41016902,20260514,41,41,08,41_11101583,1,570,41016902,20260514063505,4177637,20260514063923,4177448,0,01,3,3710,258,N
20260514,M7731,41016902,20260514,41,41,08,41_11101583,1,570,41016902,20260514215444,4123056,20260514220607,4102447,2,01,1,3320,683,N
20260514,M7731,41016902,20260514,41,11,08,41_11108794,1,570,41016902,20260514104027,4177448,20260514111630,4116126,0,01,1,23140,2163,N
20260514,M7731,41016902,20260514,41,11,08,41_11126730,1,570,41016902,20260514080742,4106836,20260514083843,4111588,0,01,1,24330,1861,N
20260514,M7731,41016902,20260514,41,11,08,41_1113765,2,570,41016902,20260514122038,4106836,20260514131025,4116130,0,01,2,26590,2987,N
20260514,M7731,41016902,20260514,41,11,08,41_11159308,2,570,41016902,20260514063904,4106836,20260514072716,4116130,0,01,4,26590,2892,N
20260514,M7731,41016902,20260514,41,11,08,41_11166516,1,570,41016902,20260514103410,4177448,20260514110831,4116126,0,01,4,23140,2061,N
20260514,M7731,41016902,20260514,41,11,08,41_11186799,2,570,41016902,20260514132854,4177532,20260514134948,4116126,0,01,2,24000,1254,N
20260514,M7731,41016902,20260514,41,11,08,41_11202323,2,570,41016902,20260514192356,4106836,20260514200357,4111588,0,01,2,24330,2401,N
20260514,M7731,41016902,20260514,41,11,08,41_11250444,2,570,41016902,20260514201308,4177448,20260514203611,4111588,0,01,4,22120,1383,N
20260514,M7731,41016902,20260514,41,41,08,41_11260543,2,570,41016902,20260514072602,4177637,20260514073632,4177448,0,01,4,3710,630,N
20260514,M7731,41016902,20260514,41,11,08,41_1130035,1,570,41016902,20260514124805,4177448,20260514133744,4116130,0,01,3,24380,2979,N
20260514,M7731,41016902,20260514,41,11,08,41_1130035,1,570,41016902,20260514204657,4177448,20260514213636,4116130,0,01,4,24380,2979,N
20260514,M7731,41016902,20260514,41,41,08,41_11309173,1,570,41016902,20260514153302,4123056,20260514154347,4102447,2,01,1,3320,645,N
20260514,M7731,41016902,20260514,41,11,08,41_11321408,2,570,41016902,20260514170046,4106836,20260514172721,4111588,0,01,4,24330,1595,N
20260514,M7731,41016902,20260514,41,11,08,41_11341671,2,570,41016902,20260514055939,4107446,20260514062605,4116126,0,01,3,28890,1586,N
20260514,M7731,41016902,20260514,41,41,08,41_1135307,1,570,41016902,20260514232834,4123056,20260514235436,4110934,2,01,3,6380,1562,N
20260514,M7731,41016902,20260514,41,11,08,41_11365702,1,570,41016902,20260514084245,4106836,20260514092202,4111588,0,01,2,24330,2357,N
20260514,M7731,41016902,20260514,41,11,08,41_11386889,1,570,41016902,20260514081024,4106836,20260514082949,4116130,1,01,2,26590,1165,N
20260514,M7731,41016902,20260514,41,11,08,41_1138858,2,570,41016902,20260514154755,4106836,20260514164245,4111588,0,01,4,24330,3290,N
20260514,M7731,41016902,20260514,41,11,08,41_1138858,2,570,41016902,20260514181605,4106836,20260514184603,4111588,0,01,2,24330,1798,N
20260514,M7731,41016902,20260514,41,11,08,41_11427425,2,570,41016902,20260514200605,4177532,20260514203321,4111588,0,01,3,22980,1636,N
20260514,M7731,41016902,20260514,41,11,08,41_11452748,1,570,41016902,20260514054029,4106836,20260514062607,4111598,1,01,4,27620,2738,N
20260514,M7731,41016902,20260514,41,11,08,41_11452748,1,570,41016902,20260514204623,4106836,20260514212700,4111598,1,01,3,27620,2437,N
20260514,M7731,41016902,20260514,41,11,08,41_11463844,2,570,41016902,20260514162509,4106836,20260514170702,4111588,1,01,1,24330,2513,N
20260514,M7731,41016902,20260514,41,11,08,41_11464858,1,570,41016902,20260514060320,4177510,20260514063518,4109162,0,01,1,34550,1918,N
20260514,M7731,41016902,20260514,41,11,08,41_11479575,1,570,41016902,20260514184328,4177448,20260514192827,4116130,0,01,3,24380,2699,N
20260514,M7731,41016902,20260514,41,11,08,41_11489413,2,570,41016902,20260514053718,4106836,20260514062215,4111588,1,01,3,24330,2697,N
20260514,M7731,41016902,20260514,41,11,08,41_11500950,2,570,41016902,20260514100258,4177448,20260514103054,4111588,0,01,4,22120,1676,N
20260514,M7731,41016902,20260514,41,11,08,41_11502516,1,570,41016902,20260514125116,4106836,20260514132127,4111588,0,01,3,24330,1811,N
20260514,M7731,41016902,20260514,41,11,08,41_11502516,1,570,41016902,20260514191034,4106836,20260514195039,4111588,0,01,3,24330,2405,N
20260514,M7731,41016902,20260514,41,11,08,41_1150496,1,570,41016902,20260514131340,4106836,20260514135905,4116126,1,01,2,25350,2725,N
20260514,M7731,41016902,20260514,41,11,08,41_11507139,2,570,41016902,20260514174424,4177448,20260514183317,4111588,0,01,3,22120,2933,N
20260514,M7731,41016902,20260514,41,41,08,41_11511098,2,570,41016902,20260514075127,4177637,20260514080040,4106836,0,01,2,1500,553,N
20260514,M7731,41016902,20260514,41,41,08,41_11511098,2,570,41016902,20260514184432,4106837,20260514185241,4102447,1,01,1,1380,489,N
20260514,M7731,41016902,20260514,41,11,08,41_11511957,2,570,41016902,20260514191642,4177532,20260514194101,4111588,0,01,2,22980,1459,N
20260514,M7731,41016902,20260514,41,11,08,41_11526081,2,570,41016902,20260514214952,4177637,20260514223841,4116126,0,01,4,26850,2929,N
20260514,M7731,41016902,20260514,41,11,08,41_1152768,2,570,41016902,20260514070311,4106836,20260514075801,4111588,0,01,4,24330,3290,N
20260514,M7731,41016902,20260514,41,11,08,41_11551422,1,570,41016902,20260514073519,4106836,20260514080125,4111588,0,01,1,24330,1566,N
20260514,M7731,41016902,20260514,41,11,08,41_11552460,2,570,41016902,20260514174424,4177448,20260514182844,4116130,0,01,3,24380,2660,N
20260514,M7731,41016902,20260514,41,11,08,41_11556189,2,570,41016902,20260514071111,4177532,20260514075151,4116126,0,01,3,24000,2440,N
20260514,M7731,41016902,20260514,41,11,08,41_11564498,2,570,41016902,20260514182925,4177448,20260514185918,4111588,0,01,1,22120,1793,N
20260514,M7731,41016902,20260514,41,11,08,41_11587054,2,570,41016902,20260514191756,4177448,20260514195742,4111588,0,01,3,22120,2386,N
20260514,M7731,41016902,20260514,41,11,08,41_11598910,2,570,41016902,20260514182645,4177448,20260514185951,4116130,0,01,1,24380,1986,N
20260514,M7731,41016902,20260514,41,11,08,41_11617904,1,570,41016902,20260514151628,4106836,20260514154758,4111588,0,01,2,24330,1890,N
20260514,M7731,41016902,20260514,41,11,08,41_11630362,2,570,41016902,20260514080041,4177637,20260514083828,4116126,0,01,2,26850,2267,N
20260514,M7731,41016902,20260514,41,11,08,41_11669403,2,570,41016902,20260514142337,4110935,20260514145825,4116126,0,01,3,29730,2088,N
20260514,M7731,41016902,20260514,41,11,08,41_11690061,2,570,41016902,20260514201909,4177532,20260514205348,4111588,0,01,4,22980,2079,N
20260514,M7731,41016902,20260514,41,11,08,41_11693909,2,570,41016902,20260514055405,4177637,20260514065227,4111588,0,01,1,25830,3502,N
20260514,M7731,41016902,20260514,41,41,08,41_11701902,2,570,41016902,20260514200406,4123056,20260514201115,4110869,3,01,2,4580,429,N
20260514,M7731,41016902,20260514,41,11,08,41_11707311,2,570,41016902,20260514120829,4177448,20260514123733,4111588,0,01,2,22120,1744,N
20260514,M7731,41016902,20260514,41,11,08,41_11707445,2,570,41016902,20260514064953,4106836,20260514072904,4116130,0,01,2,26590,2351,N
20260514,M7731,41016902,20260514,41,11,08,41_11720060,1,570,41016902,20260514204541,4177532,20260514211817,4116126,0,01,4,24000,1956,N
20260514,M7731,41016902,20260514,41,11,08,41_11720071,2,570,41016902,20260514121119,4177448,20260514124131,4111588,0,01,2,22120,1812,N
20260514,M7731,41016902,20260514,41,11,08,41_11722364,2,570,41016902,20260514075319,4177448,20260514084059,4111588,1,01,3,22120,2860,N
20260514,M7731,41016902,20260514,41,11,08,41_11729015,1,570,41016902,20260514162715,4177637,20260514170011,4109162,0,01,4,30880,1976,N
20260514,M7731,41016902,20260514,41,41,08,41_11755330,2,570,41016902,20260514194726,4123056,20260514195445,4102447,3,01,1,3320,439,N
20260514,M7731,41016902,20260514,41,11,08,41_11782332,2,570,41016902,20260514052821,4177448,20260514055406,4111588,0,01,1,22120,1545,N
20260514,M7731,41016902,20260514,41,11,08,41_11788947,2,570,41016902,20260514105239,4106836,20260514111954,4111588,0,01,4,24330,1635,N
20260514,M7731,41016902,20260514,41,11,08,41_11797247,1,570,41016902,20260514070047,4177637,20260514073358,4111588,0,01,3,25830,1991,N
20260514,M7731,41016902,20260514,41,11,08,41_11811223,1,570,41016902,20260514201306,4177448,20260514203959,4111588,0,01,1,22120,1613,N
20260514,M7731,41016902,20260514,41,11,08,41_1183110,2,570,41016902,20260514090301,4107446,20260514094945,4111588,0,01,4,27870,2804,N
20260514,M7731,41016902,20260514,41,11,08,41_11831680,2,570,41016902,20260514090614,4177532,20260514093352,4111588,0,01,1,22980,1658,N
20260514,M7731,41016902,20260514,41,41,08,41_11837585,2,570,41016902,20260514100149,4177637,20260514101451,4177532,1,01,3,2850,782,N
20260514,M7731,41016902,20260514,41,11,08,41_11837652,1,570,41016902,20260514090637,4177532,20260514095741,4116126,0,01,1,24000,3064,N
20260514,M7731,41016902,20260514,41,11,08,41_11842020,2,570,41016902,20260514153728,4106836,20260514162036,4116126,0,01,2,25350,2588,N
20260514,M7731,41016902,20260514,41,11,08,41_11844107,2,570,41016902,20260514090701,4177532,20260514094431,4111588,0,01,4,22980,2250,N
20260514,M7731,41016902,20260514,41,11,08,41_11844315,2,570,41016902,20260514153947,4106836,20260514160854,4111588,0,01,3,24330,1747,N
20260514,M7731,41016902,20260514,41,11,08,41_11849970,1,570,41016902,20260514133049,4177637,20260514141516,4109162,0,01,2,30880,2667,N
20260514,M7731,41016902,20260514,41,11,08,41_11855153,1,570,41016902,20260514171020,4177448,20260514173459,4111588,0,01,2,22120,1479,N
20260514,M7731,41016902,20260514,41,11,08,41_11855153,1,570,41016902,20260514200451,4177448,20260514202247,4111588,0,01,1,22120,1076,N
20260514,M7731,41016902,20260514,41,11,08,41_1189701,2,570,41016902,20260514094941,4177448,20260514103625,4116126,0,01,1,23140,2804,N
20260514,M7731,41016902,20260514,41,11,08,41_1196872,1,570,41016902,20260514111728,4177448,20260514115543,4111588,0,01,1,22120,2295,N
20260514,M7731,41016902,20260514,41,11,08,41_1196872,1,570,41016902,20260514205641,4177448,20260514213425,4111588,0,01,4,22120,2264,N
20260514,M7731,41016902,20260514,41,11,08,41_11992655,2,570,41016902,20260514122648,4106836,20260514130753,4116130,0,01,1,26590,2465,N
20260514,M7731,41016902,20260514,41,11,08,41_11996232,2,570,41016902,20260514065545,4177448,20260514072914,4116126,0,01,2,23140,2009,N
20260514,M7731,41016902,20260514,41,11,08,41_12069049,1,570,41016902,20260514194048,4177532,20260514200717,4111588,0,01,2,22980,1589,N
20260514,M7731,41016902,20260514,41,11,08,41_12069222,2,570,41016902,20260514061519,4177637,20260514065733,4111588,0,01,1,25830,2534,N
20260514,M7731,41016902,20260514,41,11,08,41_12079112,2,570,41016902,20260514190538,4177532,20260514194013,4116126,0,01,2,24000,2075,N
20260514,M7731,41016902,20260514,41,11,08,41_12085635,2,570,41016902,20260514085129,4106836,20260514092212,4111588,0,01,1,24330,1843,N
20260514,M7731,41016902,20260514,41,11,08,41_1211948,1,570,41016902,20260514121801,4177637,20260514130058,4111588,0,01,4,25830,2577,N
20260514,M7731,41016902,20260514,41,11,08,41_12120184,1,570,41016902,20260514173408,4177448,20260514175620,4111588,0,01,3,22120,1332,N
20260514,M7731,41016902,20260514,41,11,08,41_12145236,2,570,41016902,20260514173408,4177448,20260514175907,4111588,0,01,1,22120,1499,N
20260514,M7731,41016902,20260514,41,11,08,41_12170406,2,570,41016902,20260514181350,4106836,20260514184827,4116126,0,01,2,25350,2077,N
20260514,M7731,41016902,20260514,41,11,08,41_12246169,1,570,41016902,20260514074035,4106836,20260514085102,4111588,0,01,3,24330,4227,N
20260514,M7731,41016902,20260514,41,11,08,41_12257077,1,570,41016902,20260514181505,4106836,20260514185218,4116126,0,01,1,25350,2233,N
20260514,M7731,41016902,20260514,41,11,08,41_12275193,2,570,41016902,20260514142655,4177448,20260514145040,4116126,0,01,1,23140,1425,N
20260514,M7731,41016902,20260514,41,41,08,41_12289637,2,570,41016902,20260514121739,4110868,20260514122731,4177448,0,01,4,4860,592,N
20260514,M7731,41016902,20260514,41,11,08,41_12298795,1,570,41016902,20260514212852,4177448,20260514215610,4111588,0,01,3,22120,1638,N
20260514,M7731,41016902,20260514,41,11,08,41_12342280,1,570,41016902,20260514222059,4177532,20260514225618,4116130,0,01,2,25240,2119,N
20260514,M7731,41016902,20260514,41,41,08,41_1234703,1,570,41016902,20260514235947,4123056,20260515000737,4102447,3,01,3,3320,470,N
20260514,M7731,41016902,20260514,41,11,08,41_12349756,2,570,41016902,20260514181830,4177532,20260514184644,4111588,0,01,3,22980,1694,N
20260514,M7731,41016902,20260514,41,11,08,41_12356761,2,570,41016902,20260514185059,4177448,20260514191413,4111588,0,01,3,22120,1394,N
20260514,M7731,41016902,20260514,41,41,08,41_12363325,2,570,41016902,20260514224349,4123056,20260514225033,4102447,2,01,1,3320,404,N
20260514,M7731,41016902,20260514,41,11,08,41_12374491,2,570,41016902,20260514194210,4106836,20260514201226,4111588,1,01,2,24330,1816,N
20260514,M7731,41016902,20260514,41,11,08,41_12381372,1,570,41016902,20260514225507,4177448,20260514232412,4116126,0,01,4,23140,1745,N
20260514,M7731,41016902,20260514,41,11,08,41_12386167,2,570,41016902,20260514191419,4177448,20260514193752,4111588,0,01,2,22120,1413,N
20260514,M7731,41016902,20260514,41,11,08,41_12401504,1,570,41016902,20260514170922,4106836,20260514173333,4111588,0,01,3,24330,1451,N
20260514,M7731,41016902,20260514,41,11,08,41_12407457,2,570,41016902,20260514074047,4110935,20260514085658,4111588,0,01,1,28710,4571,N
20260514,M7731,41016902,20260514,41,11,08,41_12407457,2,570,41016902,20260514220020,4110935,20260514225026,4111588,0,01,1,28710,3006,N
20260514,M7731,41016902,20260514,41,11,08,41_12412484,1,570,41016902,20260514065030,4106836,20260514072525,4111588,1,01,2,24330,2095,N
20260514,M7731,41016902,20260514,41,11,08,41_12416723,2,570,41016902,20260514102701,4110935,20260514111714,4111588,0,01,1,28710,3013,N
20260514,M7731,41016902,20260514,41,11,08,41_12430421,2,570,41016902,20260514181038,4110868,20260514184608,4111588,0,01,4,26980,2130,N
20260514,M7731,41016902,20260514,41,11,08,41_12466811,2,570,41016902,20260514080418,4177448,20260514082858,4111588,0,01,1,22120,1480,N
20260514,M7731,41016902,20260514,41,11,08,41_12489626,1,570,41016902,20260514154516,4177532,20260514163127,4111588,0,01,1,22980,2771,N
20260514,M7731,41016902,20260514,41,11,08,41_12497826,2,570,41016902,20260514172517,4107446,20260514180039,4116130,0,01,2,30130,2122,N
20260514,M7731,41016902,20260514,41,41,08,41_12499141,1,570,41016902,20260514082751,4177637,20260514083420,4177448,0,01,2,3710,389,N
20260514,M7731,41016902,20260514,41,11,08,41_12507100,2,570,41016902,20260514222227,4106836,20260514225751,4111588,0,01,2,24330,2124,N
20260514,M7731,41016902,20260514,41,11,08,41_12507100,2,570,41016902,20260514232322,4106836,20260514235441,4111588,0,01,1,24330,1879,N
20260514,M7731,41016902,20260514,41,11,08,41_12507216,2,570,41016902,20260514121248,4177448,20260514130112,4116126,0,01,3,23140,2904,N
20260514,M7731,41016902,20260514,41,11,08,41_12518509,1,570,41016902,20260514143917,4177532,20260514151445,4111588,0,01,2,22980,2128,N
20260514,M7731,41016902,20260514,41,11,08,41_12524551,2,570,41016902,20260514080032,4177532,20260514084226,4111588,0,01,3,22980,2514,N
20260514,M7731,41016902,20260514,41,11,08,41_12524551,2,570,41016902,20260514182618,4177532,20260514190233,4111588,0,01,1,22980,2175,N
20260514,M7731,41016902,20260514,41,11,08,41_12524926,2,570,41016902,20260514072536,4177637,20260514081604,4111588,0,01,1,25830,3028,N
20260514,M7731,41016902,20260514,41,11,08,41_12541058,2,570,41016902,20260514071100,4177510,20260514073918,4109162,0,01,1,34550,1698,N
20260514,M7731,41016902,20260514,41,11,08,41_12553508,1,570,41016902,20260514080106,4177532,20260514082703,4111588,0,01,4,22980,1557,N
20260514,M7731,41016902,20260514,41,11,08,41_12553881,2,570,41016902,20260514161020,4106836,20260514165554,4116126,0,01,1,25350,2734,N
20260514,M7731,41016902,20260514,41,11,08,41_12553881,2,570,41016902,20260514190959,4106836,20260514195315,4116126,0,01,1,25350,2596,N
20260514,M7731,41016902,20260514,41,11,08,41_12553881,2,570,41016902,20260514231327,4106836,20260515002615,4116126,0,01,4,25350,4368,N
20260514,M7731,41016902,20260514,41,11,08,41_12556426,2,570,41016902,20260514111125,4106836,20260514115617,4111588,0,01,2,24330,2692,N
20260514,M7731,41016902,20260514,41,11,08,41_12556667,1,570,41016902,20260514143917,4177532,20260514153503,4111588,0,01,3,22980,3346,N
20260514,M7731,41016902,20260514,41,11,08,41_12565707,2,570,41016902,20260514102829,4177448,20260514111132,4116126,0,01,2,23140,2583,N
20260514,M7731,41016902,20260514,41,11,08,41_12574055,1,570,41016902,20260514182618,4177532,20260514185405,4116126,0,01,1,24000,1667,N
20260514,M7731,41016902,20260514,41,11,08,41_12576417,2,570,41016902,20260514090050,4107446,20260514093127,4111588,0,01,4,27870,1837,N
20260514,M7731,41016902,20260514,41,11,08,41_12576417,2,570,41016902,20260514110543,4107446,20260514113308,4111588,0,01,4,27870,1645,N
20260514,M7731,41016902,20260514,41,11,08,41_1258199,2,570,41016902,20260514135537,4106836,20260514143223,4111588,0,01,4,24330,2206,N
20260514,M7731,41016902,20260514,41,11,08,41_12626360,1,570,41016902,20260514051920,4177637,20260514054957,4111588,0,01,1,25830,1837,N
20260514,M7731,41016902,20260514,41,11,08,41_12629573,2,570,41016902,20260514125134,4106836,20260514133034,4111588,1,01,4,24330,2340,N
20260514,M7731,41016902,20260514,41,11,08,41_12644634,2,570,41016902,20260514161311,4177532,20260514165009,4111588,0,01,4,22980,2218,N
20260514,M7731,41016902,20260514,41,41,08,41_12661349,2,570,41016902,20260514080940,4177637,20260514081346,4106836,0,01,3,1500,246,N
20260514,M7731,41016902,20260514,41,41,08,41_12661349,2,570,41016902,20260514134615,4106837,20260514135702,4102447,1,01,2,1380,647,N
20260514,M7731,41016902,20260514,41,41,08,41_12661349,2,570,41016902,20260514204046,4106837,20260514205102,4102447,2,01,4,1380,616,N
20260514,M7731,41016902,20260514,41,11,08,41_12676424,2,570,41016902,20260514082108,4177532,20260514091459,4111588,0,01,4,22980,3231,N
20260514,M7731,41016902,20260514,41,11,08,41_12681303,1,570,41016902,20260514083438,4177532,20260514093208,4116126,0,01,1,24000,3450,N
20260514,M7731,41016902,20260514,41,11,08,41_12689067,1,570,41016902,20260514161253,4177532,20260514164632,4111588,0,01,2,22980,2019,N
20260514,M7731,41016902,20260514,41,11,08,41_12702499,2,570,41016902,20260514210542,4177532,20260514213251,4111588,0,01,3,22980,1629,N
20260514,M7731,41016902,20260514,41,11,08,41_1270923,2,570,41016902,20260514115918,4106836,20260514122805,4111588,1,01,2,24330,1727,N
20260514,M7731,41016902,20260514,41,11,08,41_12717598,1,570,41016902,20260514214939,4177448,20260514220625,4116126,0,01,4,23140,1006,N
20260514,M7731,41016902,20260514,41,11,08,41_12725105,2,570,41016902,20260514211802,4177532,20260514215255,4111588,0,01,3,22980,2093,N
20260514,M7731,41016902,20260514,41,11,08,41_12725147,2,570,41016902,20260514130619,4106836,20260514135608,4116126,0,01,2,25350,2989,N
20260514,M7731,41016902,20260514,41,11,08,41_12727963,2,570,41016902,20260514164844,4106836,20260514170843,4116130,1,01,3,26590,1199,N
20260514,M7731,41016902,20260514,41,11,08,41_12754838,1,570,41016902,20260514113316,4177637,20260514115621,4111598,0,01,1,29120,1385,N
20260514,M7731,41016902,20260514,41,11,08,41_12754866,2,570,41016902,20260514154253,4177532,20260514161135,4111588,0,01,3,22980,1722,N
20260514,M7731,41016902,20260514,41,11,08,41_12770774,2,570,41016902,20260514110214,4106836,20260514113645,4111588,1,01,3,24330,2071,N
20260514,M7731,41016902,20260514,41,11,08,41_12799912,2,570,41016902,20260514163317,4106836,20260514170559,4116126,0,01,4,25350,1962,N
20260514,M7731,41016902,20260514,41,11,08,41_12811726,2,570,41016902,20260514074921,4177448,20260514082308,4111588,0,01,2,22120,2027,N
20260514,M7731,41016902,20260514,41,11,08,41_12826140,1,570,41016902,20260514121108,4177448,20260514124932,4116130,0,01,2,24380,2304,N
20260514,M7731,41016902,20260514,41,11,08,41_12853191,2,570,41016902,20260514152612,4177448,20260514155233,4111588,0,01,2,22120,1581,N
20260514,M7731,41016902,20260514,41,11,08,41_12854514,2,570,41016902,20260514142445,4106836,20260514150828,4116126,1,01,1,25350,2623,N
20260514,M7731,41016902,20260514,41,11,08,41_12854514,2,570,41016902,20260514221427,4106836,20260514225041,4116126,0,01,4,25350,2174,N
20260514,M7731,41016902,20260514,41,11,08,41_1285960,2,570,41016902,20260514150022,4106836,20260514154932,4116126,0,01,3,25350,2950,N
20260514,M7731,41016902,20260514,41,11,08,41_12862806,1,570,41016902,20260514152157,4177532,20260514155857,4116126,0,01,4,24000,2220,N
20260514,M7731,41016902,20260514,41,11,08,41_12867643,2,570,41016902,20260514171346,4106836,20260514180343,4111588,0,01,2,24330,2997,N
20260514,M7731,41016902,20260514,41,11,08,41_12867643,2,570,41016902,20260514221831,4106836,20260514232014,4111588,0,01,3,24330,3703,N
20260514,M7731,41016902,20260514,41,11,08,41_12868897,2,570,41016902,20260514152549,4177448,20260514155414,4111588,0,01,1,22120,1705,N
20260514,M7731,41016902,20260514,41,11,08,41_12872366,1,570,41016902,20260514162627,4106836,20260514170403,4111588,0,01,2,24330,2256,N
20260514,M7731,41016902,20260514,41,11,08,41_12900310,2,570,41016902,20260514110425,4106836,20260514115356,4116126,1,01,2,25350,2971,N
20260514,M7731,41016902,20260514,41,11,08,41_12900310,2,570,41016902,20260515004355,4106836,20260515011205,4116126,0,01,2,25350,1690,N
20260514,M7731,41016902,20260514,41,11,08,41_12923249,2,570,41016902,20260514150102,4177448,20260514152026,4116126,0,01,3,23140,1164,N
20260514,M7731,41016902,20260514,41,11,08,41_12923249,2,570,41016902,20260514182551,4177448,20260514183859,4116126,0,01,4,23140,788,N
20260514,M7731,41016902,20260514,41,41,08,41_12936537,2,570,41016902,20260514230254,4123056,20260514231016,4102447,2,01,4,3320,442,N
20260514,M7731,41016902,20260514,41,11,08,41_12947753,2,570,41016902,20260514144036,4106836,20260514150910,4111588,1,01,4,24330,1714,N
20260514,M7731,41016902,20260514,41,11,08,41_12977020,2,570,41016902,20260514230130,4106836,20260514235648,4116126,0,01,1,25350,3318,N
20260514,M7731,41016902,20260514,41,11,08,41_12980148,2,570,41016902,20260514044919,4177448,20260514051513,4111588,0,01,2,22120,1554,N
20260514,M7731,41016902,20260514,41,11,08,41_12982160,2,570,41016902,20260514110427,4106836,20260514113212,4111588,1,01,3,24330,1665,N
20260514,M7731,41016902,20260514,41,11,08,41_13006341,2,570,41016902,20260514064443,4177637,20260514072720,4111588,0,01,3,25830,2557,N
20260514,M7731,41016902,20260514,41,11,08,41_13018781,1,570,41016902,20260514191909,4177448,20260514195728,4116126,0,01,4,23140,2299,N
20260514,M7731,41016902,20260514,41,11,08,41_13029269,2,570,41016902,20260514181135,4106836,20260514185024,4111588,0,01,2,24330,2329,N
20260514,M7731,41016902,20260514,41,11,08,41_13041312,2,570,41016902,20260514171808,4177637,20260514180204,4111588,0,01,3,25830,2636,N
20260514,M7731,41016902,20260514,41,11,08,41_13047401,2,570,41016902,20260514153053,4177637,20260514161213,4111588,0,01,2,25830,2480,N
20260514,M7731,41016902,20260514,41,11,08,41_13105907,1,570,41016902,20260514082335,4177637,20260514085521,4111588,0,01,4,25830,1906,N
20260514,M7731,41016902,20260514,41,11,08,41_13105907,1,570,41016902,20260514124006,4177637,20260514130639,4111588,0,01,1,25830,1593,N
20260514,M7731,41016902,20260514,41,41,08,41_13115049,2,570,41016902,20260514202709,4123056,20260514203423,4102447,3,01,4,3320,434,N
20260514,M7731,41016902,20260514,41,11,08,41_13116309,1,570,41016902,20260514071106,4106836,20260514073900,4111588,0,01,2,24330,1674,N
20260514,M7731,41016902,20260514,41,11,08,41_13117009,2,570,41016902,20260514123936,4177637,20260514141122,4116126,0,01,4,26850,5506,N
20260514,M7731,41016902,20260514,41,11,08,41_13117009,2,570,41016902,20260514211002,4177637,20260514215612,4116126,0,01,3,26850,2770,N
20260514,M7731,41016902,20260514,41,41,08,41_13129122,2,570,41016902,20260514173319,4102447,20260514174037,4110869,0,01,2,1260,438,N
20260514,M7731,41016902,20260514,41,11,08,41_13131306,2,570,41016902,20260514193754,4106836,20260514200437,4116130,0,01,3,26590,1603,N
20260514,M7731,41016902,20260514,41,11,08,41_13131306,2,570,41016902,20260514224436,4106836,20260514231102,4116130,0,01,4,26590,1586,N
20260514,M7731,41016902,20260514,41,11,08,41_13139802,2,570,41016902,20260514090732,4177637,20260514093313,4116130,0,01,1,28090,1541,N
20260514,M7731,41016902,20260514,41,11,08,41_13144352,1,570,41016902,20260514133036,4177532,20260514135729,4116130,0,01,2,25240,1613,N
20260514,M7731,41016902,20260514,41,11,08,41_13159722,2,570,41016902,20260514194654,4177448,20260514202030,4111588,0,01,4,22120,2016,N
20260514,M7731,41016902,20260514,41,11,08,41_13161146,2,570,41016902,20260514170231,4106836,20260514173023,4116126,0,01,2,25350,1672,N
20260514,M7731,41016902,20260514,41,11,08,41_13161146,2,570,41016902,20260514174635,4106836,20260514181427,4116126,1,01,3,25350,1672,N
20260514,M7731,41016902,20260514,41,11,08,41_1317516,2,570,41016902,20260514073048,4110935,20260514081317,4109162,0,01,3,33760,2549,N
20260514,M7731,41016902,20260514,41,11,08,41_13217682,2,570,41016902,20260514142119,4107446,20260514150432,4111588,0,01,3,27870,2593,N
20260514,M7731,41016902,20260514,41,11,08,41_13217682,2,570,41016902,20260514233534,4107446,20260515001814,4111588,0,01,2,27870,2560,N
20260514,M7731,41016902,20260514,41,11,08,41_13240098,2,570,41016902,20260514103433,4110935,20260514105734,4111588,0,01,1,28710,1381,N
20260514,M7731,41016902,20260514,41,11,08,41_13256710,1,570,41016902,20260514081737,4177510,20260514084736,4116130,0,01,2,31760,1799,N
20260514,M7731,41016902,20260514,41,11,08,41_13264040,2,570,41016902,20260514080312,4177448,20260514085649,4111588,0,01,3,22120,3217,N
20260514,M7731,41016902,20260514,41,11,08,41_13281479,2,570,41016902,20260514130008,4106836,20260514132309,4116126,0,01,2,25350,1381,N
20260514,M7731,41016902,20260514,41,11,08,41_13291924,2,570,41016902,20260514121721,4177448,20260514124945,4111588,0,01,1,22120,1944,N
20260514,M7731,41016902,20260514,41,11,08,41_13335408,2,570,41016902,20260514092106,4177448,20260514095244,4111588,0,01,3,22120,1898,N
20260514,M7731,41016902,20260514,41,11,08,41_1333762,2,570,41016902,20260514063547,4106836,20260514071242,4111588,1,01,4,24330,2215,N
20260514,M7731,41016902,20260514,41,11,08,41_13342677,1,570,41016902,20260514183406,4177532,20260514190319,4111588,0,01,2,22980,1753,N
20260514,M7731,41016902,20260514,41,11,08,41_13356441,2,570,41016902,20260514095607,4106836,20260514103741,4116126,0,01,4,25350,2494,N
20260514,M7731,41016902,20260514,41,11,08,41_13370148,2,570,41016902,20260514151507,4177448,20260514155420,4116130,0,01,4,24380,2353,N
20260514,M7731,41016902,20260514,41,11,08,41_13375144,2,570,41016902,20260514192438,4106836,20260514200324,4116130,0,01,3,26590,2326,N
20260514,M7731,41016902,20260514,41,11,08,41_13404917,1,570,41016902,20260514130311,4177532,20260514135716,4116126,0,01,4,24000,3245,N
20260514,M7731,41016902,20260514,41,11,08,41_13407016,2,570,41016902,20260514165301,4106836,20260514174151,4109162,0,01,2,29380,2930,N
20260514,M7731,41016902,20260514,41,11,08,41_13411461,2,570,41016902,20260514144209,4177532,20260514151350,4111588,0,01,3,22980,1901,N
20260514,M7731,41016902,20260514,41,11,08,41_13418367,2,570,41016902,20260514124232,4106836,20260514132040,4111588,1,01,4,24330,2288,N
20260514,M7731,41016902,20260514,41,11,08,41_13431824,2,570,41016902,20260514100428,4177448,20260514103852,4111588,0,01,1,22120,2064,N
20260514,M7731,41016902,20260514,41,11,08,41_13433474,2,570,41016902,20260514172548,4177448,20260514174739,4111588,0,01,2,22120,1311,N
20260514,M7731,41016902,20260514,41,11,08,41_13471621,1,570,41016902,20260514182528,4106836,20260514185250,4111588,0,01,4,24330,1642,N
20260514,M7731,41016902,20260514,41,41,08,41_13502335,2,570,41016902,20260514072749,4177637,20260514073551,4177448,0,01,1,3710,482,N
20260514,M7731,41016902,20260514,41,41,08,41_13502335,2,570,41016902,20260514135253,4123056,20260514140330,4102447,2,01,1,3320,637,N
20260514,M7731,41016902,20260514,41,11,08,41_13507731,2,570,41016902,20260514205829,4106836,20260514212840,4116126,0,01,3,25350,1811,N
20260514,M7731,41016902,20260514,41,11,08,41_13512234,1,570,41016902,20260514111340,4106836,20260514115925,4116126,0,01,1,25350,2745,N
20260514,M7731,41016902,20260514,41,11,08,41_13518226,2,570,41016902,20260514085337,4177448,20260514091444,4116126,0,01,4,23140,1267,N
20260514,M7731,41016902,20260514,41,11,08,41_13539458,2,570,41016902,20260514205829,4106836,20260514211516,4109162,0,01,3,29380,1007,N
20260514,M7731,41016902,20260514,41,41,08,41_13560775,2,570,41016902,20260515002634,4177533,20260515003515,4102447,0,01,2,2740,521,N
20260514,M7731,41016902,20260514,41,11,08,41_13567323,1,570,41016902,20260514071404,4110935,20260514072643,4111588,0,01,3,28710,759,N
20260514,M7731,41016902,20260514,41,11,08,41_13574814,2,570,41016902,20260514160650,4106836,20260514164208,4111588,0,01,2,24330,2118,N
20260514,M7731,41016902,20260514,41,11,08,41_13575256,1,570,41016902,20260514091050,4177448,20260514094543,4111588,0,01,3,22120,2093,N
20260514,M7731,41016902,20260514,41,11,08,41_1358066,2,570,41016902,20260514193055,4110868,20260514201445,4111588,0,01,1,26980,2630,N
20260514,M7731,41016902,20260514,41,11,08,41_13599175,1,570,41016902,20260514100201,4177448,20260514103027,4111588,0,01,1,22120,1706,N
20260514,M7731,41016902,20260514,41,41,08,41_13634377,1,570,41016902,20260514074043,4110935,20260514081225,4177448,0,01,1,6590,1902,N
20260514,M7731,41016902,20260514,41,41,08,41_13640930,2,570,41016902,20260514134457,4107446,20260514142534,4177448,0,01,2,5750,2437,N
20260514,M7731,41016902,20260514,41,11,08,41_13645700,2,570,41016902,20260514174853,4177532,20260514181838,4111588,0,01,1,22980,1785,N
20260514,M7731,41016902,20260514,41,11,08,41_1366572,1,570,41016902,20260514183954,4106836,20260514192111,4116126,0,01,3,25350,2477,N
20260514,M7731,41016902,20260514,41,41,08,41_136787,2,570,41016902,20260514103242,4107446,20260514103958,4106836,0,01,4,3540,436,N
20260514,M7731,41016902,20260514,41,11,08,41_13684570,2,570,41016902,20260514210515,4177448,20260514213722,4116126,0,01,4,23140,1927,N
20260514,M7731,41016902,20260514,41,11,08,41_13702944,2,570,41016902,20260514072059,4106836,20260514075616,4116126,0,01,1,25350,2117,N
20260514,M7731,41016902,20260514,41,11,08,41_13712036,2,570,41016902,20260514152547,4177532,20260514155700,4111588,0,01,4,22980,1873,N
20260514,M7731,41016902,20260514,41,11,08,41_13724588,1,570,41016902,20260514085029,4106836,20260514092611,4116126,1,01,1,25350,2142,N
20260514,M7731,41016902,20260514,41,11,08,41_13761160,1,570,41016902,20260514065523,4177532,20260514073116,4111588,0,01,1,22980,2153,N
20260514,M7731,41016902,20260514,41,11,08,41_13770783,2,570,41016902,20260514182434,4177448,20260514184843,4111588,0,01,2,22120,1449,N
20260514,M7731,41016902,20260514,41,41,08,41_13782827,2,570,41016902,20260514212343,4123056,20260514213048,4106837,2,01,1,1940,425,N
20260514,M7731,41016902,20260514,41,11,08,41_13790208,2,570,41016902,20260514084527,4177448,20260514092823,4111588,0,01,1,22120,2576,N
20260514,M7731,41016902,20260514,41,11,08,41_13792998,1,570,41016902,20260514082403,4107446,20260514092231,4116130,0,01,1,30130,3508,N
20260514,M7731,41016902,20260514,41,11,08,41_1380408,2,570,41016902,20260514184924,4106836,20260514191859,4111588,0,01,1,24330,1775,N
20260514,M7731,41016902,20260514,41,11,08,41_1380408,2,570,41016902,20260514200858,4106836,20260514205451,4111588,0,01,2,24330,2753,N
20260514,M7731,41016902,20260514,41,11,08,41_13834208,1,570,41016902,20260514080203,4177532,20260514084837,4109162,0,01,3,28030,2794,N
20260514,M7731,41016902,20260514,41,11,08,41_1384449,2,570,41016902,20260514190732,4106836,20260514195143,4116126,1,01,4,25350,2651,N
20260514,M7731,41016902,20260514,41,11,08,41_13858520,2,570,41016902,20260514221111,4177532,20260514223700,4111588,0,01,3,22980,1549,N
20260514,M7731,41016902,20260514,41,11,08,41_13868438,2,570,41016902,20260514160846,4110868,20260514170532,4111588,0,01,4,26980,3406,N
20260514,M7731,41016902,20260514,41,11,08,41_13891896,1,570,41016902,20260514103413,4177532,20260514110018,4111588,0,01,1,22980,1565,N
20260514,M7731,41016902,20260514,41,11,08,41_13894252,2,570,41016902,20260514100815,4177448,20260514103817,4111588,0,01,3,22120,1802,N
20260514,M7731,41016902,20260514,41,11,08,41_13908833,2,570,41016902,20260514155555,4106836,20260514162833,4111588,0,01,2,24330,1958,N
20260514,M7731,41016902,20260514,41,11,08,41_13918898,1,570,41016902,20260514113518,4106836,20260514115841,4111599,1,01,2,28270,1403,N
20260514,M7731,41016902,20260514,41,11,08,41_13922975,2,570,41016902,20260514193541,4177532,20260514200149,4116126,0,01,1,24000,1568,N
20260514,M7731,41016902,20260514,41,11,08,41_13965073,2,570,41016902,20260514071945,4106836,20260514081045,4111588,0,01,1,24330,3060,N
20260514,M7731,41016902,20260514,41,11,08,41_13979616,2,570,41016902,20260514085051,4177448,20260514094348,4116126,0,01,2,23140,3177,N
20260514,M7731,41016902,20260514,41,11,08,41_13979616,2,570,41016902,20260514104052,4177448,20260514112233,4116126,0,01,2,23140,2501,N
20260514,M7731,41016902,20260514,41,11,08,41_13981666,2,570,41016902,20260514134557,4177448,20260514141444,4111588,0,01,2,22120,1727,N
20260514,M7731,41016902,20260514,41,11,08,41_14029298,2,570,41016902,20260514064727,4107446,20260514073005,4111588,0,01,3,27870,2558,N
20260514,M7731,41016902,20260514,41,41,08,41_14041553,2,570,41016902,20260514064506,4107446,20260514065104,4177637,0,01,2,2040,358,N
20260514,M7731,41016902,20260514,41,41,08,41_14041553,2,570,41016902,20260514065315,4107446,20260514065913,4177637,0,01,4,2040,358,N
20260514,M7731,41016902,20260514,41,11,08,41_14043863,2,570,41016902,20260514154344,4177532,20260514162722,4111588,0,01,4,22980,2618,N
20260514,M7731,41016902,20260514,41,11,08,41_14069420,2,570,41016902,20260514092838,4177510,20260514101216,4116126,0,01,4,30520,2618,N
20260514,M7731,41016902,20260514,41,11,08,41_14073962,2,570,41016902,20260514130458,4106836,20260514133529,4111588,0,01,1,24330,1831,N
20260514,M7731,41016902,20260514,41,11,08,41_14078982,1,570,41016902,20260514191454,4177510,20260514200029,4116130,0,01,4,31760,2735,N
20260514,M7731,41016902,20260514,41,11,08,41_14112861,2,570,41016902,20260514205733,4106836,20260514213050,4111588,1,01,1,24330,1997,N
20260514,M7731,41016902,20260514,41,41,08,41_14113888,2,570,41016902,20260514124155,4107447,20260514124909,4177511,0,01,4,1640,434,N
20260514,M7731,41016902,20260514,41,41,08,41_14113888,2,570,41016902,20260514180848,4177510,20260514181534,4107446,0,01,1,1630,406,N
20260514,M7731,41016902,20260514,41,11,08,41_14141199,2,570,41016902,20260514115129,4177532,20260514122344,4111588,0,01,2,22980,1935,N
20260514,M7731,41016902,20260514,41,11,08,41_14144344,1,570,41016902,20260514180849,4177532,20260514185125,4111588,0,01,4,22980,2556,N
20260514,M7731,41016902,20260514,41,11,08,41_14155796,2,570,41016902,20260514125737,4106836,20260514131636,4116126,0,01,3,25350,1139,N
20260514,M7731,41016902,20260514,41,11,08,41_14155796,2,570,41016902,20260514132550,4106836,20260514134526,4116126,0,01,4,25350,1176,N
20260514,M7731,41016902,20260514,41,11,08,41_14168795,2,570,41016902,20260514045833,4177510,20260514052722,4111588,0,01,3,29500,1729,N
20260514,M7731,41016902,20260514,41,11,08,41_14192103,2,570,41016902,20260514105517,4177637,20260514111556,4111598,0,01,1,29120,1239,N
20260514,M7731,41016902,20260514,41,11,08,41_14192399,1,570,41016902,20260514162722,4177532,20260514165555,4111588,0,01,2,22980,1713,N
20260514,M7731,41016902,20260514,41,11,08,41_14192399,1,570,41016902,20260514173017,4177532,20260514175526,4111588,0,01,3,22980,1509,N
20260514,M7731,41016902,20260514,41,11,08,41_14193350,2,570,41016902,20260514115129,4177532,20260514121208,4116126,0,01,4,24000,1239,N
20260514,M7731,41016902,20260514,41,11,08,41_14221746,2,570,41016902,20260514152023,4177448,20260514155922,4111588,0,01,1,22120,2339,N
20260514,M7731,41016902,20260514,41,11,08,41_14228904,2,570,41016902,20260514132631,4106836,20260514140628,4116126,1,01,3,25350,2397,N
20260514,M7731,41016902,20260514,41,11,08,41_14251636,2,570,41016902,20260514075313,4106836,20260514082448,4111588,1,01,4,24330,1895,N
20260514,M7731,41016902,20260514,41,11,08,41_14281806,2,570,41016902,20260514181418,4106836,20260514185005,4111588,0,01,3,24330,2147,N
20260514,M7731,41016902,20260514,41,11,08,41_14291734,2,570,41016902,20260514130912,4177532,20260514133818,4111588,0,01,4,22980,1746,N
20260514,M7731,41016902,20260514,41,11,08,41_14297846,1,570,41016902,20260514152213,4177532,20260514155748,4116126,0,01,3,24000,2135,N
20260514,M7731,41016902,20260514,41,11,08,41_1432294,1,570,41016902,20260514223944,4110868,20260514232941,4111588,0,01,4,26980,2997,N
20260514,M7731,41016902,20260514,41,11,08,41_14324692,2,570,41016902,20260514180513,4177637,20260514182817,4111588,0,01,3,25830,1384,N
20260514,M7731,41016902,20260514,41,11,08,41_14335499,1,570,41016902,20260514164937,4177448,20260514171853,4111598,0,01,4,25410,1756,N
20260514,M7731,41016902,20260514,41,11,08,41_14335499,1,570,41016902,20260514223244,4177448,20260514230423,4111598,0,01,3,25410,1899,N
20260514,M7731,41016902,20260514,41,11,08,41_14341425,1,570,41016902,20260514164802,4106836,20260514173203,4116126,0,01,3,25350,2641,N
20260514,M7731,41016902,20260514,41,11,08,41_14353901,1,570,41016902,20260514135540,4177448,20260514143506,4111588,0,01,1,22120,2366,N
20260514,M7731,41016902,20260514,41,11,08,41_14353901,1,570,41016902,20260514165223,4177448,20260514172139,4111588,0,01,4,22120,1756,N
20260514,M7731,41016902,20260514,41,11,08,41_1437924,2,570,41016902,20260514234830,4106836,20260515002719,4111588,0,01,1,24330,2329,N
20260514,M7731,41016902,20260514,41,11,08,41_14392596,2,570,41016902,20260514135704,4177448,20260514143925,4116126,0,01,4,23140,2541,N
20260514,M7731,41016902,20260514,41,11,08,41_14392596,2,570,41016902,20260514223854,4177448,20260514231154,4116126,0,01,3,23140,1980,N
20260514,M7731,41016902,20260514,41,41,08,41_14397192,1,570,41016902,20260514072440,4177637,20260514073527,4177448,0,01,3,3710,647,N
20260514,M7731,41016902,20260514,41,41,08,41_14397192,1,570,41016902,20260514185753,4123056,20260514190647,4102447,2,01,2,3320,534,N
20260514,M7731,41016902,20260514,41,41,08,41_14398677,2,570,41016902,20260514061007,4177637,20260514062205,4177448,0,01,4,3710,718,N
20260514,M7731,41016902,20260514,41,41,08,41_14398677,2,570,41016902,20260514072304,4177637,20260514073520,4177448,0,01,2,3710,736,N
20260514,M7731,41016902,20260514,41,11,08,41_14416779,2,570,41016902,20260514175735,4177510,20260514183026,4116126,0,01,1,30520,1971,N
20260514,M7731,41016902,20260514,41,11,08,41_1442008,2,570,41016902,20260514170703,4177448,20260514173320,4111588,0,01,1,22120,1577,N
20260514,M7731,41016902,20260514,41,11,08,41_14426182,2,570,41016902,20260514155110,4106836,20260514161845,4116126,0,01,4,25350,1655,N
20260514,M7731,41016902,20260514,41,11,08,41_14427006,2,570,41016902,20260514061529,4177637,20260514070144,4111588,0,01,1,25830,2775,N
20260514,M7731,41016902,20260514,41,11,08,41_14427816,2,570,41016902,20260514074954,4177532,20260514082438,4116130,1,01,3,25240,2084,N
20260514,M7731,41016902,20260514,41,11,08,41_14429380,2,570,41016902,20260514121621,4106836,20260514125033,4111588,0,01,3,24330,2052,N
20260514,M7731,41016902,20260514,41,11,08,41_14442734,2,570,41016902,20260514112517,4110868,20260514115326,4111599,0,01,1,30920,1689,N
20260514,M7731,41016902,20260514,41,11,08,41_1445569,2,570,41016902,20260514063229,4106836,20260514070531,4111588,1,01,3,24330,1982,N
20260514,M7731,41016902,20260514,41,11,08,41_14495515,2,570,41016902,20260514072318,4177448,20260514075752,4116126,0,01,1,23140,2074,N
20260514,M7731,41016902,20260514,41,11,08,41_14507451,1,570,41016902,20260514163409,4106836,20260514170812,4111588,0,01,3,24330,2043,N
20260514,M7731,41016902,20260514,41,11,08,41_14517224,2,570,41016902,20260514123910,4177532,20260514132033,4111588,0,01,4,22980,2483,N
20260514,M7731,41016902,20260514,41,11,08,41_14517224,2,570,41016902,20260514132522,4177532,20260514135053,4111588,0,01,4,22980,1531,N
20260514,M7731,41016902,20260514,41,41,08,41_1452236,2,570,41016902,20260514170345,4110935,20260514175026,4177448,0,01,2,6590,2801,N
20260514,M7731,41016902,20260514,41,11,08,41_14570607,2,570,41016902,20260514182130,4177532,20260514190253,4111588,0,01,2,22980,2483,N
20260514,M7731,41016902,20260514,41,11,08,41_14581266,2,570,41016902,20260514113022,4106836,20260514120703,4116126,0,01,3,25350,2201,N
20260514,M7731,41016902,20260514,41,11,08,41_14609917,2,570,41016902,20260514095331,4106836,20260514103449,4111588,0,01,4,24330,2478,N
20260514,M7731,41016902,20260514,41,11,08,41_14639717,2,570,41016902,20260514072523,4177448,20260514075210,4116130,0,01,3,24380,1607,N
20260514,M7731,41016902,20260514,41,11,08,41_14640607,1,570,41016902,20260514170906,4106836,20260514174339,4111588,0,01,4,24330,2073,N
20260514,M7731,41016902,20260514,41,11,08,41_14662970,2,570,41016902,20260514132126,4177510,20260514140332,4111588,0,01,1,29500,2526,N
20260514,M7731,41016902,20260514,41,11,08,41_14669260,2,570,41016902,20260514062844,4106836,20260514065937,4111588,0,01,3,24330,1853,N
20260514,M7731,41016902,20260514,41,11,08,41_14679238,1,570,41016902,20260514150027,4177448,20260514154144,4111588,0,01,3,22120,2477,N
20260514,M7731,41016902,20260514,41,11,08,41_14682424,2,570,41016902,20260514092511,4177510,20260514101228,4111588,0,01,1,29500,2837,N
20260514,M7731,41016902,20260514,41,11,08,41_14683942,1,570,41016902,20260514162330,4106836,20260514171020,4111588,0,01,3,24330,2810,N
20260514,M7731,41016902,20260514,41,11,08,41_14696500,1,570,41016902,20260514054835,4106836,20260514062522,4111588,0,01,2,24330,2207,N
20260514,M7731,41016902,20260514,41,11,08,41_14697559,2,570,41016902,20260514192707,4177532,20260514195618,4111588,0,01,1,22980,1751,N
20260514,M7731,41016902,20260514,41,11,08,41_14710895,1,570,41016902,20260514133337,4177448,20260514141232,4111588,0,01,2,22120,2335,N
20260514,M7731,41016902,20260514,41,11,08,41_14711111,2,570,41016902,20260514134408,4106836,20260514141405,4111588,0,01,2,24330,1797,N
20260514,M7731,41016902,20260514,41,11,08,41_14711111,2,570,41016902,20260514160218,4106836,20260514164517,4116126,0,01,2,25350,2579,N
20260514,M7731,41016902,20260514,41,11,08,41_14711111,2,570,41016902,20260514190838,4106836,20260514195424,4111588,0,01,4,24330,2746,N
20260514,M7731,41016902,20260514,41,11,08,41_14711111,2,570,41016902,20260514230336,4106836,20260514233459,4111588,0,01,3,24330,1883,N
20260514,M7731,41016902,20260514,41,11,08,41_14730750,2,570,41016902,20260514102922,4106836,20260514112744,4116126,1,01,2,25350,3502,N
20260514,M7731,41016902,20260514,41,11,08,41_14740429,1,570,41016902,20260514061138,4177448,20260514064152,4111588,1,01,3,22120,1814,N
20260514,M7731,41016902,20260514,41,11,08,41_14747354,1,570,41016902,20260514155037,4177637,20260514161942,4111588,0,01,1,25830,1745,N
20260514,M7731,41016902,20260514,41,11,08,41_14767653,2,570,41016902,20260514070849,4177637,20260514073414,4109162,0,01,1,30880,1525,N
20260514,M7731,41016902,20260514,41,11,08,41_14767653,2,570,41016902,20260514131124,4177637,20260514134148,4109162,0,01,1,30880,1824,N
20260514,M7731,41016902,20260514,41,11,08,41_14794227,2,570,41016902,20260514174700,4177532,20260514181122,4111588,0,01,3,22980,1462,N
20260514,M7731,41016902,20260514,41,11,08,41_14806174,2,570,41016902,20260514110628,4106836,20260514114524,4116126,0,01,2,25350,2336,N
20260514,M7731,41016902,20260514,41,11,08,41_1480736,2,570,41016902,20260514160547,4177532,20260514163404,4111588,0,01,1,22980,1697,N
20260514,M7731,41016902,20260514,41,11,08,41_14856383,1,570,41016902,20260514053443,4106836,20260514061246,4116130,0,01,4,26590,2283,N
20260514,M7731,41016902,20260514,41,11,08,41_14878931,2,570,41016902,20260514134250,4177448,20260514140449,4111588,0,01,2,22120,1319,N
20260514,M7731,41016902,20260514,41,11,08,41_14889911,1,570,41016902,20260514152406,4177510,20260514161652,4111588,0,01,3,29500,3166,N
20260514,M7731,41016902,20260514,41,11,08,41_14896067,1,570,41016902,20260514072153,4177448,20260514075228,4116126,0,01,3,23140,1835,N
20260514,M7731,41016902,20260514,41,11,08,41_149124,2,570,41016902,20260514174600,4177532,20260514181323,4116126,0,01,1,24000,1643,N
20260514,M7731,41016902,20260514,41,11,08,41_14935347,2,570,41016902,20260514090237,4106836,20260514094249,4116126,1,01,4,25350,2412,N
20260514,M7731,41016902,20260514,41,11,08,41_14962570,2,570,41016902,20260514054407,4177510,20260514062946,4111588,0,01,4,29500,2739,N
20260514,M7731,41016902,20260514,41,11,08,41_14970346,2,570,41016902,20260514052833,4177448,20260514061100,4116126,0,01,4,23140,2547,N
20260514,M7731,41016902,20260514,41,11,08,41_14983743,2,570,41016902,20260514160351,4177532,20260514162940,4111588,0,01,4,22980,1549,N
20260514,M7731,41016902,20260514,41,11,08,41_15004127,2,570,41016902,20260514091900,4106836,20260514095859,4116126,0,01,2,25350,2399,N
20260514,M7731,41016902,20260514,41,11,08,41_15016030,2,570,41016902,20260514150703,4177532,20260514153800,4111588,0,01,1,22980,1857,N
20260514,M7731,41016902,20260514,41,11,08,41_15016103,2,570,41016902,20260514181907,4177532,20260514184630,4111588,0,01,1,22980,1643,N
20260514,M7731,41016902,20260514,41,11,08,41_15020458,1,570,41016902,20260514150147,4177532,20260514152742,4111588,0,01,4,22980,1555,N
20260514,M7731,41016902,20260514,41,41,08,41_15025666,2,570,41016902,20260514164024,4123056,20260514171531,4110934,3,01,2,6380,2107,N
20260514,M7731,41016902,20260514,41,11,08,41_15028780,2,570,41016902,20260514200059,4106836,20260514204350,4116126,0,01,4,25350,2571,N
20260514,M7731,41016902,20260514,41,11,08,41_15114311,2,570,41016902,20260514215047,4177532,20260514223730,4116130,0,01,4,25240,2803,N
20260514,M7731,41016902,20260514,41,41,08,41_15121205,2,570,41016902,20260514195039,4123056,20260514195703,4102447,2,01,1,3320,384,N
20260514,M7731,41016902,20260514,41,11,08,41_15136032,2,570,41016902,20260514163111,4106836,20260514170847,4116126,0,01,3,25350,2256,N
20260514,M7731,41016902,20260514,41,11,08,41_15142019,2,570,41016902,20260514213711,4177532,20260514220400,4111588,0,01,3,22980,1609,N
20260514,M7731,41016902,20260514,41,11,08,41_15149052,1,570,41016902,20260514192256,4177637,20260514200304,4116126,0,01,4,26850,2408,N
20260514,M7731,41016902,20260514,41,11,08,41_15155757,2,570,41016902,20260514182140,4106836,20260514185517,4116126,0,01,1,25350,2017,N
20260514,M7731,41016902,20260514,41,11,08,41_15203873,1,570,41016902,20260514143732,4106836,20260514151752,4111588,1,01,1,24330,2420,N
20260514,M7731,41016902,20260514,41,11,08,41_15204864,2,570,41016902,20260514172234,4177637,20260514174444,4111588,0,01,1,25830,1330,N
20260514,M7731,41016902,20260514,41,11,08,41_15248741,1,570,41016902,20260514100225,4106836,20260514102124,4116126,0,01,2,25350,1139,N
20260514,M7731,41016902,20260514,41,11,08,41_15248741,1,570,41016902,20260514172208,4106836,20260514175320,4111588,0,01,4,24330,1872,N
20260514,M7731,41016902,20260514,41,11,08,41_1525560,2,570,41016902,20260515000107,4177532,20260515002902,4111588,0,01,3,22980,1675,N
20260514,M7731,41016902,20260514,41,11,08,41_15275773,2,570,41016902,20260514180400,4177637,20260514182406,4111588,0,01,3,25830,1206,N
20260514,M7731,41016902,20260514,41,11,08,41_15277887,2,570,41016902,20260514085114,4177448,20260514091725,4111588,0,01,1,22120,1571,N
20260514,M7731,41016902,20260514,41,41,08,41_15278224,1,570,41016902,20260514162836,4123056,20260514164343,4107447,0,01,4,5480,907,N
20260514,M7731,41016902,20260514,41,11,08,41_15295283,1,570,41016902,20260514174847,4106836,20260514181057,4116126,0,01,1,25350,1330,N
20260514,M7731,41016902,20260514,41,11,08,41_1530540,2,570,41016902,20260514110030,4110935,20260514112913,4111588,0,01,3,28710,1723,N
20260514,M7731,41016902,20260514,41,11,08,41_15313681,2,570,41016902,20260514183621,4106836,20260514191407,4116126,0,01,2,25350,2266,N
20260514,M7731,41016902,20260514,41,11,08,41_1531544,2,570,41016902,20260514090326,4106836,20260514093552,4111588,0,01,4,24330,1946,N
20260514,M7731,41016902,20260514,41,41,08,41_15329495,2,570,41016902,20260514074432,4106836,20260514075159,4177448,0,01,2,2210,447,N
20260514,M7731,41016902,20260514,41,41,08,41_15329495,2,570,41016902,20260514211710,4106836,20260514212541,4177448,0,01,4,2210,511,N
20260514,M7731,41016902,20260514,41,41,08,41_15353741,2,570,41016902,20260514091737,4177637,20260514092517,4177532,0,01,1,2850,460,N
20260514,M7731,41016902,20260514,41,11,08,41_15359940,1,570,41016902,20260514153721,4177448,20260514161136,4116126,0,01,3,23140,2055,N
20260514,M7731,41016902,20260514,41,11,08,41_1536734,2,570,41016902,20260514180531,4106836,20260514183125,4111588,1,01,1,24330,1554,N
20260514,M7731,41016902,20260514,41,11,08,41_15374690,2,570,41016902,20260514092653,4177637,20260514101128,4116130,0,01,2,28090,2675,N
20260514,M7731,41016902,20260514,41,11,08,41_15397872,2,570,41016902,20260514184604,4106836,20260514192223,4111588,0,01,3,24330,2179,N
20260514,M7731,41016902,20260514,41,11,08,41_15421542,2,570,41016902,20260514191315,4106836,20260514195127,4116126,0,01,1,25350,2292,N
20260514,M7731,41016902,20260514,41,11,08,41_15444421,1,570,41016902,20260514063516,4177448,20260514070905,4111588,0,01,4,22120,2029,N
20260514,M7731,41016902,20260514,41,11,08,41_15454141,2,570,41016902,20260514073657,4110868,20260514081054,4111588,0,01,4,26980,2037,N
20260514,M7731,41016902,20260514,41,11,08,41_15472811,2,570,41016902,20260514170841,4177448,20260514173513,4111588,0,01,1,22120,1592,N
20260514,M7731,41016902,20260514,41,11,08,41_15474336,1,570,41016902,20260514070211,4106836,20260514073345,4111598,0,01,1,27620,1894,N
20260514,M7731,41016902,20260514,41,11,08,41_15474336,1,570,41016902,20260514191843,4106836,20260514195655,4111598,0,01,3,27620,2292,N
20260514,M7731,41016902,20260514,41,11,08,41_15476235,2,570,41016902,20260514092437,4177510,20260514100535,4116126,0,01,3,30520,2458,N
20260514,M7731,41016902,20260514,41,11,08,41_1547773,2,570,41016902,20260514071140,4177510,20260514081405,4111588,0,01,3,29500,3745,N
20260514,M7731,41016902,20260514,41,11,08,41_15486139,2,570,41016902,20260514092412,4177510,20260514100224,4111588,0,01,3,29500,2292,N
20260514,M7731,41016902,20260514,41,11,08,41_15487376,2,570,41016902,20260514054429,4177448,20260514062921,4109162,0,01,3,27170,2692,N
20260514,M7731,41016902,20260514,41,41,08,41_15525504,1,570,41016902,20260514083056,4107446,20260514084213,4106836,0,01,1,3540,677,N
20260514,M7731,41016902,20260514,41,11,08,41_15526064,1,570,41016902,20260514173330,4177448,20260514175222,4111588,0,01,1,22120,1132,N
20260514,M7731,41016902,20260514,41,11,08,41_15527696,2,570,41016902,20260514060600,4177448,20260514062314,4116126,0,01,4,23140,1034,N
20260514,M7731,41016902,20260514,41,11,08,41_15561243,2,570,41016902,20260514060600,4177448,20260514062930,4111588,0,01,2,22120,1410,N
20260514,M7731,41016902,20260514,41,41,08,41_15601286,2,570,41016902,20260514050137,4110935,20260514051616,4177448,0,01,4,6590,879,N
20260514,M7731,41016902,20260514,41,11,08,41_15610097,2,570,41016902,20260514105103,4106836,20260514111600,4116126,0,01,1,25350,1497,N
20260514,M7731,41016902,20260514,41,11,08,41_15612637,1,570,41016902,20260514050503,4177637,20260514053544,4116130,0,01,2,28090,1841,N
20260514,M7731,41016902,20260514,41,11,08,41_15615725,2,570,41016902,20260514152925,4106836,20260514160150,4116126,0,01,3,25350,1945,N
20260514,M7731,41016902,20260514,41,11,08,41_15626813,1,570,41016902,20260514094316,4177510,20260514101822,4111588,0,01,1,29500,2106,N
20260514,M7731,41016902,20260514,41,11,08,41_15632721,2,570,41016902,20260514050503,4177637,20260514054125,4111588,0,01,2,25830,2182,N
20260514,M7731,41016902,20260514,41,11,08,41_15654251,2,570,41016902,20260514164054,4106836,20260514171059,4116126,0,01,2,25350,1805,N
20260514,M7731,41016902,20260514,41,11,08,41_15729114,1,570,41016902,20260514082516,4177532,20260514085649,4111588,0,01,1,22980,1893,N
20260514,M7731,41016902,20260514,41,11,08,41_15729114,1,570,41016902,20260514112406,4177532,20260514115811,4111588,0,01,1,22980,2045,N
20260514,M7731,41016902,20260514,41,41,08,41_15734461,2,570,41016902,20260514231710,4177637,20260514232602,4177448,0,01,3,3710,532,N
20260514,M7731,41016902,20260514,41,11,08,41_15750144,2,570,41016902,20260514101151,4177448,20260514103955,4111588,1,01,2,22120,1684,N
20260514,M7731,41016902,20260514,41,11,08,41_15755055,2,570,41016902,20260514112357,4177532,20260514120004,4116126,0,01,3,24000,2167,N
20260514,M7731,41016902,20260514,41,11,08,41_15756060,2,570,41016902,20260514160549,4106836,20260514164025,4116126,1,01,2,25350,2076,N
20260514,M7731,41016902,20260514,41,11,08,41_15792743,2,570,41016902,20260514141022,4106836,20260514145327,4116126,0,01,4,25350,2585,N
20260514,M7731,41016902,20260514,41,11,08,41_15804740,1,570,41016902,20260514200027,4177448,20260514202344,4111588,0,01,1,22120,1397,N
20260514,M7731,41016902,20260514,41,11,08,41_15808083,1,570,41016902,20260514200354,4177448,20260514203921,4116126,0,01,4,23140,2127,N
20260514,M7731,41016902,20260514,41,11,08,41_15824166,2,570,41016902,20260514082739,4106836,20260514092550,4116126,0,01,4,25350,3491,N
20260514,M7731,41016902,20260514,41,11,08,41_15834744,2,570,41016902,20260514160739,4177532,20260514164109,4111588,0,01,3,22980,2010,N
20260514,M7731,41016902,20260514,41,41,08,41_15856286,2,570,41016902,20260514074100,4110935,20260514083436,4177532,0,01,1,5730,3216,N
20260514,M7731,41016902,20260514,41,11,08,41_15887083,1,570,41016902,20260514200736,4177448,20260514204154,4116126,0,01,2,23140,2058,N
20260514,M7731,41016902,20260514,41,11,08,41_15914344,2,570,41016902,20260514182403,4106836,20260514185733,4116126,0,01,2,25350,2010,N
20260514,M7731,41016902,20260514,41,11,08,41_15920972,2,570,41016902,20260514141614,4177448,20260514144403,4111588,0,01,2,22120,1669,N
20260514,M7731,41016902,20260514,41,11,08,41_15927075,2,570,41016902,20260514171250,4177637,20260514175043,4111588,0,01,2,25830,2273,N
20260514,M7731,41016902,20260514,41,11,08,41_15929182,2,570,41016902,20260514102013,4177510,20260514111732,4111588,0,01,2,29500,3439,N
20260514,M7731,41016902,20260514,41,11,08,41_15939860,2,570,41016902,20260514104148,4106836,20260514111500,4111588,1,01,1,24330,1992,N
20260514,M7731,41016902,20260514,41,11,08,41_15953951,1,570,41016902,20260514105608,4106836,20260514112955,4111588,0,01,4,24330,2027,N
20260514,M7731,41016902,20260514,41,41,08,41_15983618,2,570,41016902,20260514082100,4107446,20260514083631,4177532,0,01,2,4890,931,N
20260514,M7731,41016902,20260514,41,11,08,41_15987265,2,570,41016902,20260514113835,4177448,20260514120624,4111588,0,01,4,22120,1669,N
20260514,M7731,41016902,20260514,41,11,08,41_15997440,1,570,41016902,20260514070327,4177448,20260514080437,4109162,0,01,3,27170,3670,N
20260514,M7731,41016902,20260514,41,41,08,41_16045624,2,570,41016902,20260514082305,4107446,20260514084801,4106836,0,01,1,3540,1496,N
20260514,M7731,41016902,20260514,41,11,08,41_1605548,1,570,41016902,20260514233351,4177448,20260515001822,4111588,0,01,2,22120,2671,N
20260514,M7731,41016902,20260514,41,41,08,41_1609111,2,570,41016902,20260514071547,4177637,20260514071949,4106836,0,01,3,1500,242,N
20260514,M7731,41016902,20260514,41,11,08,41_16111927,2,570,41016902,20260514161949,4106836,20260514164901,4116126,0,01,1,25350,1752,N
20260514,M7731,41016902,20260514,41,11,08,41_16111927,2,570,41016902,20260514165015,4106836,20260514171927,4116126,0,01,4,25350,1752,N
20260514,M7731,41016902,20260514,41,11,08,41_16123120,2,570,41016902,20260514070035,4110935,20260514073051,4111588,0,01,4,28710,1816,N
20260514,M7731,41016902,20260514,41,11,08,41_1614771,2,570,41016902,20260514233108,4177448,20260515000336,4111598,0,01,3,25410,1948,N
20260514,M7731,41016902,20260514,41,11,08,41_16180846,2,570,41016902,20260514140412,4106836,20260514144128,4111588,1,01,2,24330,2236,N
20260514,M7731,41016902,20260514,41,11,08,41_16190094,2,570,41016902,20260514142042,4177532,20260514144802,4111588,0,01,1,22980,1640,N
20260514,M7731,41016902,20260514,41,11,08,41_16200638,2,570,41016902,20260514171520,4106836,20260514175318,4111588,0,01,3,24330,2278,N
20260514,M7731,41016902,20260514,41,11,08,41_16209076,2,570,41016902,20260514115314,4107446,20260514121548,4111588,0,01,3,27870,1354,N
20260514,M7731,41016902,20260514,41,11,08,41_16218526,2,570,41016902,20260514101506,4177448,20260514104344,4111588,0,01,2,22120,1718,N
20260514,M7731,41016902,20260514,41,11,08,41_16249736,1,570,41016902,20260514164720,4177532,20260514171316,4116126,0,01,2,24000,1556,N
20260514,M7731,41016902,20260514,41,11,08,41_16276911,2,570,41016902,20260514180914,4177532,20260514184202,4111588,0,01,2,22980,1968,N
20260514,M7731,41016902,20260514,41,41,08,41_16282597,2,570,41016902,20260514180122,4123056,20260514180739,4106837,2,01,2,1940,377,N
20260514,M7731,41016902,20260514,41,11,08,41_1628969,1,570,41016902,20260514164707,4106836,20260514171527,4116126,0,01,3,25350,1700,N
20260514,M7731,41016902,20260514,41,11,08,41_16315831,1,570,41016902,20260514182545,4177637,20260514191610,4111588,0,01,1,25830,3025,N
20260514,M7731,41016902,20260514,41,11,08,41_16318595,1,570,41016902,20260514162611,4177532,20260514170402,4116126,0,01,2,24000,2271,N
20260514,M7731,41016902,20260514,41,11,08,41_16330887,2,570,41016902,20260514170704,4177448,20260514173110,4111588,0,01,2,22120,1446,N
20260514,M7731,41016902,20260514,41,11,08,41_16337232,2,570,41016902,20260514170704,4177448,20260514174522,4116126,0,01,1,23140,2298,N
20260514,M7731,41016902,20260514,41,41,08,41_16355862,1,570,41016902,20260514082104,4107446,20260514084424,4177532,0,01,3,4890,1400,N
20260514,M7731,41016902,20260514,41,41,08,41_16355862,1,570,41016902,20260514151220,4107446,20260514154016,4177532,0,01,3,4890,1676,N
20260514,M7731,41016902,20260514,41,11,08,41_16357548,2,570,41016902,20260514151220,4107446,20260514155715,4111588,0,01,2,27870,2695,N
20260514,M7731,41016902,20260514,41,11,08,41_16374971,2,570,41016902,20260514100653,4177510,20260514103903,4116126,0,01,2,30520,1930,N
20260514,M7731,41016902,20260514,41,11,08,41_16388971,1,570,41016902,20260514071213,4177637,20260514074817,4111588,0,01,3,25830,2164,N
20260514,M7731,41016902,20260514,41,11,08,41_16388971,1,570,41016902,20260514171922,4177637,20260514180504,4111588,0,01,2,25830,2742,N
20260514,M7731,41016902,20260514,41,11,08,41_16391155,2,570,41016902,20260514171922,4177637,20260514175749,4116126,0,01,3,26850,2307,N
20260514,M7731,41016902,20260514,41,41,08,41_16415633,1,570,41016902,20260514134651,4107446,20260514140648,4106836,0,01,2,3540,1197,N
20260514,M7731,41016902,20260514,41,11,08,41_16425004,2,570,41016902,20260514114151,4110868,20260514120918,4111588,0,01,4,26980,1647,N
20260514,M7731,41016902,20260514,41,11,08,41_16430839,2,570,41016902,20260514095029,4106836,20260514102141,4111588,0,01,1,24330,1872,N
20260514,M7731,41016902,20260514,41,41,08,41_16440111,1,570,41016902,20260514180933,4106837,20260514182918,4107447,0,01,3,3540,1185,N
20260514,M7731,41016902,20260514,41,11,08,41_16468708,2,570,41016902,20260514151817,4106836,20260514154343,4111588,0,01,4,24330,1526,N
20260514,M7731,41016902,20260514,41,11,08,41_16472189,1,570,41016902,20260514173713,4177532,20260514181230,4116126,0,01,1,24000,2117,N
20260514,M7731,41016902,20260514,41,11,08,41_16473194,2,570,41016902,20260514073405,4177510,20260514081508,4116126,0,01,2,30520,2463,N
20260514,M7731,41016902,20260514,41,41,08,41_164823,1,570,41016902,20260514070328,4110935,20260514070920,4177637,0,01,2,2880,352,N
20260514,M7731,41016902,20260514,41,41,08,41_164823,1,570,41016902,20260514073342,4110935,20260514073934,4177637,0,01,2,2880,352,N
20260514,M7731,41016902,20260514,41,41,08,41_164915,2,570,41016902,20260514201853,4123056,20260514202512,4102447,2,01,2,3320,379,N
20260514,M7731,41016902,20260514,41,11,08,41_16524843,2,570,41016902,20260514184429,4106836,20260514192404,4116126,0,01,1,25350,2375,N
20260514,M7731,41016902,20260514,41,11,08,41_16554560,2,570,41016902,20260514221424,4106836,20260514225222,4111588,0,01,1,24330,2278,N
20260514,M7731,41016902,20260514,41,11,08,41_1655904,1,570,41016902,20260514054655,4110935,20260514061809,4111588,0,01,2,28710,1874,N
20260514,M7731,41016902,20260514,41,11,08,41_16586521,2,570,41016902,20260514082048,4177532,20260514084843,4111588,0,01,2,22980,1675,N
20260514,M7731,41016902,20260514,41,11,08,41_16588653,1,570,41016902,20260514094342,4106836,20260514102317,4116126,0,01,1,25350,2375,N
20260514,M7731,41016902,20260514,41,11,08,41_16597808,2,570,41016902,20260514182541,4106836,20260514191324,4116126,0,01,3,25350,2863,N
20260514,M7731,41016902,20260514,41,41,08,41_16606386,2,570,41016902,20260514191236,4123056,20260514192912,4107447,0,01,2,5480,996,N
20260514,M7731,41016902,20260514,41,11,08,41_16606498,2,570,41016902,20260514111509,4106836,20260514114750,4111588,1,01,2,24330,1961,N
20260514,M7731,41016902,20260514,41,11,08,41_16607411,2,570,41016902,20260514153401,4106836,20260514161116,4116126,1,01,1,25350,2235,N
20260514,M7731,41016902,20260514,41,11,08,41_16611322,2,570,41016902,20260514123133,4106836,20260514130614,4111588,0,01,4,24330,2081,N
20260514,M7731,41016902,20260514,41,11,08,41_16639448,2,570,41016902,20260514115511,4177532,20260514122607,4111598,0,01,1,26270,1856,N
20260514,M7731,41016902,20260514,41,11,08,41_16641708,1,570,41016902,20260514183016,4177532,20260514190057,4111588,0,01,3,22980,1841,N
20260514,M7731,41016902,20260514,41,11,08,41_16692374,2,570,41016902,20260514183102,4177448,20260514190206,4111588,0,01,4,22120,1864,N
20260514,M7731,41016902,20260514,41,11,08,41_16694465,2,570,41016902,20260514062226,4106836,20260514065459,4111588,0,01,2,24330,1953,N
20260514,M7731,41016902,20260514,41,41,08,41_16695320,2,570,41016902,20260514083733,4123056,20260514085307,4107447,0,01,2,5480,934,N
20260514,M7731,41016902,20260514,41,11,08,41_16716469,2,570,41016902,20260514230444,4177532,20260514233328,4111588,0,01,3,22980,1724,N
20260514,M7731,41016902,20260514,41,41,08,41_16727917,2,570,41016902,20260514152959,4177637,20260514153605,4177448,0,01,1,3710,366,N
20260514,M7731,41016902,20260514,41,11,08,41_16731693,2,570,41016902,20260514170234,4106836,20260514173758,4111588,0,01,1,24330,2124,N
20260514,M7731,41016902,20260514,41,11,08,41_16752378,2,570,41016902,20260514081259,4107446,20260514083109,4116126,0,01,2,28890,1090,N
20260514,M7731,41016902,20260514,41,41,08,41_16753033,2,570,41016902,20260514050347,4107446,20260514053903,4177532,0,01,1,4890,2116,N
20260514,M7731,41016902,20260514,41,41,08,41_16753033,2,570,41016902,20260514081259,4107446,20260514083103,4177532,0,01,3,4890,1084,N
20260514,M7731,41016902,20260514,41,11,08,41_16814247,2,570,41016902,20260514070040,4110935,20260514082941,4111588,0,01,4,28710,5341,N
20260514,M7731,41016902,20260514,41,11,08,41_16815372,2,570,41016902,20260514184642,4106836,20260514194148,4111588,1,01,1,24330,3306,N
20260514,M7731,41016902,20260514,41,11,08,41_16815625,2,570,41016902,20260514112023,4177510,20260514113951,4116126,0,01,4,30520,1168,N
20260514,M7731,41016902,20260514,41,11,08,41_16842548,2,570,41016902,20260514150647,4177448,20260514152632,4116126,0,01,3,23140,1185,N
20260514,M7731,41016902,20260514,41,11,08,41_16843482,2,570,41016902,20260514075659,4177448,20260514081703,4116126,0,01,3,23140,1204,N
20260514,M7731,41016902,20260514,41,41,08,41_16847112,2,570,41016902,20260514082709,4110935,20260514084219,4106836,0,01,3,4380,910,N
20260514,M7731,41016902,20260514,41,41,08,41_16851597,2,570,41016902,20260514234401,4123056,20260514235640,4107447,2,01,3,5480,759,N
20260514,M7731,41016902,20260514,41,41,08,41_16876603,2,570,41016902,20260514170459,4177637,20260514171344,4177448,0,01,4,3710,525,N
20260514,M7731,41016902,20260514,41,41,08,41_16878397,2,570,41016902,20260514140034,4177533,20260514141535,4107447,0,01,3,4900,901,N
20260514,M7731,41016902,20260514,41,11,08,41_16882775,2,570,41016902,20260514150647,4177448,20260514152632,4116130,0,01,1,24380,1185,N
20260514,M7731,41016902,20260514,41,41,08,41_1695229,2,570,41016902,20260514230958,4123056,20260514233103,4110934,0,01,2,6380,1265,N
20260514,M7731,41016902,20260514,41,11,08,41_16971995,2,570,41016902,20260514064421,4106836,20260514072706,4116126,1,01,4,25350,2565,N
20260514,M7731,41016902,20260514,41,11,08,41_1697526,1,570,41016902,20260514074852,4177637,20260514081847,4111588,0,01,4,25830,1795,N
20260514,M7731,41016902,20260514,41,11,08,41_16982722,2,570,41016902,20260514163141,4106836,20260514170445,4116130,0,01,3,26590,1984,N
20260514,M7731,41016902,20260514,41,11,08,41_16982722,2,570,41016902,20260514224625,4106836,20260514231811,4116130,0,01,2,26590,1906,N
20260514,M7731,41016902,20260514,41,11,08,41_16988375,1,570,41016902,20260514174415,4177448,20260514181735,4111599,0,01,1,26060,2000,N
20260514,M7731,41016902,20260514,41,11,08,41_17035044,2,570,41016902,20260514171821,4177637,20260514175742,4111588,0,01,2,25830,2361,N
20260514,M7731,41016902,20260514,41,41,08,41_17044833,2,570,41016902,20260514181622,4177533,20260514183216,4110869,0,01,3,4000,954,N
20260514,M7731,41016902,20260514,41,11,08,41_17088645,2,570,41016902,20260514064945,4106836,20260514071828,4111588,0,01,1,24330,1723,N
20260514,M7731,41016902,20260514,41,11,08,41_17134587,2,570,41016902,20260514061259,4110868,20260514064839,4111588,0,01,2,26980,2140,N
20260514,M7731,41016902,20260514,41,11,08,41_17144946,2,570,41016902,20260514074609,4177510,20260514084645,4111588,0,01,1,29500,3636,N
20260514,M7731,41016902,20260514,41,11,08,41_17163055,2,570,41016902,20260514063746,4177448,20260514071008,4111588,0,01,1,22120,1942,N
20260514,M7731,41016902,20260514,41,41,08,41_17163886,1,570,41016902,20260514205744,4123056,20260514211851,4107447,2,01,4,5480,1267,N
20260514,M7731,41016902,20260514,41,11,08,41_1717356,1,570,41016902,20260514051111,4177532,20260514053935,4111588,0,01,3,22980,1704,N
20260514,M7731,41016902,20260514,41,11,08,41_17237919,2,570,41016902,20260514132747,4177532,20260514135444,4111588,0,01,2,22980,1617,N
20260514,M7731,41016902,20260514,41,11,08,41_17244820,2,570,41016902,20260514142651,4177532,20260514151537,4116126,0,01,2,24000,2926,N
20260514,M7731,41016902,20260514,41,11,08,41_17245046,2,570,41016902,20260514153427,4177532,20260514162313,4116126,0,01,3,24000,2926,N
20260514,M7731,41016902,20260514,41,11,08,41_17250959,2,570,41016902,20260514070324,4177448,20260514073512,4111588,0,01,3,22120,1908,N
20260514,M7731,41016902,20260514,41,11,08,41_17254204,1,570,41016902,20260514173333,4106836,20260514181345,4116126,0,01,2,25350,2412,N
20260514,M7731,41016902,20260514,41,11,08,41_17256962,2,570,41016902,20260514072010,4106836,20260514080941,4116126,0,01,3,25350,2971,N
20260514,M7731,41016902,20260514,41,41,08,41_17256992,1,570,41016902,20260514080438,4110935,20260514082405,4106836,0,01,3,4380,1167,N
20260514,M7731,41016902,20260514,41,41,08,41_17256992,1,570,41016902,20260514230224,4106837,20260514231538,4110934,1,01,4,4440,794,N
20260514,M7731,41016902,20260514,41,11,08,41_17261647,2,570,41016902,20260514182543,4177532,20260514190530,4116126,0,01,1,24000,2387,N
20260514,M7731,41016902,20260514,41,11,08,41_17265642,1,570,41016902,20260514201103,4177448,20260514203902,4116126,0,01,1,23140,1679,N
20260514,M7731,41016902,20260514,41,11,08,41_17265686,2,570,41016902,20260514163311,4106836,20260514170349,4111588,0,01,3,24330,1838,N
20260514,M7731,41016902,20260514,41,11,08,41_17273079,1,570,41016902,20260514200220,4177448,20260514204235,4116130,0,01,2,24380,2415,N
20260514,M7731,41016902,20260514,41,11,08,41_1727725,2,570,41016902,20260514181249,4106836,20260514185327,4116126,0,01,2,25350,2438,N
20260514,M7731,41016902,20260514,41,41,08,41_17278721,2,570,41016902,20260514220148,4123056,20260514221656,4107447,2,01,3,5480,908,N
20260514,M7731,41016902,20260514,41,11,08,41_17283827,2,570,41016902,20260514221530,4177448,20260514224350,4111588,0,01,3,22120,1700,N
20260514,M7731,41016902,20260514,41,11,08,41_17352127,2,570,41016902,20260514220927,4106836,20260514224349,4111588,0,01,1,24330,2062,N
20260514,M7731,41016902,20260514,41,11,08,41_17357807,2,570,41016902,20260514105532,4177637,20260514113429,4116126,0,01,2,26850,2337,N
20260514,M7731,41016902,20260514,41,11,08,41_17384551,1,570,41016902,20260514233838,4106836,20260515000353,4111588,1,01,4,24330,1515,N
20260514,M7731,41016902,20260514,41,11,08,41_17390544,2,570,41016902,20260514162810,4177448,20260514170324,4116126,0,01,3,23140,2114,N
20260514,M7731,41016902,20260514,41,11,08,41_17391025,2,570,41016902,20260514092450,4106836,20260514100522,4116126,0,01,3,25350,2432,N
20260514,M7731,41016902,20260514,41,11,08,41_17402273,2,570,41016902,20260514180438,4177532,20260514183752,4111588,0,01,3,22980,1994,N
20260514,M7731,41016902,20260514,41,11,08,41_17410034,1,570,41016902,20260514151457,4177448,20260514155007,4111588,0,01,3,22120,2110,N
20260514,M7731,41016902,20260514,41,11,08,41_17429895,1,570,41016902,20260514104011,4106836,20260514110821,4116126,0,01,1,25350,1690,N
20260514,M7731,41016902,20260514,41,11,08,41_17439490,2,570,41016902,20260514211336,4177448,20260514214400,4111588,0,01,1,22120,1824,N
20260514,M7731,41016902,20260514,41,11,08,41_17456236,1,570,41016902,20260514060201,4177637,20260514064355,4109162,0,01,2,30880,2514,N
20260514,M7731,41016902,20260514,41,11,08,41_17481719,1,570,41016902,20260514221626,4106836,20260514224921,4111588,0,01,1,24330,1975,N
20260514,M7731,41016902,20260514,41,41,08,41_17521328,2,570,41016902,20260514090110,4107446,20260514092217,4177532,0,01,4,4890,1267,N
20260514,M7731,41016902,20260514,41,11,08,41_17564290,1,570,41016902,20260514160507,4106836,20260514163357,4116126,0,01,2,25350,1730,N
20260514,M7731,41016902,20260514,41,41,08,41_17569774,1,570,41016902,20260514065216,4110935,20260514070311,4177637,0,01,4,2880,655,N
20260514,M7731,41016902,20260514,41,41,08,41_17569774,1,570,41016902,20260514182032,4123056,20260514184941,4107447,2,01,4,5480,1749,N
20260514,M7731,41016902,20260514,41,11,08,41_1758461,2,570,41016902,20260514143807,4177532,20260514150410,4111588,0,01,2,22980,1563,N
20260514,M7731,41016902,20260514,41,11,08,41_17597021,1,570,41016902,20260514074041,4177448,20260514082443,4111588,0,01,1,22120,2642,N
20260514,M7731,41016902,20260514,41,11,08,41_1759703,2,570,41016902,20260514073813,4177637,20260514082743,4111588,0,01,2,25830,2970,N
20260514,M7731,41016902,20260514,41,11,08,41_17619737,2,570,41016902,20260514070046,4106836,20260514074812,4111588,0,01,2,24330,2846,N
20260514,M7731,41016902,20260514,41,11,08,41_1763968,1,570,41016902,20260514152608,4177532,20260514155451,4111588,1,01,2,22980,1723,N
20260514,M7731,41016902,20260514,41,11,08,41_1763968,1,570,41016902,20260514204327,4177532,20260514210843,4111588,1,01,4,22980,1516,N
20260514,M7731,41016902,20260514,41,11,08,41_17653340,1,570,41016902,20260514064453,4106836,20260514071649,4111588,1,01,2,24330,1916,N
20260514,M7731,41016902,20260514,41,11,08,41_1765971,1,570,41016902,20260514131403,4177448,20260514134159,4116126,0,01,2,23140,1676,N
20260514,M7731,41016902,20260514,41,11,08,41_17708582,2,570,41016902,20260514100411,4110935,20260514105758,4111588,0,01,2,28710,3227,N
20260514,M7731,41016902,20260514,41,11,08,41_17711362,2,570,41016902,20260514141038,4106836,20260514144019,4111588,0,01,2,24330,1781,N
20260514,M7731,41016902,20260514,41,11,08,41_17714932,2,570,41016902,20260514054101,4106836,20260514061413,4111588,0,01,1,24330,1992,N
20260514,M7731,41016902,20260514,41,11,08,41_17721406,2,570,41016902,20260514054101,4106836,20260514063623,4116130,0,01,2,26590,3322,N
20260514,M7731,41016902,20260514,41,11,08,41_17726134,2,570,41016902,20260514161218,4106836,20260514164923,4116130,0,01,3,26590,2225,N
20260514,M7731,41016902,20260514,41,11,08,41_17726360,2,570,41016902,20260514081904,4177448,20260514083955,4111588,0,01,4,22120,1251,N
20260514,M7731,41016902,20260514,41,11,08,41_17726719,2,570,41016902,20260514182454,4177532,20260514184949,4111588,0,01,4,22980,1495,N
20260514,M7731,41016902,20260514,41,11,08,41_17752946,2,570,41016902,20260514140828,4177448,20260514145402,4116126,0,01,3,23140,2734,N
20260514,M7731,41016902,20260514,41,11,08,41_17760444,2,570,41016902,20260514164728,4177532,20260514172616,4111588,0,01,1,22980,2328,N
20260514,M7731,41016902,20260514,41,11,08,41_17775457,1,570,41016902,20260514191943,4177532,20260514200008,4111588,0,01,1,22980,2425,N
20260514,M7731,41016902,20260514,41,11,08,41_17792141,2,570,41016902,20260514141353,4177448,20260514145014,4111588,0,01,2,22120,2181,N
20260514,M7731,41016902,20260514,41,11,08,41_17792185,2,570,41016902,20260514074039,4177448,20260514082510,4116126,0,01,1,23140,2671,N
20260514,M7731,41016902,20260514,41,11,08,41_17794705,1,570,41016902,20260514111324,4106836,20260514114643,4111588,1,01,4,24330,1999,N
20260514,M7731,41016902,20260514,41,11,08,41_17798183,2,570,41016902,20260514191748,4177448,20260514194107,4111588,0,01,3,22120,1399,N
20260514,M7731,41016902,20260514,41,41,08,41_17799441,1,570,41016902,20260514075430,4107446,20260514081926,4177532,1,01,2,4890,1496,N
20260514,M7731,41016902,20260514,41,11,08,41_17805999,1,570,41016902,20260514075934,4106836,20260514083020,4111588,0,01,4,24330,1846,N
20260514,M7731,41016902,20260514,41,11,08,41_17846076,1,570,41016902,20260514184502,4106836,20260514190641,4109162,1,01,1,29380,1299,N
20260514,M7731,41016902,20260514,41,11,08,41_17846656,2,570,41016902,20260514053033,4106836,20260514055544,4116126,0,01,2,25350,1511,N
20260514,M7731,41016902,20260514,41,11,08,41_17869509,2,570,41016902,20260514115257,4110935,20260514121439,4116126,0,01,4,29730,1302,N
20260514,M7731,41016902,20260514,41,41,08,41_17875206,2,570,41016902,20260515001234,4106837,20260515002337,4110934,1,01,3,4440,663,N
20260514,M7731,41016902,20260514,41,11,08,41_17922200,2,570,41016902,20260514190737,4177448,20260514192921,4111588,0,01,1,22120,1304,N
20260514,M7731,41016902,20260514,41,11,08,41_17937730,2,570,41016902,20260514151710,4177448,20260514154600,4111588,0,01,3,22120,1730,N
20260514,M7731,41016902,20260514,41,11,08,41_17946965,2,570,41016902,20260514121812,4107446,20260514133014,4111588,0,01,3,27870,4322,N
20260514,M7731,41016902,20260514,41,11,08,41_17953719,2,570,41016902,20260514055459,4177448,20260514062114,4111588,0,01,2,22120,1575,N
20260514,M7731,41016902,20260514,41,11,08,41_17981573,2,570,41016902,20260514073545,4107446,20260514081719,4111588,0,01,2,27870,2494,N
20260514,M7731,41016902,20260514,41,11,08,41_18003345,2,570,41016902,20260514123417,4177510,20260514130718,4116130,1,01,2,31760,1981,N
20260514,M7731,41016902,20260514,41,11,08,41_18015587,2,570,41016902,20260514101631,4106836,20260514105143,4111588,1,01,2,24330,2112,N
20260514,M7731,41016902,20260514,41,11,08,41_18015587,2,570,41016902,20260514172716,4177532,20260514180512,4111588,0,01,4,22980,2276,N
20260514,M7731,41016902,20260514,41,11,08,41_18015587,2,570,41016902,20260514195117,4177532,20260514201638,4111588,0,01,4,22980,1521,N
20260514,M7731,41016902,20260514,41,11,08,41_18046595,2,570,41016902,20260514180340,4177532,20260514182846,4111588,0,01,4,22980,1506,N
20260514,M7731,41016902,20260514,41,11,08,41_18046967,2,570,41016902,20260514181045,4177532,20260514184841,4111588,0,01,4,22980,2276,N
20260514,M7731,41016902,20260514,41,11,08,41_18051017,2,570,41016902,20260514061636,4177448,20260514064238,4111588,1,01,1,22120,1562,N
20260514,M7731,41016902,20260514,41,11,08,41_18095525,1,570,41016902,20260514220637,4106836,20260514223838,4111588,0,01,2,24330,1921,N
20260514,M7731,41016902,20260514,41,11,08,41_18106859,2,570,41016902,20260514070110,4177637,20260514075012,4111588,0,01,4,25830,2942,N
20260514,M7731,41016902,20260514,41,11,08,41_18130840,1,570,41016902,20260514133045,4106836,20260514140558,4111588,0,01,2,24330,2113,N
20260514,M7731,41016902,20260514,41,11,08,41_18135081,2,570,41016902,20260514073112,4177532,20260514082608,4111599,1,01,1,26920,3296,N
20260514,M7731,41016902,20260514,41,11,08,41_1813552,2,570,41016902,20260514080732,4177637,20260514084436,4111588,0,01,4,25830,2224,N
20260514,M7731,41016902,20260514,41,11,08,41_18148644,2,570,41016902,20260514200824,4177532,20260514211033,4116126,0,01,3,24000,3729,N
20260514,M7731,41016902,20260514,41,11,08,41_18156992,2,570,41016902,20260514125012,4106836,20260514132945,4116126,1,01,2,25350,2373,N
20260514,M7731,41016902,20260514,41,11,08,41_18162043,1,570,41016902,20260514185103,4177448,20260514193128,4111588,0,01,2,22120,2425,N
20260514,M7731,41016902,20260514,41,41,08,41_18170830,2,570,41016902,20260514094656,4110935,20260514095902,4106836,0,01,1,4380,726,N
20260514,M7731,41016902,20260514,41,11,08,41_18213959,1,570,41016902,20260514164629,4106836,20260514175006,4116130,0,01,3,26590,3817,N
20260514,M7731,41016902,20260514,41,11,08,41_18213959,1,570,41016902,20260514213741,4106836,20260514223534,4116130,0,01,3,26590,3473,N
20260514,M7731,41016902,20260514,41,11,08,41_18220215,2,570,41016902,20260514204516,4177448,20260514210435,4111588,0,01,4,22120,1159,N
20260514,M7731,41016902,20260514,41,11,08,41_18232038,2,570,41016902,20260514181820,4177532,20260514185556,4111588,0,01,3,22980,2256,N
20260514,M7731,41016902,20260514,41,11,08,41_18239238,2,570,41016902,20260514105313,4177510,20260514112519,4111598,0,01,2,32790,1926,N
20260514,M7731,41016902,20260514,41,11,08,41_18267005,1,570,41016902,20260514124229,4106836,20260514132942,4116126,0,01,2,25350,2833,N
20260514,M7731,41016902,20260514,41,11,08,41_18281237,2,570,41016902,20260514195614,4177532,20260514202544,4111588,0,01,1,22980,1770,N
20260514,M7731,41016902,20260514,41,11,08,41_18287876,2,570,41016902,20260514165449,4106836,20260514173349,4116126,0,01,1,25350,2340,N
20260514,M7731,41016902,20260514,41,11,08,41_18313908,2,570,41016902,20260514124210,4177532,20260514131959,4116126,0,01,1,24000,2269,N
20260514,M7731,41016902,20260514,41,11,08,41_18316604,2,570,41016902,20260514150303,4106836,20260514155342,4116130,0,01,3,26590,3039,N
20260514,M7731,41016902,20260514,41,11,08,41_18327288,2,570,41016902,20260514104610,4177510,20260514110847,4116126,0,01,4,30520,1357,N
20260514,M7731,41016902,20260514,41,11,08,41_18350345,2,570,41016902,20260514100220,4177448,20260514104416,4116130,0,01,4,24380,2516,N
20260514,M7731,41016902,20260514,41,11,08,41_18351591,1,570,41016902,20260514081340,4177637,20260514084310,4109162,0,01,2,30880,1770,N
20260514,M7731,41016902,20260514,41,11,08,41_18351940,2,570,41016902,20260514124150,4106836,20260514132015,4116126,0,01,2,25350,2305,N
20260514,M7731,41016902,20260514,41,11,08,41_18351940,2,570,41016902,20260514200438,4106836,20260514205026,4116126,0,01,3,25350,2748,N
20260514,M7731,41016902,20260514,41,11,08,41_183634,2,570,41016902,20260514070328,4110935,20260514075107,4111588,0,01,1,28710,2859,N
20260514,M7731,41016902,20260514,41,41,08,41_18378094,2,570,41016902,20260514074340,4106836,20260514074934,4177532,1,01,1,1350,354,N
20260514,M7731,41016902,20260514,41,11,08,41_18381889,2,570,41016902,20260514100122,4177448,20260514102345,4116126,0,01,1,23140,1343,N
20260514,M7731,41016902,20260514,41,11,08,41_18384672,2,570,41016902,20260514081710,4106836,20260514090032,4116126,0,01,4,25350,2602,N
20260514,M7731,41016902,20260514,41,11,08,41_18395685,2,570,41016902,20260514130349,4177532,20260514134218,4116126,0,01,2,24000,2309,N
20260514,M7731,41016902,20260514,41,11,08,41_18406366,2,570,41016902,20260514130342,4106836,20260514135401,4111599,1,01,3,28270,3019,N
20260514,M7731,41016902,20260514,41,11,08,41_18446295,1,570,41016902,20260514182949,4177448,20260514190729,4116126,0,01,2,23140,2260,N
20260514,M7731,41016902,20260514,41,11,08,41_18469721,2,570,41016902,20260514081827,4107446,20260514084849,4111588,0,01,4,27870,1822,N
20260514,M7731,41016902,20260514,41,11,08,41_18470403,2,570,41016902,20260514105117,4106836,20260514111822,4111588,1,01,3,24330,1625,N
20260514,M7731,41016902,20260514,41,11,08,41_18488104,2,570,41016902,20260514164734,4106836,20260514171757,4111588,0,01,4,24330,1823,N
20260514,M7731,41016902,20260514,41,11,08,41_18506293,2,570,41016902,20260514150258,4106836,20260514154004,4111588,0,01,3,24330,2226,N
20260514,M7731,41016902,20260514,41,11,08,41_18506293,2,570,41016902,20260514162900,4106836,20260514171037,4111588,0,01,3,24330,2497,N
20260514,M7731,41016902,20260514,41,11,08,41_18520446,2,570,41016902,20260514062702,4177637,20260514065845,4111588,0,01,4,25830,1903,N
20260514,M7731,41016902,20260514,41,11,08,41_18528459,2,570,41016902,20260514110331,4177532,20260514115500,4116126,0,01,3,24000,3089,N
20260514,M7731,41016902,20260514,41,11,08,41_18553247,1,570,41016902,20260514123653,4110935,20260514135010,4111588,0,01,2,28710,4397,N
20260514,M7731,41016902,20260514,41,41,08,41_18581929,2,570,41016902,20260514211041,4123056,20260514213337,4110934,3,01,3,6380,1376,N
20260514,M7731,41016902,20260514,41,11,08,41_18601057,1,570,41016902,20260514101930,4106836,20260514105649,4111588,1,01,3,24330,2239,N
20260514,M7731,41016902,20260514,41,11,08,41_1860118,2,570,41016902,20260514231429,4107446,20260514235432,4111588,0,01,4,27870,2403,N
20260514,M7731,41016902,20260514,41,11,08,41_18608498,2,570,41016902,20260514091502,4177448,20260514094053,4111588,0,01,1,22120,1551,N
20260514,M7731,41016902,20260514,41,11,08,41_18613681,2,570,41016902,20260514094307,4106836,20260514102107,4111588,0,01,4,24330,2280,N
20260514,M7731,41016902,20260514,41,41,08,41_18614305,2,570,41016902,20260515010133,4123056,20260515010731,4107447,1,01,3,5480,358,N
20260514,M7731,41016902,20260514,41,11,08,41_18638777,2,570,41016902,20260514185039,4177637,20260514192018,4111588,0,01,3,25830,1779,N
20260514,M7731,41016902,20260514,41,11,08,41_18648668,2,570,41016902,20260514185031,4177637,20260514192017,4116126,0,01,4,26850,1786,N
20260514,M7731,41016902,20260514,41,11,08,41_18674249,1,570,41016902,20260514174834,4177532,20260514181552,4111588,0,01,2,22980,1638,N
20260514,M7731,41016902,20260514,41,11,08,41_18676560,2,570,41016902,20260514142952,4177532,20260514150732,4111588,0,01,3,22980,2260,N
20260514,M7731,41016902,20260514,41,11,08,41_18680673,2,570,41016902,20260514183307,4106836,20260514190253,4116130,0,01,2,26590,1786,N
20260514,M7731,41016902,20260514,41,11,08,41_18690708,2,570,41016902,20260514170912,4106836,20260514175028,4111588,0,01,3,24330,2476,N
20260514,M7731,41016902,20260514,41,11,08,41_18690708,2,570,41016902,20260514183321,4106836,20260514190856,4111588,0,01,3,24330,2135,N
20260514,M7731,41016902,20260514,41,11,08,41_18690708,2,570,41016902,20260514193233,4106836,20260514200033,4111588,0,01,1,24330,1680,N
20260514,M7731,41016902,20260514,41,11,08,41_18690708,2,570,41016902,20260514214042,4106836,20260514222223,4111588,0,01,2,24330,2501,N
20260514,M7731,41016902,20260514,41,11,08,41_1872635,2,570,41016902,20260514080713,4106836,20260514090226,4111588,0,01,2,24330,3313,N
20260514,M7731,41016902,20260514,41,11,08,41_18741555,1,570,41016902,20260514150605,4177532,20260514154352,4111588,0,01,3,22980,2267,N
20260514,M7731,41016902,20260514,41,11,08,41_18755197,2,570,41016902,20260514073152,4106836,20260514081149,4116126,0,01,4,25350,2397,N
20260514,M7731,41016902,20260514,41,11,08,41_18757314,2,570,41016902,20260514141101,4177448,20260514143410,4111588,0,01,3,22120,1389,N
20260514,M7731,41016902,20260514,41,11,08,41_18760155,2,570,41016902,20260514063549,4106836,20260514072344,4111588,1,01,1,24330,2875,N
20260514,M7731,41016902,20260514,41,11,08,41_18774268,2,570,41016902,20260514124025,4177532,20260514132521,4116126,0,01,2,24000,2696,N
20260514,M7731,41016902,20260514,41,11,08,41_18774268,2,570,41016902,20260514155123,4177532,20260514163735,4116126,0,01,4,24000,2772,N
20260514,M7731,41016902,20260514,41,11,08,41_18774268,2,570,41016902,20260514173849,4177532,20260514182922,4116126,0,01,2,24000,3033,N
20260514,M7731,41016902,20260514,41,11,08,41_18794526,2,570,41016902,20260514200816,4106836,20260514204320,4116126,0,01,4,25350,2104,N
20260514,M7731,41016902,20260514,41,11,08,41_18801328,2,570,41016902,20260514160956,4106836,20260514164106,4111588,0,01,2,24330,1870,N
20260514,M7731,41016902,20260514,41,11,08,41_18815239,1,570,41016902,20260514063453,4177637,20260514070953,4111588,0,01,2,25830,2100,N
20260514,M7731,41016902,20260514,41,41,08,41_18815239,1,570,41016902,20260514191652,4123056,20260514192849,4102447,2,01,4,3320,717,N
20260514,M7731,41016902,20260514,41,11,08,41_18816874,2,570,41016902,20260514151059,4106836,20260514153836,4111588,0,01,4,24330,1657,N
20260514,M7731,41016902,20260514,41,11,08,41_18817679,1,570,41016902,20260514071127,4106836,20260514074028,4111599,1,01,1,28270,1741,N
20260514,M7731,41016902,20260514,41,11,08,41_18825067,2,570,41016902,20260514221519,4177448,20260514224740,4111588,0,01,2,22120,1941,N
20260514,M7731,41016902,20260514,41,11,08,41_18828921,2,570,41016902,20260514171402,4106836,20260514174050,4111588,1,01,4,24330,1608,N
20260514,M7731,41016902,20260514,41,11,08,41_1882978,1,570,41016902,20260514080348,4110935,20260514085442,4111588,0,01,4,28710,3054,N
20260514,M7731,41016902,20260514,41,11,08,41_18845174,2,570,41016902,20260514161603,4177532,20260514163920,4111588,0,01,3,22980,1397,N
20260514,M7731,41016902,20260514,41,11,08,41_18870480,2,570,41016902,20260514162025,4177637,20260514165919,4111588,0,01,2,25830,2334,N
20260514,M7731,41016902,20260514,41,11,08,41_18878423,2,570,41016902,20260514221027,4177510,20260514223459,4111588,0,01,1,29500,1472,N
20260514,M7731,41016902,20260514,41,11,08,41_18895883,2,570,41016902,20260514213019,4106836,20260514222328,4111588,1,01,3,24330,3189,N
20260514,M7731,41016902,20260514,41,11,08,41_18907140,1,570,41016902,20260514062346,4110868,20260514064938,4111588,0,01,3,26980,1552,N
20260514,M7731,41016902,20260514,41,11,08,41_18907140,1,570,41016902,20260514115202,4110868,20260514122841,4111588,0,01,1,26980,2199,N
20260514,M7731,41016902,20260514,41,11,08,41_18907795,1,570,41016902,20260514053233,4177637,20260514060037,4111588,0,01,1,25830,1684,N
20260514,M7731,41016902,20260514,41,11,08,41_18910012,2,570,41016902,20260514091557,4177510,20260514101129,4111588,0,01,4,29500,3332,N
20260514,M7731,41016902,20260514,41,41,08,41_189170,2,570,41016902,20260514063459,4177637,20260514064749,4177448,0,01,4,3710,770,N
20260514,M7731,41016902,20260514,41,11,08,41_18919981,1,570,41016902,20260514150919,4177532,20260514153419,4111588,0,01,2,22980,1500,N
20260514,M7731,41016902,20260514,41,41,08,41_18927759,2,570,41016902,20260514092304,4107446,20260514094219,4177532,0,01,4,4890,1155,N
20260514,M7731,41016902,20260514,41,11,08,41_18929341,2,570,41016902,20260514210751,4177448,20260514213057,4111588,0,01,4,22120,1386,N
20260514,M7731,41016902,20260514,41,11,08,41_18940499,2,570,41016902,20260514201801,4106836,20260514205010,4111588,1,01,2,24330,1929,N
20260514,M7731,41016902,20260514,41,11,08,41_1895217,2,570,41016902,20260514074421,4177637,20260514084238,4111588,0,01,2,25830,3497,N
20260514,M7731,41016902,20260514,41,11,08,41_18954136,1,570,41016902,20260514072044,4106836,20260514075159,4111588,0,01,1,24330,1875,N
20260514,M7731,41016902,20260514,41,11,08,41_1895643,2,570,41016902,20260514184521,4177448,20260514191030,4111588,0,01,3,22120,1509,N
20260514,M7731,41016902,20260514,41,11,08,41_18971088,2,570,41016902,20260514222420,4106836,20260514225948,4111588,0,01,4,24330,2128,N
20260514,M7731,41016902,20260514,41,11,08,41_18982248,2,570,41016902,20260514062434,4110868,20260514065026,4116126,0,01,3,28000,1552,N
20260514,M7731,41016902,20260514,41,11,08,41_18982248,2,570,41016902,20260514115416,4110868,20260514123055,4116126,0,01,4,28000,2199,N
20260514,M7731,41016902,20260514,41,11,08,41_18985940,2,570,41016902,20260514072251,4106836,20260514075949,4111588,0,01,3,24330,2218,N
20260514,M7731,41016902,20260514,41,11,08,41_18988023,2,570,41016902,20260514194314,4177532,20260514200801,4111588,0,01,4,22980,1487,N
20260514,M7731,41016902,20260514,41,11,08,41_18992234,1,570,41016902,20260514065204,4177510,20260514073622,4111588,0,01,4,29500,2658,N
20260514,M7731,41016902,20260514,41,11,08,41_18993621,1,570,41016902,20260514052903,4177637,20260514055707,4111588,0,01,3,25830,1684,N
20260514,M7731,41016902,20260514,41,11,08,41_19009073,1,570,41016902,20260514122832,4110935,20260514124508,4111588,0,01,3,28710,996,N
20260514,M7731,41016902,20260514,41,11,08,41_19012398,2,570,41016902,20260514090610,4177532,20260514094005,4111588,0,01,3,22980,2035,N
20260514,M7731,41016902,20260514,41,11,08,41_19020578,2,570,41016902,20260514162149,4106836,20260514164818,4111588,0,01,4,24330,1589,N
20260514,M7731,41016902,20260514,41,11,08,41_19036014,2,570,41016902,20260514184820,4106836,20260514193640,4111588,0,01,2,24330,2900,N
20260514,M7731,41016902,20260514,41,11,08,41_19036861,2,570,41016902,20260514150251,4106836,20260514154159,4116126,0,01,4,25350,2348,N
20260514,M7731,41016902,20260514,41,11,08,41_19081553,2,570,41016902,20260514181518,4177532,20260514184402,4111588,0,01,2,22980,1724,N
20260514,M7731,41016902,20260514,41,11,08,41_19087996,1,570,41016902,20260514094115,4106836,20260514101855,4111588,1,01,2,24330,2260,N
20260514,M7731,41016902,20260514,41,11,08,41_19097112,2,570,41016902,20260514123211,4106836,20260514125749,4111588,0,01,4,24330,1538,N
20260514,M7731,41016902,20260514,41,11,08,41_19097112,2,570,41016902,20260514172842,4106836,20260514180639,4116130,0,01,4,26590,2277,N
20260514,M7731,41016902,20260514,41,11,08,41_19136621,2,570,41016902,20260514155150,4177448,20260514162338,4116126,0,01,1,23140,1908,N
20260514,M7731,41016902,20260514,41,11,08,41_19149664,2,570,41016902,20260514102955,4177448,20260514110752,4116130,0,01,2,24380,2277,N
20260514,M7731,41016902,20260514,41,11,08,41_19151837,2,570,41016902,20260514152516,4106836,20260514155518,4111588,0,01,2,24330,1802,N
20260514,M7731,41016902,20260514,41,11,08,41_19158722,2,570,41016902,20260514052956,4177637,20260514060610,4111588,0,01,4,25830,2174,N
20260514,M7731,41016902,20260514,41,11,08,41_19183538,2,570,41016902,20260514102903,4177448,20260514110409,4111588,0,01,4,22120,2106,N
20260514,M7731,41016902,20260514,41,11,08,41_192200,2,570,41016902,20260514090948,4177448,20260514093206,4111588,0,01,2,22120,1338,N
20260514,M7731,41016902,20260514,41,11,08,41_19240364,1,570,41016902,20260514063902,4177532,20260514070636,4111588,0,01,1,22980,1654,N
20260514,M7731,41016902,20260514,41,11,08,41_19241506,2,570,41016902,20260514171713,4177448,20260514173749,4111588,0,01,3,22120,1236,N
20260514,M7731,41016902,20260514,41,11,08,41_19241506,2,570,41016902,20260514210635,4177448,20260514213108,4111588,0,01,2,22120,1473,N
20260514,M7731,41016902,20260514,41,11,08,41_19250341,1,570,41016902,20260514111404,4177532,20260514113413,4116126,0,01,2,24000,1209,N
20260514,M7731,41016902,20260514,41,41,08,41_1927562,2,570,41016902,20260514180911,4123056,20260514181847,4107447,0,01,3,5480,576,N
20260514,M7731,41016902,20260514,41,11,08,41_19277574,2,570,41016902,20260514151822,4106836,20260514153849,4116130,0,01,1,26590,1227,N
20260514,M7731,41016902,20260514,41,41,08,41_19281048,2,570,41016902,20260514071903,4110935,20260514073528,4106836,0,01,1,4380,985,N
20260514,M7731,41016902,20260514,41,11,08,41_19306443,2,570,41016902,20260514062715,4177448,20260514072034,4111588,0,01,3,22120,3199,N
20260514,M7731,41016902,20260514,41,41,08,41_19315865,2,570,41016902,20260514234236,4123056,20260514234845,4106837,3,01,1,1940,369,N
20260514,M7731,41016902,20260514,41,11,08,41_19324443,2,570,41016902,20260514073837,4177448,20260514080046,4111588,0,01,3,22120,1329,N
20260514,M7731,41016902,20260514,41,11,08,41_19343611,2,570,41016902,20260514055740,4110935,20260514063222,4111588,0,01,3,28710,2082,N
20260514,M7731,41016902,20260514,41,11,08,41_19346441,2,570,41016902,20260514091605,4177637,20260514095613,4111588,0,01,3,25830,2408,N
20260514,M7731,41016902,20260514,41,11,08,41_19360658,2,570,41016902,20260514182407,4110935,20260514192131,4116126,0,01,3,29730,3444,N
20260514,M7731,41016902,20260514,41,11,08,41_19363817,2,570,41016902,20260514183243,4106836,20260514191301,4116126,0,01,3,25350,2418,N
20260514,M7731,41016902,20260514,41,11,08,41_19363879,1,570,41016902,20260514214958,4177448,20260514223303,4111588,0,01,3,22120,2585,N
20260514,M7731,41016902,20260514,41,11,08,41_19410861,1,570,41016902,20260514204001,4177448,20260514211012,4111588,0,01,2,22120,1811,N
20260514,M7731,41016902,20260514,41,11,08,41_19418130,2,570,41016902,20260514083413,4177510,20260514090533,4116126,0,01,1,30520,1880,N
20260514,M7731,41016902,20260514,41,11,08,41_19442277,2,570,41016902,20260514153918,4106836,20260514161309,4116130,0,01,2,26590,2031,N
20260514,M7731,41016902,20260514,41,11,08,41_19456244,2,570,41016902,20260514075118,4177637,20260514082921,4116126,0,01,1,26850,2283,N
20260514,M7731,41016902,20260514,41,11,08,41_19456244,2,570,41016902,20260514090023,4177637,20260514093030,4116126,0,01,3,26850,1807,N
20260514,M7731,41016902,20260514,41,41,08,41_19476074,1,570,41016902,20260514070902,4177637,20260514071700,4177448,0,01,4,3710,478,N
20260514,M7731,41016902,20260514,41,11,08,41_1948902,2,570,41016902,20260514152457,4106836,20260514155551,4111588,0,01,2,24330,1854,N
20260514,M7731,41016902,20260514,41,11,08,41_19502139,2,570,41016902,20260514155135,4177532,20260514162429,4116126,0,01,1,24000,1974,N
20260514,M7731,41016902,20260514,41,11,08,41_19508467,2,570,41016902,20260514190317,4177637,20260514193551,4116126,0,01,2,26850,1954,N
20260514,M7731,41016902,20260514,41,41,08,41_1951016,2,570,41016902,20260514151036,4123056,20260514151719,4110869,2,01,4,4580,403,N
20260514,M7731,41016902,20260514,41,11,08,41_19511262,2,570,41016902,20260514155129,4177532,20260514163227,4111588,0,01,2,22980,2458,N
20260514,M7731,41016902,20260514,41,11,08,41_1951624,2,570,41016902,20260514073102,4106836,20260514082026,4109162,1,01,1,29380,2964,N
20260514,M7731,41016902,20260514,41,11,08,41_19535897,2,570,41016902,20260514190317,4177637,20260514193551,4111588,0,01,3,25830,1954,N
20260514,M7731,41016902,20260514,41,11,08,41_19598057,2,570,41016902,20260514072022,4177448,20260514080059,4116126,1,01,4,23140,2437,N
20260514,M7731,41016902,20260514,41,11,08,41_19605395,1,570,41016902,20260514171630,4177532,20260514175607,4111588,0,01,4,22980,2377,N
20260514,M7731,41016902,20260514,41,11,08,41_19606131,1,570,41016902,20260514171630,4177532,20260514174932,4116126,0,01,3,24000,1982,N
20260514,M7731,41016902,20260514,41,11,08,41_19613556,2,570,41016902,20260514074024,4106836,20260514081843,4116126,0,01,2,25350,2299,N
20260514,M7731,41016902,20260514,41,11,08,41_19613556,2,570,41016902,20260514093251,4106836,20260514101110,4116126,0,01,4,25350,2299,N
20260514,M7731,41016902,20260514,41,11,08,41_19637592,1,570,41016902,20260514063916,4106836,20260514070942,4111588,0,01,3,24330,1826,N
20260514,M7731,41016902,20260514,41,11,08,41_19644590,2,570,41016902,20260514082445,4106836,20260514085555,4116126,1,01,4,25350,1870,N
20260514,M7731,41016902,20260514,41,11,08,41_19663105,1,570,41016902,20260514075511,4107446,20260514085125,4111588,0,01,3,27870,3374,N
20260514,M7731,41016902,20260514,41,11,08,41_19663315,2,570,41016902,20260514074739,4177637,20260514081801,4111588,0,01,4,25830,1822,N
20260514,M7731,41016902,20260514,41,11,08,41_19665914,2,570,41016902,20260514195520,4110868,20260514203212,4111588,0,01,4,26980,2212,N
20260514,M7731,41016902,20260514,41,11,08,41_1968181,2,570,41016902,20260514132652,4177637,20260514135827,4111598,0,01,1,29120,1895,N
20260514,M7731,41016902,20260514,41,11,08,41_19696798,2,570,41016902,20260514092018,4177637,20260514095122,4111588,0,01,3,25830,1864,N
20260514,M7731,41016902,20260514,41,11,08,41_19705583,2,570,41016902,20260514122619,4107446,20260514125839,4111588,0,01,3,27870,1940,N
20260514,M7731,41016902,20260514,41,11,08,41_1971110,1,570,41016902,20260514172404,4106836,20260514173910,4116126,0,01,2,25350,906,N
20260514,M7731,41016902,20260514,41,11,08,41_19730680,1,570,41016902,20260514162606,4106836,20260514170644,4116126,0,01,2,25350,2438,N
20260514,M7731,41016902,20260514,41,11,08,41_19738999,2,570,41016902,20260514071404,4110935,20260514081712,4111588,0,01,4,28710,3788,N
20260514,M7731,41016902,20260514,41,11,08,41_1974213,2,570,41016902,20260514054412,4177637,20260514061520,4111588,0,01,1,25830,1868,N
20260514,M7731,41016902,20260514,41,41,08,41_1974298,1,570,41016902,20260514075049,4177637,20260514080417,4177448,0,01,4,3710,808,N
20260514,M7731,41016902,20260514,41,41,08,41_1974298,1,570,41016902,20260514185711,4123056,20260514191046,4102447,1,01,3,3320,815,N
20260514,M7731,41016902,20260514,41,11,08,41_19790283,2,570,41016902,20260514180730,4106836,20260514183809,4111588,0,01,2,24330,1839,N
20260514,M7731,41016902,20260514,41,11,08,41_19799403,1,570,41016902,20260514062748,4177637,20260514070342,4109162,0,01,2,30880,2154,N
20260514,M7731,41016902,20260514,41,11,08,41_19809832,1,570,41016902,20260514070104,4177510,20260514074921,4111588,0,01,1,29500,2897,N
20260514,M7731,41016902,20260514,41,11,08,41_19809832,1,570,41016902,20260514092353,4177510,20260514102141,4116126,0,01,4,30520,3468,N
20260514,M7731,41016902,20260514,41,11,08,41_19826103,2,570,41016902,20260514163227,4106836,20260514171232,4116126,1,01,4,25350,2405,N
20260514,M7731,41016902,20260514,41,11,08,41_19828060,2,570,41016902,20260514083229,4177448,20260514091520,4116126,0,01,2,23140,2571,N
20260514,M7731,41016902,20260514,41,11,08,41_19831438,1,570,41016902,20260514081545,4177448,20260514085602,4111588,0,01,2,22120,2417,N
20260514,M7731,41016902,20260514,41,11,08,41_19866591,2,570,41016902,20260514070339,4107446,20260514075156,4111588,0,01,4,27870,2897,N
20260514,M7731,41016902,20260514,41,11,08,41_19898793,2,570,41016902,20260514152106,4106836,20260514161852,4111588,0,01,2,24330,3466,N
20260514,M7731,41016902,20260514,41,11,08,41_19910240,2,570,41016902,20260514211624,4110935,20260514221005,4116126,0,01,3,29730,3221,N
20260514,M7731,41016902,20260514,41,41,08,41_19915345,1,570,41016902,20260514095457,4107446,20260514100705,4106836,1,01,3,3540,728,N
20260514,M7731,41016902,20260514,41,11,08,41_19917780,1,570,41016902,20260514170859,4106836,20260514175904,4111588,0,01,1,24330,3005,N
20260514,M7731,41016902,20260514,41,11,08,41_19918974,2,570,41016902,20260514140723,4106836,20260514144516,4116126,0,01,2,25350,2273,N
20260514,M7731,41016902,20260514,41,11,08,41_19937365,1,570,41016902,20260514134010,4177448,20260514140244,4111588,0,01,4,22120,1354,N
20260514,M7731,41016902,20260514,41,11,08,41_19952987,1,570,41016902,20260514194350,4177532,20260514201752,4111588,0,01,2,22980,2042,N
20260514,M7731,41016902,20260514,41,11,08,41_1996325,1,570,41016902,20260514184157,4106836,20260514185751,4116126,0,01,1,25350,954,N
20260514,M7731,41016902,20260514,41,11,08,41_19976920,1,570,41016902,20260514091925,4177448,20260514094639,4111588,0,01,2,22120,1634,N
20260514,M7731,41016902,20260514,41,11,08,41_20043591,2,570,41016902,20260514171558,4106836,20260514175819,4116126,0,01,2,25350,2541,N
20260514,M7731,41016902,20260514,41,11,08,41_20043764,1,570,41016902,20260514085634,4177448,20260514093554,4109162,0,01,3,27170,2360,N
20260514,M7731,41016902,20260514,41,11,08,41_20043764,1,570,41016902,20260514153403,4177448,20260514161654,4109162,0,01,3,27170,2571,N
20260514,M7731,41016902,20260514,41,11,08,41_20065391,2,570,41016902,20260514132329,4177510,20260514135856,4111588,0,01,3,29500,2127,N
20260514,M7731,41016902,20260514,41,11,08,41_20074405,1,570,41016902,20260514112529,4177448,20260514115257,4111588,0,01,2,22120,1648,N
20260514,M7731,41016902,20260514,41,11,08,41_20089977,1,570,41016902,20260514070621,4110868,20260514073516,4111588,0,01,4,26980,1735,N
20260514,M7731,41016902,20260514,41,11,08,41_20099402,2,570,41016902,20260514121339,4177510,20260514124906,4111588,0,01,2,29500,2127,N
20260514,M7731,41016902,20260514,41,11,08,41_20106077,2,570,41016902,20260514091313,4177448,20260514094143,4116130,0,01,2,24380,1710,N
20260514,M7731,41016902,20260514,41,11,08,41_20115024,2,570,41016902,20260514170916,4106836,20260514175141,4116126,0,01,4,25350,2545,N
20260514,M7731,41016902,20260514,41,11,08,41_20123861,2,570,41016902,20260514121127,4177448,20260514123853,4116126,0,01,1,23140,1646,N
20260514,M7731,41016902,20260514,41,11,08,41_20127689,1,570,41016902,20260514073155,4106836,20260514081739,4111588,0,01,4,24330,2744,N
20260514,M7731,41016902,20260514,41,11,08,41_20147188,2,570,41016902,20260514165141,4177532,20260514172051,4111588,0,01,2,22980,1750,N
20260514,M7731,41016902,20260514,41,11,08,41_20162935,1,570,41016902,20260514153300,4106836,20260514160035,4116130,0,01,3,26590,1655,N
20260514,M7731,41016902,20260514,41,11,08,41_20165101,2,570,41016902,20260514153212,4177448,20260514155501,4111588,0,01,1,22120,1369,N
20260514,M7731,41016902,20260514,41,11,08,41_20169256,2,570,41016902,20260514092026,4177448,20260514094621,4111588,0,01,4,22120,1555,N
20260514,M7731,41016902,20260514,41,11,08,41_20172356,2,570,41016902,20260514082618,4107446,20260514085456,4111588,0,01,3,27870,1718,N
20260514,M7731,41016902,20260514,41,11,08,41_20195078,1,570,41016902,20260514152340,4177448,20260514154437,4111588,1,01,2,22120,1257,N
20260514,M7731,41016902,20260514,41,11,08,41_20197431,1,570,41016902,20260514120138,4106836,20260514123528,4111588,0,01,1,24330,2030,N
20260514,M7731,41016902,20260514,41,11,08,41_20212372,2,570,41016902,20260514174838,4177532,20260514182011,4111588,0,01,2,22980,1893,N
20260514,M7731,41016902,20260514,41,11,08,41_20215057,2,570,41016902,20260514155741,4177448,20260514161622,4116126,0,01,4,23140,1121,N
20260514,M7731,41016902,20260514,41,11,08,41_20242909,1,570,41016902,20260514141501,4106836,20260514143243,4116126,0,01,2,25350,1062,N
20260514,M7731,41016902,20260514,41,11,08,41_20249894,1,570,41016902,20260514064224,4110868,20260514070155,4111588,0,01,1,26980,1171,N
20260514,M7731,41016902,20260514,41,11,08,41_20258585,1,570,41016902,20260514154654,4177448,20260514160553,4116130,0,01,2,24380,1139,N
20260514,M7731,41016902,20260514,41,11,08,41_20280771,2,570,41016902,20260514173031,4177532,20260514175941,4111588,0,01,1,22980,1750,N
20260514,M7731,41016902,20260514,41,11,08,41_20284386,2,570,41016902,20260514073700,4177448,20260514075954,4111588,0,01,1,22120,1374,N
20260514,M7731,41016902,20260514,41,11,08,41_20313518,2,570,41016902,20260514165717,4110935,20260514172127,4111588,0,01,3,28710,1450,N
20260514,M7731,41016902,20260514,41,11,08,41_20317486,2,570,41016902,20260514054624,4177448,20260514061149,4111588,0,01,4,22120,1525,N
20260514,M7731,41016902,20260514,41,11,08,41_20400946,2,570,41016902,20260514152102,4177532,20260514155049,4111588,0,01,1,22980,1787,N
20260514,M7731,41016902,20260514,41,11,08,41_20442567,2,570,41016902,20260514151215,4177532,20260514154249,4111588,0,01,2,22980,1834,N
20260514,M7731,41016902,20260514,41,11,08,41_20446616,2,570,41016902,20260514080537,4177637,20260514085134,4111588,0,01,4,25830,2757,N
20260514,M7731,41016902,20260514,41,11,08,41_20448080,2,570,41016902,20260514073422,4177510,20260514081050,4111588,0,01,4,29500,2188,N
20260514,M7731,41016902,20260514,41,11,08,41_20452212,2,570,41016902,20260514172947,4177637,20260514181534,4111588,0,01,4,25830,2747,N
20260514,M7731,41016902,20260514,41,11,08,41_20469099,1,570,41016902,20260514165617,4106836,20260514173729,4111588,0,01,1,24330,2472,N
20260514,M7731,41016902,20260514,41,11,08,41_20494527,1,570,41016902,20260514093637,4177448,20260514095821,4111588,0,01,3,22120,1304,N
20260514,M7731,41016902,20260514,41,41,08,41_20494691,2,570,41016902,20260514205321,4123056,20260514211527,4110934,3,01,4,6380,1326,N
20260514,M7731,41016902,20260514,41,41,08,41_20500620,2,570,41016902,20260514173307,4177533,20260514182735,4177511,0,01,2,6540,3268,N
20260514,M7731,41016902,20260514,41,11,08,41_20515499,2,570,41016902,20260514102412,4177637,20260514110634,4116130,0,01,4,28090,2542,N
20260514,M7731,41016902,20260514,41,11,08,41_20527454,1,570,41016902,20260514153235,4177532,20260514161321,4116130,0,01,3,25240,2446,N
20260514,M7731,41016902,20260514,41,11,08,41_20527454,1,570,41016902,20260514162555,4177532,20260514170830,4116130,0,01,1,25240,2555,N
20260514,M7731,41016902,20260514,41,11,08,41_20528842,2,570,41016902,20260514143843,4177532,20260514152428,4116126,0,01,4,24000,2745,N
20260514,M7731,41016902,20260514,41,11,08,41_20544145,2,570,41016902,20260514154816,4177532,20260514162903,4111598,0,01,4,26270,2447,N
20260514,M7731,41016902,20260514,41,11,08,41_20544145,2,570,41016902,20260514164804,4177532,20260514173040,4111598,0,01,4,26270,2556,N
20260514,M7731,41016902,20260514,41,11,08,41_20548171,1,570,41016902,20260514175405,4106836,20260514184427,4111588,0,01,4,24330,3022,N
20260514,M7731,41016902,20260514,41,11,08,41_20575312,2,570,41016902,20260514122314,4106836,20260514130107,4116126,0,01,1,25350,2273,N
20260514,M7731,41016902,20260514,41,11,08,41_20577669,2,570,41016902,20260514102412,4177637,20260514110634,4116130,0,01,1,28090,2542,N
20260514,M7731,41016902,20260514,41,11,08,41_20585972,1,570,41016902,20260514221304,4106836,20260514224254,4116126,0,01,2,25350,1790,N
20260514,M7731,41016902,20260514,41,11,08,41_20587324,2,570,41016902,20260514144545,4177532,20260514153130,4116126,0,01,4,24000,2745,N
20260514,M7731,41016902,20260514,41,11,08,41_20611899,2,570,41016902,20260514064738,4110868,20260514072111,4109162,0,01,2,32030,2013,N
20260514,M7731,41016902,20260514,41,11,08,41_20613410,2,570,41016902,20260514091906,4177448,20260514094110,4111588,0,01,2,22120,1324,N
20260514,M7731,41016902,20260514,41,11,08,41_20613410,2,570,41016902,20260514222919,4177448,20260514230343,4116126,0,01,3,23140,2064,N
20260514,M7731,41016902,20260514,41,11,08,41_20630146,2,570,41016902,20260514082611,4106836,20260514085209,4111588,0,01,4,24330,1558,N
20260514,M7731,41016902,20260514,41,11,08,41_20632071,2,570,41016902,20260514092515,4177448,20260514094952,4111588,0,01,4,22120,1477,N
20260514,M7731,41016902,20260514,41,11,08,41_20642653,2,570,41016902,20260514185211,4106836,20260514193803,4111588,0,01,2,24330,2752,N
20260514,M7731,41016902,20260514,41,11,08,41_20646670,2,570,41016902,20260514162425,4106836,20260514165209,4111588,0,01,3,24330,1664,N
20260514,M7731,41016902,20260514,41,11,08,41_20654853,2,570,41016902,20260514170248,4106836,20260514174759,4116130,0,01,1,26590,2711,N
20260514,M7731,41016902,20260514,41,11,08,41_20683530,1,570,41016902,20260514224132,4177448,20260514232037,4111588,0,01,1,22120,2345,N
20260514,M7731,41016902,20260514,41,11,08,41_20698661,2,570,41016902,20260514084323,4110935,20260514092455,4111588,0,01,2,28710,2492,N
20260514,M7731,41016902,20260514,41,11,08,41_2072368,2,570,41016902,20260514200912,4177448,20260514203613,4111588,0,01,1,22120,1621,N
20260514,M7731,41016902,20260514,41,41,08,41_20744150,2,570,41016902,20260514074040,4110935,20260514074402,4177637,0,01,1,2880,202,N
20260514,M7731,41016902,20260514,41,11,08,41_20798672,2,570,41016902,20260514104231,4177510,20260514113752,4111588,0,01,3,29500,3321,N
20260514,M7731,41016902,20260514,41,11,08,41_20799817,2,570,41016902,20260514100657,4106836,20260514104227,4116126,0,01,1,25350,2130,N
20260514,M7731,41016902,20260514,41,11,08,41_20857432,1,570,41016902,20260514122252,4177532,20260514130026,4111588,0,01,1,22980,2254,N
20260514,M7731,41016902,20260514,41,11,08,41_20872238,2,570,41016902,20260514070435,4177532,20260514074314,4111588,1,01,3,22980,2319,N
20260514,M7731,41016902,20260514,41,11,08,41_20882846,2,570,41016902,20260514123122,4177637,20260514131927,4111588,0,01,2,25830,2885,N
20260514,M7731,41016902,20260514,41,11,08,41_20884317,2,570,41016902,20260514200029,4177637,20260514204554,4111588,0,01,4,25830,2725,N
20260514,M7731,41016902,20260514,41,11,08,41_20894022,2,570,41016902,20260514074629,4177448,20260514082044,4116126,0,01,4,23140,2055,N
20260514,M7731,41016902,20260514,41,11,08,41_20895793,2,570,41016902,20260514111143,4106836,20260514114609,4111588,0,01,1,24330,2066,N
20260514,M7731,41016902,20260514,41,11,08,41_20925372,1,570,41016902,20260514073313,4110868,20260514083607,4111588,0,01,4,26980,3774,N
20260514,M7731,41016902,20260514,41,11,08,41_20927423,1,570,41016902,20260514132247,4177532,20260514135338,4111588,0,01,2,22980,1851,N
20260514,M7731,41016902,20260514,41,11,08,41_20931859,2,570,41016902,20260514075659,4177532,20260514085953,4116126,0,01,2,24000,3774,N
20260514,M7731,41016902,20260514,41,11,08,41_20964122,2,570,41016902,20260514191959,4177532,20260514200856,4116126,0,01,4,24000,2937,N
20260514,M7731,41016902,20260514,41,41,08,41_21037069,2,570,41016902,20260514073328,4110935,20260514074609,4106836,0,01,4,4380,761,N
20260514,M7731,41016902,20260514,41,11,08,41_21081898,1,570,41016902,20260514161813,4177637,20260514165749,4111588,0,01,1,25830,2376,N
20260514,M7731,41016902,20260514,41,11,08,41_21083971,2,570,41016902,20260514194033,4106836,20260514201450,4111588,0,01,1,24330,2057,N
20260514,M7731,41016902,20260514,41,41,08,41_21084116,2,570,41016902,20260514210242,4123056,20260514211109,4102447,2,01,4,3320,507,N
20260514,M7731,41016902,20260514,41,11,08,41_21094464,2,570,41016902,20260514120816,4106836,20260514124535,4111588,1,01,4,24330,2239,N
20260514,M7731,41016902,20260514,41,11,08,41_21098491,2,570,41016902,20260514161813,4177637,20260514165735,4116126,0,01,1,26850,2362,N
20260514,M7731,41016902,20260514,41,11,08,41_21104502,2,570,41016902,20260514162536,4106836,20260514171241,4111588,0,01,4,24330,2825,N
20260514,M7731,41016902,20260514,41,11,08,41_2111045,2,570,41016902,20260514072451,4106836,20260514081825,4111588,0,01,3,24330,3214,N
20260514,M7731,41016902,20260514,41,11,08,41_21113167,2,570,41016902,20260514101507,4177448,20260514104135,4116130,0,01,1,24380,1588,N
20260514,M7731,41016902,20260514,41,11,08,41_21118223,2,570,41016902,20260514145321,4177637,20260514151956,4109162,0,01,4,30880,1595,N
20260514,M7731,41016902,20260514,41,11,08,41_21122657,2,570,41016902,20260514062348,4110868,20260514070722,4111588,0,01,3,26980,2614,N
20260514,M7731,41016902,20260514,41,11,08,41_21130088,1,570,41016902,20260514121109,4177532,20260514123942,4116126,0,01,1,24000,1713,N
20260514,M7731,41016902,20260514,41,41,08,41_21132783,2,570,41016902,20260514073822,4177637,20260514074550,4177448,0,01,4,3710,448,N
20260514,M7731,41016902,20260514,41,11,08,41_21145080,2,570,41016902,20260514153554,4106836,20260514163056,4109162,0,01,1,29380,3302,N
20260514,M7731,41016902,20260514,41,41,08,41_21159375,2,570,41016902,20260514065237,4123056,20260514070915,4107447,2,01,2,5480,998,N
20260514,M7731,41016902,20260514,41,11,08,41_21165939,2,570,41016902,20260514114220,4177448,20260514120422,4116126,0,01,1,23140,1322,N
20260514,M7731,41016902,20260514,41,11,08,41_21165939,2,570,41016902,20260514173100,4177448,20260514180121,4116126,0,01,3,23140,1821,N
20260514,M7731,41016902,20260514,41,11,08,41_21166923,1,570,41016902,20260514064017,4177448,20260514065945,4111588,1,01,4,22120,1168,N
20260514,M7731,41016902,20260514,41,11,08,41_21219770,1,570,41016902,20260514170141,4177637,20260514175104,4111588,0,01,3,25830,2963,N
20260514,M7731,41016902,20260514,41,11,08,41_21220593,2,570,41016902,20260514085105,4177448,20260514094054,4116130,0,01,3,24380,2989,N
20260514,M7731,41016902,20260514,41,11,08,41_21220593,2,570,41016902,20260514175519,4177448,20260514182144,4111588,0,01,4,22120,1585,N
20260514,M7731,41016902,20260514,41,11,08,41_21223677,2,570,41016902,20260514085105,4177448,20260514092808,4116126,0,01,3,23140,2223,N
20260514,M7731,41016902,20260514,41,41,08,41_21229468,2,570,41016902,20260514225941,4110868,20260514230725,4177637,1,01,2,1150,464,N
20260514,M7731,41016902,20260514,41,11,08,41_21257157,2,570,41016902,20260514143838,4177448,20260514152807,4111588,0,01,3,22120,2969,N
20260514,M7731,41016902,20260514,41,11,08,41_21257697,1,570,41016902,20260514073557,4177532,20260514080143,4111588,0,01,4,22980,1546,N
20260514,M7731,41016902,20260514,41,11,08,41_21257843,1,570,41016902,20260514131544,4177532,20260514135313,4116130,0,01,4,25240,2249,N
20260514,M7731,41016902,20260514,41,11,08,41_21257843,1,570,41016902,20260514150248,4177532,20260514154105,4116130,0,01,2,25240,2297,N
20260514,M7731,41016902,20260514,41,11,08,41_21262488,2,570,41016902,20260514151446,4177532,20260514155602,4116126,0,01,2,24000,2476,N
20260514,M7731,41016902,20260514,41,11,08,41_21263688,2,570,41016902,20260514192803,4107446,20260514200952,4111588,0,01,3,27870,2509,N
20260514,M7731,41016902,20260514,41,11,08,41_21279185,2,570,41016902,20260514131052,4106836,20260514135230,4111588,0,01,4,24330,2498,N
20260514,M7731,41016902,20260514,41,11,08,41_21282273,2,570,41016902,20260514074318,4177448,20260514081804,4116126,0,01,1,23140,2086,N
20260514,M7731,41016902,20260514,41,11,08,41_21293988,2,570,41016902,20260514091852,4106836,20260514100509,4111598,0,01,3,27620,2777,N
20260514,M7731,41016902,20260514,41,41,08,41_21304579,2,570,41016902,20260514180512,4123056,20260514182750,4110934,2,01,3,6380,1358,N
20260514,M7731,41016902,20260514,41,11,08,41_21324366,2,570,41016902,20260514142342,4177532,20260514144440,4116126,0,01,1,24000,1258,N
20260514,M7731,41016902,20260514,41,11,08,41_21353784,2,570,41016902,20260514053051,4177448,20260514054719,4116126,0,01,1,23140,988,N
20260514,M7731,41016902,20260514,41,11,08,41_21353784,2,570,41016902,20260514124012,4177448,20260514125951,4116126,0,01,1,23140,1179,N
20260514,M7731,41016902,20260514,41,11,08,41_21368629,2,570,41016902,20260514222024,4106836,20260514223719,4116130,1,01,4,26590,1015,N
20260514,M7731,41016902,20260514,41,11,08,41_21393085,2,570,41016902,20260514124932,4106836,20260514133141,4111588,1,01,1,24330,2529,N
20260514,M7731,41016902,20260514,41,11,08,41_21396629,1,570,41016902,20260514114914,4177448,20260514120853,4116126,0,01,4,23140,1179,N
20260514,M7731,41016902,20260514,41,11,08,41_2142137,1,570,41016902,20260514214339,4106836,20260514220911,4111588,0,01,1,24330,1532,N
20260514,M7731,41016902,20260514,41,41,08,41_21430159,1,570,41016902,20260514140000,4106836,20260514141144,4177532,0,01,2,1350,704,N
20260514,M7731,41016902,20260514,41,41,08,41_21430159,1,570,41016902,20260514181658,4106836,20260514183050,4177532,0,01,3,1350,832,N
20260514,M7731,41016902,20260514,41,11,08,41_21438941,2,570,41016902,20260514184512,4177448,20260514190636,4111588,0,01,3,22120,1284,N
20260514,M7731,41016902,20260514,41,41,08,41_21449755,2,570,41016902,20260514145345,4106836,20260514150529,4177532,1,01,1,1350,704,N
20260514,M7731,41016902,20260514,41,11,08,41_214573,1,570,41016902,20260514071111,4177510,20260514082537,4111588,0,01,2,29500,4466,N
20260514,M7731,41016902,20260514,41,11,08,41_21471757,2,570,41016902,20260514081255,4177532,20260514084744,4111588,0,01,2,22980,2089,N
20260514,M7731,41016902,20260514,41,11,08,41_21487184,2,570,41016902,20260514201346,4177448,20260514204123,4111588,0,01,1,22120,1657,N
20260514,M7731,41016902,20260514,41,11,08,41_21507152,1,570,41016902,20260514205115,4177532,20260514211701,4111588,0,01,4,22980,1546,N
20260514,M7731,41016902,20260514,41,41,08,41_21510829,2,570,41016902,20260514200547,4123056,20260514201444,4102447,2,01,1,3320,537,N
20260514,M7731,41016902,20260514,41,41,08,41_2154782,2,570,41016902,20260514130346,4177637,20260514131300,4177448,0,01,2,3710,554,N
20260514,M7731,41016902,20260514,41,11,08,41_2155339,2,570,41016902,20260514182543,4177448,20260514190758,4116126,1,01,3,23140,2535,N
20260514,M7731,41016902,20260514,41,11,08,41_21564014,2,570,41016902,20260514164859,4110935,20260514173551,4111588,0,01,4,28710,2812,N
20260514,M7731,41016902,20260514,41,11,08,41_21568095,1,570,41016902,20260514080727,4177637,20260514084946,4116126,0,01,3,26850,2539,N
20260514,M7731,41016902,20260514,41,11,08,41_21578314,2,570,41016902,20260514192710,4177532,20260514195640,4111588,0,01,2,22980,1770,N
20260514,M7731,41016902,20260514,41,11,08,41_21584397,2,570,41016902,20260514171925,4106836,20260514180421,4111588,0,01,2,24330,2696,N
20260514,M7731,41016902,20260514,41,11,08,41_21599489,2,570,41016902,20260514211743,4106836,20260514214845,4111588,0,01,2,24330,1862,N
20260514,M7731,41016902,20260514,41,11,08,41_21620738,2,570,41016902,20260514153417,4177532,20260514160021,4111588,0,01,2,22980,1564,N
20260514,M7731,41016902,20260514,41,11,08,41_21641605,2,570,41016902,20260514155951,4106836,20260514164729,4116126,1,01,1,25350,2858,N
20260514,M7731,41016902,20260514,41,11,08,41_21649450,2,570,41016902,20260514122702,4106836,20260514130657,4116126,0,01,2,25350,2395,N
20260514,M7731,41016902,20260514,41,11,08,41_2165119,1,570,41016902,20260514122729,4177448,20260514131931,4111588,0,01,2,22120,3122,N
20260514,M7731,41016902,20260514,41,11,08,41_21654764,2,570,41016902,20260514182953,4177448,20260514184933,4111588,0,01,4,22120,1180,N
20260514,M7731,41016902,20260514,41,11,08,41_21656993,2,570,41016902,20260514175605,4106836,20260514183057,4111588,0,01,4,24330,2092,N
20260514,M7731,41016902,20260514,41,11,08,41_21710743,2,570,41016902,20260514191122,4177448,20260514193424,4111588,0,01,1,22120,1382,N
20260514,M7731,41016902,20260514,41,11,08,41_21710743,2,570,41016902,20260514213008,4177448,20260514215114,4111588,0,01,4,22120,1266,N
20260514,M7731,41016902,20260514,41,11,08,41_21718013,2,570,41016902,20260514192739,4106836,20260514195720,4111588,0,01,3,24330,1781,N
20260514,M7731,41016902,20260514,41,11,08,41_21720810,2,570,41016902,20260514060734,4177448,20260514065125,4116126,0,01,4,23140,2631,N
20260514,M7731,41016902,20260514,41,11,08,41_21720810,2,570,41016902,20260514191436,4177448,20260514195737,4116126,0,01,4,23140,2581,N
20260514,M7731,41016902,20260514,41,11,08,41_2173119,1,570,41016902,20260514164856,4106836,20260514173237,4116126,0,01,4,25350,2621,N
20260514,M7731,41016902,20260514,41,11,08,41_2173119,1,570,41016902,20260514201754,4106836,20260514205926,4116126,0,01,1,25350,2492,N
20260514,M7731,41016902,20260514,41,11,08,41_21744853,2,570,41016902,20260514210516,4106836,20260514214408,4116130,0,01,2,26590,2332,N
20260514,M7731,41016902,20260514,41,11,08,41_21752238,2,570,41016902,20260514153542,4177532,20260514160438,4111588,0,01,4,22980,1736,N
20260514,M7731,41016902,20260514,41,11,08,41_21754164,2,570,41016902,20260514085149,4177637,20260514093230,4116126,1,01,3,26850,2441,N
20260514,M7731,41016902,20260514,41,11,08,41_21762933,1,570,41016902,20260514192155,4177532,20260514195610,4111588,0,01,4,22980,2055,N
20260514,M7731,41016902,20260514,41,11,08,41_21769797,2,570,41016902,20260514060705,4177448,20260514063355,4111588,0,01,4,22120,1610,N
20260514,M7731,41016902,20260514,41,11,08,41_21774693,2,570,41016902,20260514084358,4177448,20260514092153,4111588,0,01,2,22120,2275,N
20260514,M7731,41016902,20260514,41,11,08,41_21797257,2,570,41016902,20260514171608,4177448,20260514175831,4111588,0,01,4,22120,2543,N
20260514,M7731,41016902,20260514,41,41,08,41_21797546,2,570,41016902,20260515001819,4123056,20260515003915,4177511,2,01,2,7120,1256,N
20260514,M7731,41016902,20260514,41,11,08,41_2181359,2,570,41016902,20260514102807,4177448,20260514112009,4111588,0,01,3,22120,3122,N
20260514,M7731,41016902,20260514,41,11,08,41_21928759,2,570,41016902,20260514081240,4106836,20260514090450,4111588,0,01,4,24330,3130,N
20260514,M7731,41016902,20260514,41,11,08,41_21933823,2,570,41016902,20260514092511,4177448,20260514101020,4116126,0,01,1,23140,2709,N
20260514,M7731,41016902,20260514,41,11,08,41_2201150,2,570,41016902,20260514110939,4106836,20260514114743,4111588,0,01,3,24330,2284,N
20260514,M7731,41016902,20260514,41,11,08,41_22027429,2,570,41016902,20260514070721,4106836,20260514075802,4111588,1,01,2,24330,3041,N
20260514,M7731,41016902,20260514,41,11,08,41_22031412,2,570,41016902,20260514165210,4106836,20260514171500,4116126,0,01,3,25350,1370,N
20260514,M7731,41016902,20260514,41,11,08,41_22040489,2,570,41016902,20260514114227,4106836,20260514120920,4116130,1,01,2,26590,1613,N
20260514,M7731,41016902,20260514,41,11,08,41_22068912,1,570,41016902,20260514201112,4106836,20260514204602,4111588,0,01,3,24330,2090,N
20260514,M7731,41016902,20260514,41,11,08,41_22068953,2,570,41016902,20260514071852,4177637,20260514081222,4111588,0,01,4,25830,3210,N
20260514,M7731,41016902,20260514,41,11,08,41_22072311,2,570,41016902,20260514170037,4177532,20260514172335,4109162,0,01,1,28030,1378,N
20260514,M7731,41016902,20260514,41,11,08,41_22084860,2,570,41016902,20260514090350,4106836,20260514095241,4109162,1,01,2,29380,2931,N
20260514,M7731,41016902,20260514,41,41,08,41_22103626,2,570,41016902,20260514172731,4123056,20260514173451,4106837,2,01,4,1940,440,N
20260514,M7731,41016902,20260514,41,11,08,41_22154251,2,570,41016902,20260514070323,4106836,20260514073128,4111588,0,01,4,24330,1685,N
20260514,M7731,41016902,20260514,41,11,08,41_22158548,1,570,41016902,20260514200030,4177448,20260514204423,4111588,0,01,3,22120,2633,N
20260514,M7731,41016902,20260514,41,41,08,41_22159277,2,570,41016902,20260514192452,4110935,20260514193201,4177637,0,01,2,2880,429,N
20260514,M7731,41016902,20260514,41,11,08,41_22198032,2,570,41016902,20260514074117,4177448,20260514080042,4111588,0,01,1,22120,1165,N
20260514,M7731,41016902,20260514,41,11,08,41_22202503,2,570,41016902,20260514152209,4177532,20260514154636,4111588,0,01,1,22980,1467,N
20260514,M7731,41016902,20260514,41,11,08,41_22203193,2,570,41016902,20260514190554,4177448,20260514194258,4116126,0,01,4,23140,2224,N
20260514,M7731,41016902,20260514,41,11,08,41_22234026,2,570,41016902,20260514190554,4177448,20260514194427,4116130,0,01,3,24380,2313,N
20260514,M7731,41016902,20260514,41,11,08,41_222362,2,570,41016902,20260514093340,4177448,20260514101418,4116126,0,01,1,23140,2438,N
20260514,M7731,41016902,20260514,41,11,08,41_22244633,2,570,41016902,20260514065640,4177448,20260514074005,4111588,0,01,2,22120,2605,N
20260514,M7731,41016902,20260514,41,11,08,41_22304894,2,570,41016902,20260514161027,4177532,20260514163016,4111588,0,01,2,22980,1189,N
20260514,M7731,41016902,20260514,41,11,08,41_22350855,1,570,41016902,20260514123745,4177448,20260514130219,4111588,0,01,2,22120,1474,N
20260514,M7731,41016902,20260514,41,11,08,41_22356720,2,570,41016902,20260514092201,4177510,20260514094208,4111588,0,01,4,29500,1207,N
20260514,M7731,41016902,20260514,41,11,08,41_22358019,2,570,41016902,20260514121706,4177448,20260514124753,4116126,0,01,2,23140,1847,N
20260514,M7731,41016902,20260514,41,11,08,41_2236093,2,570,41016902,20260514150122,4106836,20260514154742,4111599,0,01,3,28270,2780,N
20260514,M7731,41016902,20260514,41,11,08,41_2236093,2,570,41016902,20260514215233,4106836,20260514223936,4111599,0,01,3,28270,2823,N
20260514,M7731,41016902,20260514,41,11,08,41_22380096,1,570,41016902,20260514201528,4177532,20260514203115,4111588,0,01,1,22980,947,N
20260514,M7731,41016902,20260514,41,11,08,41_22384497,1,570,41016902,20260514072905,4177637,20260514074808,4116130,0,01,1,28090,1143,N
20260514,M7731,41016902,20260514,41,11,08,41_22400987,2,570,41016902,20260514155114,4177532,20260514162356,4116126,0,01,4,24000,1962,N
20260514,M7731,41016902,20260514,41,41,08,41_22423899,1,570,41016902,20260514070852,4177637,20260514071500,4177532,0,01,3,2850,368,N
20260514,M7731,41016902,20260514,41,11,08,41_22506915,1,570,41016902,20260514120737,4177637,20260514124237,4111599,0,01,4,29770,2100,N
20260514,M7731,41016902,20260514,41,11,08,41_22510748,1,570,41016902,20260514131100,4106836,20260514134244,4111588,0,01,4,24330,1904,N
20260514,M7731,41016902,20260514,41,11,08,41_22530642,2,570,41016902,20260514173208,4177448,20260514181906,4116130,0,01,3,24380,2818,N
20260514,M7731,41016902,20260514,41,11,08,41_22532290,1,570,41016902,20260514072019,4110868,20260514081027,4111588,0,01,4,26980,3008,N
20260514,M7731,41016902,20260514,41,11,08,41_22540576,2,570,41016902,20260514132244,4106836,20260514135428,4116126,0,01,2,25350,1904,N
20260514,M7731,41016902,20260514,41,11,08,41_22546918,2,570,41016902,20260514194133,4177448,20260514200407,4111588,0,01,4,22120,1354,N
20260514,M7731,41016902,20260514,41,41,08,41_22549632,2,570,41016902,20260514174922,4177533,20260514181421,4110869,0,01,1,4000,1499,N
20260514,M7731,41016902,20260514,41,11,08,41_22562207,1,570,41016902,20260514121659,4177637,20260514125156,4116130,0,01,4,28090,2097,N
20260514,M7731,41016902,20260514,41,11,08,41_22616998,2,570,41016902,20260514094302,4177448,20260514100350,4116126,0,01,1,23140,1248,N
20260514,M7731,41016902,20260514,41,11,08,41_22628324,1,570,41016902,20260514134853,4177532,20260514141843,4111588,0,01,2,22980,1790,N
20260514,M7731,41016902,20260514,41,11,08,41_22641097,2,570,41016902,20260514134853,4177532,20260514141834,4111588,0,01,3,22980,1781,N
20260514,M7731,41016902,20260514,41,11,08,41_22641265,2,570,41016902,20260514134853,4177532,20260514141510,4116126,0,01,2,24000,1577,N
20260514,M7731,41016902,20260514,41,11,08,41_22641265,2,570,41016902,20260514200944,4177532,20260514203134,4116126,0,01,3,24000,1310,N
20260514,M7731,41016902,20260514,41,11,08,41_22654505,2,570,41016902,20260514052643,4177637,20260514055202,4111588,0,01,1,25830,1519,N
20260514,M7731,41016902,20260514,41,11,08,41_22659477,2,570,41016902,20260514200842,4177532,20260514205236,4111588,0,01,3,22980,2634,N
20260514,M7731,41016902,20260514,41,11,08,41_22677028,2,570,41016902,20260514135621,4177532,20260514141751,4111588,0,01,2,22980,1290,N
20260514,M7731,41016902,20260514,41,11,08,41_22683950,1,570,41016902,20260514170810,4106836,20260514174959,4116126,0,01,3,25350,2509,N
20260514,M7731,41016902,20260514,41,11,08,41_2268532,2,570,41016902,20260514063648,4110935,20260514071545,4109162,0,01,2,33760,2337,N
20260514,M7731,41016902,20260514,41,11,08,41_22691291,2,570,41016902,20260514050933,4177637,20260514053452,4111588,0,01,4,25830,1519,N
20260514,M7731,41016902,20260514,41,11,08,41_22691468,1,570,41016902,20260514071413,4177448,20260514073818,4111598,0,01,3,25410,1445,N
20260514,M7731,41016902,20260514,41,41,08,41_2271003,1,570,41016902,20260514065223,4110935,20260514070053,4106836,0,01,4,4380,510,N
20260514,M7731,41016902,20260514,41,41,08,41_2271003,1,570,41016902,20260514175452,4106837,20260514181522,4110934,1,01,2,4440,1230,N
20260514,M7731,41016902,20260514,41,11,08,41_22738149,2,570,41016902,20260514070028,4106836,20260514073736,4111588,0,01,2,24330,2228,N
20260514,M7731,41016902,20260514,41,11,08,41_2273861,2,570,41016902,20260514175423,4177448,20260514182236,4111588,0,01,3,22120,1693,N
20260514,M7731,41016902,20260514,41,11,08,41_22769677,1,570,41016902,20260514130426,4106836,20260514134956,4111588,0,01,4,24330,2730,N
20260514,M7731,41016902,20260514,41,11,08,41_22769677,1,570,41016902,20260514192749,4106836,20260514195658,4111588,0,01,4,24330,1749,N
20260514,M7731,41016902,20260514,41,11,08,41_22775927,2,570,41016902,20260514064251,4177510,20260514074317,4116126,0,01,2,30520,3626,N
20260514,M7731,41016902,20260514,41,11,08,41_22803350,2,570,41016902,20260514160746,4177532,20260514163222,4111588,0,01,1,22980,1476,N
20260514,M7731,41016902,20260514,41,11,08,41_22831437,2,570,41016902,20260514161235,4177448,20260514170329,4111588,0,01,1,22120,3054,N
20260514,M7731,41016902,20260514,41,11,08,41_22831437,2,570,41016902,20260514221736,4177448,20260514225641,4111588,0,01,2,22120,2345,N
20260514,M7731,41016902,20260514,41,11,08,41_22840524,1,570,41016902,20260514080040,4177448,20260514083944,4111588,1,01,1,22120,2344,N
20260514,M7731,41016902,20260514,41,11,08,41_22870646,2,570,41016902,20260514071652,4177637,20260514075950,4111588,0,01,3,25830,2578,N
20260514,M7731,41016902,20260514,41,11,08,41_22872486,2,570,41016902,20260514180602,4107446,20260514185130,4111588,0,01,4,27870,2728,N
20260514,M7731,41016902,20260514,41,11,08,41_22874915,2,570,41016902,20260514105921,4177448,20260514115407,4116130,1,01,2,24380,3286,N
20260514,M7731,41016902,20260514,41,11,08,41_22877866,2,570,41016902,20260514171305,4177532,20260514174117,4111588,0,01,1,22980,1692,N
20260514,M7731,41016902,20260514,41,11,08,41_22910986,2,570,41016902,20260514155003,4177448,20260514162346,4111588,0,01,4,22120,2023,N
20260514,M7731,41016902,20260514,41,41,08,41_22921000,2,570,41016902,20260514090050,4107446,20260514092242,4177448,0,01,4,5750,1312,N
20260514,M7731,41016902,20260514,41,41,08,41_22984362,2,570,41016902,20260514090131,4107446,20260514091100,4106836,0,01,3,3540,569,N
20260514,M7731,41016902,20260514,41,11,08,41_22984749,1,570,41016902,20260514230202,4177448,20260514232854,4111588,0,01,3,22120,1612,N
20260514,M7731,41016902,20260514,41,41,08,41_23008345,2,570,41016902,20260514235435,4110935,20260515000934,4106836,0,01,2,4380,899,N
20260514,M7731,41016902,20260514,41,11,08,41_23016278,2,570,41016902,20260514214827,4106836,20260514222106,4111588,0,01,4,24330,1959,N
20260514,M7731,41016902,20260514,41,11,08,41_23033059,2,570,41016902,20260514121023,4177448,20260514123641,4111599,0,01,3,26060,1578,N
20260514,M7731,41016902,20260514,41,41,08,41_23043411,1,570,41016902,20260514170005,4123056,20260514171930,4107447,2,01,4,5480,1165,N
20260514,M7731,41016902,20260514,41,11,08,41_23043496,2,570,41016902,20260514165453,4177448,20260514172210,4111588,0,01,2,22120,1637,N
20260514,M7731,41016902,20260514,41,11,08,41_23057330,1,570,41016902,20260514054704,4110935,20260514064410,4111588,0,01,2,28710,3426,N
20260514,M7731,41016902,20260514,41,11,08,41_23060043,2,570,41016902,20260514100950,4177448,20260514103622,4116126,0,01,3,23140,1592,N
20260514,M7731,41016902,20260514,41,11,08,41_23072490,2,570,41016902,20260514163042,4106836,20260514170127,4116130,0,01,4,26590,1845,N
20260514,M7731,41016902,20260514,41,41,08,41_23088999,2,570,41016902,20260514131001,4110868,20260514132728,4177448,0,01,1,4860,1047,N
20260514,M7731,41016902,20260514,41,41,08,41_23088999,2,570,41016902,20260514164557,4123056,20260514170251,4110869,2,01,4,4580,1014,N
20260514,M7731,41016902,20260514,41,11,08,41_23093238,2,570,41016902,20260514082715,4110935,20260514090109,4116130,0,01,3,30970,2034,N
20260514,M7731,41016902,20260514,41,11,08,41_23113912,1,570,41016902,20260514070400,4177448,20260514072752,4111588,0,01,1,22120,1432,N
20260514,M7731,41016902,20260514,41,11,08,41_23121902,2,570,41016902,20260514072301,4177637,20260514082838,4111588,0,01,1,25830,3937,N
20260514,M7731,41016902,20260514,41,11,08,41_23122181,2,570,41016902,20260514124727,4177532,20260514131701,4111588,0,01,3,22980,1774,N
20260514,M7731,41016902,20260514,41,11,08,41_23126750,2,570,41016902,20260514132656,4106836,20260514140308,4116130,0,01,3,26590,2172,N
20260514,M7731,41016902,20260514,41,11,08,41_23132385,2,570,41016902,20260514070356,4177448,20260514073010,4111588,0,01,3,22120,1574,N
20260514,M7731,41016902,20260514,41,11,08,41_23137379,2,570,41016902,20260514171647,4106836,20260514174720,4111588,0,01,1,24330,1833,N
20260514,M7731,41016902,20260514,41,11,08,41_23137379,2,570,41016902,20260514201911,4106836,20260514205638,4111588,0,01,3,24330,2247,N
20260514,M7731,41016902,20260514,41,11,08,41_23140651,2,570,41016902,20260514083216,4177637,20260514092902,4111588,0,01,1,25830,3406,N
20260514,M7731,41016902,20260514,41,41,08,41_23141442,2,570,41016902,20260514084831,4177637,20260514085431,4177448,0,01,3,3710,360,N
20260514,M7731,41016902,20260514,41,11,08,41_23150776,1,570,41016902,20260514074839,4177448,20260514082130,4116126,0,01,4,23140,1971,N
20260514,M7731,41016902,20260514,41,11,08,41_23200622,2,570,41016902,20260514125410,4106836,20260514132131,4111588,0,01,3,24330,1641,N
20260514,M7731,41016902,20260514,41,11,08,41_23218396,2,570,41016902,20260514162106,4106836,20260514172242,4116130,0,01,4,26590,3696,N
20260514,M7731,41016902,20260514,41,11,08,41_23243239,2,570,41016902,20260514111214,4106836,20260514115338,4111588,0,01,2,24330,2484,N
20260514,M7731,41016902,20260514,41,11,08,41_23258790,1,570,41016902,20260514131335,4106836,20260514135359,4111588,0,01,2,24330,2424,N
20260514,M7731,41016902,20260514,41,11,08,41_23271597,2,570,41016902,20260514163820,4177532,20260514170737,4111588,0,01,4,22980,1757,N
20260514,M7731,41016902,20260514,41,11,08,41_2327954,1,570,41016902,20260514151656,4106836,20260514155547,4111588,1,01,3,24330,2331,N
20260514,M7731,41016902,20260514,41,11,08,41_23293270,1,570,41016902,20260514120122,4110868,20260514124920,4111588,0,01,1,26980,2878,N
20260514,M7731,41016902,20260514,41,11,08,41_2331905,2,570,41016902,20260514164820,4106836,20260514171901,4111588,0,01,2,24330,1841,N
20260514,M7731,41016902,20260514,41,11,08,41_23320541,1,570,41016902,20260514151816,4106836,20260514160204,4111598,0,01,1,27620,2628,N
20260514,M7731,41016902,20260514,41,11,08,41_233313,2,570,41016902,20260514061632,4177637,20260514065701,4111588,0,01,1,25830,2429,N
20260514,M7731,41016902,20260514,41,11,08,41_23343800,1,570,41016902,20260514052355,4106836,20260514055534,4111588,0,01,3,24330,1899,N
20260514,M7731,41016902,20260514,41,11,08,41_23350354,2,570,41016902,20260514071642,4106836,20260514081903,4111588,0,01,2,24330,3741,N
20260514,M7731,41016902,20260514,41,11,08,41_23350354,2,570,41016902,20260514182431,4106836,20260514190213,4111588,0,01,1,24330,2262,N
20260514,M7731,41016902,20260514,41,41,08,41_23366143,2,570,41016902,20260514231344,4123056,20260514232127,4106837,2,01,2,1940,463,N
20260514,M7731,41016902,20260514,41,11,08,41_23369735,2,570,41016902,20260514181835,4106836,20260514184959,4111588,0,01,4,24330,1884,N
20260514,M7731,41016902,20260514,41,11,08,41_23369735,2,570,41016902,20260514202825,4106836,20260514213328,4111588,0,01,3,24330,3903,N
20260514,M7731,41016902,20260514,41,11,08,41_23371458,2,570,41016902,20260514184011,4177448,20260514190822,4116126,0,01,3,23140,1691,N
20260514,M7731,41016902,20260514,41,11,08,41_23373129,1,570,41016902,20260515001735,4106836,20260515010411,4111588,0,01,4,24330,2796,N
20260514,M7731,41016902,20260514,41,41,08,41_23386411,1,570,41016902,20260514232030,4123056,20260514233019,4102447,2,01,4,3320,589,N
20260514,M7731,41016902,20260514,41,11,08,41_23389664,1,570,41016902,20260514100530,4177532,20260514105152,4116130,0,01,4,25240,2782,N
20260514,M7731,41016902,20260514,41,41,08,41_23394247,2,570,41016902,20260515002929,4123056,20260515003749,4102447,2,01,1,3320,500,N
20260514,M7731,41016902,20260514,41,11,08,41_23415477,2,570,41016902,20260514160923,4177448,20260514165225,4116126,0,01,2,23140,2582,N
20260514,M7731,41016902,20260514,41,11,08,41_23442993,1,570,41016902,20260514161307,4106836,20260514165412,4116126,0,01,3,25350,2465,N
20260514,M7731,41016902,20260514,41,11,08,41_23460454,2,570,41016902,20260514111458,4106836,20260514115757,4116130,0,01,3,26590,2579,N
20260514,M7731,41016902,20260514,41,11,08,41_23460454,2,570,41016902,20260514172907,4106836,20260514180648,4116130,0,01,4,26590,2261,N
20260514,M7731,41016902,20260514,41,11,08,41_23484357,2,570,41016902,20260514092121,4106836,20260514100140,4116126,1,01,3,25350,2419,N
20260514,M7731,41016902,20260514,41,41,08,41_23488955,2,570,41016902,20260514193503,4123056,20260514195536,4107447,0,01,2,5480,1233,N
20260514,M7731,41016902,20260514,41,11,08,41_23491075,2,570,41016902,20260514173201,4106836,20260514181419,4109162,0,01,2,29380,2538,N
20260514,M7731,41016902,20260514,41,11,08,41_23511909,2,570,41016902,20260514124238,4177532,20260514130642,4111588,0,01,4,22980,1444,N
20260514,M7731,41016902,20260514,41,11,08,41_23543842,2,570,41016902,20260514171756,4177448,20260514174405,4116130,0,01,3,24380,1569,N
20260514,M7731,41016902,20260514,41,11,08,41_23565987,2,570,41016902,20260514124039,4177532,20260514130534,4116130,0,01,1,25240,1495,N
20260514,M7731,41016902,20260514,41,11,08,41_23576450,2,570,41016902,20260514083118,4106836,20260514091043,4111588,1,01,4,24330,2365,N
20260514,M7731,41016902,20260514,41,11,08,41_23581740,2,570,41016902,20260514101825,4106836,20260514104311,4111598,0,01,4,27620,1486,N
20260514,M7731,41016902,20260514,41,11,08,41_23581740,2,570,41016902,20260514154551,4106836,20260514160559,4111598,0,01,4,27620,1208,N
20260514,M7731,41016902,20260514,41,11,08,41_23591685,2,570,41016902,20260514140426,4177532,20260514143559,4111588,0,01,2,22980,1893,N
20260514,M7731,41016902,20260514,41,11,08,41_23593421,2,570,41016902,20260514104444,4106836,20260514110742,4116126,0,01,1,25350,1378,N
20260514,M7731,41016902,20260514,41,11,08,41_23608183,2,570,41016902,20260514073941,4177637,20260514081758,4111588,0,01,2,25830,2297,N
20260514,M7731,41016902,20260514,41,11,08,41_23625588,2,570,41016902,20260514071438,4177637,20260514081217,4111588,0,01,1,25830,3459,N
20260514,M7731,41016902,20260514,41,11,08,41_23631976,2,570,41016902,20260514072017,4106836,20260514080037,4116130,1,01,3,26590,2420,N
20260514,M7731,41016902,20260514,41,11,08,41_2363550,2,570,41016902,20260514063045,4106836,20260514072628,4109162,1,01,3,29380,3343,N
20260514,M7731,41016902,20260514,41,11,08,41_23661338,2,570,41016902,20260514082119,4177532,20260514091514,4111588,0,01,4,22980,3235,N
20260514,M7731,41016902,20260514,41,11,08,41_23663108,2,570,41016902,20260514151122,4177532,20260514154022,4111588,0,01,1,22980,1740,N
20260514,M7731,41016902,20260514,41,11,08,41_23675110,1,570,41016902,20260514151122,4177532,20260514155112,4111588,0,01,4,22980,2390,N
20260514,M7731,41016902,20260514,41,11,08,41_23703135,2,570,41016902,20260514220257,4107446,20260514222913,4116130,0,01,3,30130,1576,N
20260514,M7731,41016902,20260514,41,11,08,41_23718421,2,570,41016902,20260514201117,4177532,20260514205632,4111588,0,01,3,22980,2715,N
20260514,M7731,41016902,20260514,41,11,08,41_23721785,2,570,41016902,20260514104718,4177532,20260514112759,4111588,0,01,4,22980,2441,N
20260514,M7731,41016902,20260514,41,11,08,41_23739084,1,570,41016902,20260514064318,4110935,20260514070459,4111598,0,01,4,32000,1301,N
20260514,M7731,41016902,20260514,41,41,08,41_23749410,1,570,41016902,20260514063659,4110935,20260514070006,4177448,0,01,2,6590,1387,N
20260514,M7731,41016902,20260514,41,11,08,41_23752451,1,570,41016902,20260514091841,4177532,20260514094044,4111588,1,01,4,22980,1323,N
20260514,M7731,41016902,20260514,41,11,08,41_23768570,2,570,41016902,20260514104718,4177532,20260514111343,4116130,0,01,2,25240,1585,N
20260514,M7731,41016902,20260514,41,11,08,41_23789266,2,570,41016902,20260514194015,4177532,20260514202530,4111588,0,01,2,22980,2715,N
20260514,M7731,41016902,20260514,41,11,08,41_23797245,2,570,41016902,20260514094140,4106836,20260514100543,4116130,0,01,2,26590,1443,N
20260514,M7731,41016902,20260514,41,11,08,41_23800436,1,570,41016902,20260514064740,4177510,20260514071951,4111588,0,01,3,29500,1931,N
20260514,M7731,41016902,20260514,41,11,08,41_23807738,2,570,41016902,20260514150258,4106836,20260514154347,4111588,0,01,4,24330,2449,N
20260514,M7731,41016902,20260514,41,11,08,41_23816532,2,570,41016902,20260514081142,4177637,20260514085314,4111588,0,01,1,25830,2492,N
20260514,M7731,41016902,20260514,41,11,08,41_23830929,1,570,41016902,20260514081307,4177637,20260514090657,4116126,0,01,4,26850,3230,N
20260514,M7731,41016902,20260514,41,41,08,41_23837795,1,570,41016902,20260514080254,4177637,20260514081101,4177448,0,01,3,3710,487,N
20260514,M7731,41016902,20260514,41,11,08,41_23840261,1,570,41016902,20260514082529,4177448,20260514090955,4116126,0,01,2,23140,2666,N
20260514,M7731,41016902,20260514,41,11,08,41_238729,2,570,41016902,20260514194251,4177532,20260514202607,4116126,0,01,2,24000,2596,N
20260514,M7731,41016902,20260514,41,11,08,41_2388004,2,570,41016902,20260514130840,4177532,20260514134741,4116126,0,01,3,24000,2341,N
20260514,M7731,41016902,20260514,41,11,08,41_23904710,2,570,41016902,20260514161526,4106836,20260514165222,4116126,0,01,3,25350,2216,N
20260514,M7731,41016902,20260514,41,11,08,41_23909584,2,570,41016902,20260514174352,4106836,20260514183205,4111588,0,01,4,24330,2893,N
20260514,M7731,41016902,20260514,41,11,08,41_23960174,2,570,41016902,20260514180606,4177532,20260514184502,4111588,0,01,3,22980,2336,N
20260514,M7731,41016902,20260514,41,11,08,41_23970110,2,570,41016902,20260514111450,4177448,20260514114145,4111588,0,01,2,22120,1615,N
20260514,M7731,41016902,20260514,41,11,08,41_23972081,2,570,41016902,20260514094234,4106836,20260514102215,4116126,0,01,4,25350,2381,N
20260514,M7731,41016902,20260514,41,11,08,41_23973433,1,570,41016902,20260514111450,4177448,20260514114327,4116126,0,01,3,23140,1717,N
20260514,M7731,41016902,20260514,41,11,08,41_23974045,2,570,41016902,20260514072259,4177637,20260514074455,4111599,0,01,3,29770,1316,N
20260514,M7731,41016902,20260514,41,11,08,41_23974045,2,570,41016902,20260514133208,4177637,20260514140045,4111599,0,01,2,29770,1717,N
20260514,M7731,41016902,20260514,41,11,08,41_23974649,2,570,41016902,20260514123157,4177448,20260514125745,4111588,0,01,2,22120,1548,N
20260514,M7731,41016902,20260514,41,11,08,41_23975430,2,570,41016902,20260514135745,4106836,20260514143402,4111588,1,01,2,24330,2177,N
20260514,M7731,41016902,20260514,41,11,08,41_23995479,1,570,41016902,20260514074345,4107446,20260514084608,4111588,0,01,4,27870,3743,N
20260514,M7731,41016902,20260514,41,11,08,41_23995479,1,570,41016902,20260514132038,4107446,20260514140912,4111588,0,01,2,27870,2914,N
20260514,M7731,41016902,20260514,41,11,08,41_24014099,2,570,41016902,20260514135611,4177448,20260514142203,4111588,0,01,2,22120,1552,N
20260514,M7731,41016902,20260514,41,11,08,41_24041961,2,570,41016902,20260514150100,4177532,20260514153722,4116126,0,01,4,24000,2182,N
20260514,M7731,41016902,20260514,41,11,08,41_24042923,1,570,41016902,20260514142458,4177532,20260514145757,4111588,0,01,1,22980,1979,N
20260514,M7731,41016902,20260514,41,11,08,41_24058440,2,570,41016902,20260514150855,4177448,20260514153009,4111588,0,01,3,22120,1274,N
20260514,M7731,41016902,20260514,41,11,08,41_24062896,1,570,41016902,20260514083702,4106836,20260514090950,4111588,0,01,3,24330,1968,N
20260514,M7731,41016902,20260514,41,11,08,41_24062896,1,570,41016902,20260514144708,4106836,20260514152741,4111588,0,01,4,24330,2433,N
20260514,M7731,41016902,20260514,41,11,08,41_24076149,2,570,41016902,20260514083359,4177448,20260514091414,4116126,0,01,3,23140,2415,N
20260514,M7731,41016902,20260514,41,11,08,41_240957,2,570,41016902,20260514110609,4110935,20260514115927,4111588,0,01,1,28710,3198,N
20260514,M7731,41016902,20260514,41,11,08,41_24095902,2,570,41016902,20260514150100,4177532,20260514153434,4111588,0,01,4,22980,2014,N
20260514,M7731,41016902,20260514,41,11,08,41_2409728,2,570,41016902,20260514192758,4106836,20260514200424,4111588,0,01,2,24330,2186,N
20260514,M7731,41016902,20260514,41,11,08,41_24127663,2,570,41016902,20260514065700,4177448,20260514072645,4111588,0,01,2,22120,1785,N
20260514,M7731,41016902,20260514,41,11,08,41_24143721,2,570,41016902,20260514095945,4177448,20260514104228,4111588,0,01,2,22120,2563,N
20260514,M7731,41016902,20260514,41,11,08,41_24146630,2,570,41016902,20260514195809,4177532,20260514202821,4111588,0,01,3,22980,1812,N
20260514,M7731,41016902,20260514,41,11,08,41_24158573,2,570,41016902,20260514100354,4106836,20260514104957,4111588,0,01,3,24330,2763,N
20260514,M7731,41016902,20260514,41,11,08,41_24158573,2,570,41016902,20260514113048,4106836,20260514115859,4111588,1,01,1,24330,1691,N
20260514,M7731,41016902,20260514,41,11,08,41_24190150,2,570,41016902,20260514151947,4177532,20260514154544,4111588,0,01,3,22980,1557,N
20260514,M7731,41016902,20260514,41,41,08,41_241957,2,570,41016902,20260514102609,4177637,20260514103451,4177448,0,01,2,3710,522,N
20260514,M7731,41016902,20260514,41,41,08,41_24226376,1,570,41016902,20260514122655,4110935,20260514124843,4177532,0,01,1,5730,1308,N
20260514,M7731,41016902,20260514,41,11,08,41_24231862,2,570,41016902,20260514184404,4106836,20260514191854,4111588,0,01,1,24330,2090,N
20260514,M7731,41016902,20260514,41,11,08,41_24231862,2,570,41016902,20260514231859,4106836,20260514235335,4111588,0,01,4,24330,2076,N
20260514,M7731,41016902,20260514,41,11,08,41_24276552,2,570,41016902,20260514060321,4106836,20260514064231,4116126,1,01,3,25350,2350,N
20260514,M7731,41016902,20260514,41,11,08,41_24301680,2,570,41016902,20260514061024,4106836,20260514064911,4111599,0,01,2,28270,2327,N
20260514,M7731,41016902,20260514,41,11,08,41_24314902,2,570,41016902,20260514065315,4107446,20260514073202,4111588,0,01,1,27870,2327,N
20260514,M7731,41016902,20260514,41,11,08,41_24323060,1,570,41016902,20260514155818,4177532,20260514163208,4111588,0,01,3,22980,2030,N
20260514,M7731,41016902,20260514,41,11,08,41_24325259,1,570,41016902,20260514171832,4106836,20260514180512,4116126,1,01,1,25350,2800,N
20260514,M7731,41016902,20260514,41,11,08,41_24330316,2,570,41016902,20260514065035,4106836,20260514073516,4111588,0,01,4,24330,2681,N
20260514,M7731,41016902,20260514,41,11,08,41_24385256,2,570,41016902,20260514220147,4177448,20260514223824,4116130,0,01,3,24380,2197,N
20260514,M7731,41016902,20260514,41,11,08,41_2439136,2,570,41016902,20260514150108,4177448,20260514152946,4111588,0,01,1,22120,1718,N
20260514,M7731,41016902,20260514,41,11,08,41_24411359,2,570,41016902,20260514171918,4177637,20260514175424,4111588,0,01,4,25830,2106,N
20260514,M7731,41016902,20260514,41,11,08,41_24422105,2,570,41016902,20260514130910,4106836,20260514135636,4111588,0,01,1,24330,2846,N
20260514,M7731,41016902,20260514,41,11,08,41_24434640,2,570,41016902,20260514181842,4177532,20260514184201,4111588,0,01,1,22980,1399,N
20260514,M7731,41016902,20260514,41,11,08,41_24438900,2,570,41016902,20260514172147,4106836,20260514175703,4116126,0,01,1,25350,2116,N
20260514,M7731,41016902,20260514,41,11,08,41_24447865,2,570,41016902,20260514203132,4177448,20260514210347,4111588,0,01,3,22120,1935,N
20260514,M7731,41016902,20260514,41,11,08,41_24468159,2,570,41016902,20260514063718,4106836,20260514071120,4116126,0,01,3,25350,2042,N
20260514,M7731,41016902,20260514,41,11,08,41_24480424,2,570,41016902,20260514080113,4106836,20260514083932,4111588,1,01,1,24330,2299,N
20260514,M7731,41016902,20260514,41,11,08,41_24500771,1,570,41016902,20260514073746,4106836,20260514081419,4116126,0,01,1,25350,2193,N
20260514,M7731,41016902,20260514,41,11,08,41_24536246,2,570,41016902,20260514155446,4177448,20260514162611,4116130,0,01,2,24380,1885,N
20260514,M7731,41016902,20260514,41,11,08,41_24540767,2,570,41016902,20260514180051,4177532,20260514184211,4111588,0,01,1,22980,2480,N
20260514,M7731,41016902,20260514,41,41,08,41_24540851,2,570,41016902,20260514191702,4123056,20260514192543,4106837,2,01,4,1940,521,N
20260514,M7731,41016902,20260514,41,11,08,41_24567387,2,570,41016902,20260514140339,4177637,20260514143110,4111588,0,01,1,25830,1651,N
20260514,M7731,41016902,20260514,41,11,08,41_24607209,2,570,41016902,20260514194519,4177532,20260514202758,4111588,0,01,1,22980,2559,N
20260514,M7731,41016902,20260514,41,11,08,41_2461134,2,570,41016902,20260514060459,4106836,20260514064529,4111588,1,01,4,24330,2430,N
20260514,M7731,41016902,20260514,41,11,08,41_24613420,1,570,41016902,20260514152208,4106836,20260514161004,4111598,0,01,4,27620,2876,N
20260514,M7731,41016902,20260514,41,11,08,41_24614449,2,570,41016902,20260514082721,4106836,20260514091134,4116130,0,01,4,26590,2653,N
20260514,M7731,41016902,20260514,41,11,08,41_24624079,2,570,41016902,20260514153616,4177448,20260514162411,4116126,0,01,1,23140,2875,N
20260514,M7731,41016902,20260514,41,11,08,41_24666026,1,570,41016902,20260514054222,4177510,20260514064653,4111588,0,01,3,29500,3871,N
20260514,M7731,41016902,20260514,41,11,08,41_24677407,2,570,41016902,20260514121146,4177448,20260514125931,4116126,0,01,3,23140,2865,N
20260514,M7731,41016902,20260514,41,11,08,41_24687182,2,570,41016902,20260514134335,4110935,20260514143013,4116126,0,01,3,29730,2798,N
20260514,M7731,41016902,20260514,41,11,08,41_24688007,1,570,41016902,20260514180802,4106836,20260514184748,4116130,0,01,3,26590,2386,N
20260514,M7731,41016902,20260514,41,11,08,41_24689847,2,570,41016902,20260514155430,4177532,20260514164225,4116126,0,01,1,24000,2875,N
20260514,M7731,41016902,20260514,41,11,08,41_24693806,2,570,41016902,20260514134337,4110935,20260514143122,4111588,0,01,1,28710,2865,N
20260514,M7731,41016902,20260514,41,11,08,41_24703959,1,570,41016902,20260514221632,4177637,20260514224835,4111588,0,01,2,25830,1923,N
20260514,M7731,41016902,20260514,41,11,08,41_24718166,2,570,41016902,20260514063312,4106836,20260514072025,4111588,1,01,3,24330,2833,N
20260514,M7731,41016902,20260514,41,11,08,41_24734600,2,570,41016902,20260514162613,4177532,20260514171339,4116126,0,01,1,24000,2846,N
20260514,M7731,41016902,20260514,41,11,08,41_24734834,2,570,41016902,20260514080814,4177448,20260514082856,4111588,0,01,4,22120,1242,N
20260514,M7731,41016902,20260514,41,11,08,41_24735072,2,570,41016902,20260514120717,4177532,20260514123754,4111588,0,01,4,22980,1837,N
20260514,M7731,41016902,20260514,41,11,08,41_2473872,2,570,41016902,20260514121611,4177448,20260514123407,4111588,0,01,2,22120,1076,N
20260514,M7731,41016902,20260514,41,11,08,41_24769209,2,570,41016902,20260514065326,4177448,20260514071638,4111588,0,01,4,22120,1392,N
20260514,M7731,41016902,20260514,41,11,08,41_24776658,2,570,41016902,20260514082404,4177448,20260514090813,4111588,0,01,1,22120,2649,N
20260514,M7731,41016902,20260514,41,11,08,41_24776658,2,570,41016902,20260514180719,4177448,20260514182756,4111588,0,01,2,22120,1237,N
20260514,M7731,41016902,20260514,41,11,08,41_24778207,1,570,41016902,20260514082404,4177448,20260514085756,4116126,0,01,2,23140,2032,N
20260514,M7731,41016902,20260514,41,11,08,41_24786074,2,570,41016902,20260514102833,4177510,20260514111835,4111588,0,01,2,29500,3002,N
20260514,M7731,41016902,20260514,41,11,08,41_24794129,1,570,41016902,20260514101535,4177448,20260514105910,4111588,0,01,2,22120,2615,N
20260514,M7731,41016902,20260514,41,41,08,41_24804544,2,570,41016902,20260514191438,4123056,20260514193340,4107447,2,01,4,5480,1142,N
20260514,M7731,41016902,20260514,41,11,08,41_24817975,2,570,41016902,20260514162826,4106836,20260514170300,4116126,0,01,3,25350,2074,N
20260514,M7731,41016902,20260514,41,11,08,41_24817975,2,570,41016902,20260514172136,4106836,20260514175556,4116126,0,01,1,25350,2060,N
20260514,M7731,41016902,20260514,41,11,08,41_24821022,1,570,41016902,20260514143911,4177448,20260514151814,4111588,0,01,3,22120,2343,N
20260514,M7731,41016902,20260514,41,11,08,41_24834827,2,570,41016902,20260514144744,4106836,20260514152452,4111588,0,01,2,24330,2228,N
20260514,M7731,41016902,20260514,41,11,08,41_24852891,2,570,41016902,20260514171516,4177532,20260514174020,4111588,0,01,4,22980,1504,N
20260514,M7731,41016902,20260514,41,11,08,41_2485806,2,570,41016902,20260514115435,4177448,20260514121231,4111588,0,01,1,22120,1076,N
20260514,M7731,41016902,20260514,41,41,08,41_24860846,1,570,41016902,20260514083311,4177637,20260514084423,4177448,0,01,4,3710,672,N
20260514,M7731,41016902,20260514,41,11,08,41_24861818,2,570,41016902,20260514121629,4177448,20260514130745,4116126,0,01,4,23140,3076,N
20260514,M7731,41016902,20260514,41,11,08,41_2488136,1,570,41016902,20260514070858,4177637,20260514074449,4116130,0,01,1,28090,2151,N
20260514,M7731,41016902,20260514,41,11,08,41_2488136,1,570,41016902,20260514170132,4177637,20260514172930,4116130,0,01,3,28090,1678,N
20260514,M7731,41016902,20260514,41,11,08,41_24901474,2,570,41016902,20260514173211,4106836,20260514180902,4111588,0,01,3,24330,2211,N
20260514,M7731,41016902,20260514,41,11,08,41_24901474,2,570,41016902,20260514195849,4106836,20260514203409,4111588,0,01,4,24330,2120,N
20260514,M7731,41016902,20260514,41,11,08,41_24909172,1,570,41016902,20260514162103,4177532,20260514165136,4111588,0,01,3,22980,1833,N
20260514,M7731,41016902,20260514,41,11,08,41_24931605,2,570,41016902,20260514064904,4177510,20260514075905,4111588,0,01,1,29500,4201,N
20260514,M7731,41016902,20260514,41,11,08,41_24994616,2,570,41016902,20260514064814,4177510,20260514075241,4111588,0,01,1,29500,3867,N
20260514,M7731,41016902,20260514,41,11,08,41_25004967,2,570,41016902,20260514174829,4106836,20260514182233,4111588,1,01,3,24330,2044,N
20260514,M7731,41016902,20260514,41,11,08,41_25006205,2,570,41016902,20260514180628,4177448,20260514184514,4116130,1,01,1,24380,2326,N
20260514,M7731,41016902,20260514,41,11,08,41_25027579,1,570,41016902,20260514072340,4177637,20260514080139,4116126,0,01,1,26850,2279,N
20260514,M7731,41016902,20260514,41,11,08,41_25047031,2,570,41016902,20260514230750,4177532,20260514234826,4111588,0,01,2,22980,2436,N
20260514,M7731,41016902,20260514,41,11,08,41_25070520,1,570,41016902,20260514170103,4177532,20260514173147,4111588,0,01,4,22980,1844,N
20260514,M7731,41016902,20260514,41,11,08,41_25076375,1,570,41016902,20260514072345,4177637,20260514080144,4111588,0,01,1,25830,2279,N
20260514,M7731,41016902,20260514,41,11,08,41_25076498,2,570,41016902,20260514122759,4177532,20260514125441,4111588,0,01,4,22980,1602,N
20260514,M7731,41016902,20260514,41,11,08,41_25082263,1,570,41016902,20260514143843,4107446,20260514151544,4111588,0,01,4,27870,2221,N
20260514,M7731,41016902,20260514,41,11,08,41_25094964,2,570,41016902,20260514223152,4106836,20260514231050,4116126,0,01,4,25350,2338,N
20260514,M7731,41016902,20260514,41,11,08,41_25096486,2,570,41016902,20260514183931,4106836,20260514191026,4116126,0,01,3,25350,1855,N
20260514,M7731,41016902,20260514,41,41,08,41_25097145,2,570,41016902,20260514215100,4123056,20260514215936,4102447,2,01,4,3320,516,N
20260514,M7731,41016902,20260514,41,11,08,41_2509725,2,570,41016902,20260514052014,4177448,20260514053849,4111588,0,01,2,22120,1115,N
20260514,M7731,41016902,20260514,41,11,08,41_25133157,2,570,41016902,20260514065512,4177510,20260514074937,4111599,0,01,2,33440,3265,N
20260514,M7731,41016902,20260514,41,11,08,41_25137018,2,570,41016902,20260514171826,4106836,20260514175152,4116126,0,01,1,25350,2006,N
20260514,M7731,41016902,20260514,41,11,08,41_25177492,2,570,41016902,20260514094515,4106836,20260514102208,4111588,1,01,1,24330,2213,N
20260514,M7731,41016902,20260514,41,11,08,41_25177577,1,570,41016902,20260514080826,4106836,20260514090319,4111588,1,01,4,24330,3293,N
20260514,M7731,41016902,20260514,41,11,08,41_25200307,2,570,41016902,20260514060321,4106836,20260514064428,4111588,0,01,3,24330,2467,N
20260514,M7731,41016902,20260514,41,11,08,41_25200452,2,570,41016902,20260514151912,4106836,20260514153521,4116126,0,01,1,25350,969,N
20260514,M7731,41016902,20260514,41,41,08,41_25232736,2,570,41016902,20260514190355,4177510,20260514191110,4107446,0,01,4,1630,435,N
20260514,M7731,41016902,20260514,41,11,08,41_25236045,2,570,41016902,20260514193153,4177637,20260514195115,4111588,0,01,4,25830,1162,N
20260514,M7731,41016902,20260514,41,11,08,41_25259659,1,570,41016902,20260514060422,4177532,20260514063546,4111588,0,01,3,22980,1884,N
20260514,M7731,41016902,20260514,41,11,08,41_25260336,2,570,41016902,20260514164900,4177448,20260514170745,4116126,0,01,2,23140,1125,N
20260514,M7731,41016902,20260514,41,11,08,41_25268183,2,570,41016902,20260514193216,4177637,20260514195138,4111588,0,01,1,25830,1162,N
20260514,M7731,41016902,20260514,41,41,08,41_25292841,2,570,41016902,20260514060540,4177637,20260514061605,4177448,0,01,1,3710,625,N
20260514,M7731,41016902,20260514,41,11,08,41_25295226,2,570,41016902,20260514160138,4106836,20260514163426,4111588,0,01,2,24330,1968,N
20260514,M7731,41016902,20260514,41,11,08,41_25350892,1,570,41016902,20260514075321,4177532,20260514083339,4111588,1,01,1,22980,2418,N
20260514,M7731,41016902,20260514,41,11,08,41_25359070,2,570,41016902,20260514072321,4177448,20260514080756,4116130,0,01,1,24380,2675,N
20260514,M7731,41016902,20260514,41,11,08,41_25392369,1,570,41016902,20260514072948,4106836,20260514080955,4116126,0,01,4,25350,2407,N
20260514,M7731,41016902,20260514,41,11,08,41_25420306,2,570,41016902,20260514183335,4106836,20260514185642,4111588,0,01,3,24330,1387,N
20260514,M7731,41016902,20260514,41,11,08,41_25454366,2,570,41016902,20260514163231,4177448,20260514165758,4111588,0,01,1,22120,1527,N
20260514,M7731,41016902,20260514,41,11,08,41_25467369,2,570,41016902,20260514082329,4110935,20260514085805,4111599,1,01,4,32650,2076,N
20260514,M7731,41016902,20260514,41,11,08,41_25476278,2,570,41016902,20260514092234,4177448,20260514094548,4111588,0,01,2,22120,1394,N
20260514,M7731,41016902,20260514,41,41,08,41_25569364,2,570,41016902,20260514064708,4177637,20260514065232,4177448,0,01,2,3710,324,N
20260514,M7731,41016902,20260514,41,41,08,41_25569364,2,570,41016902,20260514190631,4123056,20260514191150,4102447,2,01,1,3320,319,N
20260514,M7731,41016902,20260514,41,11,08,41_2557634,1,570,41016902,20260514072716,4106836,20260514081250,4111588,1,01,3,24330,2734,N
20260514,M7731,41016902,20260514,41,11,08,41_25577597,2,570,41016902,20260514162311,4177448,20260514164638,4116126,0,01,3,23140,1407,N
20260514,M7731,41016902,20260514,41,11,08,41_25598138,2,570,41016902,20260514133658,4177532,20260514140051,4111588,0,01,2,22980,1433,N
20260514,M7731,41016902,20260514,41,11,08,41_25605160,1,570,41016902,20260514194941,4177448,20260514201409,4111588,0,01,3,22120,1468,N
20260514,M7731,41016902,20260514,41,11,08,41_25605160,1,570,41016902,20260514223540,4106836,20260514230941,4111588,0,01,4,24330,2041,N
20260514,M7731,41016902,20260514,41,41,08,41_25611531,2,570,41016902,20260514191031,4123056,20260514191556,4102447,2,01,2,3320,325,N
20260514,M7731,41016902,20260514,41,41,08,41_25614234,2,570,41016902,20260514171225,4106837,20260514172653,4110934,0,01,4,4440,868,N
20260514,M7731,41016902,20260514,41,11,08,41_25618397,1,570,41016902,20260514055401,4177637,20260514062359,4111588,0,01,4,25830,1798,N
20260514,M7731,41016902,20260514,41,11,08,41_25634049,2,570,41016902,20260514093506,4106836,20260514100432,4116130,0,01,2,26590,1766,N
20260514,M7731,41016902,20260514,41,11,08,41_2563426,2,570,41016902,20260514181350,4106836,20260514184428,4116126,0,01,1,25350,1838,N
20260514,M7731,41016902,20260514,41,11,08,41_25636244,2,570,41016902,20260514193819,4177448,20260514200549,4116126,1,01,4,23140,1650,N
20260514,M7731,41016902,20260514,41,11,08,41_25652091,2,570,41016902,20260514193702,4177448,20260514200628,4116130,0,01,4,24380,1766,N
20260514,M7731,41016902,20260514,41,11,08,41_25660842,2,570,41016902,20260514130010,4177448,20260514132351,4116126,0,01,4,23140,1421,N
20260514,M7731,41016902,20260514,41,11,08,41_25660842,2,570,41016902,20260514193519,4177448,20260514200249,4116126,0,01,4,23140,1650,N
20260514,M7731,41016902,20260514,41,11,08,41_25663601,2,570,41016902,20260514145136,4106836,20260514152839,4111588,0,01,4,24330,2223,N
20260514,M7731,41016902,20260514,41,11,08,41_25663601,2,570,41016902,20260514223631,4106836,20260514231039,4111588,0,01,1,24330,2048,N
20260514,M7731,41016902,20260514,41,11,08,41_25697736,2,570,41016902,20260514113258,4106836,20260514121108,4111588,0,01,2,24330,2290,N
20260514,M7731,41016902,20260514,41,11,08,41_25748474,2,570,41016902,20260514181959,4106836,20260514190232,4116126,1,01,4,25350,2553,N
20260514,M7731,41016902,20260514,41,11,08,41_25750590,2,570,41016902,20260514180610,4177448,20260514183113,4111588,0,01,1,22120,1503,N
20260514,M7731,41016902,20260514,41,11,08,41_25775203,2,570,41016902,20260514105152,4177448,20260514112020,4111588,0,01,3,22120,1708,N
20260514,M7731,41016902,20260514,41,41,08,41_25783658,2,570,41016902,20260515003707,4123056,20260515004418,4106837,2,01,3,1940,431,N
20260514,M7731,41016902,20260514,41,11,08,41_25795477,2,570,41016902,20260514141531,4106836,20260514144832,4111588,0,01,4,24330,1981,N
20260514,M7731,41016902,20260514,41,11,08,41_25857589,2,570,41016902,20260514072224,4110868,20260514075057,4111588,0,01,3,26980,1713,N
20260514,M7731,41016902,20260514,41,11,08,41_25873822,2,570,41016902,20260514083701,4106836,20260514091244,4116126,0,01,3,25350,2143,N
20260514,M7731,41016902,20260514,41,11,08,41_25914263,2,570,41016902,20260514232306,4106836,20260514234315,4116130,1,01,3,26590,1209,N
20260514,M7731,41016902,20260514,41,11,08,41_25914560,2,570,41016902,20260514122345,4110868,20260514125204,4111588,0,01,3,26980,1699,N
20260514,M7731,41016902,20260514,41,11,08,41_2595615,2,570,41016902,20260514053300,4177510,20260514055709,4111588,0,01,3,29500,1449,N
20260514,M7731,41016902,20260514,41,41,08,41_25972847,1,570,41016902,20260514173149,4123056,20260514173857,4102447,2,01,3,3320,428,N
20260514,M7731,41016902,20260514,41,11,08,41_25974700,2,570,41016902,20260514180448,4177532,20260514182844,4111588,0,01,3,22980,1436,N
20260514,M7731,41016902,20260514,41,11,08,41_25980053,2,570,41016902,20260514112659,4177637,20260514115518,4111588,0,01,4,25830,1699,N
20260514,M7731,41016902,20260514,41,11,08,41_2600246,1,570,41016902,20260514171520,4106836,20260514180005,4116126,0,01,1,25350,2685,N
20260514,M7731,41016902,20260514,41,41,08,41_26004649,2,570,41016902,20260514181054,4107446,20260514182357,4106836,0,01,4,3540,783,N
20260514,M7731,41016902,20260514,41,11,08,41_26008324,2,570,41016902,20260514190620,4106836,20260514194339,4111588,0,01,4,24330,2239,N
20260514,M7731,41016902,20260514,41,41,08,41_26018115,2,570,41016902,20260514180750,4107446,20260514182053,4106836,0,01,2,3540,783,N
20260514,M7731,41016902,20260514,41,11,08,41_26027230,1,570,41016902,20260514183450,4106836,20260514190152,4111588,0,01,2,24330,1622,N
20260514,M7731,41016902,20260514,41,11,08,41_26031059,2,570,41016902,20260514102907,4106836,20260514110657,4116126,1,01,4,25350,2270,N
20260514,M7731,41016902,20260514,41,11,08,41_26042341,2,570,41016902,20260514075711,4177448,20260514083014,4116130,0,01,4,24380,1983,N
20260514,M7731,41016902,20260514,41,11,08,41_26042341,2,570,41016902,20260514121034,4177448,20260514125916,4116130,0,01,3,24380,2922,N
20260514,M7731,41016902,20260514,41,11,08,41_26043930,1,570,41016902,20260514172529,4106836,20260514175231,4111588,0,01,3,24330,1622,N
20260514,M7731,41016902,20260514,41,11,08,41_26049939,2,570,41016902,20260514182051,4177448,20260514185359,4116126,0,01,4,23140,1988,N
20260514,M7731,41016902,20260514,41,11,08,41_26055737,1,570,41016902,20260514175331,4177532,20260514182631,4116126,0,01,2,24000,1980,N
20260514,M7731,41016902,20260514,41,11,08,41_26091206,2,570,41016902,20260514183353,4106836,20260514190531,4116130,0,01,4,26590,1898,N
20260514,M7731,41016902,20260514,41,11,08,41_26137608,1,570,41016902,20260514075811,4177532,20260514083425,4111588,0,01,3,22980,2174,N
20260514,M7731,41016902,20260514,41,41,08,41_26150949,2,570,41016902,20260514154628,4177533,20260514160923,4107447,0,01,2,4900,1375,N
20260514,M7731,41016902,20260514,41,11,08,41_26157784,2,570,41016902,20260514091351,4106836,20260514095632,4111588,0,01,2,24330,2561,N
20260514,M7731,41016902,20260514,41,11,08,41_26159585,2,570,41016902,20260514161111,4177532,20260514165337,4116126,0,01,4,24000,2546,N
20260514,M7731,41016902,20260514,41,11,08,41_26167741,2,570,41016902,20260514065012,4110935,20260514075138,4111588,0,01,1,28710,3686,N
20260514,M7731,41016902,20260514,41,11,08,41_26179910,1,570,41016902,20260514072649,4177448,20260514075323,4111588,1,01,3,22120,1594,N
20260514,M7731,41016902,20260514,41,11,08,41_26206509,1,570,41016902,20260514190704,4177637,20260514194635,4116126,0,01,3,26850,2371,N
20260514,M7731,41016902,20260514,41,11,08,41_26213285,1,570,41016902,20260514080154,4177532,20260514090138,4116126,0,01,4,24000,3584,N
20260514,M7731,41016902,20260514,41,11,08,41_26215458,2,570,41016902,20260514170247,4106836,20260514173134,4111588,0,01,1,24330,1727,N
20260514,M7731,41016902,20260514,41,11,08,41_26219219,2,570,41016902,20260514100648,4106836,20260514105322,4111588,0,01,3,24330,2794,N
20260514,M7731,41016902,20260514,41,41,08,41_26222364,2,570,41016902,20260514181334,4110935,20260514183053,4177448,0,01,1,6590,1039,N
20260514,M7731,41016902,20260514,41,11,08,41_26223187,2,570,41016902,20260514182042,4106836,20260514185042,4116126,0,01,2,25350,1800,N
20260514,M7731,41016902,20260514,41,11,08,41_26249463,2,570,41016902,20260514172358,4177532,20260514180315,4116126,0,01,3,24000,2357,N
20260514,M7731,41016902,20260514,41,11,08,41_26261717,2,570,41016902,20260514201829,4177448,20260514205649,4111588,0,01,3,22120,2300,N
20260514,M7731,41016902,20260514,41,11,08,41_2628977,1,570,41016902,20260514122325,4177532,20260514125245,4111588,0,01,3,22980,1760,N
20260514,M7731,41016902,20260514,41,11,08,41_26291307,2,570,41016902,20260514190321,4177637,20260514194252,4111588,0,01,4,25830,2371,N
20260514,M7731,41016902,20260514,41,11,08,41_26292945,2,570,41016902,20260514161909,4106836,20260514164852,4116126,0,01,3,25350,1783,N
20260514,M7731,41016902,20260514,41,11,08,41_26296390,2,570,41016902,20260514144714,4106836,20260514153718,4116130,1,01,1,26590,3004,N
20260514,M7731,41016902,20260514,41,11,08,41_26328547,1,570,41016902,20260514125134,4106836,20260514134404,4111588,0,01,4,24330,3150,N
20260514,M7731,41016902,20260514,41,11,08,41_26343966,2,570,41016902,20260514181628,4177532,20260514184202,4111588,0,01,2,22980,1534,N
20260514,M7731,41016902,20260514,41,11,08,41_26345778,2,570,41016902,20260514093804,4106836,20260514100431,4111588,1,01,1,24330,1587,N
20260514,M7731,41016902,20260514,41,11,08,41_26351910,2,570,41016902,20260514142037,4177637,20260514151720,4116126,0,01,3,26850,3403,N
20260514,M7731,41016902,20260514,41,11,08,41_26357158,2,570,41016902,20260514185555,4106836,20260514192735,4111588,0,01,1,24330,1900,N
20260514,M7731,41016902,20260514,41,11,08,41_26398949,2,570,41016902,20260514214749,4106836,20260514221502,4116126,0,01,3,25350,1633,N
20260514,M7731,41016902,20260514,41,11,08,41_26414664,1,570,41016902,20260514174621,4106836,20260514181914,4116126,1,01,2,25350,1973,N
20260514,M7731,41016902,20260514,41,11,08,41_26419733,2,570,41016902,20260514155325,4177448,20260514161535,4111588,0,01,4,22120,1330,N
20260514,M7731,41016902,20260514,41,11,08,41_26419801,2,570,41016902,20260514094249,4177510,20260514105709,4111588,0,01,3,29500,4460,N
20260514,M7731,41016902,20260514,41,11,08,41_26420702,1,570,41016902,20260514153315,4106836,20260514163353,4116126,0,01,4,25350,3638,N
20260514,M7731,41016902,20260514,41,11,08,41_26427274,2,570,41016902,20260514062827,4106836,20260514072949,4116126,0,01,2,25350,3682,N
20260514,M7731,41016902,20260514,41,11,08,41_2643480,1,570,41016902,20260514182520,4106836,20260514190244,4111588,0,01,4,24330,2244,N
20260514,M7731,41016902,20260514,41,11,08,41_264352,2,570,41016902,20260514194059,4177532,20260514200912,4111588,0,01,2,22980,1693,N
20260514,M7731,41016902,20260514,41,11,08,41_26444035,2,570,41016902,20260514072258,4177448,20260514080513,4116126,0,01,4,23140,2535,N
20260514,M7731,41016902,20260514,41,41,08,41_26463527,1,570,41016902,20260514152420,4107447,20260514153322,4177511,0,01,2,1640,542,N
20260514,M7731,41016902,20260514,41,11,08,41_2646692,2,570,41016902,20260514091353,4110935,20260514094934,4111588,0,01,4,28710,2141,N
20260514,M7731,41016902,20260514,41,11,08,41_26470538,1,570,41016902,20260514204245,4177448,20260514211312,4111588,0,01,4,22120,1827,N
20260514,M7731,41016902,20260514,41,11,08,41_26507603,1,570,41016902,20260514180309,4110935,20260514190127,4111588,0,01,3,28710,3498,N
20260514,M7731,41016902,20260514,41,41,08,41_26511619,1,570,41016902,20260514231111,4123056,20260514232006,4106837,1,01,4,1940,535,N
20260514,M7731,41016902,20260514,41,11,08,41_26538746,1,570,41016902,20260514145048,4106836,20260514153436,4111588,0,01,2,24330,2628,N
20260514,M7731,41016902,20260514,41,11,08,41_2655019,2,570,41016902,20260514093327,4110935,20260514100908,4111588,0,01,3,28710,2141,N
20260514,M7731,41016902,20260514,41,41,08,41_26582475,2,570,41016902,20260514180442,4110935,20260514184612,4177532,0,01,3,5730,2490,N
20260514,M7731,41016902,20260514,41,41,08,41_26583496,2,570,41016902,20260514200253,4177510,20260514201141,4110868,0,01,1,2520,528,N
20260514,M7731,41016902,20260514,41,11,08,41_26585802,2,570,41016902,20260514194051,4107446,20260514202640,4111588,0,01,4,27870,2749,N
20260514,M7731,41016902,20260514,41,11,08,41_2659817,2,570,41016902,20260514184230,4106836,20260514191136,4111588,0,01,4,24330,1746,N
20260514,M7731,41016902,20260514,41,11,08,41_26609791,2,570,41016902,20260514220216,4177637,20260514222422,4111588,0,01,2,25830,1326,N
20260514,M7731,41016902,20260514,41,11,08,41_26618529,2,570,41016902,20260514180650,4177448,20260514182910,4111588,0,01,4,22120,1340,N
20260514,M7731,41016902,20260514,41,11,08,41_26671651,2,570,41016902,20260514050344,4107446,20260514054040,4111588,0,01,2,27870,2216,N
20260514,M7731,41016902,20260514,41,11,08,41_26693111,2,570,41016902,20260514145422,4106836,20260514151501,4116126,0,01,3,25350,1239,N
20260514,M7731,41016902,20260514,41,11,08,41_26703443,2,570,41016902,20260514190343,4177532,20260514193653,4116126,0,01,2,24000,1990,N
20260514,M7731,41016902,20260514,41,11,08,41_26716992,2,570,41016902,20260514115212,4177448,20260514122904,4111588,0,01,1,22120,2212,N
20260514,M7731,41016902,20260514,41,11,08,41_26717472,1,570,41016902,20260514073640,4106836,20260514080708,4111588,1,01,4,24330,1828,N
20260514,M7731,41016902,20260514,41,11,08,41_26728040,1,570,41016902,20260514115212,4177448,20260514123250,4116130,0,01,2,24380,2438,N
20260514,M7731,41016902,20260514,41,11,08,41_26728363,2,570,41016902,20260514134233,4177448,20260514141328,4111588,0,01,4,22120,1855,N
20260514,M7731,41016902,20260514,41,11,08,41_26740162,2,570,41016902,20260514115214,4177448,20260514121128,4111588,0,01,1,22120,1154,N
20260514,M7731,41016902,20260514,41,41,08,41_2677268,2,570,41016902,20260514073829,4177637,20260514074719,4177448,0,01,2,3710,530,N
20260514,M7731,41016902,20260514,41,11,08,41_26778767,1,570,41016902,20260514083227,4177637,20260514092543,4116126,0,01,3,26850,3196,N
20260514,M7731,41016902,20260514,41,11,08,41_26780811,1,570,41016902,20260514142322,4106836,20260514151034,4116126,0,01,1,25350,2832,N
20260514,M7731,41016902,20260514,41,11,08,41_26787329,2,570,41016902,20260514121305,4110935,20260514125508,4111588,0,01,3,28710,2523,N
20260514,M7731,41016902,20260514,41,11,08,41_26796274,2,570,41016902,20260514111637,4106836,20260514115715,4109162,0,01,3,29380,2438,N
20260514,M7731,41016902,20260514,41,11,08,41_26796274,2,570,41016902,20260514142322,4106836,20260514150400,4109162,0,01,1,29380,2438,N
20260514,M7731,41016902,20260514,41,11,08,41_26796274,2,570,41016902,20260514170233,4106836,20260514174148,4109162,0,01,1,29380,2355,N
20260514,M7731,41016902,20260514,41,11,08,41_26799449,2,570,41016902,20260514221744,4106836,20260514225858,4111588,0,01,1,24330,2474,N
20260514,M7731,41016902,20260514,41,11,08,41_26812586,1,570,41016902,20260514173202,4177448,20260514182417,4111588,0,01,1,22120,3135,N
20260514,M7731,41016902,20260514,41,11,08,41_26840272,2,570,41016902,20260514122716,4177532,20260514125410,4111588,0,01,3,22980,1614,N
20260514,M7731,41016902,20260514,41,11,08,41_26843324,2,570,41016902,20260514083919,4177448,20260514090200,4111588,0,01,4,22120,1361,N
20260514,M7731,41016902,20260514,41,11,08,41_26850126,2,570,41016902,20260514093638,4106836,20260514100310,4111588,1,01,2,24330,1592,N
20260514,M7731,41016902,20260514,41,11,08,41_26862475,1,570,41016902,20260514122716,4177532,20260514130031,4111588,0,01,1,22980,1995,N
20260514,M7731,41016902,20260514,41,11,08,41_26884515,2,570,41016902,20260514161940,4177448,20260514164404,4111588,0,01,4,22120,1464,N
20260514,M7731,41016902,20260514,41,11,08,41_26907135,2,570,41016902,20260514163851,4177637,20260514171503,4111588,0,01,3,25830,2172,N
20260514,M7731,41016902,20260514,41,11,08,41_26927938,1,570,41016902,20260514063113,4106836,20260514070851,4111588,1,01,4,24330,2258,N
20260514,M7731,41016902,20260514,41,11,08,41_26939418,2,570,41016902,20260514085431,4106836,20260514093614,4116126,1,01,3,25350,2503,N
20260514,M7731,41016902,20260514,41,11,08,41_2695110,2,570,41016902,20260514143206,4106836,20260514150657,4111588,0,01,2,24330,2091,N
20260514,M7731,41016902,20260514,41,11,08,41_26952366,2,570,41016902,20260514160533,4177448,20260514163938,4111588,0,01,1,22120,2045,N
20260514,M7731,41016902,20260514,41,11,08,41_26961537,1,570,41016902,20260514120815,4177637,20260514125804,4116126,0,01,1,26850,2989,N
20260514,M7731,41016902,20260514,41,11,08,41_2696998,2,570,41016902,20260514160210,4177532,20260514163147,4111588,0,01,2,22980,1777,N
20260514,M7731,41016902,20260514,41,41,08,41_27002814,2,570,41016902,20260514184735,4107447,20260514185446,4177511,0,01,1,1640,431,N
20260514,M7731,41016902,20260514,41,41,08,41_27002814,2,570,41016902,20260514213417,4177510,20260514213917,4107446,0,01,2,1630,300,N
20260514,M7731,41016902,20260514,41,11,08,41_27004868,2,570,41016902,20260514082416,4177448,20260514085630,4111588,0,01,4,22120,1934,N
20260514,M7731,41016902,20260514,41,11,08,41_27054004,2,570,41016902,20260514110749,4106836,20260514115224,4116126,0,01,4,25350,2675,N
20260514,M7731,41016902,20260514,41,11,08,41_27054152,2,570,41016902,20260514163608,4106836,20260514172259,4116126,0,01,2,25350,2811,N
20260514,M7731,41016902,20260514,41,11,08,41_27067937,2,570,41016902,20260514144512,4177448,20260514152106,4116126,0,01,4,23140,2154,N
20260514,M7731,41016902,20260514,41,11,08,41_27075653,2,570,41016902,20260514224354,4106836,20260514231159,4111588,0,01,3,24330,1685,N
20260514,M7731,41016902,20260514,41,11,08,41_27080940,1,570,41016902,20260514210216,4177448,20260514213225,4111588,0,01,2,22120,1809,N
20260514,M7731,41016902,20260514,41,11,08,41_27131477,2,570,41016902,20260514181510,4177448,20260514183941,4116126,0,01,3,23140,1471,N
20260514,M7731,41016902,20260514,41,11,08,41_2713565,2,570,41016902,20260514111558,4110935,20260514113811,4111588,0,01,3,28710,1333,N
20260514,M7731,41016902,20260514,41,11,08,41_27146875,2,570,41016902,20260514093101,4177510,20260514102656,4116126,0,01,4,30520,3355,N
20260514,M7731,41016902,20260514,41,11,08,41_27155129,1,570,41016902,20260514210517,4106836,20260514214941,4116126,0,01,3,25350,2664,N
20260514,M7731,41016902,20260514,41,11,08,41_27155129,1,570,41016902,20260514223556,4106836,20260514230910,4116126,0,01,2,25350,1994,N
20260514,M7731,41016902,20260514,41,11,08,41_27166200,1,570,41016902,20260514093214,4106836,20260514100452,4111588,0,01,4,24330,1958,N
20260514,M7731,41016902,20260514,41,11,08,41_2716922,2,570,41016902,20260514151410,4106836,20260514153555,4111588,0,01,2,24330,1305,N
20260514,M7731,41016902,20260514,41,11,08,41_27176291,1,570,41016902,20260514070857,4177637,20260514073702,4109162,0,01,2,30880,1685,N
20260514,M7731,41016902,20260514,41,11,08,41_27178096,2,570,41016902,20260514122845,4107446,20260514125544,4111588,0,01,3,27870,1619,N
20260514,M7731,41016902,20260514,41,41,08,41_27178793,2,570,41016902,20260514141335,4177637,20260514142030,4106836,0,01,1,1500,415,N
20260514,M7731,41016902,20260514,41,11,08,41_27193180,2,570,41016902,20260514171443,4177448,20260514174256,4111588,0,01,2,22120,1693,N
20260514,M7731,41016902,20260514,41,11,08,41_27196953,2,570,41016902,20260514144012,4106836,20260514153235,4111588,1,01,1,24330,3143,N
20260514,M7731,41016902,20260514,41,11,08,41_27210756,2,570,41016902,20260514203256,4177448,20260514210202,4116126,0,01,3,23140,1746,N
20260514,M7731,41016902,20260514,41,11,08,41_27220821,2,570,41016902,20260514153109,4177532,20260514155859,4111588,0,01,3,22980,1670,N
20260514,M7731,41016902,20260514,41,41,08,41_2722710,1,570,41016902,20260514225742,4123056,20260514230208,4102447,2,01,4,3320,266,N
20260514,M7731,41016902,20260514,41,11,08,41_27240946,2,570,41016902,20260514153028,4177532,20260514160115,4116130,0,01,3,25240,1847,N
20260514,M7731,41016902,20260514,41,41,08,41_27257968,2,570,41016902,20260514171955,4123056,20260514173743,4107447,0,01,3,5480,1068,N
20260514,M7731,41016902,20260514,41,11,08,41_27259090,2,570,41016902,20260514082439,4177448,20260514085330,4111588,0,01,3,22120,1731,N
20260514,M7731,41016902,20260514,41,11,08,41_2746102,1,570,41016902,20260514170553,4177532,20260514173651,4116126,0,01,1,24000,1858,N
20260514,M7731,41016902,20260514,41,11,08,41_2784463,2,570,41016902,20260514092320,4110935,20260514094637,4111588,0,01,4,28710,1397,N
20260514,M7731,41016902,20260514,41,11,08,41_2822134,2,570,41016902,20260514050011,4177448,20260514052338,4111588,0,01,4,22120,1407,N
20260514,M7731,41016902,20260514,41,11,08,41_2829014,2,570,41016902,20260515001440,4106836,20260515005846,4111588,0,01,1,24330,2646,N
20260514,M7731,41016902,20260514,41,11,08,41_2858044,2,570,41016902,20260514181419,4106836,20260514190145,4111588,0,01,3,24330,2846,N
20260514,M7731,41016902,20260514,41,11,08,41_287609,1,570,41016902,20260514102416,4177637,20260514111416,4111598,0,01,4,29120,3000,N
20260514,M7731,41016902,20260514,41,11,08,41_2890520,2,570,41016902,20260514065954,4106836,20260514075547,4116126,1,01,1,25350,3353,N
20260514,M7731,41016902,20260514,41,11,08,41_2892827,2,570,41016902,20260514052013,4177510,20260514060210,4111588,0,01,1,29500,2517,N
20260514,M7731,41016902,20260514,41,11,08,41_2904518,2,570,41016902,20260514180158,4177448,20260514183146,4111588,0,01,1,22120,1788,N
20260514,M7731,41016902,20260514,41,41,08,41_2929790,1,570,41016902,20260514195212,4123056,20260514200305,4102447,1,01,1,3320,653,N
20260514,M7731,41016902,20260514,41,11,08,41_2946111,2,570,41016902,20260514083217,4177637,20260514090312,4111588,0,01,2,25830,1855,N
20260514,M7731,41016902,20260514,41,11,08,41_295008,1,570,41016902,20260514075420,4110935,20260514083232,4116126,0,01,1,29730,2292,N
20260514,M7731,41016902,20260514,41,11,08,41_2981462,2,570,41016902,20260514072726,4106836,20260514080749,4111588,0,01,1,24330,2423,N
20260514,M7731,41016902,20260514,41,11,08,41_2993294,2,570,41016902,20260514205636,4106836,20260514214220,4116130,0,01,2,26590,2744,N
20260514,M7731,41016902,20260514,41,11,08,41_2993579,2,570,41016902,20260514083214,4177637,20260514090306,4116126,0,01,4,26850,1852,N
20260514,M7731,41016902,20260514,41,41,08,41_3003620,1,570,41016902,20260514062109,4110868,20260514063654,4177448,0,01,1,4860,945,N
20260514,M7731,41016902,20260514,41,11,08,41_3015511,2,570,41016902,20260514063509,4177448,20260514070900,4116126,0,01,4,23140,2031,N
20260514,M7731,41016902,20260514,41,11,08,41_3032252,1,570,41016902,20260514222812,4106836,20260514225754,4111588,0,01,2,24330,1782,N
20260514,M7731,41016902,20260514,41,11,08,41_3038260,1,570,41016902,20260514175055,4177532,20260514181651,4111588,0,01,4,22980,1556,N
20260514,M7731,41016902,20260514,41,11,08,41_3039769,2,570,41016902,20260514093932,4110935,20260514101224,4111588,0,01,2,28710,1972,N
20260514,M7731,41016902,20260514,41,11,08,41_3074134,1,570,41016902,20260514063811,4177448,20260514071202,4116126,0,01,3,23140,2031,N
20260514,M7731,41016902,20260514,41,11,08,41_3082171,2,570,41016902,20260514220012,4177448,20260514221944,4111588,1,01,3,22120,1172,N
20260514,M7731,41016902,20260514,41,11,08,41_3130322,2,570,41016902,20260514170149,4177532,20260514173402,4111588,0,01,4,22980,1933,N
20260514,M7731,41016902,20260514,41,11,08,41_314896,2,570,41016902,20260514165339,4106836,20260514174204,4111588,0,01,4,24330,2905,N
20260514,M7731,41016902,20260514,41,11,08,41_3190762,2,570,41016902,20260514062034,4106836,20260514070041,4111588,0,01,1,24330,2407,N
20260514,M7731,41016902,20260514,41,11,08,41_3190762,2,570,41016902,20260514220410,4106836,20260514224541,4116126,0,01,2,25350,2491,N
20260514,M7731,41016902,20260514,41,11,08,41_3221990,2,570,41016902,20260514192550,4107446,20260514195111,4111588,0,01,2,27870,1521,N
20260514,M7731,41016902,20260514,41,11,08,41_3223636,1,570,41016902,20260514075557,4106836,20260514082713,4111588,0,01,4,24330,1876,N
20260514,M7731,41016902,20260514,41,11,08,41_3226673,2,570,41016902,20260514101209,4177448,20260514104133,4111599,0,01,4,26060,1764,N
20260514,M7731,41016902,20260514,41,11,08,41_3227814,2,570,41016902,20260514101209,4177448,20260514104255,4111588,0,01,2,22120,1846,N
20260514,M7731,41016902,20260514,41,41,08,41_3235989,2,570,41016902,20260514133304,4107446,20260514135431,4177448,0,01,1,5750,1287,N
20260514,M7731,41016902,20260514,41,41,08,41_3235989,2,570,41016902,20260514212718,4123056,20260514214332,4107447,0,01,4,5480,974,N
20260514,M7731,41016902,20260514,41,41,08,41_3235989,2,570,41016902,20260515002818,4123056,20260515003927,4107447,0,01,1,5480,669,N
20260514,M7731,41016902,20260514,41,11,08,41_3248962,2,570,41016902,20260514111149,4177532,20260514113541,4111588,0,01,1,22980,1432,N
20260514,M7731,41016902,20260514,41,11,08,41_3296586,1,570,41016902,20260514152443,4106836,20260514155636,4111588,0,01,4,24330,1913,N
20260514,M7731,41016902,20260514,41,11,08,41_3304368,2,570,41016902,20260514190344,4177448,20260514194449,4116126,0,01,1,23140,2465,N
20260514,M7731,41016902,20260514,41,11,08,41_3312655,2,570,41016902,20260514144643,4177510,20260514151329,4111588,0,01,3,29500,1606,N
20260514,M7731,41016902,20260514,41,11,08,41_3326059,2,570,41016902,20260514153506,4106836,20260514161340,4116126,0,01,2,25350,2314,N
20260514,M7731,41016902,20260514,41,11,08,41_3326059,2,570,41016902,20260514172637,4106836,20260514180625,4116126,0,01,1,25350,2388,N
20260514,M7731,41016902,20260514,41,11,08,41_3330505,1,570,41016902,20260514161315,4177448,20260514164513,4111588,0,01,2,22120,1918,N
20260514,M7731,41016902,20260514,41,11,08,41_3364781,2,570,41016902,20260514103841,4177448,20260514110635,4111588,0,01,3,22120,1674,N
20260514,M7731,41016902,20260514,41,11,08,41_3365488,2,570,41016902,20260514214757,4106836,20260514222351,4111588,0,01,2,24330,2154,N
20260514,M7731,41016902,20260514,41,11,08,41_3379130,2,570,41016902,20260514141119,4177637,20260514143805,4111588,0,01,1,25830,1606,N
20260514,M7731,41016902,20260514,41,11,08,41_3386140,2,570,41016902,20260514102645,4177448,20260514105331,4116126,0,01,3,23140,1606,N
20260514,M7731,41016902,20260514,41,11,08,41_3390293,1,570,41016902,20260514113523,4177637,20260514120209,4111588,0,01,2,25830,1606,N
20260514,M7731,41016902,20260514,41,11,08,41_3390705,1,570,41016902,20260514082249,4110935,20260514090414,4111588,0,01,4,28710,2485,N
20260514,M7731,41016902,20260514,41,11,08,41_3400424,2,570,41016902,20260514155057,4106836,20260514163309,4111588,0,01,3,24330,2532,N
20260514,M7731,41016902,20260514,41,11,08,41_3403926,2,570,41016902,20260514141539,4177532,20260514143646,4111588,0,01,2,22980,1267,N
20260514,M7731,41016902,20260514,41,11,08,41_3417215,2,570,41016902,20260514070806,4177448,20260514080057,4116126,1,01,3,23140,3171,N
20260514,M7731,41016902,20260514,41,11,08,41_3423138,2,570,41016902,20260514220447,4177532,20260514224144,4116130,0,01,3,25240,2217,N
20260514,M7731,41016902,20260514,41,11,08,41_3441207,2,570,41016902,20260514134140,4177448,20260514140919,4111588,0,01,3,22120,1659,N
20260514,M7731,41016902,20260514,41,11,08,41_352764,1,570,41016902,20260514052953,4106836,20260514060225,4111588,1,01,2,24330,1952,N
20260514,M7731,41016902,20260514,41,11,08,41_352764,1,570,41016902,20260514103804,4106836,20260514110135,4111588,0,01,2,24330,1411,N
20260514,M7731,41016902,20260514,41,11,08,41_3536266,1,570,41016902,20260514080728,4177637,20260514090217,4111588,0,01,4,25830,3289,N
20260514,M7731,41016902,20260514,41,11,08,41_3538814,2,570,41016902,20260514192156,4106836,20260514200518,4116126,0,01,3,25350,2602,N
20260514,M7731,41016902,20260514,41,41,08,41_3579308,2,570,41016902,20260514223717,4123056,20260514224752,4102447,0,01,4,3320,635,N
20260514,M7731,41016902,20260514,41,11,08,41_3584763,1,570,41016902,20260514080728,4177448,20260514090217,4111588,0,01,3,22120,3289,N
20260514,M7731,41016902,20260514,41,11,08,41_3621661,2,570,41016902,20260514070140,4177637,20260514073550,4109162,0,01,1,30880,2050,N
20260514,M7731,41016902,20260514,41,11,08,41_3653858,2,570,41016902,20260514064427,4106836,20260514072752,4116126,1,01,1,25350,2605,N
20260514,M7731,41016902,20260514,41,11,08,41_3662850,2,570,41016902,20260514181420,4106836,20260514185106,4111588,0,01,3,24330,2206,N
20260514,M7731,41016902,20260514,41,11,08,41_3701074,2,570,41016902,20260514151732,4177448,20260514154013,4111588,0,01,2,22120,1361,N
20260514,M7731,41016902,20260514,41,11,08,41_3708636,2,570,41016902,20260514114705,4177510,20260514121058,4111588,0,01,3,29500,1433,N
20260514,M7731,41016902,20260514,41,11,08,41_3709538,2,570,41016902,20260514082109,4177448,20260514084749,4116126,1,01,1,23140,1600,N
20260514,M7731,41016902,20260514,41,11,08,41_3715984,2,570,41016902,20260514180446,4106836,20260514182922,4111598,0,01,3,27620,1476,N
20260514,M7731,41016902,20260514,41,11,08,41_3719087,1,570,41016902,20260514094417,4106836,20260514102002,4116126,1,01,4,25350,2145,N
20260514,M7731,41016902,20260514,41,11,08,41_3723793,2,570,41016902,20260514121730,4177637,20260514134003,4116126,0,01,1,26850,4953,N
20260514,M7731,41016902,20260514,41,11,08,41_3723793,2,570,41016902,20260514190406,4177637,20260514195216,4116126,0,01,3,26850,2890,N
20260514,M7731,41016902,20260514,41,11,08,41_3740583,1,570,41016902,20260514144845,4177532,20260514151322,4111588,0,01,2,22980,1477,N
20260514,M7731,41016902,20260514,41,11,08,41_3740693,2,570,41016902,20260514192746,4106836,20260514200331,4116126,0,01,3,25350,2145,N
20260514,M7731,41016902,20260514,41,11,08,41_3747415,2,570,41016902,20260514084742,4177532,20260514091855,4116126,0,01,1,24000,1873,N
20260514,M7731,41016902,20260514,41,11,08,41_3747415,2,570,41016902,20260514144606,4177532,20260514152135,4116126,0,01,3,24000,2129,N
20260514,M7731,41016902,20260514,41,11,08,41_3758523,1,570,41016902,20260514085136,4177532,20260514092119,4111588,0,01,2,22980,1783,N
20260514,M7731,41016902,20260514,41,11,08,41_376088,1,570,41016902,20260514141724,4106836,20260514144250,4111588,1,01,4,24330,1526,N
20260514,M7731,41016902,20260514,41,11,08,41_3776938,2,570,41016902,20260514144202,4177532,20260514150757,4111588,0,01,4,22980,1555,N
20260514,M7731,41016902,20260514,41,11,08,41_379058,2,570,41016902,20260514174106,4177448,20260514180048,4111588,0,01,1,22120,1182,N
20260514,M7731,41016902,20260514,41,11,08,41_3801137,2,570,41016902,20260514192538,4177532,20260514195653,4111588,0,01,3,22980,1875,N
20260514,M7731,41016902,20260514,41,11,08,41_3836107,2,570,41016902,20260514070845,4177637,20260514074136,4109162,0,01,4,30880,1971,N
20260514,M7731,41016902,20260514,41,11,08,41_3837590,2,570,41016902,20260514180930,4106836,20260514184724,4116126,0,01,3,25350,2274,N
20260514,M7731,41016902,20260514,41,11,08,41_3853452,1,570,41016902,20260514081355,4106836,20260514084919,4111588,1,01,1,24330,2124,N
20260514,M7731,41016902,20260514,41,11,08,41_385370,1,570,41016902,20260514173954,4177448,20260514181732,4116126,0,01,3,23140,2258,N
20260514,M7731,41016902,20260514,41,11,08,41_3885901,2,570,41016902,20260514164122,4106836,20260514170950,4111588,0,01,2,24330,1708,N
20260514,M7731,41016902,20260514,41,11,08,41_3886523,2,570,41016902,20260514092407,4177448,20260514095502,4111588,0,01,1,22120,1855,N
20260514,M7731,41016902,20260514,41,11,08,41_3899274,2,570,41016902,20260514091833,4107446,20260514101035,4116130,0,01,4,30130,3122,N
20260514,M7731,41016902,20260514,41,11,08,41_3899274,2,570,41016902,20260514220327,4107446,20260514225631,4116130,0,01,4,30130,3184,N
20260514,M7731,41016902,20260514,41,11,08,41_3906214,2,570,41016902,20260514192314,4177448,20260514194538,4111588,0,01,1,22120,1344,N
20260514,M7731,41016902,20260514,41,11,08,41_3915740,2,570,41016902,20260514111204,4106836,20260514114646,4111588,0,01,3,24330,2082,N
20260514,M7731,41016902,20260514,41,11,08,41_3948451,2,570,41016902,20260514173504,4106836,20260514180942,4111588,0,01,2,24330,2078,N
20260514,M7731,41016902,20260514,41,11,08,41_3951214,1,570,41016902,20260514073025,4177637,20260514075923,4111588,0,01,4,25830,1738,N
20260514,M7731,41016902,20260514,41,11,08,41_3955727,2,570,41016902,20260514174152,4106836,20260514182052,4116126,0,01,1,25350,2340,N
20260514,M7731,41016902,20260514,41,11,08,41_3961714,2,570,41016902,20260514141134,4177448,20260514143455,4111588,1,01,3,22120,1401,N
20260514,M7731,41016902,20260514,41,11,08,41_3975650,2,570,41016902,20260514170914,4106836,20260514174930,4116126,0,01,2,25350,2416,N
20260514,M7731,41016902,20260514,41,11,08,41_397626,2,570,41016902,20260514140733,4177448,20260514143207,4111588,0,01,2,22120,1474,N
20260514,M7731,41016902,20260514,41,11,08,41_397626,2,570,41016902,20260514173758,4177448,20260514180726,4111588,0,01,3,22120,1768,N
20260514,M7731,41016902,20260514,41,11,08,41_3995735,2,570,41016902,20260514124858,4106836,20260514132253,4111588,1,01,3,24330,2035,N
20260514,M7731,41016902,20260514,41,11,08,41_4000678,2,570,41016902,20260514200108,4106836,20260514204410,4116126,0,01,1,25350,2582,N
20260514,M7731,41016902,20260514,41,41,08,41_4014952,2,570,41016902,20260514085358,4110935,20260514091518,4177448,0,01,1,6590,1280,N
20260514,M7731,41016902,20260514,41,11,08,41_4022508,2,570,41016902,20260514171805,4106836,20260514175258,4116126,1,01,4,25350,2093,N
20260514,M7731,41016902,20260514,41,11,08,41_4026208,2,570,41016902,20260514090111,4177637,20260514094059,4111588,0,01,1,25830,2388,N
20260514,M7731,41016902,20260514,41,11,08,41_4050480,2,570,41016902,20260514211017,4110935,20260514213920,4111588,0,01,2,28710,1743,N
20260514,M7731,41016902,20260514,41,11,08,41_4052352,2,570,41016902,20260514115702,4106836,20260514124920,4116126,0,01,1,25350,3138,N
20260514,M7731,41016902,20260514,41,11,08,41_4052352,2,570,41016902,20260514163815,4106836,20260514171942,4109162,0,01,3,29380,2487,N
20260514,M7731,41016902,20260514,41,11,08,41_4055360,1,570,41016902,20260514071428,4177448,20260514073945,4116130,0,01,2,24380,1517,N
20260514,M7731,41016902,20260514,41,11,08,41_4058278,2,570,41016902,20260514064554,4177448,20260514071601,4111588,0,01,2,22120,1807,N
20260514,M7731,41016902,20260514,41,11,08,41_4065875,1,570,41016902,20260514144533,4177448,20260514151258,4116130,0,01,1,24380,1645,N
20260514,M7731,41016902,20260514,41,11,08,41_4075219,2,570,41016902,20260514230226,4106836,20260514233549,4111588,0,01,2,24330,2003,N
20260514,M7731,41016902,20260514,41,11,08,41_4084599,2,570,41016902,20260514124533,4177448,20260514131258,4109162,0,01,3,27170,1645,N
20260514,M7731,41016902,20260514,41,11,08,41_4088928,1,570,41016902,20260514091641,4177637,20260514094332,4116126,0,01,4,26850,1611,N
20260514,M7731,41016902,20260514,41,11,08,41_4089507,1,570,41016902,20260514100852,4177510,20260514103813,4111588,0,01,1,29500,1761,N
20260514,M7731,41016902,20260514,41,11,08,41_4093695,1,570,41016902,20260514124533,4177448,20260514131454,4116126,0,01,2,23140,1761,N
20260514,M7731,41016902,20260514,41,11,08,41_4093695,1,570,41016902,20260514183426,4177448,20260514190418,4111588,0,01,3,22120,1792,N
20260514,M7731,41016902,20260514,41,11,08,41_4097132,1,570,41016902,20260514202237,4177532,20260514205140,4116126,0,01,1,24000,1743,N
20260514,M7731,41016902,20260514,41,11,08,41_4097399,2,570,41016902,20260514051349,4106836,20260514055738,4109162,0,01,2,29380,2629,N
20260514,M7731,41016902,20260514,41,11,08,41_4125076,1,570,41016902,20260514223945,4106836,20260514231103,4111588,1,01,4,24330,1878,N
20260514,M7731,41016902,20260514,41,11,08,41_4126402,2,570,41016902,20260514081756,4106836,20260514084958,4116126,0,01,1,25350,1922,N
20260514,M7731,41016902,20260514,41,11,08,41_4132453,2,570,41016902,20260514165657,4107446,20260514172921,4111588,0,01,2,27870,1944,N
20260514,M7731,41016902,20260514,41,41,08,41_413906,2,570,41016902,20260514170628,4107446,20260514175217,4177448,0,01,4,5750,2749,N
20260514,M7731,41016902,20260514,41,11,08,41_4158719,2,570,41016902,20260514204323,4177510,20260514211254,4111588,0,01,4,29500,1771,N
20260514,M7731,41016902,20260514,41,11,08,41_4177691,2,570,41016902,20260514204310,4177510,20260514211241,4111588,0,01,4,29500,1771,N
20260514,M7731,41016902,20260514,41,11,08,41_418336,1,570,41016902,20260514180034,4177448,20260514182659,4111588,0,01,2,22120,1585,N
20260514,M7731,41016902,20260514,41,11,08,41_4185737,2,570,41016902,20260514061000,4106836,20260514064805,4111588,0,01,3,24330,2285,N
20260514,M7731,41016902,20260514,41,11,08,41_4190223,2,570,41016902,20260514061504,4177532,20260514065140,4109162,0,01,1,28030,2196,N
20260514,M7731,41016902,20260514,41,11,08,41_4199077,1,570,41016902,20260514161249,4177532,20260514164339,4116130,0,01,1,25240,1850,N
20260514,M7731,41016902,20260514,41,41,08,41_419927,1,570,41016902,20260514062353,4177510,20260514070736,4177448,0,01,1,7380,2623,N
20260514,M7731,41016902,20260514,41,11,08,41_4233244,2,570,41016902,20260514123914,4106836,20260514131651,4111588,0,01,2,24330,2257,N
20260514,M7731,41016902,20260514,41,11,08,41_4257169,1,570,41016902,20260514111813,4177532,20260514115326,4111588,0,01,4,22980,2113,N
20260514,M7731,41016902,20260514,41,11,08,41_425760,2,570,41016902,20260514180034,4177448,20260514184302,4116126,0,01,4,23140,2548,N
20260514,M7731,41016902,20260514,41,11,08,41_4262489,2,570,41016902,20260514074626,4177448,20260514081237,4111588,0,01,3,22120,1571,N
20260514,M7731,41016902,20260514,41,11,08,41_4264967,1,570,41016902,20260514191120,4177532,20260514194633,4111588,0,01,3,22980,2113,N
20260514,M7731,41016902,20260514,41,11,08,41_4277668,2,570,41016902,20260514132415,4177448,20260514141512,4111588,0,01,3,22120,3057,N
20260514,M7731,41016902,20260514,41,11,08,41_4302229,2,570,41016902,20260514055423,4177637,20260514063048,4111588,0,01,1,25830,2185,N
20260514,M7731,41016902,20260514,41,11,08,41_4313343,2,570,41016902,20260514183754,4177532,20260514191139,4111588,0,01,2,22980,2025,N
20260514,M7731,41016902,20260514,41,11,08,41_4318056,1,570,41016902,20260514160600,4177448,20260514162442,4111588,0,01,2,22120,1122,N
20260514,M7731,41016902,20260514,41,11,08,41_437402,1,570,41016902,20260514050827,4177510,20260514061400,4111588,0,01,2,29500,3933,N
20260514,M7731,41016902,20260514,41,11,08,41_4375345,2,570,41016902,20260514094607,4177637,20260514103047,4111588,0,01,4,25830,2680,N
20260514,M7731,41016902,20260514,41,11,08,41_4381909,1,570,41016902,20260514172801,4177510,20260514183120,4111588,0,01,1,29500,3799,N
20260514,M7731,41016902,20260514,41,11,08,41_4396596,2,570,41016902,20260514182953,4177448,20260514185606,4111588,0,01,2,22120,1573,N
20260514,M7731,41016902,20260514,41,11,08,41_4422380,1,570,41016902,20260514141609,4177448,20260514145204,4116126,0,01,1,23140,2155,N
20260514,M7731,41016902,20260514,41,11,08,41_4449620,2,570,41016902,20260514233716,4106836,20260515001251,4111588,1,01,4,24330,2135,N
20260514,M7731,41016902,20260514,41,11,08,41_4486178,2,570,41016902,20260514060443,4177637,20260514070104,4111588,0,01,4,25830,3381,N
20260514,M7731,41016902,20260514,41,11,08,41_4525870,2,570,41016902,20260514134351,4106836,20260514141109,4116130,0,01,3,26590,1638,N
20260514,M7731,41016902,20260514,41,11,08,41_4547912,2,570,41016902,20260514180307,4177532,20260514183448,4111588,0,01,3,22980,1901,N
20260514,M7731,41016902,20260514,41,11,08,41_4549514,2,570,41016902,20260514173020,4177532,20260514175913,4111588,0,01,3,22980,1733,N
20260514,M7731,41016902,20260514,41,11,08,41_4565963,2,570,41016902,20260514054702,4106836,20260514061308,4111588,1,01,2,24330,1566,N
20260514,M7731,41016902,20260514,41,41,08,41_4571645,2,570,41016902,20260514171144,4123056,20260514171911,4102447,2,01,4,3320,447,N
20260514,M7731,41016902,20260514,41,11,08,41_458080,2,570,41016902,20260514064545,4177637,20260514073240,4116126,0,01,3,26850,2815,N
20260514,M7731,41016902,20260514,41,11,08,41_462349,2,570,41016902,20260514151211,4110935,20260514161027,4111588,0,01,1,28710,3496,N
20260514,M7731,41016902,20260514,41,11,08,41_4639402,2,570,41016902,20260514093930,4177448,20260514100033,4116126,0,01,1,23140,1263,N
20260514,M7731,41016902,20260514,41,11,08,41_4645395,1,570,41016902,20260514144206,4177532,20260514150801,4111588,0,01,4,22980,1555,N
20260514,M7731,41016902,20260514,41,11,08,41_4650341,2,570,41016902,20260514122504,4106836,20260514125751,4111588,1,01,3,24330,1967,N
20260514,M7731,41016902,20260514,41,11,08,41_466367,2,570,41016902,20260514064545,4177637,20260514072756,4111588,0,01,3,25830,2531,N
20260514,M7731,41016902,20260514,41,11,08,41_4693513,2,570,41016902,20260514070135,4177637,20260514072441,4116130,0,01,4,28090,1386,N
20260514,M7731,41016902,20260514,41,11,08,41_4693860,2,570,41016902,20260514153711,4106836,20260514161532,4116126,1,01,1,25350,2301,N
20260514,M7731,41016902,20260514,41,11,08,41_4699120,2,570,41016902,20260514172059,4177448,20260514174649,4116130,0,01,2,24380,1550,N
20260514,M7731,41016902,20260514,41,11,08,41_4708704,2,570,41016902,20260514075159,4177448,20260514083849,4111588,0,01,2,22120,2810,N
20260514,M7731,41016902,20260514,41,11,08,41_4711633,1,570,41016902,20260514063821,4177448,20260514070959,4111588,0,01,2,22120,1898,N
20260514,M7731,41016902,20260514,41,11,08,41_476284,2,570,41016902,20260514220712,4177637,20260514224523,4116126,0,01,1,26850,2291,N
20260514,M7731,41016902,20260514,41,11,08,41_476381,2,570,41016902,20260514080334,4110935,20260514084646,4111588,0,01,1,28710,2592,N
20260514,M7731,41016902,20260514,41,11,08,41_4785571,1,570,41016902,20260514073907,4177448,20260514080740,4116126,0,01,3,23140,1713,N
20260514,M7731,41016902,20260514,41,11,08,41_4806709,2,570,41016902,20260514114014,4177448,20260514122631,4111599,1,01,3,26060,2777,N
20260514,M7731,41016902,20260514,41,11,08,41_4806709,2,570,41016902,20260514125128,4177448,20260514133527,4111599,0,01,4,26060,2639,N
20260514,M7731,41016902,20260514,41,11,08,41_4816174,2,570,41016902,20260514143620,4106836,20260514151505,4116126,0,01,2,25350,2325,N
20260514,M7731,41016902,20260514,41,11,08,41_4844632,2,570,41016902,20260514070839,4177532,20260514073904,4111588,0,01,3,22980,1825,N
20260514,M7731,41016902,20260514,41,11,08,41_4855894,2,570,41016902,20260514100452,4106836,20260514104551,4111588,0,01,1,24330,2459,N
20260514,M7731,41016902,20260514,41,41,08,41_4862045,1,570,41016902,20260514140923,4123056,20260514142756,4107447,0,01,3,5480,1113,N
20260514,M7731,41016902,20260514,41,11,08,41_4867326,2,570,41016902,20260514114107,4177637,20260514121645,4111588,0,01,4,25830,2138,N
20260514,M7731,41016902,20260514,41,11,08,41_4891785,1,570,41016902,20260514062504,4106836,20260514070829,4116126,0,01,2,25350,2605,N
20260514,M7731,41016902,20260514,41,11,08,41_4896368,1,570,41016902,20260514063411,4177637,20260514074127,4111599,0,01,2,29770,4036,N
20260514,M7731,41016902,20260514,41,11,08,41_4933478,2,570,41016902,20260514052417,4177637,20260514060708,4116130,0,01,2,28090,2571,N
20260514,M7731,41016902,20260514,41,11,08,41_4955052,2,570,41016902,20260514174519,4106836,20260514183056,4111588,1,01,2,24330,2737,N
20260514,M7731,41016902,20260514,41,11,08,41_4959940,1,570,41016902,20260514145108,4177532,20260514152344,4116126,0,01,1,24000,1956,N
20260514,M7731,41016902,20260514,41,41,08,41_4996901,1,570,41016902,20260514210606,4123056,20260514211334,4106837,2,01,4,1940,448,N
20260514,M7731,41016902,20260514,41,11,08,41_5000303,1,570,41016902,20260514080546,4177637,20260514084757,4111588,0,01,2,25830,2531,N
20260514,M7731,41016902,20260514,41,11,08,41_5002293,1,570,41016902,20260514202723,4177448,20260514210708,4116126,0,01,1,23140,2385,N
20260514,M7731,41016902,20260514,41,11,08,41_5003369,2,570,41016902,20260514190215,4106836,20260514193517,4111588,0,01,2,24330,1982,N
20260514,M7731,41016902,20260514,41,11,08,41_5010521,1,570,41016902,20260514113750,4106836,20260514121341,4111588,0,01,4,24330,2151,N
20260514,M7731,41016902,20260514,41,11,08,41_5019688,2,570,41016902,20260514141702,4177637,20260514150138,4111588,0,01,1,25830,2676,N
20260514,M7731,41016902,20260514,41,11,08,41_502699,1,570,41016902,20260514182448,4177448,20260514185734,4116126,0,01,1,23140,1966,N
20260514,M7731,41016902,20260514,41,11,08,41_502699,1,570,41016902,20260514204909,4177448,20260514212945,4116126,0,01,4,23140,2436,N
20260514,M7731,41016902,20260514,41,11,08,41_5052377,2,570,41016902,20260514210521,4177532,20260514213344,4111588,0,01,1,22980,1703,N
20260514,M7731,41016902,20260514,41,41,08,41_5075999,2,570,41016902,20260514081644,4110935,20260514083514,4106836,0,01,3,4380,1110,N
20260514,M7731,41016902,20260514,41,11,08,41_5105416,2,570,41016902,20260514153104,4177532,20260514155742,4111588,0,01,4,22980,1598,N
20260514,M7731,41016902,20260514,41,11,08,41_5157908,2,570,41016902,20260514152557,4177532,20260514160547,4116126,0,01,4,24000,2390,N
20260514,M7731,41016902,20260514,41,11,08,41_5164907,2,570,41016902,20260514150646,4177637,20260514154929,4111588,0,01,1,25830,2563,N
20260514,M7731,41016902,20260514,41,11,08,41_5167377,2,570,41016902,20260514152557,4177532,20260514160609,4111588,0,01,2,22980,2412,N
20260514,M7731,41016902,20260514,41,11,08,41_5213740,2,570,41016902,20260514124441,4177532,20260514132832,4116126,0,01,3,24000,2631,N
20260514,M7731,41016902,20260514,41,11,08,41_5220638,1,570,41016902,20260514074137,4177510,20260514082245,4116126,0,01,3,30520,2468,N
20260514,M7731,41016902,20260514,41,11,08,41_522590,2,570,41016902,20260514175406,4177532,20260514183230,4116130,0,01,1,25240,2304,N
20260514,M7731,41016902,20260514,41,11,08,41_5245886,2,570,41016902,20260514130116,4177532,20260514132618,4111588,0,01,2,22980,1502,N
20260514,M7731,41016902,20260514,41,11,08,41_5246487,2,570,41016902,20260514102842,4106836,20260514111233,4116130,0,01,2,26590,2631,N
20260514,M7731,41016902,20260514,41,11,08,41_5252374,2,570,41016902,20260514125628,4177532,20260514133051,4111588,0,01,3,22980,2063,N
20260514,M7731,41016902,20260514,41,11,08,41_5271656,2,570,41016902,20260514062720,4177448,20260514065905,4116126,0,01,1,23140,1905,N
20260514,M7731,41016902,20260514,41,11,08,41_5272236,2,570,41016902,20260514085328,4106836,20260514093147,4111588,1,01,2,24330,2299,N
20260514,M7731,41016902,20260514,41,11,08,41_5294639,2,570,41016902,20260514223827,4106836,20260514231624,4116126,0,01,3,25350,2277,N
20260514,M7731,41016902,20260514,41,11,08,41_5298823,2,570,41016902,20260514170244,4106836,20260514175500,4116126,0,01,4,25350,3136,N
20260514,M7731,41016902,20260514,41,11,08,41_5308574,2,570,41016902,20260514135849,4106836,20260514143959,4111588,0,01,4,24330,2470,N
20260514,M7731,41016902,20260514,41,11,08,41_534717,1,570,41016902,20260514061020,4110935,20260514065208,4111588,0,01,4,28710,2508,N
20260514,M7731,41016902,20260514,41,11,08,41_5357043,2,570,41016902,20260514175625,4107446,20260514183729,4111588,0,01,2,27870,2464,N
20260514,M7731,41016902,20260514,41,11,08,41_5375627,2,570,41016902,20260514120719,4177532,20260514124431,4111588,0,01,3,22980,2232,N
20260514,M7731,41016902,20260514,41,41,08,41_5384737,2,570,41016902,20260514141747,4110934,20260514142408,4177511,0,01,1,740,381,N
20260514,M7731,41016902,20260514,41,11,08,41_5406070,2,570,41016902,20260514053749,4106836,20260514062753,4116126,1,01,2,25350,3004,N
20260514,M7731,41016902,20260514,41,11,08,41_5424930,2,570,41016902,20260514071538,4106836,20260514075216,4111588,0,01,2,24330,2198,N
20260514,M7731,41016902,20260514,41,11,08,41_5428528,2,570,41016902,20260514103514,4177448,20260514110417,4111588,0,01,1,22120,1743,N
20260514,M7731,41016902,20260514,41,11,08,41_5444696,1,570,41016902,20260514183122,4177532,20260514190030,4111588,0,01,4,22980,1748,N
20260514,M7731,41016902,20260514,41,11,08,41_5454690,1,570,41016902,20260514082520,4177532,20260514090128,4116126,0,01,4,24000,2168,N
20260514,M7731,41016902,20260514,41,11,08,41_550387,2,570,41016902,20260514203341,4177448,20260514211722,4116130,0,01,3,24380,2621,N
20260514,M7731,41016902,20260514,41,11,08,41_5516595,2,570,41016902,20260514060554,4177448,20260514063419,4111588,0,01,2,22120,1705,N
20260514,M7731,41016902,20260514,41,11,08,41_5521065,2,570,41016902,20260514064400,4107446,20260514072656,4111588,0,01,3,27870,2576,N
20260514,M7731,41016902,20260514,41,11,08,41_552748,2,570,41016902,20260514085336,4106836,20260514093524,4111598,1,01,3,27620,2508,N
20260514,M7731,41016902,20260514,41,11,08,41_552748,2,570,41016902,20260514173310,4106836,20260514184136,4111598,1,01,3,27620,4106,N
20260514,M7731,41016902,20260514,41,11,08,41_5541269,2,570,41016902,20260514071625,4177637,20260514080119,4111588,0,01,2,25830,2694,N
20260514,M7731,41016902,20260514,41,11,08,41_5542840,1,570,41016902,20260514061350,4177510,20260514071636,4111588,0,01,2,29500,3766,N
20260514,M7731,41016902,20260514,41,11,08,41_5569254,1,570,41016902,20260514093414,4177510,20260514105515,4111588,0,01,3,29500,4861,N
20260514,M7731,41016902,20260514,41,11,08,41_5573139,1,570,41016902,20260514071112,4177510,20260514080714,4111588,0,01,2,29500,3362,N
20260514,M7731,41016902,20260514,41,11,08,41_5599716,2,570,41016902,20260514182544,4177532,20260514184850,4111588,0,01,4,22980,1386,N
20260514,M7731,41016902,20260514,41,11,08,41_5602924,2,570,41016902,20260514172949,4177532,20260514180455,4111588,0,01,4,22980,2106,N
20260514,M7731,41016902,20260514,41,11,08,41_5621759,2,570,41016902,20260514134529,4106836,20260514141810,4111588,1,01,4,24330,1961,N
20260514,M7731,41016902,20260514,41,11,08,41_5621759,2,570,41016902,20260514201016,4106836,20260514204657,4111588,0,01,2,24330,2201,N
20260514,M7731,41016902,20260514,41,11,08,41_5645552,2,570,41016902,20260514152012,4106836,20260514154701,4116130,0,01,1,26590,1609,N
20260514,M7731,41016902,20260514,41,41,08,41_5652554,2,570,41016902,20260514120035,4106837,20260514121526,4110934,0,01,4,4440,891,N
20260514,M7731,41016902,20260514,41,11,08,41_5655746,1,570,41016902,20260514213202,4106836,20260514220443,4111588,1,01,4,24330,1961,N
20260514,M7731,41016902,20260514,41,11,08,41_5667944,1,570,41016902,20260514150824,4177532,20260514153518,4111588,0,01,3,22980,1614,N
20260514,M7731,41016902,20260514,41,11,08,41_5679831,2,570,41016902,20260514172559,4177532,20260514175928,4111588,0,01,1,22980,2009,N
20260514,M7731,41016902,20260514,41,11,08,41_5681525,2,570,41016902,20260514132321,4177532,20260514135113,4116126,0,01,4,24000,1672,N
20260514,M7731,41016902,20260514,41,11,08,41_5736559,2,570,41016902,20260514070218,4177448,20260514072441,4111588,0,01,3,22120,1343,N
20260514,M7731,41016902,20260514,41,11,08,41_5748912,2,570,41016902,20260514085635,4110935,20260514095754,4111588,0,01,3,28710,3679,N
20260514,M7731,41016902,20260514,41,11,08,41_5765090,2,570,41016902,20260514070042,4177637,20260514073355,4116130,0,01,2,28090,1993,N
20260514,M7731,41016902,20260514,41,11,08,41_5806016,2,570,41016902,20260514081047,4110868,20260514082656,4111588,0,01,2,26980,969,N
20260514,M7731,41016902,20260514,41,11,08,41_58176,2,570,41016902,20260514161121,4106836,20260514164414,4111588,0,01,4,24330,1973,N
20260514,M7731,41016902,20260514,41,11,08,41_5838434,2,570,41016902,20260514170840,4177637,20260514180347,4116126,0,01,1,26850,3307,N
20260514,M7731,41016902,20260514,41,11,08,41_5841074,1,570,41016902,20260514075241,4177637,20260514081155,4111588,0,01,1,25830,1154,N
20260514,M7731,41016902,20260514,41,11,08,41_5846169,2,570,41016902,20260514172044,4106836,20260514180409,4111588,0,01,2,24330,2605,N
20260514,M7731,41016902,20260514,41,41,08,41_5874652,1,570,41016902,20260515000939,4123056,20260515002250,4107447,3,01,2,5480,791,N
20260514,M7731,41016902,20260514,41,11,08,41_5898376,2,570,41016902,20260514103144,4177448,20260514105318,4116130,0,01,4,24380,1294,N
20260514,M7731,41016902,20260514,41,11,08,41_5900933,2,570,41016902,20260514182429,4177637,20260514185936,4111588,0,01,1,25830,2107,N
20260514,M7731,41016902,20260514,41,11,08,41_5905598,2,570,41016902,20260514200006,4177448,20260514202405,4111588,0,01,2,22120,1439,N
20260514,M7731,41016902,20260514,41,11,08,41_5927496,2,570,41016902,20260514141758,4106836,20260514145213,4111588,0,01,4,24330,2055,N
20260514,M7731,41016902,20260514,41,11,08,41_5956979,2,570,41016902,20260514181908,4177532,20260514184228,4111588,0,01,2,22980,1400,N
20260514,M7731,41016902,20260514,41,11,08,41_596087,2,570,41016902,20260514182646,4177448,20260514190221,4111588,0,01,4,22120,2135,N
20260514,M7731,41016902,20260514,41,11,08,41_5968244,2,570,41016902,20260514173627,4106836,20260514181152,4116126,0,01,3,25350,2125,N
20260514,M7731,41016902,20260514,41,11,08,41_5980856,2,570,41016902,20260514120205,4177637,20260514124217,4111588,0,01,4,25830,2412,N
20260514,M7731,41016902,20260514,41,41,08,41_5982630,1,570,41016902,20260514152511,4107447,20260514153052,4177511,0,01,1,1640,341,N
20260514,M7731,41016902,20260514,41,11,08,41_601806,2,570,41016902,20260514115719,4106836,20260514124700,4116126,0,01,3,25350,2981,N
20260514,M7731,41016902,20260514,41,11,08,41_6033313,2,570,41016902,20260514122300,4106836,20260514125204,4111588,0,01,1,24330,1744,N
20260514,M7731,41016902,20260514,41,11,08,41_6052388,2,570,41016902,20260514070554,4106836,20260514074431,4111588,0,01,2,24330,2317,N
20260514,M7731,41016902,20260514,41,11,08,41_6065511,1,570,41016902,20260514150144,4177448,20260514152708,4111599,0,01,2,26060,1524,N
20260514,M7731,41016902,20260514,41,11,08,41_6085017,2,570,41016902,20260514131302,4106836,20260514140518,4111588,0,01,1,24330,3136,N
20260514,M7731,41016902,20260514,41,11,08,41_6086330,1,570,41016902,20260514150715,4177448,20260514153405,4111588,0,01,2,22120,1610,N
20260514,M7731,41016902,20260514,41,11,08,41_6086330,1,570,41016902,20260514222318,4177448,20260514224753,4111588,0,01,4,22120,1475,N
20260514,M7731,41016902,20260514,41,11,08,41_6094726,2,570,41016902,20260514142443,4106836,20260514150636,4111588,1,01,2,24330,2513,N
20260514,M7731,41016902,20260514,41,11,08,41_6097056,1,570,41016902,20260514222517,4177448,20260514224902,4116126,0,01,2,23140,1425,N
20260514,M7731,41016902,20260514,41,11,08,41_6098156,2,570,41016902,20260514182256,4106836,20260514184652,4116126,0,01,4,25350,1436,N
20260514,M7731,41016902,20260514,41,41,08,41_6135175,1,570,41016902,20260514184850,4123056,20260514190228,4107447,0,01,3,5480,818,N
20260514,M7731,41016902,20260514,41,11,08,41_6146720,1,570,41016902,20260514100448,4107446,20260514102833,4111598,0,01,4,31160,1425,N
20260514,M7731,41016902,20260514,41,41,08,41_6156928,1,570,41016902,20260514221815,4123056,20260514222727,4102447,2,01,3,3320,552,N
20260514,M7731,41016902,20260514,41,11,08,41_6157287,2,570,41016902,20260514230234,4106836,20260514234848,4111588,0,01,1,24330,2774,N
20260514,M7731,41016902,20260514,41,11,08,41_6167417,2,570,41016902,20260514231326,4177448,20260514233931,4116130,0,01,2,24380,1565,N
20260514,M7731,41016902,20260514,41,11,08,41_6189019,2,570,41016902,20260514190243,4177448,20260514192731,4116126,0,01,3,23140,1488,N
20260514,M7731,41016902,20260514,41,11,08,41_6189572,2,570,41016902,20260514180400,4177532,20260514182814,4111588,0,01,1,22980,1454,N
20260514,M7731,41016902,20260514,41,11,08,41_6192840,2,570,41016902,20260514090647,4106836,20260514093135,4116130,0,01,4,26590,1488,N
20260514,M7731,41016902,20260514,41,11,08,41_6192840,2,570,41016902,20260514230234,4106836,20260514232839,4116130,0,01,4,26590,1565,N
20260514,M7731,41016902,20260514,41,11,08,41_6197447,1,570,41016902,20260514082325,4177448,20260514085234,4111588,0,01,2,22120,1749,N
20260514,M7731,41016902,20260514,41,11,08,41_619822,2,570,41016902,20260514160253,4177637,20260514164303,4111588,0,01,3,25830,2410,N
20260514,M7731,41016902,20260514,41,11,08,41_6214246,2,570,41016902,20260514181741,4177532,20260514184532,4111588,0,01,4,22980,1671,N
20260514,M7731,41016902,20260514,41,11,08,41_6216422,2,570,41016902,20260514135402,4106836,20260514142507,4111588,0,01,1,24330,1865,N
20260514,M7731,41016902,20260514,41,11,08,41_6234301,2,570,41016902,20260514221853,4106836,20260514225929,4116126,0,01,4,25350,2436,N
20260514,M7731,41016902,20260514,41,11,08,41_6235092,2,570,41016902,20260514082431,4177448,20260514085234,4116126,0,01,2,23140,1683,N
20260514,M7731,41016902,20260514,41,11,08,41_6239629,2,570,41016902,20260514074147,4177637,20260514084221,4116130,0,01,4,28090,3634,N
20260514,M7731,41016902,20260514,41,11,08,41_6241295,2,570,41016902,20260514082330,4177448,20260514090200,4111588,0,01,3,22120,2310,N
20260514,M7731,41016902,20260514,41,11,08,41_6252029,2,570,41016902,20260514181422,4177532,20260514184300,4116126,0,01,2,24000,1718,N
20260514,M7731,41016902,20260514,41,11,08,41_6255439,2,570,41016902,20260514075303,4177448,20260514082025,4116126,0,01,4,23140,1642,N
20260514,M7731,41016902,20260514,41,11,08,41_6296418,2,570,41016902,20260514103724,4106836,20260514111636,4116126,1,01,2,25350,2352,N
20260514,M7731,41016902,20260514,41,11,08,41_6313006,2,570,41016902,20260514141045,4106836,20260514144027,4111588,0,01,3,24330,1782,N
20260514,M7731,41016902,20260514,41,11,08,41_6322475,1,570,41016902,20260514090128,4177637,20260514095700,4116126,0,01,3,26850,3332,N
20260514,M7731,41016902,20260514,41,11,08,41_6336754,2,570,41016902,20260514204209,4177448,20260514211909,4111588,0,01,4,22120,2220,N
20260514,M7731,41016902,20260514,41,11,08,41_6339322,2,570,41016902,20260514194258,4177532,20260514200600,4111588,0,01,1,22980,1382,N
20260514,M7731,41016902,20260514,41,11,08,41_6375168,2,570,41016902,20260514195103,4177532,20260514204252,4116126,0,01,2,24000,3109,N
20260514,M7731,41016902,20260514,41,41,08,41_6382327,2,570,41016902,20260514090605,4123056,20260514091721,4102447,2,01,3,3320,676,N
20260514,M7731,41016902,20260514,41,11,08,41_6410137,2,570,41016902,20260514072316,4177448,20260514075620,4111588,0,01,4,22120,1984,N
20260514,M7731,41016902,20260514,41,11,08,41_6440583,2,570,41016902,20260514145119,4177532,20260514151935,4111588,0,01,1,22980,1696,N
20260514,M7731,41016902,20260514,41,11,08,41_6440583,2,570,41016902,20260514170219,4177532,20260514173026,4111588,0,01,2,22980,1687,N
20260514,M7731,41016902,20260514,41,11,08,41_6459304,2,570,41016902,20260514072316,4177448,20260514075852,4116126,0,01,3,23140,2136,N
20260514,M7731,41016902,20260514,41,11,08,41_6499754,2,570,41016902,20260514104016,4177448,20260514111620,4116130,0,01,4,24380,2164,N
20260514,M7731,41016902,20260514,41,11,08,41_651051,2,570,41016902,20260514150314,4106836,20260514153342,4111588,0,01,1,24330,1828,N
20260514,M7731,41016902,20260514,41,41,08,41_6535164,1,570,41016902,20260514201913,4123056,20260514203447,4110869,2,01,4,4580,934,N
20260514,M7731,41016902,20260514,41,11,08,41_6546715,2,570,41016902,20260514103856,4177637,20260514110843,4111588,0,01,3,25830,1787,N
20260514,M7731,41016902,20260514,41,11,08,41_6570092,1,570,41016902,20260514073557,4106836,20260514080139,4111588,1,01,1,24330,1542,N
20260514,M7731,41016902,20260514,41,11,08,41_6586721,2,570,41016902,20260514182019,4106836,20260514184817,4116126,0,01,2,25350,1678,N
20260514,M7731,41016902,20260514,41,11,08,41_6610290,1,570,41016902,20260514103322,4177448,20260514110509,4111599,0,01,3,26060,1907,N
20260514,M7731,41016902,20260514,41,11,08,41_6661870,2,570,41016902,20260514080316,4177637,20260514083456,4111588,0,01,4,25830,1900,N
20260514,M7731,41016902,20260514,41,11,08,41_6665092,1,570,41016902,20260514080822,4177637,20260514084002,4109162,0,01,4,30880,1900,N
20260514,M7731,41016902,20260514,41,11,08,41_6679427,1,570,41016902,20260514103322,4177448,20260514110313,4111588,0,01,4,22120,1791,N
20260514,M7731,41016902,20260514,41,11,08,41_6686492,2,570,41016902,20260514054942,4106836,20260514062622,4111588,1,01,4,24330,2200,N
20260514,M7731,41016902,20260514,41,11,08,41_6701207,2,570,41016902,20260514165045,4177637,20260514173833,4111588,0,01,4,25830,2868,N
20260514,M7731,41016902,20260514,41,11,08,41_6707273,2,570,41016902,20260514073138,4107446,20260514080056,4111598,0,01,2,31160,1758,N
20260514,M7731,41016902,20260514,41,11,08,41_6708297,1,570,41016902,20260514170916,4177532,20260514174640,4111588,0,01,3,22980,2244,N
20260514,M7731,41016902,20260514,41,11,08,41_6738049,2,570,41016902,20260514183354,4106836,20260514191051,4111588,0,01,3,24330,2217,N
20260514,M7731,41016902,20260514,41,11,08,41_6749506,2,570,41016902,20260514074138,4177637,20260514081308,4116126,0,01,3,26850,1890,N
20260514,M7731,41016902,20260514,41,11,08,41_6761706,2,570,41016902,20260514094037,4177532,20260514100921,4111588,0,01,4,22980,1724,N
20260514,M7731,41016902,20260514,41,11,08,41_6763627,2,570,41016902,20260514074316,4177637,20260514081446,4116126,0,01,3,26850,1890,N
20260514,M7731,41016902,20260514,41,11,08,41_6768406,2,570,41016902,20260514164837,4177637,20260514175247,4111588,0,01,4,25830,3850,N
20260514,M7731,41016902,20260514,41,11,08,41_6768406,2,570,41016902,20260514225533,4177637,20260514233937,4111588,0,01,3,25830,2644,N
20260514,M7731,41016902,20260514,41,11,08,41_6880962,2,570,41016902,20260514173921,4106836,20260514181150,4111588,0,01,4,24330,1949,N
20260514,M7731,41016902,20260514,41,11,08,41_690934,2,570,41016902,20260514194640,4177448,20260514202510,4116126,0,01,2,23140,2310,N
20260514,M7731,41016902,20260514,41,11,08,41_691753,2,570,41016902,20260514141825,4177532,20260514144431,4111588,0,01,2,22980,1566,N
20260514,M7731,41016902,20260514,41,11,08,41_6927180,2,570,41016902,20260514180825,4177448,20260514183943,4111588,0,01,4,22120,1878,N
20260514,M7731,41016902,20260514,41,11,08,41_6960349,1,570,41016902,20260514152419,4106836,20260514160330,4116126,1,01,4,25350,2351,N
20260514,M7731,41016902,20260514,41,11,08,41_6972262,1,570,41016902,20260514180825,4177448,20260514183805,4116126,0,01,2,23140,1780,N
20260514,M7731,41016902,20260514,41,11,08,41_6981430,2,570,41016902,20260514153657,4177532,20260514160724,4116126,0,01,1,24000,1827,N
20260514,M7731,41016902,20260514,41,11,08,41_6984183,1,570,41016902,20260514130400,4177532,20260514133440,4111588,0,01,4,22980,1840,N
20260514,M7731,41016902,20260514,41,11,08,41_6984183,1,570,41016902,20260514154815,4177532,20260514162247,4111588,0,01,4,22980,2072,N
20260514,M7731,41016902,20260514,41,11,08,41_6991800,2,570,41016902,20260514090434,4177448,20260514094150,4111588,0,01,1,22120,2236,N
20260514,M7731,41016902,20260514,41,11,08,41_7001639,2,570,41016902,20260514190721,4177448,20260514192936,4111599,0,01,2,26060,1335,N
20260514,M7731,41016902,20260514,41,11,08,41_7016772,2,570,41016902,20260514194555,4177532,20260514201204,4111588,0,01,4,22980,1569,N
20260514,M7731,41016902,20260514,41,11,08,41_7023903,1,570,41016902,20260514191419,4177448,20260514193634,4116130,0,01,4,24380,1335,N
20260514,M7731,41016902,20260514,41,11,08,41_7024030,2,570,41016902,20260514094047,4177448,20260514102107,4111588,0,01,4,22120,2420,N
20260514,M7731,41016902,20260514,41,11,08,41_703154,2,570,41016902,20260514151133,4177532,20260514153857,4111588,0,01,3,22980,1644,N
20260514,M7731,41016902,20260514,41,11,08,41_703154,2,570,41016902,20260514200342,4177532,20260514203232,4111588,0,01,1,22980,1730,N
20260514,M7731,41016902,20260514,41,11,08,41_7042395,2,570,41016902,20260514075926,4107446,20260514082230,4116126,0,01,4,28890,1384,N
20260514,M7731,41016902,20260514,41,11,08,41_7066269,2,570,41016902,20260514190721,4177448,20260514193326,4111588,0,01,1,22120,1565,N
20260514,M7731,41016902,20260514,41,41,08,41_7072461,2,570,41016902,20260514100154,4110935,20260514101019,4106836,0,01,1,4380,505,N
20260514,M7731,41016902,20260514,41,11,08,41_7072461,2,570,41016902,20260514113211,4110935,20260514123847,4111588,0,01,3,28710,3996,N
20260514,M7731,41016902,20260514,41,11,08,41_7075335,2,570,41016902,20260514061224,4177448,20260514064407,4111588,0,01,4,22120,1903,N
20260514,M7731,41016902,20260514,41,11,08,41_7075335,2,570,41016902,20260514190721,4177448,20260514193145,4111588,0,01,3,22120,1464,N
20260514,M7731,41016902,20260514,41,11,08,41_7105947,2,570,41016902,20260514170354,4177532,20260514173944,4111588,0,01,2,22980,2150,N
20260514,M7731,41016902,20260514,41,11,08,41_7136956,1,570,41016902,20260514083040,4177510,20260514085928,4116126,0,01,3,30520,1728,N
20260514,M7731,41016902,20260514,41,11,08,41_715965,1,570,41016902,20260514210300,4106836,20260514213831,4111588,0,01,4,24330,2131,N
20260514,M7731,41016902,20260514,41,11,08,41_721340,2,570,41016902,20260514151133,4177532,20260514154207,4116126,0,01,2,24000,1834,N
20260514,M7731,41016902,20260514,41,11,08,41_722816,1,570,41016902,20260514175216,4106836,20260514182420,4111588,0,01,1,24330,1924,N
20260514,M7731,41016902,20260514,41,11,08,41_7287200,2,570,41016902,20260514090710,4106836,20260514094350,4111588,0,01,4,24330,2200,N
20260514,M7731,41016902,20260514,41,11,08,41_7287200,2,570,41016902,20260514211804,4106836,20260514220501,4111588,0,01,2,24330,2817,N
20260514,M7731,41016902,20260514,41,11,08,41_730340,1,570,41016902,20260514120355,4177448,20260514124022,4116126,0,01,4,23140,2187,N
20260514,M7731,41016902,20260514,41,11,08,41_732336,2,570,41016902,20260514203652,4106836,20260514211759,4116130,0,01,4,26590,2467,N
20260514,M7731,41016902,20260514,41,11,08,41_7330508,2,570,41016902,20260514160716,4106836,20260514162924,4116126,0,01,1,25350,1328,N
20260514,M7731,41016902,20260514,41,11,08,41_7330508,2,570,41016902,20260514222242,4106836,20260514225228,4116126,0,01,4,25350,1786,N
20260514,M7731,41016902,20260514,41,41,08,41_733307,2,570,41016902,20260514080947,4107446,20260514082905,4177448,0,01,2,5750,1158,N
20260514,M7731,41016902,20260514,41,11,08,41_7351713,2,570,41016902,20260514080744,4106836,20260514083131,4116130,0,01,4,26590,1427,N
20260514,M7731,41016902,20260514,41,11,08,41_7351713,2,570,41016902,20260514110826,4106836,20260514113954,4116130,0,01,4,26590,1888,N
20260514,M7731,41016902,20260514,41,11,08,41_7401767,2,570,41016902,20260514062032,4106836,20260514064912,4111598,1,01,3,27620,1720,N
20260514,M7731,41016902,20260514,41,11,08,41_7408075,2,570,41016902,20260514084544,4177532,20260514091006,4111588,0,01,3,22980,1462,N
20260514,M7731,41016902,20260514,41,11,08,41_7452,1,570,41016902,20260514151610,4177448,20260514153621,4111588,0,01,4,22120,1211,N
20260514,M7731,41016902,20260514,41,11,08,41_7452,1,570,41016902,20260514155423,4177448,20260514161907,4111588,0,01,4,22120,1484,N
20260514,M7731,41016902,20260514,41,11,08,41_7452,1,570,41016902,20260514193639,4177448,20260514201735,4111588,0,01,3,22120,2456,N
20260514,M7731,41016902,20260514,41,11,08,41_7464794,2,570,41016902,20260514124926,4106836,20260514132134,4111598,1,01,3,27620,1928,N
20260514,M7731,41016902,20260514,41,11,08,41_7487918,2,570,41016902,20260514080420,4110935,20260514082958,4111588,0,01,1,28710,1538,N
20260514,M7731,41016902,20260514,41,11,08,41_750078,2,570,41016902,20260514082608,4177637,20260514090358,4111588,0,01,2,25830,2270,N
20260514,M7731,41016902,20260514,41,11,08,41_7511511,2,570,41016902,20260514090612,4177532,20260514093729,4111588,0,01,3,22980,1877,N
20260514,M7731,41016902,20260514,41,11,08,41_7522141,2,570,41016902,20260514121723,4177532,20260514124634,4111588,1,01,3,22980,1751,N
20260514,M7731,41016902,20260514,41,11,08,41_7528215,1,570,41016902,20260514092237,4177510,20260514102111,4111588,0,01,1,29500,3514,N
20260514,M7731,41016902,20260514,41,11,08,41_7528215,1,570,41016902,20260514144844,4177510,20260514154718,4111588,0,01,3,29500,3514,N
20260514,M7731,41016902,20260514,41,11,08,41_7553821,2,570,41016902,20260514091603,4106836,20260514094726,4116130,1,01,4,26590,1883,N
20260514,M7731,41016902,20260514,41,11,08,41_7555905,2,570,41016902,20260514182844,4177510,20260514185833,4116126,0,01,4,30520,1789,N
20260514,M7731,41016902,20260514,41,11,08,41_7562758,1,570,41016902,20260514182844,4177510,20260514192717,4111588,0,01,2,29500,3513,N
20260514,M7731,41016902,20260514,41,11,08,41_7567317,2,570,41016902,20260514100545,4106836,20260514103401,4111588,0,01,2,24330,1696,N
20260514,M7731,41016902,20260514,41,11,08,41_7567317,2,570,41016902,20260514175156,4106836,20260514182823,4111588,0,01,4,24330,2187,N
20260514,M7731,41016902,20260514,41,11,08,41_756831,2,570,41016902,20260514122131,4177448,20260514125147,4111588,0,01,4,22120,1816,N
20260514,M7731,41016902,20260514,41,11,08,41_7582460,1,570,41016902,20260514223411,4106836,20260514231713,4111588,0,01,1,24330,2582,N
20260514,M7731,41016902,20260514,41,41,08,41_7587911,1,570,41016902,20260515001845,4123056,20260515003048,4107447,3,01,4,5480,723,N
20260514,M7731,41016902,20260514,41,11,08,41_7598219,2,570,41016902,20260514101631,4177448,20260514105741,4111588,0,01,2,22120,2470,N
20260514,M7731,41016902,20260514,41,11,08,41_7609284,1,570,41016902,20260514133139,4177532,20260514140126,4111588,0,01,3,22980,1787,N
20260514,M7731,41016902,20260514,41,11,08,41_7620133,1,570,41016902,20260514114427,4177637,20260514121727,4116126,0,01,3,26850,1980,N
20260514,M7731,41016902,20260514,41,11,08,41_7629129,2,570,41016902,20260514133633,4177532,20260514135956,4111588,0,01,4,22980,1403,N
20260514,M7731,41016902,20260514,41,11,08,41_7632766,1,570,41016902,20260514133126,4177532,20260514140426,4116126,0,01,4,24000,1980,N
20260514,M7731,41016902,20260514,41,11,08,41_7663113,1,570,41016902,20260514122757,4106836,20260514125558,4111588,0,01,3,24330,1681,N
20260514,M7731,41016902,20260514,41,11,08,41_7675542,2,570,41016902,20260514104443,4177637,20260514111743,4116130,0,01,2,28090,1980,N
20260514,M7731,41016902,20260514,41,11,08,41_7675542,2,570,41016902,20260514114358,4177637,20260514121658,4116130,0,01,3,28090,1980,N
20260514,M7731,41016902,20260514,41,11,08,41_7680516,2,570,41016902,20260514101306,4106836,20260514105229,4111588,1,01,2,24330,2363,N
20260514,M7731,41016902,20260514,41,11,08,41_7690998,2,570,41016902,20260514100937,4177532,20260514104341,4111588,0,01,4,22980,2044,N
20260514,M7731,41016902,20260514,41,11,08,41_7742224,2,570,41016902,20260514140148,4106836,20260514143657,4116126,1,01,1,25350,2109,N
20260514,M7731,41016902,20260514,41,11,08,41_7756371,2,570,41016902,20260514151734,4177510,20260514154524,4111588,0,01,2,29500,1670,N
20260514,M7731,41016902,20260514,41,11,08,41_7760157,2,570,41016902,20260514074453,4106836,20260514084915,4116126,1,01,3,25350,3862,N
20260514,M7731,41016902,20260514,41,11,08,41_7760157,2,570,41016902,20260514112145,4106836,20260514120554,4116126,1,01,2,25350,2649,N
20260514,M7731,41016902,20260514,41,11,08,41_7769799,2,570,41016902,20260514114520,4106836,20260514121853,4111588,1,01,4,24330,2013,N
20260514,M7731,41016902,20260514,41,11,08,41_779196,1,570,41016902,20260514065210,4110935,20260514074328,4111588,0,01,3,28710,3078,N
20260514,M7731,41016902,20260514,41,11,08,41_7798644,1,570,41016902,20260514104721,4106836,20260514111600,4111588,0,01,1,24330,1719,N
20260514,M7731,41016902,20260514,41,11,08,41_7808416,1,570,41016902,20260514193227,4177532,20260514200825,4111588,0,01,3,22980,2158,N
20260514,M7731,41016902,20260514,41,11,08,41_7811526,1,570,41016902,20260514202849,4177532,20260514210047,4111588,0,01,3,22980,1918,N
20260514,M7731,41016902,20260514,41,11,08,41_781171,1,570,41016902,20260514203907,4106836,20260514210957,4111588,0,01,4,24330,1850,N
20260514,M7731,41016902,20260514,41,11,08,41_7813470,2,570,41016902,20260514200815,4177532,20260514204300,4116130,0,01,3,25240,2085,N
20260514,M7731,41016902,20260514,41,11,08,41_7848054,2,570,41016902,20260514181441,4106836,20260514184328,4116126,0,01,1,25350,1727,N
20260514,M7731,41016902,20260514,41,11,08,41_785191,2,570,41016902,20260514082647,4177637,20260514090437,4111588,0,01,3,25830,2270,N
20260514,M7731,41016902,20260514,41,11,08,41_7852195,2,570,41016902,20260514214215,4177448,20260514221655,4116126,0,01,2,23140,2080,N
20260514,M7731,41016902,20260514,41,11,08,41_7857601,1,570,41016902,20260514234304,4106836,20260515001202,4111598,0,01,4,27620,1738,N
20260514,M7731,41016902,20260514,41,11,08,41_7867595,2,570,41016902,20260514144530,4177448,20260514151145,4111588,0,01,1,22120,1575,N
20260514,M7731,41016902,20260514,41,11,08,41_7867595,2,570,41016902,20260514214527,4177448,20260514221734,4111588,0,01,4,22120,1927,N
20260514,M7731,41016902,20260514,41,11,08,41_7874686,2,570,41016902,20260514144530,4177448,20260514151145,4111588,0,01,1,22120,1575,N
20260514,M7731,41016902,20260514,41,11,08,41_7878130,2,570,41016902,20260514194419,4177532,20260514202326,4116126,0,01,4,24000,2347,N
20260514,M7731,41016902,20260514,41,11,08,41_7899602,2,570,41016902,20260514113452,4177532,20260514120324,4116130,0,01,4,25240,1712,N
20260514,M7731,41016902,20260514,41,11,08,41_7901701,2,570,41016902,20260514120228,4106836,20260514123210,4111588,0,01,3,24330,1782,N
20260514,M7731,41016902,20260514,41,11,08,41_7906904,1,570,41016902,20260514161622,4177448,20260514163556,4116126,0,01,4,23140,1174,N
20260514,M7731,41016902,20260514,41,11,08,41_7927484,2,570,41016902,20260514232008,4106836,20260515000606,4111588,0,01,2,24330,2758,N
20260514,M7731,41016902,20260514,41,11,08,41_7940747,2,570,41016902,20260514064321,4110935,20260514070018,4111588,0,01,4,28710,1017,N
20260514,M7731,41016902,20260514,41,11,08,41_7969065,2,570,41016902,20260514150803,4106836,20260514154228,4116126,0,01,1,25350,2065,N
20260514,M7731,41016902,20260514,41,11,08,41_7970591,2,570,41016902,20260514183250,4106836,20260514191749,4111588,0,01,2,24330,2699,N
20260514,M7731,41016902,20260514,41,11,08,41_799270,1,570,41016902,20260514200342,4177532,20260514202641,4111588,0,01,2,22980,1379,N
20260514,M7731,41016902,20260514,41,11,08,41_8020346,2,570,41016902,20260514112017,4177637,20260514120221,4111588,0,01,3,25830,2524,N
20260514,M7731,41016902,20260514,41,11,08,41_8022138,2,570,41016902,20260514094603,4177448,20260514101700,4111598,0,01,2,25410,1857,N
20260514,M7731,41016902,20260514,41,11,08,41_8053863,2,570,41016902,20260514083729,4177448,20260514090857,4111588,0,01,3,22120,1888,N
20260514,M7731,41016902,20260514,41,11,08,41_8067643,2,570,41016902,20260514122118,4177510,20260514130729,4111588,0,01,1,29500,2771,N
20260514,M7731,41016902,20260514,41,11,08,41_8081470,2,570,41016902,20260514152422,4177532,20260514154842,4111588,0,01,1,22980,1460,N
20260514,M7731,41016902,20260514,41,11,08,41_810368,2,570,41016902,20260514060532,4177637,20260514064424,4111588,0,01,1,25830,2332,N
20260514,M7731,41016902,20260514,41,11,08,41_8122669,2,570,41016902,20260514214359,4106836,20260514221104,4111588,0,01,1,24330,1625,N
20260514,M7731,41016902,20260514,41,11,08,41_8146116,2,570,41016902,20260514191002,4106836,20260514194917,4111588,1,01,4,24330,2355,N
20260514,M7731,41016902,20260514,41,11,08,41_8165004,1,570,41016902,20260514200638,4177448,20260514203248,4111588,0,01,4,22120,1570,N
20260514,M7731,41016902,20260514,41,11,08,41_8172632,1,570,41016902,20260514222804,4177532,20260514225917,4111588,0,01,4,22980,1873,N
20260514,M7731,41016902,20260514,41,11,08,41_8196186,2,570,41016902,20260514135851,4177448,20260514142158,4116126,0,01,3,23140,1387,N
20260514,M7731,41016902,20260514,41,11,08,41_8199269,2,570,41016902,20260514055050,4177510,20260514064902,4111588,0,01,4,29500,3492,N
20260514,M7731,41016902,20260514,41,11,08,41_8280829,1,570,41016902,20260514165238,4106836,20260514172451,4116126,0,01,2,25350,1933,N
20260514,M7731,41016902,20260514,41,11,08,41_8329515,2,570,41016902,20260514080748,4177637,20260514083736,4111588,0,01,3,25830,1788,N
20260514,M7731,41016902,20260514,41,11,08,41_8366832,2,570,41016902,20260515001632,4177448,20260515004047,4109162,0,01,2,27170,1455,N
20260514,M7731,41016902,20260514,41,11,08,41_8392504,2,570,41016902,20260515002037,4177448,20260515004452,4109162,0,01,3,27170,1455,N
20260514,M7731,41016902,20260514,41,11,08,41_8417010,2,570,41016902,20260514181906,4107446,20260514185843,4111588,0,01,1,27870,2377,N
20260514,M7731,41016902,20260514,41,11,08,41_8423662,2,570,41016902,20260514121859,4177448,20260514124525,4111588,0,01,1,22120,1586,N
20260514,M7731,41016902,20260514,41,11,08,41_8440329,2,570,41016902,20260514182034,4107446,20260514190011,4111588,0,01,4,27870,2377,N
20260514,M7731,41016902,20260514,41,11,08,41_8441277,2,570,41016902,20260514121859,4177448,20260514124408,4111588,0,01,1,22120,1509,N
20260514,M7731,41016902,20260514,41,11,08,41_8461141,2,570,41016902,20260514153247,4177532,20260514160018,4111588,0,01,1,22980,1651,N
20260514,M7731,41016902,20260514,41,11,08,41_8479266,1,570,41016902,20260514062822,4177637,20260514065842,4111588,0,01,3,25830,1820,N
20260514,M7731,41016902,20260514,41,11,08,41_8494261,1,570,41016902,20260514102548,4177448,20260514105522,4111588,0,01,1,22120,1774,N
20260514,M7731,41016902,20260514,41,41,08,41_8501100,2,570,41016902,20260514170812,4123056,20260514172142,4110869,2,01,2,4580,810,N
20260514,M7731,41016902,20260514,41,11,08,41_8510284,2,570,41016902,20260514222749,4177448,20260514224916,4111588,0,01,1,22120,1287,N
20260514,M7731,41016902,20260514,41,11,08,41_8515256,1,570,41016902,20260514193537,4177448,20260514201053,4111588,0,01,2,22120,2116,N
20260514,M7731,41016902,20260514,41,11,08,41_8558793,2,570,41016902,20260514212304,4106836,20260514222531,4116126,0,01,4,25350,3747,N
20260514,M7731,41016902,20260514,41,11,08,41_8567537,2,570,41016902,20260514064242,4106836,20260514071245,4111588,1,01,3,24330,1803,N
20260514,M7731,41016902,20260514,41,11,08,41_8581896,2,570,41016902,20260514134237,4177510,20260514140936,4116130,0,01,1,31760,1619,N
20260514,M7731,41016902,20260514,41,11,08,41_8586423,2,570,41016902,20260514213642,4177448,20260514220412,4111588,0,01,4,22120,1650,N
20260514,M7731,41016902,20260514,41,11,08,41_8592512,1,570,41016902,20260514065532,4106836,20260514074257,4111588,1,01,2,24330,2845,N
20260514,M7731,41016902,20260514,41,11,08,41_8594404,2,570,41016902,20260514214452,4177448,20260514221103,4116126,0,01,3,23140,1571,N
20260514,M7731,41016902,20260514,41,11,08,41_8613429,2,570,41016902,20260515000432,4177532,20260515004439,4111588,0,01,2,22980,2407,N
20260514,M7731,41016902,20260514,41,11,08,41_8639829,1,570,41016902,20260514064306,4177448,20260514072524,4116126,0,01,4,23140,2538,N
20260514,M7731,41016902,20260514,41,11,08,41_8643071,1,570,41016902,20260514064059,4177448,20260514072032,4111588,0,01,4,22120,2373,N
20260514,M7731,41016902,20260514,41,11,08,41_8706313,2,570,41016902,20260514060559,4177448,20260514062825,4116130,0,01,1,24380,1346,N
20260514,M7731,41016902,20260514,41,11,08,41_871836,2,570,41016902,20260514193517,4106836,20260514201708,4116126,0,01,2,25350,2511,N
20260514,M7731,41016902,20260514,41,11,08,41_8734719,2,570,41016902,20260514061437,4177448,20260514063535,4116126,0,01,3,23140,1258,N
20260514,M7731,41016902,20260514,41,11,08,41_8743286,1,570,41016902,20260514161156,4177448,20260514163945,4111588,0,01,1,22120,1669,N
20260514,M7731,41016902,20260514,41,11,08,41_8744277,1,570,41016902,20260514075601,4106836,20260514082932,4111588,0,01,3,24330,2011,N
20260514,M7731,41016902,20260514,41,11,08,41_8744869,1,570,41016902,20260514221510,4177448,20260514223752,4111588,0,01,4,22120,1362,N
20260514,M7731,41016902,20260514,41,41,08,41_8756667,2,570,41016902,20260514110331,4177637,20260514110918,4106836,0,01,2,1500,347,N
20260514,M7731,41016902,20260514,41,41,08,41_8756667,2,570,41016902,20260514222705,4106837,20260514223207,4102447,1,01,1,1380,302,N
20260514,M7731,41016902,20260514,41,11,08,41_8768192,2,570,41016902,20260514085349,4106836,20260514092218,4111588,1,01,2,24330,1709,N
20260514,M7731,41016902,20260514,41,11,08,41_8793914,1,570,41016902,20260514124304,4177448,20260514130525,4111588,0,01,4,22120,1341,N
20260514,M7731,41016902,20260514,41,11,08,41_8805188,2,570,41016902,20260514060558,4177448,20260514065454,4111588,0,01,2,22120,2936,N
20260514,M7731,41016902,20260514,41,11,08,41_8855871,1,570,41016902,20260514133052,4106836,20260514143055,4111588,0,01,2,24330,3603,N
20260514,M7731,41016902,20260514,41,11,08,41_8867544,2,570,41016902,20260514191620,4177637,20260514195901,4111588,1,01,2,25830,2561,N
20260514,M7731,41016902,20260514,41,41,08,41_8869473,1,570,41016902,20260514125042,4106836,20260514130133,4177532,0,01,3,1350,651,N
20260514,M7731,41016902,20260514,41,11,08,41_8894978,2,570,41016902,20260514125420,4106836,20260514133701,4116126,0,01,4,25350,2561,N
20260514,M7731,41016902,20260514,41,11,08,41_8924730,2,570,41016902,20260514105913,4177510,20260514111907,4111588,0,01,4,29500,1194,N
20260514,M7731,41016902,20260514,41,11,08,41_8942863,2,570,41016902,20260514142809,4106836,20260514150551,4116126,0,01,2,25350,2262,N
20260514,M7731,41016902,20260514,41,11,08,41_894892,1,570,41016902,20260514085402,4177448,20260514093127,4116126,0,01,4,23140,2245,N
20260514,M7731,41016902,20260514,41,11,08,41_8963837,2,570,41016902,20260514080221,4106836,20260514083205,4111598,0,01,3,27620,1784,N
20260514,M7731,41016902,20260514,41,11,08,41_8970175,2,570,41016902,20260514084238,4110935,20260514095104,4111588,0,01,1,28710,4106,N
20260514,M7731,41016902,20260514,41,11,08,41_8985092,1,570,41016902,20260514175213,4106836,20260514183657,4111588,1,01,2,24330,2684,N
20260514,M7731,41016902,20260514,41,11,08,41_8998682,1,570,41016902,20260514140921,4106836,20260514150154,4116126,0,01,4,25350,3153,N
20260514,M7731,41016902,20260514,41,11,08,41_9001758,2,570,41016902,20260514073415,4177637,20260514075015,4111588,0,01,1,25830,960,N
20260514,M7731,41016902,20260514,41,11,08,41_9014305,2,570,41016902,20260514175423,4106836,20260514180947,4116130,0,01,3,26590,924,N
20260514,M7731,41016902,20260514,41,11,08,41_9046960,2,570,41016902,20260514153042,4177448,20260514160514,4116126,0,01,1,23140,2072,N
20260514,M7731,41016902,20260514,41,11,08,41_9046960,2,570,41016902,20260514200029,4177448,20260514202526,4116126,0,01,4,23140,1497,N
20260514,M7731,41016902,20260514,41,41,08,41_9047641,1,570,41016902,20260514073135,4177637,20260514074232,4177532,0,01,2,2850,657,N
20260514,M7731,41016902,20260514,41,41,08,41_9047641,1,570,41016902,20260514084037,4177637,20260514084935,4177532,0,01,2,2850,538,N
20260514,M7731,41016902,20260514,41,11,08,41_9088545,2,570,41016902,20260514075432,4177448,20260514082608,4111588,1,01,4,22120,1896,N
20260514,M7731,41016902,20260514,41,11,08,41_909897,1,570,41016902,20260514151846,4107446,20260514154745,4111588,0,01,2,27870,1739,N
20260514,M7731,41016902,20260514,41,11,08,41_9099512,1,570,41016902,20260514073428,4177637,20260514075028,4116126,0,01,2,26850,960,N
20260514,M7731,41016902,20260514,41,11,08,41_9099512,1,570,41016902,20260514083256,4177637,20260514084735,4116126,0,01,1,26850,879,N
20260514,M7731,41016902,20260514,41,11,08,41_9106783,2,570,41016902,20260514135834,4106836,20260514143948,4111588,0,01,1,24330,2474,N
20260514,M7731,41016902,20260514,41,11,08,41_9107020,1,570,41016902,20260514111033,4106836,20260514113702,4111588,0,01,1,24330,1589,N
20260514,M7731,41016902,20260514,41,11,08,41_9141765,2,570,41016902,20260514174902,4177532,20260514181755,4116126,0,01,2,24000,1733,N
20260514,M7731,41016902,20260514,41,11,08,41_9141765,2,570,41016902,20260514233822,4106836,20260515000622,4116126,0,01,2,25350,1680,N
20260514,M7731,41016902,20260514,41,11,08,41_9146263,2,570,41016902,20260514064502,4107446,20260514070838,4116126,0,01,1,28890,1416,N
20260514,M7731,41016902,20260514,41,11,08,41_9158255,1,570,41016902,20260514174902,4177532,20260514181728,4111588,0,01,1,22980,1706,N
20260514,M7731,41016902,20260514,41,11,08,41_918389,2,570,41016902,20260514062407,4177448,20260514064956,4111588,0,01,2,22120,1549,N
20260514,M7731,41016902,20260514,41,11,08,41_9241762,2,570,41016902,20260514125332,4177637,20260514131516,4111588,0,01,3,25830,1304,N
20260514,M7731,41016902,20260514,41,11,08,41_9287958,2,570,41016902,20260514152157,4106836,20260514155054,4111588,0,01,1,24330,1737,N
20260514,M7731,41016902,20260514,41,11,08,41_9304253,2,570,41016902,20260514122206,4177510,20260514124922,4111588,0,01,3,29500,1636,N
20260514,M7731,41016902,20260514,41,11,08,41_9307384,1,570,41016902,20260514144640,4107446,20260514153116,4111588,0,01,4,27870,2676,N
20260514,M7731,41016902,20260514,41,41,08,41_9319392,2,570,41016902,20260514204143,4106836,20260514205457,4177448,0,01,4,2210,794,N
20260514,M7731,41016902,20260514,41,11,08,41_934644,2,570,41016902,20260514103226,4177637,20260514110234,4111588,0,01,3,25830,1808,N
20260514,M7731,41016902,20260514,41,11,08,41_9351527,1,570,41016902,20260514085635,4177448,20260514091759,4111588,0,01,2,22120,1284,N
20260514,M7731,41016902,20260514,41,11,08,41_9354395,2,570,41016902,20260514121427,4106836,20260514124823,4111588,0,01,1,24330,2036,N
20260514,M7731,41016902,20260514,41,11,08,41_9371439,2,570,41016902,20260514091454,4177448,20260514093913,4116126,0,01,4,23140,1459,N
20260514,M7731,41016902,20260514,41,11,08,41_9372925,2,570,41016902,20260514070903,4107446,20260514081413,4111588,0,01,4,27870,3910,N
20260514,M7731,41016902,20260514,41,11,08,41_9374850,1,570,41016902,20260514111138,4106836,20260514120126,4111598,0,01,1,27620,2988,N
20260514,M7731,41016902,20260514,41,11,08,41_9374850,1,570,41016902,20260514132657,4106836,20260514140906,4111598,0,01,2,27620,2529,N
20260514,M7731,41016902,20260514,41,11,08,41_9374850,1,570,41016902,20260514232727,4106836,20260515002445,4111598,0,01,2,27620,3438,N
20260514,M7731,41016902,20260514,41,11,08,41_9378898,1,570,41016902,20260514182551,4106836,20260514184956,4116130,0,01,4,26590,1445,N
20260514,M7731,41016902,20260514,41,11,08,41_9420245,2,570,41016902,20260514150111,4177448,20260514154028,4111588,0,01,2,22120,2357,N
20260514,M7731,41016902,20260514,41,11,08,41_9421849,1,570,41016902,20260514110012,4106836,20260514113302,4111588,1,01,4,24330,1970,N
20260514,M7731,41016902,20260514,41,11,08,41_9465156,1,570,41016902,20260514134603,4110868,20260514144347,4111588,0,01,4,26980,3464,N
20260514,M7731,41016902,20260514,41,11,08,41_9465694,2,570,41016902,20260514185325,4177448,20260514192943,4111588,0,01,3,22120,2178,N
20260514,M7731,41016902,20260514,41,11,08,41_9479575,2,570,41016902,20260514185915,4106836,20260514193458,4116126,1,01,4,25350,2143,N
20260514,M7731,41016902,20260514,41,11,08,41_9480954,1,570,41016902,20260514230639,4106836,20260514234204,4116126,1,01,4,25350,2125,N
20260514,M7731,41016902,20260514,41,11,08,41_9486199,2,570,41016902,20260514171223,4106836,20260514173915,4111588,0,01,1,24330,1612,N
20260514,M7731,41016902,20260514,41,11,08,41_948813,2,570,41016902,20260514062238,4177448,20260514065929,4109162,0,01,3,27170,2211,N
20260514,M7731,41016902,20260514,41,11,08,41_948813,2,570,41016902,20260514201047,4177448,20260514204454,4109162,0,01,3,27170,2047,N
20260514,M7731,41016902,20260514,41,11,08,41_9488996,2,570,41016902,20260514124152,4106836,20260514131822,4116126,1,01,1,25350,2190,N
20260514,M7731,41016902,20260514,41,11,08,41_9491890,2,570,41016902,20260514150111,4177448,20260514154324,4116126,0,01,2,23140,2533,N
20260514,M7731,41016902,20260514,41,11,08,41_9496474,1,570,41016902,20260514125143,4106836,20260514132736,4111588,1,01,3,24330,2153,N
20260514,M7731,41016902,20260514,41,11,08,41_9530121,1,570,41016902,20260514135219,4177637,20260514143902,4111588,0,01,3,25830,2803,N
20260514,M7731,41016902,20260514,41,11,08,41_9541253,1,570,41016902,20260514194659,4177448,20260514202529,4111588,0,01,3,22120,2310,N
20260514,M7731,41016902,20260514,41,11,08,41_9550386,2,570,41016902,20260514055917,4106836,20260514063157,4111588,0,01,2,24330,1960,N
20260514,M7731,41016902,20260514,41,11,08,41_9565861,2,570,41016902,20260514202741,4177448,20260514205032,4111588,0,01,4,22120,1371,N
20260514,M7731,41016902,20260514,41,11,08,41_9584014,2,570,41016902,20260514180558,4177448,20260514183631,4111588,0,01,1,22120,1833,N
20260514,M7731,41016902,20260514,41,11,08,41_9603898,2,570,41016902,20260514145119,4106836,20260514152800,4116126,0,01,4,25350,2201,N
20260514,M7731,41016902,20260514,41,11,08,41_9603898,2,570,41016902,20260514182919,4106836,20260514185939,4116126,0,01,3,25350,1820,N
20260514,M7731,41016902,20260514,41,11,08,41_9618262,2,570,41016902,20260514091946,4106836,20260514094955,4111588,0,01,1,24330,1809,N
20260514,M7731,41016902,20260514,41,41,08,41_9638425,1,570,41016902,20260514190404,4123056,20260514192141,4110934,2,01,3,6380,1057,N
20260514,M7731,41016902,20260514,41,41,08,41_9652551,2,570,41016902,20260514190527,4123056,20260514191224,4102447,2,01,4,3320,417,N
20260514,M7731,41016902,20260514,41,11,08,41_9675554,1,570,41016902,20260514071948,4110868,20260514075715,4111588,0,01,4,26980,2247,N
20260514,M7731,41016902,20260514,41,11,08,41_967635,2,570,41016902,20260514171635,4106836,20260514175632,4116126,0,01,1,25350,2397,N
20260514,M7731,41016902,20260514,41,11,08,41_972920,2,570,41016902,20260514062118,4177448,20260514065726,4116126,0,01,3,23140,2168,N
20260514,M7731,41016902,20260514,41,11,08,41_973853,1,570,41016902,20260514140456,4106836,20260514144443,4111588,0,01,3,24330,2387,N
20260514,M7731,41016902,20260514,41,11,08,41_973853,1,570,41016902,20260514174322,4106836,20260514182209,4111588,0,01,2,24330,2327,N
20260514,M7731,41016902,20260514,41,11,08,41_973853,1,570,41016902,20260514201029,4106836,20260514204047,4111588,0,01,2,24330,1818,N
20260514,M7731,41016902,20260514,41,11,08,41_9743007,2,570,41016902,20260514071059,4177510,20260514074921,4116126,0,01,2,30520,2302,N
20260514,M7731,41016902,20260514,41,11,08,41_9744249,2,570,41016902,20260514142706,4177448,20260514145317,4111588,0,01,4,22120,1571,N
20260514,M7731,41016902,20260514,41,11,08,41_9782682,2,570,41016902,20260514072138,4106836,20260514075233,4111588,1,01,4,24330,1855,N
20260514,M7731,41016902,20260514,41,11,08,41_9830557,2,570,41016902,20260514054148,4106836,20260514062541,4111588,0,01,3,24330,2633,N
20260514,M7731,41016902,20260514,41,11,08,41_9832726,2,570,41016902,20260514222748,4177448,20260514234159,4116126,0,01,3,23140,4451,N
20260514,M7731,41016902,20260514,41,11,08,41_9834492,2,570,41016902,20260514230328,4106836,20260514233925,4111588,0,01,3,24330,2157,N
20260514,M7731,41016902,20260514,41,41,08,41_9856975,1,570,41016902,20260514183106,4123056,20260514184955,4110869,2,01,3,4580,1129,N
20260514,M7731,41016902,20260514,41,11,08,41_9910277,1,570,41016902,20260514084126,4106836,20260514090927,4111588,0,01,4,24330,1681,N
20260514,M7731,41016902,20260514,41,11,08,41_9920765,2,570,41016902,20260514060737,4177510,20260514065443,4111588,0,01,3,29500,2826,N
20260514,M7731,41016902,20260514,41,11,08,41_9935063,2,570,41016902,20260514072717,4177532,20260514081509,4111588,0,01,1,22980,2872,N
20260514,M7731,41016902,20260514,41,11,08,41_994035,2,570,41016902,20260514200315,4177448,20260514203531,4111588,0,01,4,22120,1936,N
20260514,M7731,41016902,20260514,41,11,08,41_9966789,1,570,41016902,20260514075424,4177448,20260514082259,4116126,0,01,4,23140,1715,N
20260514,M7731,41016902,20260514,41,11,08,41_9971355,1,570,41016902,20260514101341,4106836,20260514104634,4111588,0,01,1,24330,1973,N
20260514,M7731,41016902,20260514,41,11,08,41_9998260,2,570,41016902,20260514051024,4177637,20260514053903,4116130,0,01,3,28090,1719,N
