query_date,query_route_no,query_route_id,opr_ymd,ride_ctpv_cd,goff_ctpv_cd,clcln_bzmn_id,vr_card_no,card_se_cd,clcln_bzmn_trfc_mns_cd,rte_id,ride_dt,ride_sttn_id,goff_dt,goff_sttn_id,trnf_cnt,users_type_cd,utztn_nope,utztn_dstnc,brdg_hr,msv_intrpl_yn
20251105,M7731,41016902,20251105,41,11,08,41_10026220,2,570,41016902,20251105074828,4177637,20251105082238,4111588,0,01,1,25830,2050,N
20251105,M7731,41016902,20251105,41,41,08,41_10036269,1,570,41016902,20251105170158,4107446,20251105173526,4177448,0,01,1,5750,2008,N
20251105,M7731,41016902,20251105,41,11,08,41_10045836,2,570,41016902,20251105232400,4106836,20251105235135,4116126,0,01,1,25350,1655,N
20251105,M7731,41016902,20251105,41,11,08,41_10086609,2,570,41016902,20251105101537,4106836,20251105105515,4111588,0,01,1,24330,2378,N
20251105,M7731,41016902,20251105,41,11,08,41_10086609,2,570,41016902,20251105225028,4106836,20251105232500,4111588,0,01,1,24330,2072,N
20251105,M7731,41016902,20251105,41,11,08,41_10107266,2,570,41016902,20251105120519,4110935,20251105125326,4111588,0,01,1,28710,2887,N
20251105,M7731,41016902,20251105,41,11,08,41_10113574,2,570,41016902,20251105161814,4106836,20251105164149,4111588,1,01,1,24330,1415,N
20251105,M7731,41016902,20251105,41,11,08,41_10174167,2,570,41016902,20251105102828,4177448,20251105110547,4111588,0,01,1,22120,2239,N
20251105,M7731,41016902,20251105,41,11,08,41_10176927,2,570,41016902,20251105074841,4177637,20251105084851,4111588,0,01,1,25830,3610,N
20251105,M7731,41016902,20251105,41,11,08,41_10179110,2,570,41016902,20251105204436,4177532,20251105210903,4111588,0,01,1,22980,1467,N
20251105,M7731,41016902,20251105,41,11,08,41_10189030,2,570,41016902,20251105065923,4106836,20251105080722,4111588,1,01,1,24330,4079,N
20251105,M7731,41016902,20251105,41,11,08,41_10195551,2,570,41016902,20251105053749,4106836,20251105061541,4111588,0,01,1,24330,2272,N
20251105,M7731,41016902,20251105,41,11,08,41_10197017,2,570,41016902,20251105220910,4106836,20251105223453,4111588,0,01,1,24330,1543,N
20251105,M7731,41016902,20251105,41,11,08,41_10206111,2,570,41016902,20251105060332,4177510,20251105062441,4111588,0,01,1,29500,1269,N
20251105,M7731,41016902,20251105,41,11,08,41_10221652,1,570,41016902,20251105121731,4177532,20251105125438,4111588,0,01,1,22980,2227,N
20251105,M7731,41016902,20251105,41,11,08,41_10234497,2,570,41016902,20251105191721,4177532,20251105195052,4111588,0,01,1,22980,2011,N
20251105,M7731,41016902,20251105,41,11,08,41_1025192,2,570,41016902,20251105071235,4177448,20251105074934,4116130,0,01,1,24380,2219,N
20251105,M7731,41016902,20251105,41,11,08,41_10264425,2,570,41016902,20251105182030,4177532,20251105185833,4111588,0,01,1,22980,2283,N
20251105,M7731,41016902,20251105,41,11,08,41_10299469,1,570,41016902,20251105182030,4177532,20251105185250,4111588,0,01,1,22980,1940,N
20251105,M7731,41016902,20251105,41,11,08,41_10328977,1,570,41016902,20251105162352,4106836,20251105165125,4111588,0,01,1,24330,1653,N
20251105,M7731,41016902,20251105,41,11,08,41_10333395,2,570,41016902,20251105193505,4177532,20251105202917,4111588,0,01,1,22980,3252,N
20251105,M7731,41016902,20251105,41,11,08,41_10340149,2,570,41016902,20251105085658,4177448,20251105093733,4116126,0,01,1,23140,2435,N
20251105,M7731,41016902,20251105,41,11,08,41_10343572,2,570,41016902,20251105161329,4177637,20251105165221,4111588,0,01,1,25830,2332,N
20251105,M7731,41016902,20251105,41,11,08,41_10359075,2,570,41016902,20251105161329,4177637,20251105165221,4111588,0,01,1,25830,2332,N
20251105,M7731,41016902,20251105,41,11,08,41_10360103,1,570,41016902,20251105080354,4177448,20251105084429,4111598,0,01,1,25410,2435,N
20251105,M7731,41016902,20251105,41,11,08,41_10395383,2,570,41016902,20251105182329,4177448,20251105185024,4111588,0,01,1,22120,1615,N
20251105,M7731,41016902,20251105,41,11,08,41_10396383,2,570,41016902,20251105192200,4177448,20251105194236,4111588,0,01,1,22120,1236,N
20251105,M7731,41016902,20251105,41,11,08,41_10413836,1,570,41016902,20251105053914,4177510,20251105064048,4111588,0,01,1,29500,3694,N
20251105,M7731,41016902,20251105,41,11,08,41_10415239,2,570,41016902,20251105092017,4177448,20251105094621,4111588,0,01,1,22120,1564,N
20251105,M7731,41016902,20251105,41,11,08,41_10423347,2,570,41016902,20251105183928,4177448,20251105191401,4111588,0,01,2,22120,2073,N
20251105,M7731,41016902,20251105,41,11,08,41_1042985,2,570,41016902,20251105140811,4106836,20251105144723,4116126,1,01,1,25350,2352,N
20251105,M7731,41016902,20251105,41,11,08,41_10464613,2,570,41016902,20251105090146,4106836,20251105094757,4111588,1,01,1,24330,2771,N
20251105,M7731,41016902,20251105,41,11,08,41_10464613,2,570,41016902,20251105143546,4106836,20251105151220,4111588,0,01,1,24330,2194,N
20251105,M7731,41016902,20251105,41,41,08,41_10483970,2,570,41016902,20251105210828,4123056,20251105214609,4177511,0,01,1,7120,2261,N
20251105,M7731,41016902,20251105,41,11,08,41_10492780,2,570,41016902,20251105153004,4177532,20251105160431,4116126,0,01,1,24000,2067,N
20251105,M7731,41016902,20251105,41,11,08,41_10518981,2,570,41016902,20251105111733,4106836,20251105114914,4111588,0,01,1,24330,1901,N
20251105,M7731,41016902,20251105,41,11,08,41_10539679,1,570,41016902,20251105120324,4106836,20251105124253,4116130,1,01,1,26590,2369,N
20251105,M7731,41016902,20251105,41,11,08,41_10542225,2,570,41016902,20251105063343,4106836,20251105071901,4111588,0,01,1,24330,2718,N
20251105,M7731,41016902,20251105,41,11,08,41_10552448,2,570,41016902,20251105135025,4177448,20251105142940,4116130,0,01,1,24380,2355,N
20251105,M7731,41016902,20251105,41,11,08,41_10572034,2,570,41016902,20251105154440,4106836,20251105163652,4111588,0,01,1,24330,3132,N
20251105,M7731,41016902,20251105,41,11,08,41_10588208,2,570,41016902,20251105091303,4177510,20251105095812,4116126,0,01,1,30520,2709,N
20251105,M7731,41016902,20251105,41,11,08,41_10597318,2,570,41016902,20251105054835,4106836,20251105063422,4111588,1,01,1,24330,2747,N
20251105,M7731,41016902,20251105,41,11,08,41_10597765,2,570,41016902,20251105061515,4177637,20251105072053,4111588,0,01,1,25830,3938,N
20251105,M7731,41016902,20251105,41,11,08,41_10603027,2,570,41016902,20251105231031,4177448,20251105233920,4116130,0,01,1,24380,1729,N
20251105,M7731,41016902,20251105,41,11,08,41_10621018,2,570,41016902,20251105131519,4177448,20251105135012,4111588,0,01,1,22120,2093,N
20251105,M7731,41016902,20251105,41,11,08,41_10640964,2,570,41016902,20251105062757,4177448,20251105070939,4111588,0,01,1,22120,2502,N
20251105,M7731,41016902,20251105,41,11,08,41_10642277,2,570,41016902,20251105182848,4177448,20251105191008,4111588,0,01,1,22120,2480,N
20251105,M7731,41016902,20251105,41,11,08,41_10665337,2,570,41016902,20251105181651,4106836,20251105184456,4116126,0,01,1,25350,1685,N
20251105,M7731,41016902,20251105,41,41,08,41_10671677,2,570,41016902,20251105221417,4123056,20251105221841,4110869,2,01,1,4580,264,N
20251105,M7731,41016902,20251105,41,11,08,41_10675815,2,570,41016902,20251105114844,4177532,20251105122305,4111588,0,01,1,22980,2061,N
20251105,M7731,41016902,20251105,41,11,08,41_10679248,2,570,41016902,20251105170915,4177532,20251105174053,4111588,0,01,1,22980,1898,N
20251105,M7731,41016902,20251105,41,11,08,41_10689831,2,570,41016902,20251105064923,4177448,20251105071728,4116130,0,01,1,24380,1685,N
20251105,M7731,41016902,20251105,41,11,08,41_10689831,2,570,41016902,20251105183128,4177448,20251105191248,4111588,0,01,1,22120,2480,N
20251105,M7731,41016902,20251105,41,41,08,41_10691692,2,570,41016902,20251105093613,4110869,20251105094025,4177511,0,01,1,2540,252,N
20251105,M7731,41016902,20251105,41,41,08,41_10691692,2,570,41016902,20251105094507,4110869,20251105094919,4177511,0,01,1,2540,252,N
20251105,M7731,41016902,20251105,41,41,08,41_10713595,2,570,41016902,20251105220456,4123056,20251105221152,4102447,2,01,1,3320,416,N
20251105,M7731,41016902,20251105,41,11,08,41_1073019,2,570,41016902,20251105170224,4177532,20251105173335,4111588,0,01,1,22980,1871,N
20251105,M7731,41016902,20251105,41,11,08,41_10753710,2,570,41016902,20251105171848,4106836,20251105174616,4111588,0,01,1,24330,1648,N
20251105,M7731,41016902,20251105,41,11,08,41_10760359,1,570,41016902,20251105153227,4106836,20251105162357,4116126,0,01,1,25350,3090,N
20251105,M7731,41016902,20251105,41,11,08,41_10761556,2,570,41016902,20251105173159,4177448,20251105175705,4111588,0,01,1,22120,1506,N
20251105,M7731,41016902,20251105,41,11,08,41_10782759,2,570,41016902,20251105101649,4106836,20251105105136,4116126,0,01,1,25350,2087,N
20251105,M7731,41016902,20251105,41,11,08,41_10790926,2,570,41016902,20251105103649,4177510,20251105110424,4116126,0,01,1,30520,1655,N
20251105,M7731,41016902,20251105,41,41,08,41_10820176,2,570,41016902,20251105074342,4177637,20251105075047,4106836,0,01,1,1500,425,N
20251105,M7731,41016902,20251105,41,11,08,41_10829649,1,570,41016902,20251105150206,4106836,20251105153809,4116126,0,01,1,25350,2163,N
20251105,M7731,41016902,20251105,41,11,08,41_10841315,2,570,41016902,20251105064221,4177448,20251105071009,4111588,0,01,1,22120,1668,N
20251105,M7731,41016902,20251105,41,11,08,41_10842947,2,570,41016902,20251105090913,4177448,20251105102620,4111588,0,01,1,22120,4627,N
20251105,M7731,41016902,20251105,41,41,08,41_10863650,1,570,41016902,20251105083501,4177637,20251105083957,4106836,0,01,1,1500,296,N
20251105,M7731,41016902,20251105,41,41,08,41_10889460,2,570,41016902,20251105065337,4110935,20251105071648,4177448,0,01,1,6590,1391,N
20251105,M7731,41016902,20251105,41,41,08,41_10889460,2,570,41016902,20251105185124,4123056,20251105194504,4110934,2,01,1,6380,3220,N
20251105,M7731,41016902,20251105,41,11,08,41_10894762,2,570,41016902,20251105172133,4177448,20251105174530,4111588,0,01,1,22120,1437,N
20251105,M7731,41016902,20251105,41,11,08,41_10898855,2,570,41016902,20251105151523,4106836,20251105155126,4116126,0,01,1,25350,2163,N
20251105,M7731,41016902,20251105,41,11,08,41_10918912,2,570,41016902,20251105163211,4106836,20251105170334,4116130,0,01,1,26590,1883,N
20251105,M7731,41016902,20251105,41,11,08,41_10918912,2,570,41016902,20251105193826,4106836,20251105200902,4116130,0,01,1,26590,1836,N
20251105,M7731,41016902,20251105,41,11,08,41_10924948,2,570,41016902,20251105160224,4177532,20251105163555,4116126,0,01,1,24000,2011,N
20251105,M7731,41016902,20251105,41,41,08,41_109398,2,570,41016902,20251106005256,4123056,20251106005734,4110869,2,01,1,4580,278,N
20251105,M7731,41016902,20251105,41,11,08,41_109785,1,570,41016902,20251106002259,4177448,20251106004555,4116126,0,01,1,23140,1376,N
20251105,M7731,41016902,20251105,41,11,08,41_1098013,1,570,41016902,20251105184657,4106836,20251105192159,4116126,0,01,1,25350,2102,N
20251105,M7731,41016902,20251105,41,11,08,41_10994300,2,570,41016902,20251105160224,4177532,20251105164329,4111588,0,01,1,22980,2465,N
20251105,M7731,41016902,20251105,41,11,08,41_10994300,2,570,41016902,20251105190349,4177532,20251105194005,4111588,0,01,1,22980,2176,N
20251105,M7731,41016902,20251105,41,11,08,41_11002133,2,570,41016902,20251105145053,4106836,20251105152423,4111588,0,01,1,24330,2010,N
20251105,M7731,41016902,20251105,41,11,08,41_11020585,2,570,41016902,20251105124119,4106836,20251105131751,4111588,0,01,1,24330,2192,N
20251105,M7731,41016902,20251105,41,41,08,41_11021567,1,570,41016902,20251105072202,4177637,20251105073241,4177448,0,01,1,3710,639,N
20251105,M7731,41016902,20251105,41,11,08,41_11137368,2,570,41016902,20251105163957,4106836,20251105170313,4116130,0,01,1,26590,1396,N
20251105,M7731,41016902,20251105,41,11,08,41_11137512,1,570,41016902,20251105091404,4177532,20251105100018,4111588,0,01,1,22980,2774,N
20251105,M7731,41016902,20251105,41,41,08,41_11147481,2,570,41016902,20251105085226,4177637,20251105090001,4177448,0,01,1,3710,455,N
20251105,M7731,41016902,20251105,41,11,08,41_11162943,2,570,41016902,20251105214124,4177637,20251105220307,4116130,0,01,1,28090,1303,N
20251105,M7731,41016902,20251105,41,11,08,41_11187130,2,570,41016902,20251105173037,4177448,20251105175529,4111588,0,01,1,22120,1492,N
20251105,M7731,41016902,20251105,41,41,08,41_11189824,1,570,41016902,20251105073121,4110935,20251105074343,4106836,0,01,1,4380,742,N
20251105,M7731,41016902,20251105,41,41,08,41_11198638,1,570,41016902,20251105184247,4102447,20251105185826,4177511,0,01,1,3800,939,N
20251105,M7731,41016902,20251105,41,11,08,41_11203784,2,570,41016902,20251105134638,4106836,20251105143133,4116126,1,01,1,25350,2695,N
20251105,M7731,41016902,20251105,41,11,08,41_11248586,2,570,41016902,20251105175110,4177637,20251105182739,4111588,0,01,1,25830,2189,N
20251105,M7731,41016902,20251105,41,11,08,41_11255347,2,570,41016902,20251105072134,4177448,20251105075236,4111588,0,01,1,22120,1862,N
20251105,M7731,41016902,20251105,41,11,08,41_11255347,2,570,41016902,20251105181605,4177448,20251105191118,4111588,0,01,1,22120,3313,N
20251105,M7731,41016902,20251105,41,11,08,41_11258465,2,570,41016902,20251105122036,4177448,20251105130826,4116130,0,01,1,24380,2870,N
20251105,M7731,41016902,20251105,41,11,08,41_11258465,2,570,41016902,20251105130558,4106836,20251105134348,4111588,0,01,1,24330,2270,N
20251105,M7731,41016902,20251105,41,11,08,41_11258465,2,570,41016902,20251105191716,4177448,20251105195107,4111588,0,01,1,22120,2031,N
20251105,M7731,41016902,20251105,41,11,08,41_11275414,2,570,41016902,20251105121621,4177448,20251105125234,4111588,0,01,1,22120,2173,N
20251105,M7731,41016902,20251105,41,11,08,41_11279467,1,570,41016902,20251105164041,4177532,20251105171705,4111588,0,01,1,22980,2184,N
20251105,M7731,41016902,20251105,41,41,08,41_11297256,1,570,41016902,20251105102752,4107446,20251105105607,4177448,0,01,2,5750,1695,N
20251105,M7731,41016902,20251105,41,11,08,41_11306966,2,570,41016902,20251105070043,4110935,20251105081017,4111588,0,01,1,28710,4174,N
20251105,M7731,41016902,20251105,41,11,08,41_11337702,2,570,41016902,20251105220507,4106836,20251105223858,4111588,0,01,1,24330,2031,N
20251105,M7731,41016902,20251105,41,11,08,41_11369666,1,570,41016902,20251105141750,4106836,20251105145032,4111588,0,01,1,24330,1962,N
20251105,M7731,41016902,20251105,41,11,08,41_11392002,2,570,41016902,20251105174821,4177448,20251105184749,4109162,0,01,1,27170,3568,N
20251105,M7731,41016902,20251105,41,11,08,41_11421970,2,570,41016902,20251105101846,4107446,20251105104455,4111588,1,01,2,27870,1569,N
20251105,M7731,41016902,20251105,41,11,08,41_11430755,2,570,41016902,20251105222407,4177448,20251105233731,4116126,0,01,1,23140,4404,N
20251105,M7731,41016902,20251105,41,11,08,41_11454582,2,570,41016902,20251105083935,4106836,20251105093333,4116126,0,01,1,25350,3238,N
20251105,M7731,41016902,20251105,41,11,08,41_11454582,2,570,41016902,20251105132625,4106836,20251105141029,4116126,0,01,1,25350,2644,N
20251105,M7731,41016902,20251105,41,11,08,41_11454582,2,570,41016902,20251105182823,4106836,20251105194440,4116126,0,01,1,25350,4577,N
20251105,M7731,41016902,20251105,41,11,08,41_11468562,2,570,41016902,20251105072810,4177448,20251105080416,4116126,0,01,2,23140,2166,N
20251105,M7731,41016902,20251105,41,11,08,41_11468562,2,570,41016902,20251105104014,4177448,20251105112316,4116126,0,01,1,23140,2582,N
20251105,M7731,41016902,20251105,41,11,08,41_11468562,2,570,41016902,20251105204626,4177448,20251105214252,4116126,0,01,1,23140,3386,N
20251105,M7731,41016902,20251105,41,11,08,41_11477841,2,570,41016902,20251105165716,4177532,20251105172220,4116130,0,01,1,25240,1504,N
20251105,M7731,41016902,20251105,41,11,08,41_11480811,1,570,41016902,20251105081024,4110868,20251105084127,4111588,0,01,1,26980,1863,N
20251105,M7731,41016902,20251105,41,41,08,41_11482526,2,570,41016902,20251105081337,4110868,20251105082325,4177532,0,01,1,4000,588,N
20251105,M7731,41016902,20251105,41,11,08,41_11486550,2,570,41016902,20251105201205,4177448,20251105204811,4116126,0,01,1,23140,2166,N
20251105,M7731,41016902,20251105,41,11,08,41_11490457,1,570,41016902,20251105195501,4106836,20251105202140,4111599,0,01,1,28270,1599,N
20251105,M7731,41016902,20251105,41,11,08,41_1152051,1,570,41016902,20251105064309,4106836,20251105071130,4111588,0,01,1,24330,1701,N
20251105,M7731,41016902,20251105,41,11,08,41_11540375,1,570,41016902,20251105072612,4177448,20251105080643,4111598,0,01,1,25410,2431,N
20251105,M7731,41016902,20251105,41,41,08,41_1154353,2,570,41016902,20251105102217,4177637,20251105103142,4106836,0,01,1,1500,565,N
20251105,M7731,41016902,20251105,41,11,08,41_11634355,2,570,41016902,20251105053228,4177637,20251105060558,4109162,0,01,1,30880,2010,N
20251105,M7731,41016902,20251105,41,11,08,41_11652190,1,570,41016902,20251105100857,4177448,20251105104824,4116126,0,01,1,23140,2367,N
20251105,M7731,41016902,20251105,41,11,08,41_11669128,2,570,41016902,20251105101838,4177448,20251105105805,4116130,0,01,1,24380,2367,N
20251105,M7731,41016902,20251105,41,11,08,41_11669128,2,570,41016902,20251105121220,4177448,20251105125147,4116130,0,01,1,24380,2367,N
20251105,M7731,41016902,20251105,41,11,08,41_11754484,2,570,41016902,20251105190333,4177532,20251105193138,4111588,0,01,1,22980,1685,N
20251105,M7731,41016902,20251105,41,11,08,41_11776231,2,570,41016902,20251105071112,4177510,20251105073331,4111598,0,01,1,32790,1339,N
20251105,M7731,41016902,20251105,41,11,08,41_11776231,2,570,41016902,20251105073619,4177510,20251105075838,4111598,0,01,1,32790,1339,N
20251105,M7731,41016902,20251105,41,11,08,41_11784695,2,570,41016902,20251105154135,4177532,20251105160940,4111588,0,01,1,22980,1685,N
20251105,M7731,41016902,20251105,41,11,08,41_11822571,2,570,41016902,20251105152157,4106836,20251105160142,4116126,1,01,1,25350,2385,N
20251105,M7731,41016902,20251105,41,11,08,41_11832347,1,570,41016902,20251105191252,4177448,20251105194405,4116126,0,01,1,23140,1873,N
20251105,M7731,41016902,20251105,41,11,08,41_11845958,2,570,41016902,20251105074200,4177448,20251105082423,4111588,1,01,1,22120,2543,N
20251105,M7731,41016902,20251105,41,11,08,41_11861168,2,570,41016902,20251105192153,4177448,20251105200250,4111588,0,01,1,22120,2457,N
20251105,M7731,41016902,20251105,41,11,08,41_1190036,2,570,41016902,20251105100933,4177532,20251105104446,4111588,0,01,1,22980,2113,N
20251105,M7731,41016902,20251105,41,11,08,41_11913204,2,570,41016902,20251105133157,4106836,20251105140809,4111588,1,01,1,24330,2172,N
20251105,M7731,41016902,20251105,41,11,08,41_119497,1,570,41016902,20251105162852,4177532,20251105165601,4111588,0,01,1,22980,1629,N
20251105,M7731,41016902,20251105,41,11,08,41_1195026,1,570,41016902,20251105140740,4106836,20251105144127,4111588,0,01,1,24330,2027,N
20251105,M7731,41016902,20251105,41,11,08,41_11962809,2,570,41016902,20251105181631,4106836,20251105185908,4111588,0,01,1,24330,2557,N
20251105,M7731,41016902,20251105,41,41,08,41_1197441,2,570,41016902,20251105083229,4177637,20251105084046,4177448,0,01,1,3710,497,N
20251105,M7731,41016902,20251105,41,11,08,41_1200430,2,570,41016902,20251105200501,4177448,20251105202849,4111588,0,01,1,22120,1428,N
20251105,M7731,41016902,20251105,41,11,08,41_12006184,1,570,41016902,20251105172115,4106836,20251105180744,4111588,0,01,1,24330,2789,N
20251105,M7731,41016902,20251105,41,41,08,41_12010048,1,570,41016902,20251105181035,4177533,20251105184210,4107447,0,01,1,4900,1895,N
20251105,M7731,41016902,20251105,41,11,08,41_12019919,1,570,41016902,20251105152317,4177448,20251105160303,4116126,0,01,1,23140,2386,N
20251105,M7731,41016902,20251105,41,11,08,41_12022709,2,570,41016902,20251105083040,4177448,20251105091213,4116126,0,01,1,23140,2493,N
20251105,M7731,41016902,20251105,41,11,08,41_12045972,2,570,41016902,20251105103125,4177637,20251105111728,4111588,0,01,1,25830,2763,N
20251105,M7731,41016902,20251105,41,11,08,41_12046700,2,570,41016902,20251105155406,4177532,20251105163158,4116130,0,01,2,25240,2272,N
20251105,M7731,41016902,20251105,41,41,08,41_12048767,2,570,41016902,20251105082347,4107446,20251105090520,4177532,0,01,1,4890,2493,N
20251105,M7731,41016902,20251105,41,11,08,41_12058519,1,570,41016902,20251105155203,4177532,20251105163134,4116126,0,01,1,24000,2371,N
20251105,M7731,41016902,20251105,41,11,08,41_12059971,2,570,41016902,20251105170233,4177532,20251105175738,4111588,0,01,2,22980,3305,N
20251105,M7731,41016902,20251105,41,11,08,41_12069551,1,570,41016902,20251105222255,4106836,20251105225703,4111588,0,01,1,24330,2048,N
20251105,M7731,41016902,20251105,41,41,08,41_12073314,2,570,41016902,20251105073253,4177637,20251105074022,4177448,0,01,1,3710,449,N
20251105,M7731,41016902,20251105,41,11,08,41_12075023,2,570,41016902,20251105175116,4106836,20251105182238,4116130,0,01,1,26590,1882,N
20251105,M7731,41016902,20251105,41,11,08,41_12083870,2,570,41016902,20251105151825,4177448,20251105160749,4111599,0,01,1,26060,2964,N
20251105,M7731,41016902,20251105,41,11,08,41_1209638,2,570,41016902,20251105233423,4110935,20251105235233,4111588,0,01,1,28710,1090,N
20251105,M7731,41016902,20251105,41,11,08,41_12110153,2,570,41016902,20251105192119,4106836,20251105195206,4116126,0,01,1,25350,1847,N
20251105,M7731,41016902,20251105,41,11,08,41_12110153,2,570,41016902,20251105210006,4106836,20251105213021,4116126,0,01,1,25350,1815,N
20251105,M7731,41016902,20251105,41,11,08,41_12119953,1,570,41016902,20251105122053,4106836,20251105131250,4111588,0,01,1,24330,3117,N
20251105,M7731,41016902,20251105,41,11,08,41_12174216,2,570,41016902,20251105192907,4177448,20251105195023,4111588,0,01,1,22120,1276,N
20251105,M7731,41016902,20251105,41,11,08,41_1217661,2,570,41016902,20251105172751,4177448,20251105174659,4111588,0,01,1,22120,1148,N
20251105,M7731,41016902,20251105,41,11,08,41_12192091,2,570,41016902,20251105073649,4106836,20251105080840,4111588,1,01,1,24330,1911,N
20251105,M7731,41016902,20251105,41,11,08,41_12195545,2,570,41016902,20251105054829,4110868,20251105062158,4111588,0,01,1,26980,2009,N
20251105,M7731,41016902,20251105,41,11,08,41_12244760,2,570,41016902,20251106002536,4177532,20251106004657,4109162,1,01,1,28030,1281,N
20251105,M7731,41016902,20251105,41,11,08,41_12270172,1,570,41016902,20251105162837,4106836,20251105170420,4111588,0,01,1,24330,2143,N
20251105,M7731,41016902,20251105,41,11,08,41_12274508,2,570,41016902,20251105201414,4177448,20251105204812,4116126,0,01,1,23140,2038,N
20251105,M7731,41016902,20251105,41,41,08,41_12309768,2,570,41016902,20251105080551,4123056,20251105082543,4107447,0,01,1,5480,1192,N
20251105,M7731,41016902,20251105,41,11,08,41_1233866,2,570,41016902,20251105082904,4107446,20251105093020,4111588,0,01,1,27870,3676,N
20251105,M7731,41016902,20251105,41,11,08,41_12372128,2,570,41016902,20251105084908,4110935,20251105094436,4111588,0,01,1,28710,3328,N
20251105,M7731,41016902,20251105,41,11,08,41_12384270,2,570,41016902,20251105204250,4106836,20251105211509,4111588,0,01,1,24330,1939,N
20251105,M7731,41016902,20251105,41,11,08,41_12390079,2,570,41016902,20251105083615,4106836,20251105090712,4116126,0,01,1,25350,1857,N
20251105,M7731,41016902,20251105,41,11,08,41_12405907,2,570,41016902,20251105073137,4177448,20251105080915,4111588,0,01,1,22120,2258,N
20251105,M7731,41016902,20251105,41,11,08,41_12407531,2,570,41016902,20251105134656,4106836,20251105143215,4116126,0,01,1,25350,2719,N
20251105,M7731,41016902,20251105,41,11,08,41_12410915,2,570,41016902,20251105164641,4177532,20251105172321,4111588,0,01,1,22980,2200,N
20251105,M7731,41016902,20251105,41,11,08,41_12414495,2,570,41016902,20251105060315,4177448,20251105063848,4111599,0,01,1,26060,2133,N
20251105,M7731,41016902,20251105,41,11,08,41_12454328,2,570,41016902,20251105172236,4106836,20251105180242,4111588,0,01,1,24330,2406,N
20251105,M7731,41016902,20251105,41,11,08,41_1245812,2,570,41016902,20251105185242,4177448,20251105192340,4111588,0,01,1,22120,1858,N
20251105,M7731,41016902,20251105,41,11,08,41_12470473,2,570,41016902,20251105165418,4177532,20251105172516,4111588,0,01,1,22980,1858,N
20251105,M7731,41016902,20251105,41,41,08,41_12508207,2,570,41016902,20251105181004,4123056,20251105182020,4110869,0,01,1,4580,616,N
20251105,M7731,41016902,20251105,41,11,08,41_12516692,2,570,41016902,20251105192228,4177637,20251105195510,4116126,0,01,1,26850,1962,N
20251105,M7731,41016902,20251105,41,11,08,41_12545330,2,570,41016902,20251105161357,4106836,20251105171543,4116126,0,01,1,25350,3706,N
20251105,M7731,41016902,20251105,41,11,08,41_12545330,2,570,41016902,20251105193822,4106836,20251105202637,4116126,0,01,1,25350,2895,N
20251105,M7731,41016902,20251105,41,41,08,41_12555236,2,570,41016902,20251105082800,4177510,20251105084232,4177637,0,01,1,3670,872,N
20251105,M7731,41016902,20251105,41,41,08,41_12555236,2,570,41016902,20251105164748,4177510,20251105170333,4177637,0,01,1,3670,945,N
20251105,M7731,41016902,20251105,41,41,08,41_12558016,2,570,41016902,20251105190947,4110935,20251105191837,4106836,0,01,1,4380,530,N
20251105,M7731,41016902,20251105,41,11,08,41_12572824,2,570,41016902,20251105082524,4177510,20251105085308,4111599,0,01,1,33440,1664,N
20251105,M7731,41016902,20251105,41,11,08,41_12602300,2,570,41016902,20251105120819,4177448,20251105124519,4109162,0,01,1,27170,2220,N
20251105,M7731,41016902,20251105,41,11,08,41_12602300,2,570,41016902,20251105184241,4177448,20251105192038,4109162,0,01,1,27170,2277,N
20251105,M7731,41016902,20251105,41,11,08,41_12607281,2,570,41016902,20251105182409,4177448,20251105185108,4111588,0,01,1,22120,1619,N
20251105,M7731,41016902,20251105,41,11,08,41_12609244,2,570,41016902,20251105164053,4177448,20251105171116,4111588,0,01,1,22120,1823,N
20251105,M7731,41016902,20251105,41,11,08,41_12617932,2,570,41016902,20251105072045,4177510,20251105075549,4111598,0,01,2,32790,2104,N
20251105,M7731,41016902,20251105,41,11,08,41_12621555,2,570,41016902,20251105083946,4177448,20251105091807,4116126,0,01,1,23140,2301,N
20251105,M7731,41016902,20251105,41,41,08,41_12625551,2,570,41016902,20251105171414,4177533,20251105173530,4107447,0,01,1,4900,1276,N
20251105,M7731,41016902,20251105,41,11,08,41_12646468,2,570,41016902,20251105071417,4110935,20251105074754,4111588,0,01,1,28710,2017,N
20251105,M7731,41016902,20251105,41,11,08,41_12649923,2,570,41016902,20251105183358,4177448,20251105190421,4111588,0,01,1,22120,1823,N
20251105,M7731,41016902,20251105,41,11,08,41_1266986,2,570,41016902,20251105055347,4177532,20251105063052,4111588,0,01,2,22980,2225,N
20251105,M7731,41016902,20251105,41,11,08,41_12673997,1,570,41016902,20251105182409,4177448,20251105185629,4111588,0,01,1,22120,1940,N
20251105,M7731,41016902,20251105,41,11,08,41_12683423,2,570,41016902,20251105182414,4177448,20251105190433,4116126,0,01,1,23140,2419,N
20251105,M7731,41016902,20251105,41,11,08,41_12699552,2,570,41016902,20251105223119,4106836,20251105230209,4116130,0,01,1,26590,1850,N
20251105,M7731,41016902,20251105,41,41,08,41_1271,2,570,41016902,20251105174628,4106837,20251105175608,4107447,0,01,1,3540,580,N
20251105,M7731,41016902,20251105,41,41,08,41_1271,2,570,41016902,20251105204727,4107446,20251105205621,4106836,0,01,1,3540,534,N
20251105,M7731,41016902,20251105,41,11,08,41_12713773,2,570,41016902,20251105110324,4177448,20251105113458,4116126,1,01,1,23140,1894,N
20251105,M7731,41016902,20251105,41,11,08,41_12717839,2,570,41016902,20251105150306,4177532,20251105153556,4116126,0,01,2,24000,1970,N
20251105,M7731,41016902,20251105,41,11,08,41_12750724,2,570,41016902,20251105104417,4177448,20251105111551,4116126,0,01,1,23140,1894,N
20251105,M7731,41016902,20251105,41,11,08,41_12752084,2,570,41016902,20251105145759,4177532,20251105152631,4111588,0,01,1,22980,1712,N
20251105,M7731,41016902,20251105,41,41,08,41_12754686,2,570,41016902,20251105131726,4177510,20251105135001,4177532,0,01,1,6520,1955,N
20251105,M7731,41016902,20251105,41,41,08,41_12754686,2,570,41016902,20251105224705,4123056,20251105230808,4177511,0,01,1,7120,1263,N
20251105,M7731,41016902,20251105,41,11,08,41_12765918,2,570,41016902,20251105150306,4177532,20251105153152,4111588,0,01,1,22980,1726,N
20251105,M7731,41016902,20251105,41,11,08,41_12790988,2,570,41016902,20251105182333,4106836,20251105190211,4111588,0,01,1,24330,2318,N
20251105,M7731,41016902,20251105,41,41,08,41_12798320,1,570,41016902,20251105074315,4107446,20251105075853,4177532,1,01,1,4890,938,N
20251105,M7731,41016902,20251105,41,41,08,41_12798320,1,570,41016902,20251105193821,4177533,20251105195142,4107447,0,01,1,4900,801,N
20251105,M7731,41016902,20251105,41,11,08,41_1281834,2,570,41016902,20251105163504,4177532,20251105171825,4111588,0,01,1,22980,2601,N
20251105,M7731,41016902,20251105,41,11,08,41_12866090,1,570,41016902,20251105084842,4177532,20251105094528,4111588,0,01,1,22980,3406,N
20251105,M7731,41016902,20251105,41,11,08,41_12878309,2,570,41016902,20251105112042,4106836,20251105115935,4116126,0,01,1,25350,2333,N
20251105,M7731,41016902,20251105,41,11,08,41_12932202,1,570,41016902,20251105153601,4177532,20251105161501,4116126,0,01,1,24000,2340,N
20251105,M7731,41016902,20251105,41,11,08,41_12972447,1,570,41016902,20251105190238,4177448,20251105193236,4111588,1,01,1,22120,1798,N
20251105,M7731,41016902,20251105,41,11,08,41_13044282,2,570,41016902,20251105154846,4177532,20251105163537,4111588,0,01,1,22980,2811,N
20251105,M7731,41016902,20251105,41,11,08,41_13044777,1,570,41016902,20251105125559,4177532,20251105133158,4111588,0,01,1,22980,2159,N
20251105,M7731,41016902,20251105,41,11,08,41_13052237,1,570,41016902,20251105071929,4177532,20251105080620,4111588,0,01,1,22980,2811,N
20251105,M7731,41016902,20251105,41,11,08,41_13064241,2,570,41016902,20251105192735,4177532,20251105201138,4111588,0,01,1,22980,2643,N
20251105,M7731,41016902,20251105,41,41,08,41_13087307,1,570,41016902,20251105193036,4107446,20251105195304,4177532,0,01,1,4890,1348,N
20251105,M7731,41016902,20251105,41,11,08,41_13127820,2,570,41016902,20251105100813,4110935,20251105111131,4116130,0,01,1,30970,3798,N
20251105,M7731,41016902,20251105,41,11,08,41_1313264,1,570,41016902,20251105180249,4177448,20251105182926,4111588,0,01,1,22120,1597,N
20251105,M7731,41016902,20251105,41,41,08,41_13136778,1,570,41016902,20251105222000,4106837,20251105223749,4110934,0,01,1,4440,1069,N
20251105,M7731,41016902,20251105,41,11,08,41_13202864,2,570,41016902,20251105120431,4106836,20251105125848,4116126,0,01,1,25350,3257,N
20251105,M7731,41016902,20251105,41,11,08,41_13209697,2,570,41016902,20251105061914,4106836,20251105070759,4111588,1,01,1,24330,2925,N
20251105,M7731,41016902,20251105,41,11,08,41_13210464,2,570,41016902,20251105171140,4106836,20251105175027,4116126,0,01,1,25350,2327,N
20251105,M7731,41016902,20251105,41,11,08,41_13235148,2,570,41016902,20251105150546,4106836,20251105154235,4116126,0,01,1,25350,2209,N
20251105,M7731,41016902,20251105,41,11,08,41_13243728,2,570,41016902,20251105070037,4177637,20251105072347,4111588,0,01,1,25830,1390,N
20251105,M7731,41016902,20251105,41,11,08,41_13264165,2,570,41016902,20251105150546,4106836,20251105153809,4116126,0,01,1,25350,1943,N
20251105,M7731,41016902,20251105,41,11,08,41_1326908,2,570,41016902,20251105181607,4177448,20251105185000,4116126,0,01,1,23140,2033,N
20251105,M7731,41016902,20251105,41,11,08,41_13295971,2,570,41016902,20251105114103,4106836,20251105122502,4116126,1,01,1,25350,2639,N
20251105,M7731,41016902,20251105,41,11,08,41_1334088,1,570,41016902,20251105074623,4177448,20251105083234,4116126,0,01,1,23140,2771,N
20251105,M7731,41016902,20251105,41,11,08,41_1334088,1,570,41016902,20251105181224,4177448,20251105192034,4116126,0,01,1,23140,4090,N
20251105,M7731,41016902,20251105,41,11,08,41_13352682,2,570,41016902,20251105151058,4177510,20251105154418,4116126,0,01,1,30520,2000,N
20251105,M7731,41016902,20251105,41,11,08,41_13355334,2,570,41016902,20251105064629,4177510,20251105071309,4111588,0,01,1,29500,1600,N
20251105,M7731,41016902,20251105,41,11,08,41_13357022,2,570,41016902,20251105053503,4177448,20251105060728,4109162,0,01,1,27170,1945,N
20251105,M7731,41016902,20251105,41,11,08,41_13383158,1,570,41016902,20251105110442,4177448,20251105113544,4116126,0,01,1,23140,1862,N
20251105,M7731,41016902,20251105,41,11,08,41_13383158,1,570,41016902,20251105114734,4177448,20251105121836,4116126,0,01,1,23140,1862,N
20251105,M7731,41016902,20251105,41,11,08,41_13402237,2,570,41016902,20251105153646,4177532,20251105160449,4111588,0,01,1,22980,1683,N
20251105,M7731,41016902,20251105,41,11,08,41_13424160,2,570,41016902,20251105202110,4177448,20251105204320,4111588,0,01,1,22120,1330,N
20251105,M7731,41016902,20251105,41,11,08,41_13435060,2,570,41016902,20251105135442,4177532,20251105142147,4111588,0,01,1,22980,1625,N
20251105,M7731,41016902,20251105,41,11,08,41_13436683,2,570,41016902,20251105062026,4106836,20251105070144,4111588,0,01,1,24330,2478,N
20251105,M7731,41016902,20251105,41,11,08,41_13445387,2,570,41016902,20251105185529,4106836,20251105193202,4111588,1,01,1,24330,2193,N
20251105,M7731,41016902,20251105,41,11,08,41_13445529,2,570,41016902,20251105180023,4106836,20251105185806,4116126,0,01,1,25350,3463,N
20251105,M7731,41016902,20251105,41,11,08,41_13447255,2,570,41016902,20251105112410,4177532,20251105115415,4111588,0,01,2,22980,1805,N
20251105,M7731,41016902,20251105,41,11,08,41_1346876,2,570,41016902,20251105182758,4177448,20251105185435,4111588,0,01,1,22120,1597,N
20251105,M7731,41016902,20251105,41,11,08,41_13478362,2,570,41016902,20251105135354,4177532,20251105142157,4111588,0,01,1,22980,1683,N
20251105,M7731,41016902,20251105,41,11,08,41_13481416,2,570,41016902,20251105173027,4177532,20251105181514,4111588,0,01,1,22980,2687,N
20251105,M7731,41016902,20251105,41,41,08,41_13482146,2,570,41016902,20251105110100,4177510,20251105110442,4107446,0,01,1,1630,222,N
20251105,M7731,41016902,20251105,41,11,08,41_13495501,2,570,41016902,20251105061024,4107446,20251105063014,4116130,0,01,1,30130,1190,N
20251105,M7731,41016902,20251105,41,11,08,41_13518819,2,570,41016902,20251105160428,4177448,20251105163946,4111588,0,01,1,22120,2118,N
20251105,M7731,41016902,20251105,41,11,08,41_13552389,2,570,41016902,20251105201456,4106836,20251105203631,4116130,0,01,1,26590,1295,N
20251105,M7731,41016902,20251105,41,11,08,41_13588094,2,570,41016902,20251105061612,4177532,20251105063613,4109162,0,01,1,28030,1201,N
20251105,M7731,41016902,20251105,41,11,08,41_13588094,2,570,41016902,20251105084106,4177532,20251105090805,4109162,0,01,1,28030,1619,N
20251105,M7731,41016902,20251105,41,11,08,41_13593257,2,570,41016902,20251105064738,4177448,20251105070844,4111588,0,01,1,22120,1266,N
20251105,M7731,41016902,20251105,41,11,08,41_13669847,2,570,41016902,20251105061645,4177448,20251105063803,4111588,1,01,1,22120,1278,N
20251105,M7731,41016902,20251105,41,41,08,41_13681894,2,570,41016902,20251105183108,4106837,20251105183718,4102447,0,01,1,1380,370,N
20251105,M7731,41016902,20251105,41,11,08,41_13686056,2,570,41016902,20251105052244,4177448,20251105054635,4111588,0,01,1,22120,1431,N
20251105,M7731,41016902,20251105,41,11,08,41_13693453,1,570,41016902,20251105082831,4177637,20251105085700,4116126,0,01,1,26850,1709,N
20251105,M7731,41016902,20251105,41,11,08,41_13709892,1,570,41016902,20251105071359,4106836,20251105075758,4111588,0,01,1,24330,2639,N
20251105,M7731,41016902,20251105,41,11,08,41_13736573,2,570,41016902,20251105062616,4177532,20251105065320,4111588,0,01,1,22980,1624,N
20251105,M7731,41016902,20251105,41,11,08,41_13751312,2,570,41016902,20251105172412,4106836,20251105181044,4116126,0,01,1,25350,2792,N
20251105,M7731,41016902,20251105,41,11,08,41_13759061,2,570,41016902,20251105081457,4106836,20251105090049,4111588,1,01,1,24330,2752,N
20251105,M7731,41016902,20251105,41,11,08,41_13759061,2,570,41016902,20251105092351,4106836,20251105100037,4111588,1,01,1,24330,2206,N
20251105,M7731,41016902,20251105,41,11,08,41_13809134,1,570,41016902,20251105171836,4177637,20251105182531,4111588,0,01,1,25830,4015,N
20251105,M7731,41016902,20251105,41,11,08,41_13835118,2,570,41016902,20251105164435,4106836,20251105174645,4116126,0,01,1,25350,3730,N
20251105,M7731,41016902,20251105,41,11,08,41_13835799,2,570,41016902,20251105121514,4177637,20251105132052,4111588,0,01,1,25830,3938,N
20251105,M7731,41016902,20251105,41,11,08,41_13843156,2,570,41016902,20251105062103,4110868,20251105071658,4111588,0,01,1,26980,3355,N
20251105,M7731,41016902,20251105,41,11,08,41_13850534,2,570,41016902,20251105191044,4177532,20251105201714,4116126,0,01,1,24000,3990,N
20251105,M7731,41016902,20251105,41,11,08,41_13941892,2,570,41016902,20251105173144,4106836,20251105180434,4111588,0,01,1,24330,1970,N
20251105,M7731,41016902,20251105,41,11,08,41_13948321,2,570,41016902,20251105203807,4106836,20251105213159,4116130,0,01,1,26590,3232,N
20251105,M7731,41016902,20251105,41,11,08,41_13992423,2,570,41016902,20251105133759,4106836,20251105142538,4111588,0,01,1,24330,2859,N
20251105,M7731,41016902,20251105,41,11,08,41_13996122,2,570,41016902,20251106002301,4177448,20251106004114,4116126,0,01,1,23140,1093,N
20251105,M7731,41016902,20251105,41,11,08,41_14037423,1,570,41016902,20251105151806,4177532,20251105155029,4116126,0,01,1,24000,1943,N
20251105,M7731,41016902,20251105,41,11,08,41_14055343,2,570,41016902,20251105143843,4106836,20251105152043,4116126,0,01,1,25350,2520,N
20251105,M7731,41016902,20251105,41,11,08,41_14055343,2,570,41016902,20251105190229,4106836,20251105194111,4116126,0,01,1,25350,2322,N
20251105,M7731,41016902,20251105,41,11,08,41_14067157,2,570,41016902,20251105090319,4177448,20251105093214,4111588,0,01,1,22120,1735,N
20251105,M7731,41016902,20251105,41,11,08,41_14081396,2,570,41016902,20251105094840,4106836,20251105102405,4116126,1,01,1,25350,2125,N
20251105,M7731,41016902,20251105,41,11,08,41_14087,2,570,41016902,20251105172444,4106836,20251105181756,4111588,0,01,1,24330,3192,N
20251105,M7731,41016902,20251105,41,11,08,41_14100964,2,570,41016902,20251105204545,4106836,20251105212036,4111588,0,01,1,24330,2091,N
20251105,M7731,41016902,20251105,41,11,08,41_14184913,1,570,41016902,20251105070001,4110935,20251105074315,4111588,0,01,1,28710,2594,N
20251105,M7731,41016902,20251105,41,11,08,41_14200648,2,570,41016902,20251105064021,4177532,20251105071422,4109162,1,01,1,28030,2041,N
20251105,M7731,41016902,20251105,41,11,08,41_14220444,2,570,41016902,20251105180314,4177448,20251105183123,4111588,0,01,1,22120,1689,N
20251105,M7731,41016902,20251105,41,41,08,41_14221262,2,570,41016902,20251105192723,4110935,20251105200742,4177532,0,01,1,5730,2419,N
20251105,M7731,41016902,20251105,41,11,08,41_14226524,2,570,41016902,20251105153620,4106836,20251105162418,4116126,0,01,1,25350,2878,N
20251105,M7731,41016902,20251105,41,11,08,41_14226524,2,570,41016902,20251105222744,4106836,20251105231650,4116126,0,01,1,25350,2946,N
20251105,M7731,41016902,20251105,41,11,08,41_14232393,2,570,41016902,20251105171839,4106836,20251105180426,4111588,1,01,1,24330,2747,N
20251105,M7731,41016902,20251105,41,11,08,41_14250331,2,570,41016902,20251105093024,4106836,20251105100643,4111588,1,01,1,24330,2179,N
20251105,M7731,41016902,20251105,41,11,08,41_14250331,2,570,41016902,20251105134443,4106836,20251105142034,4111588,0,01,1,24330,2151,N
20251105,M7731,41016902,20251105,41,11,08,41_14258108,2,570,41016902,20251105164326,4177532,20251105171321,4111588,0,01,1,22980,1795,N
20251105,M7731,41016902,20251105,41,11,08,41_14317800,2,570,41016902,20251105061037,4106836,20251105065504,4116126,0,01,1,25350,2667,N
20251105,M7731,41016902,20251105,41,11,08,41_14320017,1,570,41016902,20251105175010,4177448,20251105182822,4111588,0,01,1,22120,2292,N
20251105,M7731,41016902,20251105,41,11,08,41_14324393,2,570,41016902,20251105220455,4177448,20251105223630,4111588,0,01,1,22120,1895,N
20251105,M7731,41016902,20251105,41,11,08,41_14332847,2,570,41016902,20251105175108,4177448,20251105181405,4111588,0,01,1,22120,1377,N
20251105,M7731,41016902,20251105,41,11,08,41_14371012,2,570,41016902,20251105170357,4177532,20251105173408,4111588,0,01,1,22980,1811,N
20251105,M7731,41016902,20251105,41,41,08,41_14384819,1,570,41016902,20251105061438,4177510,20251105064315,4177448,0,01,1,7380,1717,N
20251105,M7731,41016902,20251105,41,11,08,41_14427437,2,570,41016902,20251105092423,4177532,20251105100134,4111588,0,01,1,22980,2231,N
20251105,M7731,41016902,20251105,41,11,08,41_14464828,1,570,41016902,20251105191049,4106836,20251105194356,4111588,0,01,1,24330,1987,N
20251105,M7731,41016902,20251105,41,11,08,41_14475744,2,570,41016902,20251105080015,4110868,20251105083456,4111588,0,01,1,26980,2081,N
20251105,M7731,41016902,20251105,41,41,08,41_14478817,2,570,41016902,20251105061020,4107446,20251105061832,4177637,0,01,1,2040,492,N
20251105,M7731,41016902,20251105,41,11,08,41_14488017,2,570,41016902,20251105093528,4106836,20251105100904,4111588,0,01,1,24330,2016,N
20251105,M7731,41016902,20251105,41,11,08,41_14488017,2,570,41016902,20251105221741,4106836,20251105225100,4111588,0,01,1,24330,1999,N
20251105,M7731,41016902,20251105,41,11,08,41_14555343,2,570,41016902,20251105172921,4106836,20251105175354,4111588,1,01,1,24330,1473,N
20251105,M7731,41016902,20251105,41,11,08,41_14587324,1,570,41016902,20251105064506,4110868,20251105071640,4111588,0,01,1,26980,1894,N
20251105,M7731,41016902,20251105,41,11,08,41_14595922,1,570,41016902,20251105075305,4177532,20251105082105,4111588,1,01,1,22980,1680,N
20251105,M7731,41016902,20251105,41,11,08,41_14598286,1,570,41016902,20251105233736,4106836,20251106001827,4111588,0,01,1,24330,2451,N
20251105,M7731,41016902,20251105,41,11,08,41_14601869,1,570,41016902,20251105093525,4106836,20251105101611,4111588,0,01,1,24330,2446,N
20251105,M7731,41016902,20251105,41,11,08,41_14635120,1,570,41016902,20251105164500,4177532,20251105171726,4116130,0,01,1,25240,1946,N
20251105,M7731,41016902,20251105,41,11,08,41_14666674,2,570,41016902,20251105164222,4177532,20251105170643,4111588,0,01,1,22980,1461,N
20251105,M7731,41016902,20251105,41,11,08,41_14672600,2,570,41016902,20251105071840,4177448,20251105075620,4116126,0,01,1,23140,2260,N
20251105,M7731,41016902,20251105,41,11,08,41_14672600,2,570,41016902,20251105100643,4177448,20251105103407,4116126,0,01,1,23140,1644,N
20251105,M7731,41016902,20251105,41,11,08,41_14674575,2,570,41016902,20251105164331,4177532,20251105171557,4116126,0,01,1,24000,1946,N
20251105,M7731,41016902,20251105,41,11,08,41_14710993,2,570,41016902,20251105121022,4177448,20251105124603,4111588,0,01,1,22120,2141,N
20251105,M7731,41016902,20251105,41,11,08,41_14713086,1,570,41016902,20251105071820,4177510,20251105082006,4111588,0,01,1,29500,3706,N
20251105,M7731,41016902,20251105,41,11,08,41_14719534,2,570,41016902,20251105052531,4110935,20251105060331,4116130,0,01,1,30970,2280,N
20251105,M7731,41016902,20251105,41,11,08,41_14740776,2,570,41016902,20251105193849,4177448,20251105200510,4111588,0,01,1,22120,1581,N
20251105,M7731,41016902,20251105,41,41,08,41_1475317,2,570,41016902,20251105073544,4107446,20251105074104,4106836,0,01,1,3540,320,N
20251105,M7731,41016902,20251105,41,11,08,41_14815027,2,570,41016902,20251105113139,4177448,20251105121252,4111588,0,01,1,22120,2473,N
20251105,M7731,41016902,20251105,41,11,08,41_1481976,2,570,41016902,20251105081030,4177448,20251105084300,4111599,0,01,1,26060,1950,N
20251105,M7731,41016902,20251105,41,11,08,41_14820285,2,570,41016902,20251105190250,4106836,20251105193317,4111599,0,01,1,28270,1827,N
20251105,M7731,41016902,20251105,41,11,08,41_14849613,2,570,41016902,20251105091246,4177532,20251105094724,4111588,0,01,1,22980,2078,N
20251105,M7731,41016902,20251105,41,11,08,41_14908812,2,570,41016902,20251105124528,4106836,20251105131509,4111588,1,01,1,24330,1781,N
20251105,M7731,41016902,20251105,41,11,08,41_14915224,2,570,41016902,20251105150926,4106836,20251105155241,4111588,0,01,2,24330,2595,N
20251105,M7731,41016902,20251105,41,11,08,41_14915224,2,570,41016902,20251105170017,4106836,20251105174243,4111588,0,01,1,24330,2546,N
20251105,M7731,41016902,20251105,41,11,08,41_14915224,2,570,41016902,20251105212419,4106836,20251105220335,4111588,0,01,1,24330,2356,N
20251105,M7731,41016902,20251105,41,11,08,41_14927831,2,570,41016902,20251105091232,4177532,20251105093917,4111588,0,01,1,22980,1605,N
20251105,M7731,41016902,20251105,41,11,08,41_14933623,2,570,41016902,20251105131045,4177532,20251105132901,4116126,0,01,1,24000,1096,N
20251105,M7731,41016902,20251105,41,11,08,41_14948442,2,570,41016902,20251105163522,4107446,20251105165325,4111588,0,01,1,27870,1083,N
20251105,M7731,41016902,20251105,41,11,08,41_14993701,2,570,41016902,20251105182715,4106836,20251105190532,4111588,0,01,1,24330,2297,N
20251105,M7731,41016902,20251105,41,11,08,41_14994497,2,570,41016902,20251105084344,4106836,20251105085710,4116126,0,01,1,25350,806,N
20251105,M7731,41016902,20251105,41,11,08,41_15025480,2,570,41016902,20251105091329,4106836,20251105094451,4111588,1,01,1,24330,1882,N
20251105,M7731,41016902,20251105,41,11,08,41_15032307,2,570,41016902,20251105101553,4110935,20251105104614,4111588,0,01,1,28710,1821,N
20251105,M7731,41016902,20251105,41,11,08,41_15046011,2,570,41016902,20251105113515,4177532,20251105120536,4116126,0,01,1,24000,1821,N
20251105,M7731,41016902,20251105,41,11,08,41_15049411,1,570,41016902,20251105065224,4177637,20251105073520,4109162,0,01,1,30880,2576,N
20251105,M7731,41016902,20251105,41,11,08,41_15059525,2,570,41016902,20251105070923,4177448,20251105074241,4111588,0,01,1,22120,1998,N
20251105,M7731,41016902,20251105,41,41,08,41_15077174,1,570,41016902,20251105172938,4107447,20251105173909,4177511,0,01,1,1640,571,N
20251105,M7731,41016902,20251105,41,11,08,41_15083075,1,570,41016902,20251105180325,4177532,20251105183312,4111588,0,01,1,22980,1787,N
20251105,M7731,41016902,20251105,41,11,08,41_15102101,2,570,41016902,20251105062115,4177532,20251105065024,4111588,1,01,1,22980,1749,N
20251105,M7731,41016902,20251105,41,11,08,41_15104163,1,570,41016902,20251105165542,4106836,20251105173354,4111588,0,01,1,24330,2292,N
20251105,M7731,41016902,20251105,41,41,08,41_15112916,1,570,41016902,20251105133728,4123056,20251105134549,4102447,0,01,1,3320,501,N
20251105,M7731,41016902,20251105,41,11,08,41_15159689,2,570,41016902,20251105151438,4106836,20251105160746,4111588,0,01,1,24330,3188,N
20251105,M7731,41016902,20251105,41,11,08,41_1516553,2,570,41016902,20251105154112,4177448,20251105163233,4111588,0,01,1,22120,3081,N
20251105,M7731,41016902,20251105,41,11,08,41_15176890,2,570,41016902,20251105101726,4106836,20251105105431,4116126,1,01,1,25350,2225,N
20251105,M7731,41016902,20251105,41,11,08,41_15186098,2,570,41016902,20251106005058,4177448,20251106011214,4116126,0,01,1,23140,1276,N
20251105,M7731,41016902,20251105,41,11,08,41_15195864,2,570,41016902,20251105140940,4106836,20251105144826,4116126,0,01,1,25350,2326,N
20251105,M7731,41016902,20251105,41,11,08,41_15195864,2,570,41016902,20251105152425,4106836,20251105160506,4116126,0,01,1,25350,2441,N
20251105,M7731,41016902,20251105,41,11,08,41_15195864,2,570,41016902,20251105211949,4106836,20251105220209,4116126,0,01,1,25350,2540,N
20251105,M7731,41016902,20251105,41,11,08,41_15294346,2,570,41016902,20251105070511,4177448,20251105074410,4116126,0,01,1,23140,2339,N
20251105,M7731,41016902,20251105,41,11,08,41_15294346,2,570,41016902,20251105155627,4177448,20251105162838,4116126,0,01,1,23140,1931,N
20251105,M7731,41016902,20251105,41,11,08,41_15317495,1,570,41016902,20251105150946,4177448,20251105153320,4111588,0,01,1,22120,1414,N
20251105,M7731,41016902,20251105,41,11,08,41_1532111,2,570,41016902,20251105234928,4177448,20251106003904,4111588,0,01,1,22120,2976,N
20251105,M7731,41016902,20251105,41,11,08,41_15341558,2,570,41016902,20251105100610,4177448,20251105103308,4111588,0,01,1,22120,1618,N
20251105,M7731,41016902,20251105,41,11,08,41_15359655,2,570,41016902,20251105100610,4177448,20251105104232,4116126,0,01,1,23140,2182,N
20251105,M7731,41016902,20251105,41,11,08,41_15425267,2,570,41016902,20251105114554,4177532,20251105121716,4111588,0,01,1,22980,1882,N
20251105,M7731,41016902,20251105,41,11,08,41_1544161,2,570,41016902,20251105095803,4106836,20251105103643,4116126,1,01,1,25350,2320,N
20251105,M7731,41016902,20251105,41,11,08,41_15492064,2,570,41016902,20251105114345,4177532,20251105121155,4111588,0,01,1,22980,1690,N
20251105,M7731,41016902,20251105,41,11,08,41_15516197,2,570,41016902,20251105114327,4177532,20251105122303,4116126,0,01,1,24000,2376,N
20251105,M7731,41016902,20251105,41,41,08,41_15544957,1,570,41016902,20251105163456,4177533,20251105164058,4102447,0,01,1,2740,362,N
20251105,M7731,41016902,20251105,41,11,08,41_15553879,2,570,41016902,20251105083901,4106836,20251105091351,4116126,0,01,1,25350,2090,N
20251105,M7731,41016902,20251105,41,41,08,41_15562525,2,570,41016902,20251105091615,4107446,20251105095244,4177532,0,01,1,4890,2189,N
20251105,M7731,41016902,20251105,41,41,08,41_15576661,2,570,41016902,20251105051945,4110868,20251105053222,4177532,0,01,1,4000,757,N
20251105,M7731,41016902,20251105,41,41,08,41_15576661,2,570,41016902,20251105163536,4177533,20251105165443,4110869,0,01,1,4000,1147,N
20251105,M7731,41016902,20251105,41,11,08,41_15588164,2,570,41016902,20251105162837,4177532,20251105170246,4111588,0,01,1,22980,2049,N
20251105,M7731,41016902,20251105,41,11,08,41_15594731,2,570,41016902,20251105085103,4177448,20251105092506,4111588,0,01,1,22120,2043,N
20251105,M7731,41016902,20251105,41,11,08,41_15595901,2,570,41016902,20251105163553,4177532,20251105171241,4116126,0,01,1,24000,2208,N
20251105,M7731,41016902,20251105,41,11,08,41_15620785,2,570,41016902,20251105160342,4106836,20251105164443,4111588,0,01,1,24330,2461,N
20251105,M7731,41016902,20251105,41,11,08,41_15621526,2,570,41016902,20251105052120,4177510,20251105062316,4111588,0,01,1,29500,3716,N
20251105,M7731,41016902,20251105,41,41,08,41_15624448,2,570,41016902,20251105103935,4107446,20251105104828,4106836,0,01,1,3540,533,N
20251105,M7731,41016902,20251105,41,11,08,41_15628936,1,570,41016902,20251105164057,4177510,20251105174814,4111588,0,01,1,29500,4037,N
20251105,M7731,41016902,20251105,41,11,08,41_15634670,2,570,41016902,20251105223437,4110868,20251105231642,4111588,0,01,1,26980,2525,N
20251105,M7731,41016902,20251105,41,11,08,41_1564999,2,570,41016902,20251105064101,4177448,20251105072747,4111588,1,01,1,22120,2806,N
20251105,M7731,41016902,20251105,41,11,08,41_15652204,2,570,41016902,20251105164403,4106836,20251105173308,4111588,0,01,1,24330,2945,N
20251105,M7731,41016902,20251105,41,11,08,41_15652699,2,570,41016902,20251105095315,4106836,20251105103509,4111588,0,01,1,24330,2514,N
20251105,M7731,41016902,20251105,41,11,08,41_15660907,2,570,41016902,20251105163701,4177532,20251105171022,4111588,0,01,1,22980,2001,N
20251105,M7731,41016902,20251105,41,11,08,41_156668,2,570,41016902,20251105092329,4177448,20251105100240,4111588,0,01,1,22120,2351,N
20251105,M7731,41016902,20251105,41,11,08,41_15687006,2,570,41016902,20251105160440,4177532,20251105163123,4111588,0,01,1,22980,1603,N
20251105,M7731,41016902,20251105,41,11,08,41_1569639,2,570,41016902,20251105145332,4106836,20251105152012,4111588,0,01,1,24330,1600,N
20251105,M7731,41016902,20251105,41,11,08,41_1569639,2,570,41016902,20251105220208,4106836,20251105223426,4111588,0,01,1,24330,1938,N
20251105,M7731,41016902,20251105,41,11,08,41_15701249,1,570,41016902,20251105124225,4177448,20251105134613,4111588,0,01,1,22120,3828,N
20251105,M7731,41016902,20251105,41,11,08,41_15735950,2,570,41016902,20251105170359,4177532,20251105172319,4111588,0,01,1,22980,1160,N
20251105,M7731,41016902,20251105,41,11,08,41_15746462,2,570,41016902,20251105174423,4177510,20251105192648,4111588,0,01,1,29500,6145,N
20251105,M7731,41016902,20251105,41,11,08,41_15748701,2,570,41016902,20251105064121,4177448,20251105071826,4111588,0,01,1,22120,2225,N
20251105,M7731,41016902,20251105,41,11,08,41_15759524,2,570,41016902,20251105123412,4177532,20251105125518,4111588,0,01,1,22980,1266,N
20251105,M7731,41016902,20251105,41,11,08,41_15777560,2,570,41016902,20251105144511,4177532,20251105150617,4111588,0,01,1,22980,1266,N
20251105,M7731,41016902,20251105,41,11,08,41_15782704,2,570,41016902,20251105051441,4177510,20251105061719,4111588,0,01,1,29500,3758,N
20251105,M7731,41016902,20251105,41,11,08,41_15790095,2,570,41016902,20251105065029,4110935,20251105072456,4109162,0,01,1,33760,2067,N
20251105,M7731,41016902,20251105,41,11,08,41_15793503,2,570,41016902,20251105155434,4177532,20251105162910,4116130,0,01,1,25240,2076,N
20251105,M7731,41016902,20251105,41,11,08,41_15798422,2,570,41016902,20251105171432,4177532,20251105173352,4111588,0,01,1,22980,1160,N
20251105,M7731,41016902,20251105,41,11,08,41_15811752,1,570,41016902,20251105163619,4177532,20251105171103,4111588,0,01,1,22980,2084,N
20251105,M7731,41016902,20251105,41,11,08,41_1581564,1,570,41016902,20251105060757,4177448,20251105064030,4111588,0,01,1,22120,1953,N
20251105,M7731,41016902,20251105,41,11,08,41_15837778,1,570,41016902,20251105121118,4177448,20251105125852,4111588,0,01,1,22120,2854,N
20251105,M7731,41016902,20251105,41,11,08,41_15837778,1,570,41016902,20251105191639,4177448,20251105194949,4111588,0,01,1,22120,1990,N
20251105,M7731,41016902,20251105,41,11,08,41_15845290,1,570,41016902,20251105153925,4106836,20251105163530,4111588,0,01,1,24330,3365,N
20251105,M7731,41016902,20251105,41,11,08,41_15845290,1,570,41016902,20251105220343,4106836,20251105225948,4111588,0,01,1,24330,3365,N
20251105,M7731,41016902,20251105,41,11,08,41_15861886,2,570,41016902,20251105160945,4177637,20251105164632,4116126,0,01,1,26850,2207,N
20251105,M7731,41016902,20251105,41,41,08,41_15884709,2,570,41016902,20251105081304,4106836,20251105081751,4177448,0,01,1,2210,287,N
20251105,M7731,41016902,20251105,41,11,08,41_1589885,2,570,41016902,20251105131134,4177532,20251105133933,4116126,0,01,1,24000,1679,N
20251105,M7731,41016902,20251105,41,11,08,41_15909772,2,570,41016902,20251105075842,4107446,20251105081806,4111588,0,01,1,27870,1164,N
20251105,M7731,41016902,20251105,41,11,08,41_15932753,2,570,41016902,20251105075342,4177448,20251105081407,4116126,0,01,2,23140,1225,N
20251105,M7731,41016902,20251105,41,11,08,41_1595015,2,570,41016902,20251105131134,4177532,20251105133415,4111588,0,01,1,22980,1361,N
20251105,M7731,41016902,20251105,41,11,08,41_15950719,1,570,41016902,20251105180146,4106836,20251105183845,4111588,0,01,1,24330,2219,N
20251105,M7731,41016902,20251105,41,11,08,41_15956810,1,570,41016902,20251105073818,4106836,20251105081517,4111588,0,01,1,24330,2219,N
20251105,M7731,41016902,20251105,41,11,08,41_15958140,2,570,41016902,20251105062334,4177637,20251105072207,4111588,0,01,1,25830,3513,N
20251105,M7731,41016902,20251105,41,11,08,41_15962368,2,570,41016902,20251105084446,4106836,20251105091410,4116126,1,01,1,25350,1764,N
20251105,M7731,41016902,20251105,41,11,08,41_15997046,2,570,41016902,20251105075344,4177448,20251105081308,4111588,0,01,1,22120,1164,N
20251105,M7731,41016902,20251105,41,11,08,41_15997046,2,570,41016902,20251105153812,4106836,20251105160120,4116130,0,01,1,26590,1388,N
20251105,M7731,41016902,20251105,41,11,08,41_15999970,2,570,41016902,20251105161019,4177532,20251105163158,4111588,0,01,1,22980,1299,N
20251105,M7731,41016902,20251105,41,11,08,41_15999970,2,570,41016902,20251105185532,4177532,20251105191430,4111588,0,01,1,22980,1138,N
20251105,M7731,41016902,20251105,41,11,08,41_16004197,2,570,41016902,20251105063419,4106836,20251105072939,4109162,0,01,1,29380,3320,N
20251105,M7731,41016902,20251105,41,41,08,41_16011007,2,570,41016902,20251105181004,4106837,20251105185116,4177511,1,01,1,5180,2472,N
20251105,M7731,41016902,20251105,41,11,08,41_1601949,2,570,41016902,20251105064922,4177637,20251105072208,4111588,0,01,1,25830,1966,N
20251105,M7731,41016902,20251105,41,11,08,41_16021707,1,570,41016902,20251105190728,4177448,20251105193407,4111588,0,01,1,22120,1599,N
20251105,M7731,41016902,20251105,41,11,08,41_1607320,2,570,41016902,20251105104844,4106836,20251105112241,4116126,1,01,1,25350,2037,N
20251105,M7731,41016902,20251105,41,41,08,41_16093595,2,570,41016902,20251106003847,4123056,20251106005510,4107447,0,01,1,5480,983,N
20251105,M7731,41016902,20251105,41,11,08,41_16108090,2,570,41016902,20251105172519,4177532,20251105180201,4111588,0,01,1,22980,2202,N
20251105,M7731,41016902,20251105,41,11,08,41_1611618,1,570,41016902,20251105072437,4177532,20251105075407,4111588,0,01,1,22980,1770,N
20251105,M7731,41016902,20251105,41,11,08,41_16132194,1,570,41016902,20251105070149,4177510,20251105080328,4111588,0,01,1,29500,3699,N
20251105,M7731,41016902,20251105,41,11,08,41_16150783,2,570,41016902,20251105212609,4177532,20251105222304,4109162,0,01,1,28030,3415,N
20251105,M7731,41016902,20251105,41,11,08,41_16173378,2,570,41016902,20251105111705,4106836,20251105114828,4116126,1,01,1,25350,1883,N
20251105,M7731,41016902,20251105,41,11,08,41_16183122,2,570,41016902,20251105205239,4106836,20251105213011,4111588,0,01,1,24330,2252,N
20251105,M7731,41016902,20251105,41,41,08,41_16184334,2,570,41016902,20251105063355,4177637,20251105064118,4106836,0,01,1,1500,443,N
20251105,M7731,41016902,20251105,41,11,08,41_16194423,2,570,41016902,20251105082704,4177448,20251105090725,4116126,0,01,1,23140,2421,N
20251105,M7731,41016902,20251105,41,11,08,41_16194423,2,570,41016902,20251105163337,4177448,20251105170609,4116126,0,01,1,23140,1952,N
20251105,M7731,41016902,20251105,41,11,08,41_16196899,2,570,41016902,20251105100129,4177510,20251105110930,4111588,0,01,1,29500,4081,N
20251105,M7731,41016902,20251105,41,11,08,41_16207039,2,570,41016902,20251105072739,4177448,20251105080710,4111588,0,01,1,22120,2371,N
20251105,M7731,41016902,20251105,41,11,08,41_16209810,1,570,41016902,20251105144009,4177448,20251105154548,4116126,0,01,1,23140,3939,N
20251105,M7731,41016902,20251105,41,11,08,41_16238357,1,570,41016902,20251105161124,4177637,20251105163908,4111588,0,01,1,25830,1664,N
20251105,M7731,41016902,20251105,41,41,08,41_16276433,1,570,41016902,20251105062915,4110935,20251105065419,4177448,0,01,1,6590,1504,N
20251105,M7731,41016902,20251105,41,11,08,41_16300155,2,570,41016902,20251105171208,4177532,20251105174752,4111588,0,01,1,22980,2144,N
20251105,M7731,41016902,20251105,41,11,08,41_1630783,2,570,41016902,20251105163826,4106836,20251105170942,4111588,0,01,1,24330,1876,N
20251105,M7731,41016902,20251105,41,11,08,41_16342877,2,570,41016902,20251105074341,4177637,20251105081749,4116130,0,01,1,28090,2048,N
20251105,M7731,41016902,20251105,41,11,08,41_16368936,1,570,41016902,20251105072013,4106836,20251105075620,4116126,0,01,1,25350,2167,N
20251105,M7731,41016902,20251105,41,11,08,41_16391885,1,570,41016902,20251105072726,4106836,20251105082432,4111588,0,01,1,24330,3426,N
20251105,M7731,41016902,20251105,41,11,08,41_16411528,1,570,41016902,20251105075527,4177448,20251105085253,4116126,0,01,1,23140,3446,N
20251105,M7731,41016902,20251105,41,11,08,41_16411528,1,570,41016902,20251105100604,4177448,20251105104840,4116126,0,01,1,23140,2556,N
20251105,M7731,41016902,20251105,41,11,08,41_1641422,2,570,41016902,20251105080410,4177532,20251105083145,4111588,0,01,1,22980,1655,N
20251105,M7731,41016902,20251105,41,11,08,41_16466264,2,570,41016902,20251105115129,4177510,20251105123624,4111588,0,01,1,29500,2695,N
20251105,M7731,41016902,20251105,41,11,08,41_16466264,2,570,41016902,20251105151855,4177510,20251105161109,4111588,0,01,1,29500,3134,N
20251105,M7731,41016902,20251105,41,11,08,41_16471001,2,570,41016902,20251105220221,4177448,20251105224405,4116126,0,01,1,23140,2504,N
20251105,M7731,41016902,20251105,41,11,08,41_16473790,2,570,41016902,20251105062343,4106836,20251105071106,4111588,1,01,1,24330,2843,N
20251105,M7731,41016902,20251105,41,11,08,41_16502093,1,570,41016902,20251105094632,4177448,20251105101741,4111588,0,01,1,22120,1869,N
20251105,M7731,41016902,20251105,41,11,08,41_16506765,1,570,41016902,20251105141629,4106836,20251105150253,4116126,0,01,1,25350,2784,N
20251105,M7731,41016902,20251105,41,11,08,41_16507786,2,570,41016902,20251105225359,4106836,20251105234646,4111588,0,01,1,24330,3167,N
20251105,M7731,41016902,20251105,41,41,08,41_1651086,2,570,41016902,20251105223919,4123056,20251105224609,4102447,3,01,1,3320,410,N
20251105,M7731,41016902,20251105,41,11,08,41_1653117,2,570,41016902,20251105071926,4177532,20251105084253,4109162,0,01,1,28030,5007,N
20251105,M7731,41016902,20251105,41,11,08,41_16531408,2,570,41016902,20251105095124,4177637,20251105102147,4111588,0,01,1,25830,1823,N
20251105,M7731,41016902,20251105,41,11,08,41_16548812,2,570,41016902,20251105060754,4177448,20251105063725,4111588,0,01,1,22120,1771,N
20251105,M7731,41016902,20251105,41,11,08,41_1654960,2,570,41016902,20251105071926,4177532,20251105074835,4116126,0,01,1,24000,1749,N
20251105,M7731,41016902,20251105,41,11,08,41_16592006,2,570,41016902,20251105055940,4107446,20251105064831,4111588,0,01,1,27870,2931,N
20251105,M7731,41016902,20251105,41,11,08,41_16593900,2,570,41016902,20251105094803,4177637,20251105101826,4111588,0,01,1,25830,1823,N
20251105,M7731,41016902,20251105,41,11,08,41_1662120,1,570,41016902,20251105063659,4177637,20251105072903,4111588,0,01,1,25830,3124,N
20251105,M7731,41016902,20251105,41,11,08,41_16622267,2,570,41016902,20251105062900,4177448,20251105070542,4116130,0,01,1,24380,2202,N
20251105,M7731,41016902,20251105,41,11,08,41_16647851,2,570,41016902,20251105071313,4177510,20251105073942,4111588,0,01,1,29500,1589,N
20251105,M7731,41016902,20251105,41,11,08,41_16697122,1,570,41016902,20251105191355,4106836,20251105194559,4116126,0,01,1,25350,1924,N
20251105,M7731,41016902,20251105,41,11,08,41_16697122,1,570,41016902,20251105201415,4106836,20251105204806,4116126,0,01,1,25350,2031,N
20251105,M7731,41016902,20251105,41,11,08,41_1669998,1,570,41016902,20251105151401,4177637,20251105161712,4111588,0,01,1,25830,3791,N
20251105,M7731,41016902,20251105,41,41,08,41_16705142,1,570,41016902,20251106001152,4123056,20251106003159,4177511,2,01,1,7120,1207,N
20251105,M7731,41016902,20251105,41,11,08,41_16715429,2,570,41016902,20251105114031,4106836,20251105120213,4116126,1,01,1,25350,1302,N
20251105,M7731,41016902,20251105,41,11,08,41_16741291,2,570,41016902,20251105063715,4177637,20251105071735,4111588,0,01,1,25830,2420,N
20251105,M7731,41016902,20251105,41,41,08,41_16791921,2,570,41016902,20251105180229,4110868,20251105181323,4106836,0,01,1,2650,654,N
20251105,M7731,41016902,20251105,41,11,08,41_16804654,2,570,41016902,20251105061541,4106836,20251105070005,4116130,0,01,1,26590,2664,N
20251105,M7731,41016902,20251105,41,11,08,41_16804654,2,570,41016902,20251105162159,4106836,20251105165028,4116130,0,01,1,26590,1709,N
20251105,M7731,41016902,20251105,41,11,08,41_16854860,2,570,41016902,20251105144721,4106836,20251105155236,4111588,0,01,1,24330,3915,N
20251105,M7731,41016902,20251105,41,11,08,41_16880954,2,570,41016902,20251105183531,4177448,20251105191253,4116126,0,01,1,23140,2242,N
20251105,M7731,41016902,20251105,41,11,08,41_16888564,2,570,41016902,20251105062325,4177637,20251105071111,4111588,0,01,1,25830,2866,N
20251105,M7731,41016902,20251105,41,11,08,41_16898571,2,570,41016902,20251105210412,4177532,20251105213646,4111588,0,01,1,22980,1954,N
20251105,M7731,41016902,20251105,41,11,08,41_1694860,2,570,41016902,20251105161517,4177532,20251105163916,4111588,0,01,1,22980,1439,N
20251105,M7731,41016902,20251105,41,11,08,41_16998941,2,570,41016902,20251105062840,4106836,20251105071132,4116126,1,01,1,25350,2572,N
20251105,M7731,41016902,20251105,41,11,08,41_17001538,1,570,41016902,20251105124735,4177448,20251105131829,4111588,0,01,1,22120,1854,N
20251105,M7731,41016902,20251105,41,11,08,41_17002673,2,570,41016902,20251105175859,4106836,20251105181157,4116126,0,01,1,25350,778,N
20251105,M7731,41016902,20251105,41,11,08,41_17003921,2,570,41016902,20251105163314,4106836,20251105170943,4111588,0,01,1,24330,2189,N
20251105,M7731,41016902,20251105,41,11,08,41_17003921,2,570,41016902,20251105210117,4106836,20251105213554,4111588,0,01,1,24330,2077,N
20251105,M7731,41016902,20251105,41,11,08,41_17006264,1,570,41016902,20251105222551,4177637,20251105231828,4111588,0,01,1,25830,3157,N
20251105,M7731,41016902,20251105,41,11,08,41_17009330,2,570,41016902,20251105210117,4106836,20251105211825,4116130,0,01,1,26590,1028,N
20251105,M7731,41016902,20251105,41,11,08,41_1701274,2,570,41016902,20251105144010,4177448,20251105151332,4111588,0,01,1,22120,2002,N
20251105,M7731,41016902,20251105,41,11,08,41_1701949,1,570,41016902,20251105204523,4106836,20251105211654,4111588,0,01,1,24330,1891,N
20251105,M7731,41016902,20251105,41,11,08,41_17022069,1,570,41016902,20251105155825,4177637,20251105161343,4111599,0,01,1,29770,918,N
20251105,M7731,41016902,20251105,41,11,08,41_17066968,1,570,41016902,20251105062839,4106836,20251105071224,4111588,0,01,1,24330,2625,N
20251105,M7731,41016902,20251105,41,11,08,41_17126878,2,570,41016902,20251105135705,4177448,20251105142148,4111588,0,01,1,22120,1483,N
20251105,M7731,41016902,20251105,41,11,08,41_17186000,2,570,41016902,20251105053414,4177448,20251105060905,4116130,0,01,1,24380,2091,N
20251105,M7731,41016902,20251105,41,11,08,41_17186000,2,570,41016902,20251105130137,4177448,20251105134740,4111588,0,01,1,22120,2763,N
20251105,M7731,41016902,20251105,41,11,08,41_17222657,2,570,41016902,20251105104133,4110935,20251105110138,4111588,0,01,1,28710,1205,N
20251105,M7731,41016902,20251105,41,11,08,41_17244562,2,570,41016902,20251105142427,4177448,20251105144427,4111588,0,01,1,22120,1200,N
20251105,M7731,41016902,20251105,41,11,08,41_17256236,2,570,41016902,20251105130227,4106836,20251105134522,4116126,0,01,1,25350,2575,N
20251105,M7731,41016902,20251105,41,11,08,41_17258054,2,570,41016902,20251105104025,4106836,20251105113052,4111588,1,01,1,24330,3027,N
20251105,M7731,41016902,20251105,41,11,08,41_172656,2,570,41016902,20251105184805,4177532,20251105191403,4111588,0,01,1,22980,1558,N
20251105,M7731,41016902,20251105,41,11,08,41_17278416,1,570,41016902,20251105120813,4177532,20251105124148,4111588,0,01,1,22980,2015,N
20251105,M7731,41016902,20251105,41,11,08,41_17278416,1,570,41016902,20251105143103,4177448,20251105145103,4111588,0,01,1,22120,1200,N
20251105,M7731,41016902,20251105,41,41,08,41_17283384,2,570,41016902,20251105183940,4106837,20251105184746,4110934,1,01,1,4440,486,N
20251105,M7731,41016902,20251105,41,11,08,41_17312353,2,570,41016902,20251105155122,4177448,20251105162539,4111588,0,01,1,22120,2057,N
20251105,M7731,41016902,20251105,41,11,08,41_17330654,1,570,41016902,20251105070029,4177637,20251105074953,4111588,0,01,1,25830,2964,N
20251105,M7731,41016902,20251105,41,11,08,41_17337999,2,570,41016902,20251105141613,4177637,20251105145003,4116126,0,01,1,26850,2030,N
20251105,M7731,41016902,20251105,41,11,08,41_17347853,1,570,41016902,20251105065530,4106836,20251105074002,4111588,0,01,3,24330,2672,N
20251105,M7731,41016902,20251105,41,11,08,41_1736520,2,570,41016902,20251105131139,4106836,20251105134715,4111588,0,01,1,24330,2136,N
20251105,M7731,41016902,20251105,41,11,08,41_17366064,1,570,41016902,20251105154845,4177532,20251105162044,4111588,0,01,1,22980,1919,N
20251105,M7731,41016902,20251105,41,11,08,41_17378451,2,570,41016902,20251105141255,4106836,20251105144832,4116130,0,01,1,26590,2137,N
20251105,M7731,41016902,20251105,41,11,08,41_17387883,2,570,41016902,20251105191504,4106836,20251105194401,4111588,0,01,1,24330,1737,N
20251105,M7731,41016902,20251105,41,11,08,41_17394402,1,570,41016902,20251105154845,4177532,20251105162044,4111588,0,01,1,22980,1919,N
20251105,M7731,41016902,20251105,41,11,08,41_17415757,2,570,41016902,20251105171658,4106836,20251105174615,4116126,0,01,1,25350,1757,N
20251105,M7731,41016902,20251105,41,11,08,41_17425126,2,570,41016902,20251105144742,4106836,20251105151949,4111588,0,01,1,24330,1927,N
20251105,M7731,41016902,20251105,41,11,08,41_17454552,2,570,41016902,20251105143213,4177448,20251105150243,4111588,0,01,1,22120,1830,N
20251105,M7731,41016902,20251105,41,11,08,41_17466165,2,570,41016902,20251105161839,4106836,20251105164734,4116126,1,01,1,25350,1735,N
20251105,M7731,41016902,20251105,41,11,08,41_17468164,2,570,41016902,20251105183829,4106836,20251105190714,4111588,0,01,1,24330,1725,N
20251105,M7731,41016902,20251105,41,11,08,41_17498085,2,570,41016902,20251105211911,4177532,20251105215528,4111588,0,01,1,22980,2177,N
20251105,M7731,41016902,20251105,41,11,08,41_17498085,2,570,41016902,20251105230301,4177532,20251105232751,4111588,0,01,1,22980,1490,N
20251105,M7731,41016902,20251105,41,11,08,41_17508454,2,570,41016902,20251105110846,4106836,20251105115016,4111598,0,01,1,27620,2490,N
20251105,M7731,41016902,20251105,41,11,08,41_17546550,2,570,41016902,20251105150934,4106836,20251105154727,4116126,0,01,1,25350,2273,N
20251105,M7731,41016902,20251105,41,11,08,41_17570335,2,570,41016902,20251105122621,4106836,20251105130644,4116130,0,01,1,26590,2423,N
20251105,M7731,41016902,20251105,41,11,08,41_17578995,2,570,41016902,20251105090741,4106836,20251105102142,4109162,1,01,1,29380,4441,N
20251105,M7731,41016902,20251105,41,11,08,41_17581496,2,570,41016902,20251105120947,4177532,20251105124659,4111588,0,01,1,22980,2232,N
20251105,M7731,41016902,20251105,41,41,08,41_17585322,2,570,41016902,20251105185603,4123056,20251105192506,4107447,2,01,1,5480,1743,N
20251105,M7731,41016902,20251105,41,11,08,41_17586226,2,570,41016902,20251105055057,4177448,20251105065257,4109162,0,01,1,27170,3720,N
20251105,M7731,41016902,20251105,41,41,08,41_17593105,2,570,41016902,20251105123129,4107447,20251105124006,4177511,0,01,1,1640,517,N
20251105,M7731,41016902,20251105,41,41,08,41_17593105,2,570,41016902,20251105190743,4177510,20251105191758,4107446,0,01,1,1630,615,N
20251105,M7731,41016902,20251105,41,41,08,41_17593105,2,570,41016902,20251105192206,4177510,20251105193221,4107446,0,01,1,1630,615,N
20251105,M7731,41016902,20251105,41,41,08,41_17594359,2,570,41016902,20251105075141,4177637,20251105080047,4177448,0,01,1,3710,546,N
20251105,M7731,41016902,20251105,41,41,08,41_17598527,2,570,41016902,20251105074804,4177510,20251105081341,4106836,0,01,1,5170,1537,N
20251105,M7731,41016902,20251105,41,41,08,41_17598527,2,570,41016902,20251105215700,4106837,20251105222352,4177511,1,01,1,5180,1612,N
20251105,M7731,41016902,20251105,41,11,08,41_1762557,2,570,41016902,20251105063351,4177637,20251105073357,4111588,0,01,1,25830,3606,N
20251105,M7731,41016902,20251105,41,11,08,41_17630065,1,570,41016902,20251105141827,4177532,20251105144826,4111588,0,01,1,22980,1799,N
20251105,M7731,41016902,20251105,41,11,08,41_17631873,1,570,41016902,20251105082020,4106836,20251105090414,4116126,0,01,1,25350,2634,N
20251105,M7731,41016902,20251105,41,11,08,41_17684954,2,570,41016902,20251105082043,4106836,20251105092232,4116126,0,01,1,25350,3709,N
20251105,M7731,41016902,20251105,41,11,08,41_17726471,2,570,41016902,20251105113542,4106836,20251105121510,4116126,0,01,1,25350,2368,N
20251105,M7731,41016902,20251105,41,11,08,41_178161,2,570,41016902,20251106002259,4177448,20251106004654,4111588,0,01,1,22120,1435,N
20251105,M7731,41016902,20251105,41,11,08,41_17820087,1,570,41016902,20251105164146,4106836,20251105170704,4116130,0,01,1,26590,1518,N
20251105,M7731,41016902,20251105,41,11,08,41_17828043,2,570,41016902,20251105202647,4106836,20251105211211,4111588,0,01,1,24330,2724,N
20251105,M7731,41016902,20251105,41,11,08,41_17838245,2,570,41016902,20251105144512,4177532,20251105151006,4111588,0,01,1,22980,1494,N
20251105,M7731,41016902,20251105,41,11,08,41_17852594,2,570,41016902,20251105110725,4106836,20251105113356,4116130,0,01,1,26590,1591,N
20251105,M7731,41016902,20251105,41,11,08,41_17878398,2,570,41016902,20251105053213,4177510,20251105061032,4111588,0,01,1,29500,2299,N
20251105,M7731,41016902,20251105,41,11,08,41_17889897,1,570,41016902,20251105085232,4177510,20251105095251,4111588,0,01,1,29500,3619,N
20251105,M7731,41016902,20251105,41,11,08,41_17900722,1,570,41016902,20251105083726,4177510,20251105092501,4111599,0,01,1,33440,2855,N
20251105,M7731,41016902,20251105,41,11,08,41_17905881,2,570,41016902,20251105192137,4106836,20251105203254,4111588,0,01,1,24330,4277,N
20251105,M7731,41016902,20251105,41,11,08,41_17911350,2,570,41016902,20251105153107,4177448,20251105155644,4111588,0,01,1,22120,1537,N
20251105,M7731,41016902,20251105,41,41,08,41_17959413,2,570,41016902,20251106004347,4106837,20251106005137,4107447,1,01,1,3540,470,N
20251105,M7731,41016902,20251105,41,41,08,41_17988718,2,570,41016902,20251105191037,4123056,20251105191811,4102447,2,01,1,3320,454,N
20251105,M7731,41016902,20251105,41,11,08,41_17997055,2,570,41016902,20251105153755,4177448,20251105161834,4116126,0,01,1,23140,2439,N
20251105,M7731,41016902,20251105,41,11,08,41_17997055,2,570,41016902,20251106000120,4177448,20251106003646,4116126,0,01,1,23140,2126,N
20251105,M7731,41016902,20251105,41,11,08,41_1803096,2,570,41016902,20251105134932,4177532,20251105144019,4111588,0,01,1,22980,3047,N
20251105,M7731,41016902,20251105,41,11,08,41_18058730,2,570,41016902,20251105203947,4107446,20251105213827,4116130,0,01,1,30130,3520,N
20251105,M7731,41016902,20251105,41,11,08,41_18079838,2,570,41016902,20251105071918,4106836,20251105075222,4109162,0,01,1,29380,1984,N
20251105,M7731,41016902,20251105,41,11,08,41_18082879,1,570,41016902,20251105144857,4106836,20251105152549,4116130,0,01,1,26590,2212,N
20251105,M7731,41016902,20251105,41,11,08,41_1811460,1,570,41016902,20251105152248,4106836,20251105160009,4111588,0,01,1,24330,2241,N
20251105,M7731,41016902,20251105,41,11,08,41_18133082,2,570,41016902,20251105162503,4106836,20251105173139,4111588,0,01,1,24330,3996,N
20251105,M7731,41016902,20251105,41,11,08,41_18136081,2,570,41016902,20251105084038,4107446,20251105092739,4111588,0,01,2,27870,2821,N
20251105,M7731,41016902,20251105,41,41,08,41_18139764,2,570,41016902,20251105103216,4177637,20251105103754,4106836,0,01,1,1500,338,N
20251105,M7731,41016902,20251105,41,11,08,41_18220494,1,570,41016902,20251105184118,4106836,20251105191451,4116126,0,01,1,25350,2013,N
20251105,M7731,41016902,20251105,41,11,08,41_18224598,2,570,41016902,20251105155034,4106836,20251105162935,4111588,0,01,2,24330,2341,N
20251105,M7731,41016902,20251105,41,11,08,41_1823971,2,570,41016902,20251105060431,4177637,20251105065630,4116126,0,01,2,26850,3119,N
20251105,M7731,41016902,20251105,41,11,08,41_18249386,2,570,41016902,20251105213222,4106836,20251105220929,4111588,0,01,1,24330,2227,N
20251105,M7731,41016902,20251105,41,11,08,41_18270504,1,570,41016902,20251105114355,4177448,20251105121029,4116126,0,01,1,23140,1594,N
20251105,M7731,41016902,20251105,41,11,08,41_18276677,2,570,41016902,20251105142848,4177532,20251105145427,4111588,0,01,1,22980,1539,N
20251105,M7731,41016902,20251105,41,11,08,41_18298851,2,570,41016902,20251105113050,4177448,20251105115556,4111588,0,01,1,22120,1506,N
20251105,M7731,41016902,20251105,41,11,08,41_18298851,2,570,41016902,20251105131558,4177448,20251105134107,4111588,0,01,1,22120,1509,N
20251105,M7731,41016902,20251105,41,11,08,41_18311658,2,570,41016902,20251105142108,4106836,20251105150805,4116126,1,01,2,25350,2817,N
20251105,M7731,41016902,20251105,41,11,08,41_18326329,2,570,41016902,20251105190452,4177448,20251105194639,4111598,0,01,1,25410,2507,N
20251105,M7731,41016902,20251105,41,11,08,41_18337091,1,570,41016902,20251105190306,4106836,20251105194501,4116126,0,01,1,25350,2515,N
20251105,M7731,41016902,20251105,41,11,08,41_18346895,1,570,41016902,20251105222356,4177448,20251105230633,4116126,0,01,1,23140,2557,N
20251105,M7731,41016902,20251105,41,11,08,41_18357541,1,570,41016902,20251105063112,4177448,20251105070242,4111588,0,01,1,22120,1890,N
20251105,M7731,41016902,20251105,41,11,08,41_18362085,2,570,41016902,20251105164743,4177532,20251105171516,4111588,0,01,1,22980,1653,N
20251105,M7731,41016902,20251105,41,11,08,41_18367506,1,570,41016902,20251105071348,4177637,20251105080153,4111588,0,01,1,25830,2885,N
20251105,M7731,41016902,20251105,41,11,08,41_183759,2,570,41016902,20251105185244,4177532,20251105192544,4111588,0,01,1,22980,1980,N
20251105,M7731,41016902,20251105,41,11,08,41_18383220,2,570,41016902,20251105172942,4177532,20251105180636,4111588,0,01,1,22980,2214,N
20251105,M7731,41016902,20251105,41,11,08,41_18383220,2,570,41016902,20251105231143,4177532,20251105235641,4111588,0,01,1,22980,2698,N
20251105,M7731,41016902,20251105,41,11,08,41_18405739,2,570,41016902,20251105140104,4106836,20251105143647,4111588,0,01,1,24330,2143,N
20251105,M7731,41016902,20251105,41,41,08,41_18428578,1,570,41016902,20251105191626,4106837,20251105192443,4102447,0,01,1,1380,497,N
20251105,M7731,41016902,20251105,41,11,08,41_18430783,2,570,41016902,20251105142130,4177448,20251105151020,4111588,0,01,1,22120,2930,N
20251105,M7731,41016902,20251105,41,11,08,41_18446965,2,570,41016902,20251105070831,4177637,20251105075615,4111598,0,01,1,29120,2864,N
20251105,M7731,41016902,20251105,41,11,08,41_18459159,2,570,41016902,20251105161212,4106836,20251105165213,4116126,0,01,1,25350,2401,N
20251105,M7731,41016902,20251105,41,11,08,41_18478350,2,570,41016902,20251105143309,4177448,20251105152411,4111588,0,01,1,22120,3062,N
20251105,M7731,41016902,20251105,41,11,08,41_18492953,1,570,41016902,20251105184256,4106836,20251105192721,4116126,0,01,1,25350,2665,N
20251105,M7731,41016902,20251105,41,11,08,41_18498854,2,570,41016902,20251105072043,4177448,20251105075251,4111588,0,01,1,22120,1928,N
20251105,M7731,41016902,20251105,41,41,08,41_18499039,2,570,41016902,20251105141257,4106836,20251105141939,4177448,0,01,1,2210,402,N
20251105,M7731,41016902,20251105,41,11,08,41_18540807,2,570,41016902,20251105142013,4106836,20251105150119,4116126,0,01,1,25350,2466,N
20251105,M7731,41016902,20251105,41,11,08,41_18547064,2,570,41016902,20251105120739,4177532,20251105122140,4111588,0,01,1,22980,841,N
20251105,M7731,41016902,20251105,41,11,08,41_1856551,2,570,41016902,20251105132505,4177532,20251105140239,4116126,0,01,1,24000,2254,N
20251105,M7731,41016902,20251105,41,11,08,41_18569902,2,570,41016902,20251105172021,4106836,20251105175952,4116126,1,01,1,25350,2371,N
20251105,M7731,41016902,20251105,41,11,08,41_18584899,2,570,41016902,20251105092949,4177637,20251105094546,4116126,0,01,1,26850,957,N
20251105,M7731,41016902,20251105,41,11,08,41_18596411,1,570,41016902,20251105122949,4177532,20251105124350,4111588,0,01,1,22980,841,N
20251105,M7731,41016902,20251105,41,11,08,41_18609312,2,570,41016902,20251105092154,4107446,20251105094158,4111588,0,01,1,27870,1204,N
20251105,M7731,41016902,20251105,41,11,08,41_18633529,2,570,41016902,20251105090139,4106836,20251105100553,4109162,1,01,1,29380,3854,N
20251105,M7731,41016902,20251105,41,11,08,41_18641096,1,570,41016902,20251105092143,4107446,20251105094321,4111598,0,01,1,31160,1298,N
20251105,M7731,41016902,20251105,41,11,08,41_18705455,2,570,41016902,20251105074048,4110935,20251105081055,4109162,0,01,1,33760,1807,N
20251105,M7731,41016902,20251105,41,11,08,41_18707674,2,570,41016902,20251105235121,4106836,20251106001300,4116126,1,01,1,25350,1299,N
20251105,M7731,41016902,20251105,41,11,08,41_18732592,1,570,41016902,20251105104330,4177448,20251105110939,4116126,0,01,1,23140,1569,N
20251105,M7731,41016902,20251105,41,41,08,41_18752468,2,570,41016902,20251105171630,4123056,20251105172851,4106837,0,01,1,1940,741,N
20251105,M7731,41016902,20251105,41,41,08,41_18775127,2,570,41016902,20251105192332,4106836,20251105193607,4177532,0,01,1,1350,755,N
20251105,M7731,41016902,20251105,41,11,08,41_18790881,2,570,41016902,20251105234608,4106836,20251106000747,4116126,1,01,1,25350,1299,N
20251105,M7731,41016902,20251105,41,11,08,41_18805724,2,570,41016902,20251105083844,4177532,20251105090442,4111588,1,01,1,22980,1558,N
20251105,M7731,41016902,20251105,41,41,08,41_18847361,2,570,41016902,20251105225305,4107446,20251105232628,4177448,0,01,1,5750,2003,N
20251105,M7731,41016902,20251105,41,11,08,41_18854977,2,570,41016902,20251105203135,4106836,20251105211252,4116126,0,01,1,25350,2477,N
20251105,M7731,41016902,20251105,41,11,08,41_18887505,1,570,41016902,20251105112348,4106836,20251105120125,4111588,0,01,1,24330,2257,N
20251105,M7731,41016902,20251105,41,41,08,41_1895096,2,570,41016902,20251105145702,4177510,20251105150512,4107446,0,01,1,1630,490,N
20251105,M7731,41016902,20251105,41,41,08,41_1895096,2,570,41016902,20251106003900,4177510,20251106004426,4107446,0,01,1,1630,326,N
20251105,M7731,41016902,20251105,41,11,08,41_1902211,2,570,41016902,20251105111616,4177448,20251105114709,4111588,0,01,1,22120,1853,N
20251105,M7731,41016902,20251105,41,11,08,41_19028059,1,570,41016902,20251105184513,4177448,20251105192251,4116130,0,01,1,24380,2258,N
20251105,M7731,41016902,20251105,41,41,08,41_19052331,1,570,41016902,20251105083050,4110935,20251105090159,4177448,0,01,1,6590,1869,N
20251105,M7731,41016902,20251105,41,11,08,41_19069467,2,570,41016902,20251105065542,4107446,20251105072853,4111588,0,01,1,27870,1991,N
20251105,M7731,41016902,20251105,41,11,08,41_19084104,2,570,41016902,20251105162153,4106836,20251105170621,4111588,0,01,1,24330,2668,N
20251105,M7731,41016902,20251105,41,11,08,41_19110601,2,570,41016902,20251105171502,4177448,20251105174346,4111588,0,01,1,22120,1724,N
20251105,M7731,41016902,20251105,41,11,08,41_19185169,1,570,41016902,20251105171502,4177448,20251105180058,4111588,0,01,1,22120,2756,N
20251105,M7731,41016902,20251105,41,11,08,41_19194576,1,570,41016902,20251105193124,4106836,20251105200859,4116126,0,01,1,25350,2255,N
20251105,M7731,41016902,20251105,41,11,08,41_1921805,2,570,41016902,20251105212601,4106836,20251105222351,4116126,0,01,1,25350,3470,N
20251105,M7731,41016902,20251105,41,11,08,41_19237456,2,570,41016902,20251105135339,4177532,20251105143031,4116126,0,01,1,24000,2212,N
20251105,M7731,41016902,20251105,41,11,08,41_1927689,2,570,41016902,20251105170956,4177532,20251105180716,4111588,0,01,1,22980,3440,N
20251105,M7731,41016902,20251105,41,11,08,41_19290054,2,570,41016902,20251105090921,4177448,20251105094858,4116126,0,01,1,23140,2377,N
20251105,M7731,41016902,20251105,41,11,08,41_19290054,2,570,41016902,20251105101017,4177448,20251105104311,4116126,0,01,1,23140,1974,N
20251105,M7731,41016902,20251105,41,11,08,41_19317254,2,570,41016902,20251105075958,4106836,20251105083730,4116126,1,01,1,25350,2252,N
20251105,M7731,41016902,20251105,41,11,08,41_19341464,2,570,41016902,20251105084005,4106836,20251105091755,4111588,0,01,1,24330,2270,N
20251105,M7731,41016902,20251105,41,11,08,41_19341464,2,570,41016902,20251105211211,4106836,20251105214756,4111588,0,01,1,24330,2145,N
20251105,M7731,41016902,20251105,41,11,08,41_19353945,1,570,41016902,20251105190815,4106836,20251105194914,4111588,1,01,1,24330,2459,N
20251105,M7731,41016902,20251105,41,11,08,41_19367972,2,570,41016902,20251105062134,4106836,20251105065702,4111588,0,01,1,24330,2128,N
20251105,M7731,41016902,20251105,41,11,08,41_19367972,2,570,41016902,20251105105426,4106836,20251105113022,4111588,0,01,1,24330,2156,N
20251105,M7731,41016902,20251105,41,11,08,41_19375669,2,570,41016902,20251105073838,4106836,20251105084334,4111588,0,01,1,24330,3896,N
20251105,M7731,41016902,20251105,41,11,08,41_19417137,2,570,41016902,20251105075242,4177448,20251105081944,4111588,0,01,1,22120,1622,N
20251105,M7731,41016902,20251105,41,11,08,41_19423845,2,570,41016902,20251105164615,4106836,20251105171536,4116126,1,01,1,25350,1761,N
20251105,M7731,41016902,20251105,41,11,08,41_1946829,2,570,41016902,20251105195749,4177448,20251105202325,4111588,1,01,1,22120,1536,N
20251105,M7731,41016902,20251105,41,11,08,41_19488729,2,570,41016902,20251105181453,4106836,20251105184348,4116126,0,01,1,25350,1735,N
20251105,M7731,41016902,20251105,41,11,08,41_19489222,1,570,41016902,20251105114915,4107446,20251105122028,4111588,0,01,1,27870,1873,N
20251105,M7731,41016902,20251105,41,11,08,41_19556965,1,570,41016902,20251105165500,4177532,20251105172138,4111588,0,01,1,22980,1598,N
20251105,M7731,41016902,20251105,41,41,08,41_19619878,2,570,41016902,20251105073804,4177637,20251105075312,4177448,0,01,1,3710,908,N
20251105,M7731,41016902,20251105,41,11,08,41_19640020,2,570,41016902,20251105153446,4177532,20251105160903,4111588,0,01,1,22980,2057,N
20251105,M7731,41016902,20251105,41,11,08,41_19655453,2,570,41016902,20251105111650,4110935,20251105115001,4116126,0,01,1,29730,1991,N
20251105,M7731,41016902,20251105,41,11,08,41_19676248,1,570,41016902,20251105083903,4106836,20251105092956,4111588,0,01,1,24330,3053,N
20251105,M7731,41016902,20251105,41,11,08,41_19725077,2,570,41016902,20251105140923,4177637,20251105144226,4116130,0,01,1,28090,1983,N
20251105,M7731,41016902,20251105,41,11,08,41_19725077,2,570,41016902,20251105194315,4177637,20251105202343,4116126,0,01,1,26850,2428,N
20251105,M7731,41016902,20251105,41,11,08,41_19725867,2,570,41016902,20251105112623,4177448,20251105115853,4111588,0,01,1,22120,1950,N
20251105,M7731,41016902,20251105,41,11,08,41_19773567,2,570,41016902,20251105140923,4177637,20251105144241,4111588,0,01,1,25830,1998,N
20251105,M7731,41016902,20251105,41,11,08,41_19840546,2,570,41016902,20251105142149,4177532,20251105145030,4111588,0,01,1,22980,1721,N
20251105,M7731,41016902,20251105,41,11,08,41_19890931,2,570,41016902,20251105090457,4177448,20251105094140,4116126,0,01,1,23140,2203,N
20251105,M7731,41016902,20251105,41,11,08,41_19894471,1,570,41016902,20251105182011,4177448,20251105184851,4111588,0,01,1,22120,1720,N
20251105,M7731,41016902,20251105,41,11,08,41_19914596,1,570,41016902,20251105054841,4106836,20251105063154,4111588,0,01,1,24330,2593,N
20251105,M7731,41016902,20251105,41,11,08,41_19945986,1,570,41016902,20251105152814,4177532,20251105155439,4111588,0,01,1,22980,1585,N
20251105,M7731,41016902,20251105,41,11,08,41_19966512,1,570,41016902,20251105154953,4177532,20251105162233,4111588,0,01,1,22980,1960,N
20251105,M7731,41016902,20251105,41,11,08,41_19967908,2,570,41016902,20251105152805,4177532,20251105161026,4109162,0,01,1,28030,2541,N
20251105,M7731,41016902,20251105,41,11,08,41_20006697,1,570,41016902,20251105183732,4177448,20251105191643,4111588,0,01,1,22120,2351,N
20251105,M7731,41016902,20251105,41,11,08,41_20017641,2,570,41016902,20251105200521,4106836,20251105203942,4111588,0,01,1,24330,2061,N
20251105,M7731,41016902,20251105,41,11,08,41_20017641,2,570,41016902,20251105210531,4106836,20251105215353,4111588,0,01,1,24330,2902,N
20251105,M7731,41016902,20251105,41,11,08,41_20049134,2,570,41016902,20251105091636,4177637,20251105094752,4109162,0,01,1,30880,1876,N
20251105,M7731,41016902,20251105,41,11,08,41_20049338,1,570,41016902,20251105055419,4106836,20251105063856,4116126,1,01,1,25350,2677,N
20251105,M7731,41016902,20251105,41,11,08,41_2008621,2,570,41016902,20251105170215,4177532,20251105175447,4116126,0,01,1,24000,3152,N
20251105,M7731,41016902,20251105,41,11,08,41_2012244,2,570,41016902,20251105141355,4177637,20251105145533,4111588,0,01,1,25830,2498,N
20251105,M7731,41016902,20251105,41,11,08,41_20124896,2,570,41016902,20251105175845,4177448,20251105182724,4111588,0,01,1,22120,1719,N
20251105,M7731,41016902,20251105,41,11,08,41_2014928,1,570,41016902,20251105162517,4177448,20251105164903,4111588,0,01,1,22120,1426,N
20251105,M7731,41016902,20251105,41,11,08,41_20162668,1,570,41016902,20251105181002,4106836,20251105184821,4116126,0,01,1,25350,2299,N
20251105,M7731,41016902,20251105,41,11,08,41_2016448,2,570,41016902,20251105170330,4177532,20251105172545,4111588,0,01,1,22980,1335,N
20251105,M7731,41016902,20251105,41,11,08,41_20183138,2,570,41016902,20251105152314,4177532,20251105155450,4111588,0,01,1,22980,1896,N
20251105,M7731,41016902,20251105,41,11,08,41_20185754,2,570,41016902,20251105153226,4177532,20251105161059,4111588,0,01,1,22980,2313,N
20251105,M7731,41016902,20251105,41,41,08,41_2020441,2,570,41016902,20251105170647,4107446,20251105171308,4106836,0,01,1,3540,381,N
20251105,M7731,41016902,20251105,41,11,08,41_20209860,2,570,41016902,20251105134006,4106836,20251105140541,4111588,0,01,1,24330,1535,N
20251105,M7731,41016902,20251105,41,11,08,41_20284570,2,570,41016902,20251105225311,4106836,20251105232450,4111588,0,01,1,24330,1899,N
20251105,M7731,41016902,20251105,41,11,08,41_20304885,2,570,41016902,20251105112802,4106836,20251105115549,4111599,0,01,1,28270,1667,N
20251105,M7731,41016902,20251105,41,11,08,41_20315831,2,570,41016902,20251105054437,4177510,20251105065318,4111588,0,01,1,29500,4121,N
20251105,M7731,41016902,20251105,41,11,08,41_20332724,2,570,41016902,20251105091709,4177637,20251105094437,4116130,0,01,1,28090,1648,N
20251105,M7731,41016902,20251105,41,11,08,41_20349679,2,570,41016902,20251105183921,4177448,20251105194257,4111588,0,01,1,22120,3816,N
20251105,M7731,41016902,20251105,41,11,08,41_20354885,2,570,41016902,20251105063529,4177448,20251105070349,4111588,0,01,1,22120,1700,N
20251105,M7731,41016902,20251105,41,11,08,41_20357136,2,570,41016902,20251105174841,4177532,20251105182640,4111588,0,01,1,22980,2279,N
20251105,M7731,41016902,20251105,41,11,08,41_20365699,1,570,41016902,20251105122039,4177448,20251105130044,4111588,0,01,1,22120,2405,N
20251105,M7731,41016902,20251105,41,11,08,41_20367923,2,570,41016902,20251105064639,4106836,20251105072737,4111588,1,01,1,24330,2458,N
20251105,M7731,41016902,20251105,41,11,08,41_20381496,2,570,41016902,20251105195522,4177510,20251105204346,4111588,0,01,1,29500,2904,N
20251105,M7731,41016902,20251105,41,41,08,41_2039691,2,570,41016902,20251105083036,4110935,20251105090758,4177532,1,01,1,5730,2242,N
20251105,M7731,41016902,20251105,41,11,08,41_20401809,2,570,41016902,20251105090143,4177448,20251105094938,4111588,0,01,1,22120,2875,N
20251105,M7731,41016902,20251105,41,11,08,41_20401809,2,570,41016902,20251105133657,4177448,20251105140542,4111588,0,01,1,22120,1725,N
20251105,M7731,41016902,20251105,41,11,08,41_20401809,2,570,41016902,20251105194556,4177448,20251105201438,4111588,0,01,1,22120,1722,N
20251105,M7731,41016902,20251105,41,11,08,41_20437607,2,570,41016902,20251105162850,4177532,20251105165058,4116126,0,01,1,24000,1328,N
20251105,M7731,41016902,20251105,41,11,08,41_20440475,2,570,41016902,20251105130026,4177448,20251105134102,4111588,0,01,1,22120,2436,N
20251105,M7731,41016902,20251105,41,11,08,41_20440475,2,570,41016902,20251105194633,4177448,20251105202130,4111588,0,01,1,22120,2097,N
20251105,M7731,41016902,20251105,41,11,08,41_20497143,2,570,41016902,20251105070449,4177448,20251105072851,4111588,0,01,1,22120,1442,N
20251105,M7731,41016902,20251105,41,11,08,41_20504680,1,570,41016902,20251105180810,4177448,20251105184404,4111588,0,01,1,22120,2154,N
20251105,M7731,41016902,20251105,41,11,08,41_20582154,1,570,41016902,20251105172639,4177532,20251105180641,4111588,0,01,1,22980,2402,N
20251105,M7731,41016902,20251105,41,11,08,41_20621215,1,570,41016902,20251105092951,4177637,20251105095814,4116126,0,01,1,26850,1703,N
20251105,M7731,41016902,20251105,41,11,08,41_2062842,2,570,41016902,20251105161508,4106836,20251105165616,4116126,0,01,1,25350,2468,N
20251105,M7731,41016902,20251105,41,11,08,41_20645391,2,570,41016902,20251105115408,4110935,20251105122305,4111588,0,01,1,28710,1737,N
20251105,M7731,41016902,20251105,41,11,08,41_20647629,1,570,41016902,20251105060955,4106836,20251105064620,4111588,0,01,1,24330,2185,N
20251105,M7731,41016902,20251105,41,11,08,41_20651600,2,570,41016902,20251105180303,4177448,20251105183515,4116126,1,01,1,23140,1932,N
20251105,M7731,41016902,20251105,41,11,08,41_20660620,1,570,41016902,20251105062442,4177448,20251105065232,4109162,0,01,1,27170,1670,N
20251105,M7731,41016902,20251105,41,11,08,41_20661069,2,570,41016902,20251105151034,4106836,20251105154237,4111588,0,01,1,24330,1923,N
20251105,M7731,41016902,20251105,41,11,08,41_20669078,2,570,41016902,20251105202204,4177448,20251105204458,4111588,0,01,1,22120,1374,N
20251105,M7731,41016902,20251105,41,11,08,41_20670529,1,570,41016902,20251105144708,4106836,20251105151843,4111588,1,01,1,24330,1895,N
20251105,M7731,41016902,20251105,41,11,08,41_20672778,2,570,41016902,20251105173537,4106836,20251105184053,4116126,0,01,1,25350,3916,N
20251105,M7731,41016902,20251105,41,11,08,41_20689461,2,570,41016902,20251105135723,4177448,20251105141816,4111588,0,01,1,22120,1253,N
20251105,M7731,41016902,20251105,41,11,08,41_20751568,2,570,41016902,20251105055141,4177510,20251105064423,4111588,0,01,1,29500,3162,N
20251105,M7731,41016902,20251105,41,11,08,41_2075272,1,570,41016902,20251105065721,4106836,20251105073455,4116126,0,01,1,25350,2254,N
20251105,M7731,41016902,20251105,41,11,08,41_20759708,2,570,41016902,20251105073911,4177448,20251105081011,4111588,0,01,1,22120,1860,N
20251105,M7731,41016902,20251105,41,11,08,41_2078477,1,570,41016902,20251105065032,4110935,20251105072624,4111588,0,01,1,28710,2152,N
20251105,M7731,41016902,20251105,41,11,08,41_20801750,2,570,41016902,20251105150157,4177532,20251105153527,4111588,0,01,1,22980,2010,N
20251105,M7731,41016902,20251105,41,41,08,41_20810912,2,570,41016902,20251105140156,4102447,20251105140952,4177511,0,01,1,3800,476,N
20251105,M7731,41016902,20251105,41,11,08,41_20816235,2,570,41016902,20251105181405,4106836,20251105185827,4116126,0,01,1,25350,2662,N
20251105,M7731,41016902,20251105,41,11,08,41_20820032,2,570,41016902,20251105164855,4177532,20251105171244,4111588,0,01,1,22980,1429,N
20251105,M7731,41016902,20251105,41,11,08,41_20829311,2,570,41016902,20251105123009,4106836,20251105130926,4116130,0,01,1,26590,2357,N
20251105,M7731,41016902,20251105,41,11,08,41_2084928,1,570,41016902,20251105143416,4177637,20251105150722,4111588,0,01,1,25830,1986,N
20251105,M7731,41016902,20251105,41,11,08,41_20851597,2,570,41016902,20251105163255,4177448,20251105170344,4111588,0,01,1,22120,1849,N
20251105,M7731,41016902,20251105,41,11,08,41_20864300,2,570,41016902,20251105091626,4106836,20251105101604,4116126,0,01,1,25350,3578,N
20251105,M7731,41016902,20251105,41,11,08,41_20864300,2,570,41016902,20251105121602,4106836,20251105131540,4116126,0,01,1,25350,3578,N
20251105,M7731,41016902,20251105,41,11,08,41_20864300,2,570,41016902,20251105180926,4106836,20251105184935,4116126,0,01,1,25350,2409,N
20251105,M7731,41016902,20251105,41,11,08,41_20895826,2,570,41016902,20251105202223,4177637,20251105210024,4111588,0,01,1,25830,2281,N
20251105,M7731,41016902,20251105,41,11,08,41_20916848,1,570,41016902,20251105064940,4106836,20251105074131,4111588,0,01,1,24330,3111,N
20251105,M7731,41016902,20251105,41,11,08,41_20928407,2,570,41016902,20251105145429,4106836,20251105152941,4111588,1,01,1,24330,2112,N
20251105,M7731,41016902,20251105,41,11,08,41_2094636,2,570,41016902,20251105165350,4177532,20251105172624,4111588,0,01,1,22980,1954,N
20251105,M7731,41016902,20251105,41,11,08,41_20947433,2,570,41016902,20251105073317,4177532,20251105075810,4111588,0,01,1,22980,1493,N
20251105,M7731,41016902,20251105,41,11,08,41_2095174,2,570,41016902,20251105110810,4177510,20251105115907,4111588,0,01,1,29500,3057,N
20251105,M7731,41016902,20251105,41,11,08,41_20965207,2,570,41016902,20251105121819,4106836,20251105124852,4111588,0,01,1,24330,1833,N
20251105,M7731,41016902,20251105,41,11,08,41_20965207,2,570,41016902,20251105211708,4106836,20251105220053,4111588,0,01,1,24330,2625,N
20251105,M7731,41016902,20251105,41,11,08,41_20979462,2,570,41016902,20251105071742,4106836,20251105075745,4116126,1,01,1,25350,2403,N
20251105,M7731,41016902,20251105,41,11,08,41_20980199,1,570,41016902,20251105165949,4106836,20251105173225,4111598,1,01,1,27620,1956,N
20251105,M7731,41016902,20251105,41,11,08,41_21007263,1,570,41016902,20251105180140,4110935,20251105183511,4111588,0,01,1,28710,2011,N
20251105,M7731,41016902,20251105,41,11,08,41_21019785,2,570,41016902,20251105171444,4177532,20251105174657,4111588,0,01,1,22980,1933,N
20251105,M7731,41016902,20251105,41,41,08,41_21043488,2,570,41016902,20251105065013,4177637,20251105065629,4177448,0,01,1,3710,376,N
20251105,M7731,41016902,20251105,41,11,08,41_21048263,1,570,41016902,20251105062852,4177510,20251105072155,4111588,0,01,1,29500,3183,N
20251105,M7731,41016902,20251105,41,11,08,41_21048263,1,570,41016902,20251105131150,4177448,20251105135600,4111588,0,01,1,22120,2650,N
20251105,M7731,41016902,20251105,41,11,08,41_21062049,2,570,41016902,20251105081659,4110935,20251105085756,4111588,0,01,1,28710,2457,N
20251105,M7731,41016902,20251105,41,11,08,41_21085015,2,570,41016902,20251105110102,4177448,20251105114451,4116130,1,01,1,24380,2629,N
20251105,M7731,41016902,20251105,41,11,08,41_21086787,2,570,41016902,20251105150944,4106836,20251105154751,4116126,0,01,1,25350,2287,N
20251105,M7731,41016902,20251105,41,11,08,41_21120067,2,570,41016902,20251105072438,4177637,20251105080313,4111588,0,01,1,25830,2315,N
20251105,M7731,41016902,20251105,41,11,08,41_21129294,1,570,41016902,20251105191119,4106836,20251105195419,4116126,0,01,1,25350,2580,N
20251105,M7731,41016902,20251105,41,11,08,41_21130473,2,570,41016902,20251105133419,4106836,20251105140909,4111599,1,01,1,28270,2090,N
20251105,M7731,41016902,20251105,41,11,08,41_21133520,2,570,41016902,20251105071902,4106836,20251105081621,4111588,1,01,1,24330,3439,N
20251105,M7731,41016902,20251105,41,11,08,41_21163847,2,570,41016902,20251105234946,4106836,20251106002607,4116130,0,01,1,26590,2181,N
20251105,M7731,41016902,20251105,41,41,08,41_21179117,2,570,41016902,20251105180200,4123056,20251105182943,4110934,0,01,1,6380,1663,N
20251105,M7731,41016902,20251105,41,11,08,41_21185557,2,570,41016902,20251105093710,4177448,20251105100612,4111588,0,01,1,22120,1742,N
20251105,M7731,41016902,20251105,41,11,08,41_21205672,2,570,41016902,20251105162042,4106836,20251105170255,4109162,1,01,1,29380,2533,N
20251105,M7731,41016902,20251105,41,11,08,41_21211435,2,570,41016902,20251105192721,4177532,20251105200951,4111588,0,01,2,22980,2550,N
20251105,M7731,41016902,20251105,41,11,08,41_2122837,2,570,41016902,20251105163005,4177532,20251105170556,4111588,0,01,1,22980,2151,N
20251105,M7731,41016902,20251105,41,41,08,41_21234652,2,570,41016902,20251105072707,4177637,20251105073958,4177448,0,01,1,3710,771,N
20251105,M7731,41016902,20251105,41,11,08,41_21242299,2,570,41016902,20251105152524,4106836,20251105160630,4116126,0,01,1,25350,2466,N
20251105,M7731,41016902,20251105,41,11,08,41_21258562,2,570,41016902,20251106003226,4177448,20251106005913,4111588,0,01,1,22120,1607,N
20251105,M7731,41016902,20251105,41,41,08,41_21267421,1,570,41016902,20251105090547,4177637,20251105091926,4177448,0,01,1,3710,819,N
20251105,M7731,41016902,20251105,41,11,08,41_21289282,2,570,41016902,20251105181126,4177510,20251105184809,4111588,0,01,1,29500,2203,N
20251105,M7731,41016902,20251105,41,11,08,41_21314271,2,570,41016902,20251105144033,4106836,20251105151712,4111588,0,01,1,24330,2199,N
20251105,M7731,41016902,20251105,41,11,08,41_21359925,1,570,41016902,20251105213541,4177448,20251105215818,4111588,0,01,1,22120,1357,N
20251105,M7731,41016902,20251105,41,11,08,41_21377593,2,570,41016902,20251105084422,4177637,20251105090445,4111588,0,01,2,25830,1223,N
20251105,M7731,41016902,20251105,41,11,08,41_21404171,1,570,41016902,20251105151103,4106836,20251105153840,4111588,0,01,1,24330,1657,N
20251105,M7731,41016902,20251105,41,11,08,41_21409546,2,570,41016902,20251105161300,4110868,20251105164013,4111588,0,01,1,26980,1633,N
20251105,M7731,41016902,20251105,41,11,08,41_21421383,2,570,41016902,20251105144841,4106836,20251105154053,4116126,1,01,1,25350,3132,N
20251105,M7731,41016902,20251105,41,41,08,41_21424180,2,570,41016902,20251105170503,4123056,20251105171929,4107447,0,01,1,5480,866,N
20251105,M7731,41016902,20251105,41,11,08,41_21457327,1,570,41016902,20251105193651,4106836,20251105201215,4116126,0,01,1,25350,2124,N
20251105,M7731,41016902,20251105,41,11,08,41_21466470,2,570,41016902,20251105213411,4177637,20251105220740,4111588,0,01,1,25830,2009,N
20251105,M7731,41016902,20251105,41,11,08,41_21469033,2,570,41016902,20251105151856,4177532,20251105155014,4116126,0,01,1,24000,1878,N
20251105,M7731,41016902,20251105,41,11,08,41_21597995,1,570,41016902,20251105120811,4177448,20251105124844,4116126,0,01,1,23140,2433,N
20251105,M7731,41016902,20251105,41,11,08,41_21638491,2,570,41016902,20251105070039,4177637,20251105080107,4111588,0,01,1,25830,3628,N
20251105,M7731,41016902,20251105,41,11,08,41_21666879,1,570,41016902,20251105183513,4177448,20251105191356,4116126,0,01,1,23140,2323,N
20251105,M7731,41016902,20251105,41,11,08,41_21681017,1,570,41016902,20251105065332,4110935,20251105072653,4111588,0,01,1,28710,2001,N
20251105,M7731,41016902,20251105,41,11,08,41_21682837,1,570,41016902,20251105071344,4177510,20251105082314,4111588,0,01,1,29500,4170,N
20251105,M7731,41016902,20251105,41,11,08,41_21691328,2,570,41016902,20251105184102,4177448,20251105191951,4116130,0,01,1,24380,2329,N
20251105,M7731,41016902,20251105,41,41,08,41_21722521,2,570,41016902,20251105172525,4123056,20251105173330,4102447,0,01,1,3320,485,N
20251105,M7731,41016902,20251105,41,11,08,41_21777885,2,570,41016902,20251105193147,4177532,20251105202156,4111588,0,01,1,22980,3009,N
20251105,M7731,41016902,20251105,41,11,08,41_21815911,2,570,41016902,20251105201132,4177448,20251105203916,4111588,0,01,1,22120,1664,N
20251105,M7731,41016902,20251105,41,11,08,41_21851475,2,570,41016902,20251105115532,4177532,20251105123555,4111588,0,01,1,22980,2423,N
20251105,M7731,41016902,20251105,41,11,08,41_21851475,2,570,41016902,20251105171151,4177532,20251105173616,4116126,0,01,1,24000,1465,N
20251105,M7731,41016902,20251105,41,11,08,41_21853971,2,570,41016902,20251105221851,4107446,20251105224518,4111588,0,01,1,27870,1587,N
20251105,M7731,41016902,20251105,41,11,08,41_21876578,1,570,41016902,20251105132558,4177532,20251105140224,4111588,0,01,1,22980,2186,N
20251105,M7731,41016902,20251105,41,41,08,41_21884437,2,570,41016902,20251105134122,4123056,20251105134804,4102447,2,01,1,3320,402,N
20251105,M7731,41016902,20251105,41,11,08,41_21895261,2,570,41016902,20251105191957,4106836,20251105200203,4116126,0,01,1,25350,2526,N
20251105,M7731,41016902,20251105,41,11,08,41_2190246,2,570,41016902,20251105192459,4177637,20251105194543,4116130,0,01,1,28090,1244,N
20251105,M7731,41016902,20251105,41,11,08,41_2191116,2,570,41016902,20251105192459,4177637,20251105194543,4116126,0,01,1,26850,1244,N
20251105,M7731,41016902,20251105,41,41,08,41_21922008,1,570,41016902,20251105222717,4123056,20251105223554,4102447,2,01,1,3320,517,N
20251105,M7731,41016902,20251105,41,11,08,41_21975191,2,570,41016902,20251105084156,4177637,20251105092740,4111588,0,01,1,25830,2744,N
20251105,M7731,41016902,20251105,41,11,08,41_22007896,2,570,41016902,20251105060428,4177637,20251105070416,4111588,0,01,1,25830,3588,N
20251105,M7731,41016902,20251105,41,11,08,41_22007896,2,570,41016902,20251105183559,4177637,20251105191840,4111588,0,01,1,25830,2561,N
20251105,M7731,41016902,20251105,41,11,08,41_22040253,2,570,41016902,20251105135843,4177448,20251105142343,4111588,0,01,1,22120,1500,N
20251105,M7731,41016902,20251105,41,11,08,41_22062550,1,570,41016902,20251105151447,4106836,20251105154758,4109162,0,01,1,29380,1991,N
20251105,M7731,41016902,20251105,41,11,08,41_22092679,1,570,41016902,20251105121404,4177532,20251105130014,4111588,0,01,1,22980,2770,N
20251105,M7731,41016902,20251105,41,11,08,41_22109253,2,570,41016902,20251105100259,4106836,20251105104514,4111588,1,01,1,24330,2535,N
20251105,M7731,41016902,20251105,41,11,08,41_22117285,1,570,41016902,20251105161042,4106836,20251105164329,4111588,0,01,1,24330,1967,N
20251105,M7731,41016902,20251105,41,11,08,41_22117285,1,570,41016902,20251105171152,4106836,20251105175611,4111588,0,01,1,24330,2659,N
20251105,M7731,41016902,20251105,41,11,08,41_22117285,1,570,41016902,20251105215205,4106836,20251105224818,4111588,0,01,1,24330,3373,N
20251105,M7731,41016902,20251105,41,11,08,41_22122662,2,570,41016902,20251105164245,4177448,20251105171402,4111588,0,01,1,22120,1877,N
20251105,M7731,41016902,20251105,41,41,08,41_22132700,2,570,41016902,20251105163555,4177637,20251105164526,4177448,0,01,1,3710,571,N
20251105,M7731,41016902,20251105,41,11,08,41_22144510,2,570,41016902,20251105164751,4177532,20251105172850,4116126,0,01,1,24000,2459,N
20251105,M7731,41016902,20251105,41,11,08,41_22168919,1,570,41016902,20251105082905,4177448,20251105090338,4109162,0,01,1,27170,2073,N
20251105,M7731,41016902,20251105,41,11,08,41_22170571,2,570,41016902,20251105193434,4177532,20251105200000,4111588,0,01,1,22980,1526,N
20251105,M7731,41016902,20251105,41,11,08,41_22213094,2,570,41016902,20251105102836,4177532,20251105105705,4111588,0,01,1,22980,1709,N
20251105,M7731,41016902,20251105,41,11,08,41_22219108,2,570,41016902,20251105070044,4110935,20251105073440,4111599,0,01,1,32650,2036,N
20251105,M7731,41016902,20251105,41,41,08,41_22243747,1,570,41016902,20251105074453,4110868,20251105075922,4177448,0,01,1,4860,869,N
20251105,M7731,41016902,20251105,41,11,08,41_22245640,2,570,41016902,20251105170132,4177532,20251105174409,4111588,0,01,1,22980,2557,N
20251105,M7731,41016902,20251105,41,11,08,41_22264061,2,570,41016902,20251105163040,4106836,20251105170447,4116126,1,01,1,25350,2047,N
20251105,M7731,41016902,20251105,41,11,08,41_22267711,2,570,41016902,20251105134654,4106836,20251105141739,4111588,0,01,1,24330,1845,N
20251105,M7731,41016902,20251105,41,11,08,41_22271806,2,570,41016902,20251105070044,4110935,20251105080033,4116130,0,01,1,30970,3589,N
20251105,M7731,41016902,20251105,41,11,08,41_2228096,2,570,41016902,20251105130943,4177448,20251105133756,4116126,0,01,1,23140,1693,N
20251105,M7731,41016902,20251105,41,11,08,41_2228096,2,570,41016902,20251105182904,4177448,20251105190405,4116126,0,01,1,23140,2101,N
20251105,M7731,41016902,20251105,41,11,08,41_22284342,2,570,41016902,20251105211156,4177448,20251105214341,4116126,0,01,1,23140,1905,N
20251105,M7731,41016902,20251105,41,11,08,41_22314475,2,570,41016902,20251105143524,4177532,20251105151058,4116126,0,01,1,24000,2134,N
20251105,M7731,41016902,20251105,41,11,08,41_2238093,1,570,41016902,20251105131759,4177448,20251105133837,4111588,0,01,1,22120,1238,N
20251105,M7731,41016902,20251105,41,11,08,41_22395926,2,570,41016902,20251105111717,4106836,20251105120929,4111588,0,01,1,24330,3132,N
20251105,M7731,41016902,20251105,41,11,08,41_22410282,1,570,41016902,20251105093744,4177448,20251105101936,4116126,0,01,1,23140,2512,N
20251105,M7731,41016902,20251105,41,11,08,41_22410282,1,570,41016902,20251105213537,4177448,20251105221120,4111588,0,01,1,22120,2143,N
20251105,M7731,41016902,20251105,41,41,08,41_22445431,2,570,41016902,20251105072958,4177637,20251105074836,4106836,0,01,1,1500,1118,N
20251105,M7731,41016902,20251105,41,11,08,41_22506549,2,570,41016902,20251105090655,4107446,20251105094419,4116126,0,01,1,28890,2244,N
20251105,M7731,41016902,20251105,41,11,08,41_22516683,2,570,41016902,20251106000443,4177448,20251106003004,4116126,0,01,1,23140,1521,N
20251105,M7731,41016902,20251105,41,41,08,41_2251834,2,570,41016902,20251105194341,4123056,20251105194913,4106837,0,01,1,1940,332,N
20251105,M7731,41016902,20251105,41,11,08,41_22540912,1,570,41016902,20251105062735,4177510,20251105084655,4109162,0,01,1,34550,8360,N
20251105,M7731,41016902,20251105,41,11,08,41_22567095,1,570,41016902,20251105170657,4106836,20251105174144,4111588,0,01,1,24330,2087,N
20251105,M7731,41016902,20251105,41,11,08,41_22567095,1,570,41016902,20251105183625,4106836,20251105191824,4111588,0,01,1,24330,2519,N
20251105,M7731,41016902,20251105,41,41,08,41_22572358,2,570,41016902,20251105070339,4107446,20251105072314,4177448,0,01,1,5750,1175,N
20251105,M7731,41016902,20251105,41,11,08,41_22596349,2,570,41016902,20251105060424,4177637,20251105065224,4116126,0,01,1,26850,2880,N
20251105,M7731,41016902,20251105,41,11,08,41_22619106,1,570,41016902,20251105065757,4106836,20251105073149,4111588,1,01,1,24330,2032,N
20251105,M7731,41016902,20251105,41,11,08,41_22670308,1,570,41016902,20251105200420,4177448,20251105203307,4111588,0,01,1,22120,1727,N
20251105,M7731,41016902,20251105,41,11,08,41_22678224,2,570,41016902,20251105123744,4177448,20251105131122,4116126,0,01,1,23140,2018,N
20251105,M7731,41016902,20251105,41,11,08,41_22690217,2,570,41016902,20251105175758,4107446,20251105183938,4111588,0,01,1,27870,2500,N
20251105,M7731,41016902,20251105,41,11,08,41_22695955,2,570,41016902,20251105125321,4177448,20251105132659,4109162,0,01,1,27170,2018,N
20251105,M7731,41016902,20251105,41,41,08,41_22700172,2,570,41016902,20251105172506,4106837,20251105174310,4110934,0,01,1,4440,1084,N
20251105,M7731,41016902,20251105,41,11,08,41_22712636,1,570,41016902,20251105060751,4177448,20251105063842,4111588,0,01,1,22120,1851,N
20251105,M7731,41016902,20251105,41,11,08,41_22754621,2,570,41016902,20251105151845,4177510,20251105155150,4111588,0,01,1,29500,1985,N
20251105,M7731,41016902,20251105,41,11,08,41_22783134,1,570,41016902,20251105174754,4106836,20251105181932,4111588,0,01,1,24330,1898,N
20251105,M7731,41016902,20251105,41,11,08,41_22798137,2,570,41016902,20251105180126,4106836,20251105185052,4111588,0,01,1,24330,2966,N
20251105,M7731,41016902,20251105,41,11,08,41_2283654,2,570,41016902,20251105065027,4106836,20251105072604,4116126,1,01,1,25350,2137,N
20251105,M7731,41016902,20251105,41,41,08,41_22859424,2,570,41016902,20251105233656,4106837,20251105234353,4107447,1,01,1,3540,417,N
20251105,M7731,41016902,20251105,41,11,08,41_22893091,2,570,41016902,20251105202837,4106836,20251105210132,4111588,0,01,1,24330,1975,N
20251105,M7731,41016902,20251105,41,11,08,41_22909154,2,570,41016902,20251105081031,4177448,20251105083115,4111588,0,01,1,22120,1244,N
20251105,M7731,41016902,20251105,41,11,08,41_22909154,2,570,41016902,20251105173229,4177448,20251105180838,4111588,0,01,1,22120,2169,N
20251105,M7731,41016902,20251105,41,11,08,41_22912259,1,570,41016902,20251105162948,4177532,20251105171341,4116130,0,01,1,25240,2633,N
20251105,M7731,41016902,20251105,41,11,08,41_22916975,2,570,41016902,20251105162948,4177532,20251105171212,4116126,0,01,1,24000,2544,N
20251105,M7731,41016902,20251105,41,11,08,41_22932811,2,570,41016902,20251105081031,4177448,20251105083951,4116126,0,01,1,23140,1760,N
20251105,M7731,41016902,20251105,41,11,08,41_22932811,2,570,41016902,20251105125423,4177448,20251105133627,4116126,0,01,1,23140,2524,N
20251105,M7731,41016902,20251105,41,11,08,41_22963435,2,570,41016902,20251105081031,4177448,20251105084701,4111588,0,01,1,22120,2190,N
20251105,M7731,41016902,20251105,41,11,08,41_22967009,2,570,41016902,20251105065402,4106836,20251105072957,4116130,0,01,1,26590,2155,N
20251105,M7731,41016902,20251105,41,41,08,41_23007548,2,570,41016902,20251105173435,4123056,20251105175209,4107447,0,01,1,5480,1054,N
20251105,M7731,41016902,20251105,41,11,08,41_23012215,2,570,41016902,20251105073024,4177448,20251105080920,4116126,0,01,1,23140,2336,N
20251105,M7731,41016902,20251105,41,11,08,41_23013786,2,570,41016902,20251105185130,4106836,20251105193022,4111598,1,01,1,27620,2332,N
20251105,M7731,41016902,20251105,41,11,08,41_23059014,1,570,41016902,20251105053756,4177637,20251105060023,4116130,0,01,1,28090,1347,N
20251105,M7731,41016902,20251105,41,11,08,41_23065140,2,570,41016902,20251105140150,4106836,20251105143021,4111588,0,01,1,24330,1711,N
20251105,M7731,41016902,20251105,41,41,08,41_23090458,1,570,41016902,20251105054311,4177637,20251105054649,4177448,0,01,1,3710,218,N
20251105,M7731,41016902,20251105,41,11,08,41_23128368,2,570,41016902,20251105221929,4106836,20251105225731,4116126,0,01,1,25350,2282,N
20251105,M7731,41016902,20251105,41,11,08,41_23144719,2,570,41016902,20251105065633,4177448,20251105072032,4111588,0,01,1,22120,1439,N
20251105,M7731,41016902,20251105,41,41,08,41_23216897,2,570,41016902,20251105090633,4107446,20251105092345,4177448,0,01,1,5750,1032,N
20251105,M7731,41016902,20251105,41,11,08,41_23217666,2,570,41016902,20251105191246,4106836,20251105193923,4116126,3,01,1,25350,1597,N
20251105,M7731,41016902,20251105,41,41,08,41_23232022,2,570,41016902,20251105073041,4177637,20251105073704,4177448,0,01,1,3710,383,N
20251105,M7731,41016902,20251105,41,11,08,41_23368750,2,570,41016902,20251105081309,4106836,20251105084337,4116126,1,01,1,25350,1828,N
20251105,M7731,41016902,20251105,41,11,08,41_23385007,2,570,41016902,20251105200407,4106836,20251105203617,4111588,0,01,1,24330,1930,N
20251105,M7731,41016902,20251105,41,41,08,41_23395183,1,570,41016902,20251105064433,4177637,20251105065236,4177448,0,01,1,3710,483,N
20251105,M7731,41016902,20251105,41,41,08,41_2340166,2,570,41016902,20251105073419,4177510,20251105073934,4107446,0,01,1,1630,315,N
20251105,M7731,41016902,20251105,41,11,08,41_23420875,2,570,41016902,20251105181651,4177448,20251105185127,4111588,0,01,1,22120,2076,N
20251105,M7731,41016902,20251105,41,11,08,41_23448153,2,570,41016902,20251105163806,4177532,20251105170302,4111588,0,01,2,22980,1496,N
20251105,M7731,41016902,20251105,41,11,08,41_23450728,2,570,41016902,20251105113039,4177532,20251105121448,4111588,0,01,1,22980,2649,N
20251105,M7731,41016902,20251105,41,11,08,41_23453117,2,570,41016902,20251105103003,4177532,20251105105657,4111588,0,01,1,22980,1614,N
20251105,M7731,41016902,20251105,41,11,08,41_23487837,2,570,41016902,20251105214718,4177532,20251105221412,4111588,0,01,1,22980,1614,N
20251105,M7731,41016902,20251105,41,11,08,41_23493320,1,570,41016902,20251105175940,4106836,20251105183352,4111588,1,01,1,24330,2052,N
20251105,M7731,41016902,20251105,41,11,08,41_23499558,1,570,41016902,20251105083644,4177637,20251105085540,4111588,0,01,1,25830,1136,N
20251105,M7731,41016902,20251105,41,11,08,41_23538388,2,570,41016902,20251105141215,4106836,20251105143809,4116126,1,01,1,25350,1554,N
20251105,M7731,41016902,20251105,41,11,08,41_23602801,2,570,41016902,20251105224755,4177448,20251105231540,4111588,0,01,1,22120,1665,N
20251105,M7731,41016902,20251105,41,11,08,41_23605265,1,570,41016902,20251105222947,4177448,20251105225257,4116130,0,01,1,24380,1390,N
20251105,M7731,41016902,20251105,41,11,08,41_23642551,1,570,41016902,20251105082044,4110935,20251105084505,4111588,0,01,1,28710,1461,N
20251105,M7731,41016902,20251105,41,11,08,41_23677582,2,570,41016902,20251105072830,4177448,20251105075817,4116126,0,01,1,23140,1787,N
20251105,M7731,41016902,20251105,41,11,08,41_23677582,2,570,41016902,20251105223641,4177448,20251105230414,4116126,0,01,1,23140,1653,N
20251105,M7731,41016902,20251105,41,11,08,41_23679225,1,570,41016902,20251105072428,4177637,20251105075216,4111588,0,01,1,25830,1668,N
20251105,M7731,41016902,20251105,41,11,08,41_23685015,2,570,41016902,20251105073842,4177448,20251105081711,4111588,0,01,1,22120,2309,N
20251105,M7731,41016902,20251105,41,11,08,41_2378963,2,570,41016902,20251105053456,4177510,20251105064352,4116130,0,01,1,31760,4136,N
20251105,M7731,41016902,20251105,41,11,08,41_23798003,2,570,41016902,20251105221137,4106836,20251105225753,4111588,0,01,1,24330,2776,N
20251105,M7731,41016902,20251105,41,11,08,41_23819755,2,570,41016902,20251105083850,4107446,20251105090257,4111588,0,01,1,27870,1447,N
20251105,M7731,41016902,20251105,41,11,08,41_23820787,1,570,41016902,20251105201725,4177448,20251105204741,4111598,0,01,1,25410,1816,N
20251105,M7731,41016902,20251105,41,11,08,41_23856644,1,570,41016902,20251105063208,4110935,20251105070102,4116126,0,01,1,29730,1734,N
20251105,M7731,41016902,20251105,41,41,08,41_23864728,2,570,41016902,20251105063212,4110935,20251105064427,4106836,0,01,1,4380,735,N
20251105,M7731,41016902,20251105,41,41,08,41_23864728,2,570,41016902,20251105113813,4110935,20251105115106,4106836,0,01,1,4380,773,N
20251105,M7731,41016902,20251105,41,11,08,41_23885060,2,570,41016902,20251105121741,4106836,20251105124745,4116126,0,01,1,25350,1804,N
20251105,M7731,41016902,20251105,41,41,08,41_23888557,2,570,41016902,20251105073021,4110935,20251105074422,4106836,0,01,1,4380,841,N
20251105,M7731,41016902,20251105,41,11,08,41_23911489,2,570,41016902,20251105183422,4177532,20251105190605,4111588,0,01,1,22980,1903,N
20251105,M7731,41016902,20251105,41,11,08,41_23927976,2,570,41016902,20251105232834,4106836,20251105235936,4111588,0,01,1,24330,1862,N
20251105,M7731,41016902,20251105,41,11,08,41_2395102,1,570,41016902,20251105060853,4110935,20251105064019,4111588,0,01,1,28710,1886,N
20251105,M7731,41016902,20251105,41,11,08,41_2395102,1,570,41016902,20251105070040,4110935,20251105072434,4111588,0,01,1,28710,1434,N
20251105,M7731,41016902,20251105,41,11,08,41_23980258,2,570,41016902,20251105164944,4106836,20251105171546,4116126,1,01,1,25350,1562,N
20251105,M7731,41016902,20251105,41,11,08,41_23995207,2,570,41016902,20251105072322,4110935,20251105075508,4116130,0,01,1,30970,1906,N
20251105,M7731,41016902,20251105,41,11,08,41_23996398,2,570,41016902,20251105081612,4177637,20251105084324,4116130,0,01,1,28090,1632,N
20251105,M7731,41016902,20251105,41,11,08,41_2400888,2,570,41016902,20251105172334,4177532,20251105175900,4111588,0,01,1,22980,2126,N
20251105,M7731,41016902,20251105,41,11,08,41_24033749,2,570,41016902,20251105082907,4107446,20251105090752,4109162,0,01,1,32920,2325,N
20251105,M7731,41016902,20251105,41,11,08,41_24033749,2,570,41016902,20251105132226,4107446,20251105135233,4109162,0,01,1,32920,1807,N
20251105,M7731,41016902,20251105,41,11,08,41_2405592,2,570,41016902,20251105164031,4106836,20251105171146,4111588,1,01,1,24330,1875,N
20251105,M7731,41016902,20251105,41,41,08,41_24071087,1,570,41016902,20251105132226,4107446,20251105133654,4177532,0,01,1,4890,868,N
20251105,M7731,41016902,20251105,41,11,08,41_24096755,2,570,41016902,20251105122524,4106836,20251105130535,4116126,0,01,1,25350,2411,N
20251105,M7731,41016902,20251105,41,11,08,41_24097516,2,570,41016902,20251105062231,4177510,20251105073300,4111588,0,01,1,29500,4229,N
20251105,M7731,41016902,20251105,41,41,08,41_24110129,2,570,41016902,20251105080449,4110935,20251105082058,4106836,0,01,1,4380,969,N
20251105,M7731,41016902,20251105,41,11,08,41_24152983,2,570,41016902,20251105113857,4177448,20251105120739,4116126,0,01,1,23140,1722,N
20251105,M7731,41016902,20251105,41,11,08,41_24164837,2,570,41016902,20251105134608,4106836,20251105141256,4111588,1,01,1,24330,1608,N
20251105,M7731,41016902,20251105,41,11,08,41_24166836,1,570,41016902,20251105161725,4177532,20251105164235,4111588,0,01,1,22980,1510,N
20251105,M7731,41016902,20251105,41,11,08,41_24172499,2,570,41016902,20251105144124,4106836,20251105151007,4116126,0,01,1,25350,1723,N
20251105,M7731,41016902,20251105,41,11,08,41_24193676,2,570,41016902,20251105152119,4177637,20251105155351,4111588,0,01,1,25830,1952,N
20251105,M7731,41016902,20251105,41,11,08,41_2425128,2,570,41016902,20251105115303,4177532,20251105122635,4111588,0,01,1,22980,2012,N
20251105,M7731,41016902,20251105,41,11,08,41_24276130,1,570,41016902,20251105161546,4106836,20251105165354,4111588,0,01,1,24330,2288,N
20251105,M7731,41016902,20251105,41,11,08,41_24278442,2,570,41016902,20251105170812,4177532,20251105173557,4111588,0,01,1,22980,1665,N
20251105,M7731,41016902,20251105,41,41,08,41_24286091,1,570,41016902,20251105101044,4107446,20251105101724,4177637,1,01,1,2040,400,N
20251105,M7731,41016902,20251105,41,41,08,41_24286091,1,570,41016902,20251105155724,4106837,20251105160359,4107447,1,01,1,3540,395,N
20251105,M7731,41016902,20251105,41,11,08,41_24295903,2,570,41016902,20251105151413,4177532,20251105155553,4116126,0,01,1,24000,2500,N
20251105,M7731,41016902,20251105,41,11,08,41_242966,2,570,41016902,20251105232041,4177448,20251105235033,4111588,0,01,1,22120,1792,N
20251105,M7731,41016902,20251105,41,11,08,41_24316698,2,570,41016902,20251105111443,4177448,20251105120236,4116126,0,01,1,23140,2873,N
20251105,M7731,41016902,20251105,41,11,08,41_24352287,1,570,41016902,20251105084106,4177448,20251105091553,4116130,0,01,1,24380,2087,N
20251105,M7731,41016902,20251105,41,11,08,41_24358185,2,570,41016902,20251105111443,4177448,20251105115354,4111588,0,01,1,22120,2351,N
20251105,M7731,41016902,20251105,41,11,08,41_24358185,2,570,41016902,20251105151038,4177448,20251105153546,4111588,0,01,1,22120,1508,N
20251105,M7731,41016902,20251105,41,11,08,41_24373198,2,570,41016902,20251105141515,4177637,20251105150617,4116130,0,01,1,28090,3062,N
20251105,M7731,41016902,20251105,41,11,08,41_24376270,2,570,41016902,20251105151108,4177448,20251105154820,4111588,0,01,1,22120,2232,N
20251105,M7731,41016902,20251105,41,11,08,41_24380488,2,570,41016902,20251105152932,4106836,20251105161212,4116126,0,01,1,25350,2560,N
20251105,M7731,41016902,20251105,41,11,08,41_24380488,2,570,41016902,20251105174039,4106836,20251105182547,4116126,0,01,1,25350,2708,N
20251105,M7731,41016902,20251105,41,11,08,41_24384487,1,570,41016902,20251105070413,4177448,20251105074948,4111588,1,01,1,22120,2735,N
20251105,M7731,41016902,20251105,41,11,08,41_24404955,2,570,41016902,20251105100006,4177448,20251105103444,4111588,0,01,1,22120,2078,N
20251105,M7731,41016902,20251105,41,11,08,41_24447448,2,570,41016902,20251105161419,4106836,20251105164236,4109162,0,01,1,29380,1697,N
20251105,M7731,41016902,20251105,41,11,08,41_24447448,2,570,41016902,20251105182141,4106836,20251105185430,4109162,0,01,1,29380,1969,N
20251105,M7731,41016902,20251105,41,11,08,41_24447585,2,570,41016902,20251105161231,4177532,20251105163809,4111588,0,01,1,22980,1538,N
20251105,M7731,41016902,20251105,41,11,08,41_24448904,2,570,41016902,20251105090539,4177637,20251105093717,4116126,0,01,1,26850,1898,N
20251105,M7731,41016902,20251105,41,41,08,41_24460399,2,570,41016902,20251105075601,4107446,20251105081253,4177532,0,01,1,4890,1012,N
20251105,M7731,41016902,20251105,41,11,08,41_24509702,2,570,41016902,20251105151707,4107446,20251105153735,4116126,0,01,1,28890,1228,N
20251105,M7731,41016902,20251105,41,11,08,41_24583099,2,570,41016902,20251105083021,4110868,20251105090335,4111588,0,01,1,26980,1994,N
20251105,M7731,41016902,20251105,41,11,08,41_24586765,2,570,41016902,20251105151152,4106836,20251105161035,4111588,0,01,1,24330,3523,N
20251105,M7731,41016902,20251105,41,11,08,41_24586765,2,570,41016902,20251105163343,4106836,20251105170607,4111588,0,01,1,24330,1944,N
20251105,M7731,41016902,20251105,41,11,08,41_24595941,2,570,41016902,20251105151707,4107446,20251105153737,4111588,0,01,1,27870,1230,N
20251105,M7731,41016902,20251105,41,11,08,41_24605300,1,570,41016902,20251105102633,4177637,20251105111527,4111588,0,01,1,25830,2934,N
20251105,M7731,41016902,20251105,41,11,08,41_24622732,2,570,41016902,20251105092445,4177532,20251105095335,4116126,0,01,1,24000,1730,N
20251105,M7731,41016902,20251105,41,11,08,41_24622732,2,570,41016902,20251105172753,4177532,20251105175429,4116126,0,01,1,24000,1596,N
20251105,M7731,41016902,20251105,41,11,08,41_24640169,2,570,41016902,20251105173744,4177532,20251105180229,4111588,0,01,1,22980,1485,N
20251105,M7731,41016902,20251105,41,11,08,41_24652883,1,570,41016902,20251105101754,4177637,20251105110358,4111599,0,01,2,29770,2764,N
20251105,M7731,41016902,20251105,41,11,08,41_24652883,1,570,41016902,20251105172214,4177637,20251105174659,4111599,0,01,1,29770,1485,N
20251105,M7731,41016902,20251105,41,11,08,41_24664844,2,570,41016902,20251105191821,4106836,20251105200345,4111588,0,01,2,24330,2724,N
20251105,M7731,41016902,20251105,41,11,08,41_2468446,2,570,41016902,20251105072157,4177637,20251105073844,4111588,0,01,1,25830,1007,N
20251105,M7731,41016902,20251105,41,11,08,41_24692285,2,570,41016902,20251105174412,4106836,20251105180857,4116126,0,01,1,25350,1485,N
20251105,M7731,41016902,20251105,41,11,08,41_2469458,2,570,41016902,20251105111016,4177448,20251105113557,4111588,0,01,1,22120,1541,N
20251105,M7731,41016902,20251105,41,41,08,41_24710073,2,570,41016902,20251105074042,4110935,20251105074854,4106836,0,01,1,4380,492,N
20251105,M7731,41016902,20251105,41,11,08,41_24713922,2,570,41016902,20251105084808,4177448,20251105091133,4111588,0,01,1,22120,1405,N
20251105,M7731,41016902,20251105,41,11,08,41_2471605,2,570,41016902,20251105115338,4177532,20251105120622,4116126,0,01,1,24000,764,N
20251105,M7731,41016902,20251105,41,11,08,41_2471605,2,570,41016902,20251105194538,4177532,20251105195927,4116126,0,01,1,24000,829,N
20251105,M7731,41016902,20251105,41,11,08,41_2474892,2,570,41016902,20251105062215,4177637,20251105063906,4111588,0,01,1,25830,1011,N
20251105,M7731,41016902,20251105,41,11,08,41_24749659,2,570,41016902,20251105084420,4177448,20251105093039,4116126,0,01,1,23140,2779,N
20251105,M7731,41016902,20251105,41,11,08,41_24752490,2,570,41016902,20251105125338,4177448,20251105131435,4111588,0,01,1,22120,1257,N
20251105,M7731,41016902,20251105,41,11,08,41_24755747,1,570,41016902,20251105190553,4177532,20251105193246,4111588,0,01,1,22980,1613,N
20251105,M7731,41016902,20251105,41,41,08,41_24755757,2,570,41016902,20251105181308,4177510,20251105182706,4110868,0,01,1,2520,838,N
20251105,M7731,41016902,20251105,41,11,08,41_24756055,2,570,41016902,20251105071351,4177637,20251105074935,4116126,0,01,1,26850,2144,N
20251105,M7731,41016902,20251105,41,11,08,41_24764006,2,570,41016902,20251105071351,4177637,20251105075152,4111588,0,01,1,25830,2281,N
20251105,M7731,41016902,20251105,41,11,08,41_24770190,2,570,41016902,20251105144137,4106836,20251105152511,4116126,0,01,1,25350,2614,N
20251105,M7731,41016902,20251105,41,11,08,41_24790995,1,570,41016902,20251105123501,4177532,20251105130115,4111588,0,01,1,22980,1574,N
20251105,M7731,41016902,20251105,41,11,08,41_24811241,2,570,41016902,20251105163448,4107446,20251105170316,4111588,0,01,1,27870,1708,N
20251105,M7731,41016902,20251105,41,41,08,41_24834902,1,570,41016902,20251105184803,4177637,20251105185217,4177448,0,01,1,3710,254,N
20251105,M7731,41016902,20251105,41,11,08,41_24843041,2,570,41016902,20251105201223,4177532,20251105204431,4111588,0,01,1,22980,1928,N
20251105,M7731,41016902,20251105,41,41,08,41_24849584,2,570,41016902,20251105081856,4177637,20251105082246,4177448,0,01,1,3710,230,N
20251105,M7731,41016902,20251105,41,11,08,41_24876096,2,570,41016902,20251105065754,4106836,20251105074540,4111588,0,01,1,24330,2866,N
20251105,M7731,41016902,20251105,41,11,08,41_24908671,2,570,41016902,20251105203402,4177532,20251105210557,4111588,0,01,1,22980,1915,N
20251105,M7731,41016902,20251105,41,11,08,41_24947739,2,570,41016902,20251105180919,4177532,20251105185059,4111588,0,01,1,22980,2500,N
20251105,M7731,41016902,20251105,41,11,08,41_24982926,2,570,41016902,20251105124855,4106836,20251105133141,4111588,0,01,1,24330,2566,N
20251105,M7731,41016902,20251105,41,11,08,41_24982926,2,570,41016902,20251105142157,4106836,20251105145310,4111588,0,01,1,24330,1873,N
20251105,M7731,41016902,20251105,41,11,08,41_2500724,2,570,41016902,20251105074230,4106836,20251105081126,4111588,1,01,1,24330,1736,N
20251105,M7731,41016902,20251105,41,11,08,41_25015133,1,570,41016902,20251105063409,4177637,20251105071512,4111588,0,01,1,25830,2463,N
20251105,M7731,41016902,20251105,41,11,08,41_25035334,2,570,41016902,20251105172042,4177532,20251105175154,4111588,0,01,1,22980,1872,N
20251105,M7731,41016902,20251105,41,11,08,41_25042426,2,570,41016902,20251105174551,4177532,20251105181441,4111588,0,01,1,22980,1730,N
20251105,M7731,41016902,20251105,41,11,08,41_2511407,2,570,41016902,20251105144026,4106836,20251105152015,4111588,1,01,1,24330,2389,N
20251105,M7731,41016902,20251105,41,11,08,41_2511912,2,570,41016902,20251105074238,4106836,20251105084350,4111588,0,01,1,24330,3672,N
20251105,M7731,41016902,20251105,41,11,08,41_2514070,2,570,41016902,20251105080812,4177637,20251105084426,4111588,0,01,1,25830,2174,N
20251105,M7731,41016902,20251105,41,11,08,41_25143340,2,570,41016902,20251105063935,4107446,20251105073659,4111588,0,01,1,27870,3444,N
20251105,M7731,41016902,20251105,41,11,08,41_25174114,2,570,41016902,20251105062918,4106836,20251105071029,4116130,0,01,1,26590,2471,N
20251105,M7731,41016902,20251105,41,11,08,41_25174114,2,570,41016902,20251105080815,4106836,20251105085334,4111588,0,01,1,24330,2719,N
20251105,M7731,41016902,20251105,41,11,08,41_25205394,2,570,41016902,20251105142559,4106836,20251105150246,4116126,1,01,1,25350,2207,N
20251105,M7731,41016902,20251105,41,11,08,41_25219450,2,570,41016902,20251105094627,4177448,20251105102259,4116126,0,01,1,23140,2192,N
20251105,M7731,41016902,20251105,41,11,08,41_252824,2,570,41016902,20251105140149,4177448,20251105142808,4111588,0,01,1,22120,1579,N
20251105,M7731,41016902,20251105,41,11,08,41_25286380,1,570,41016902,20251105122121,4106836,20251105125808,4116126,0,01,1,25350,2207,N
20251105,M7731,41016902,20251105,41,11,08,41_2528664,2,570,41016902,20251105172801,4177448,20251105181429,4116130,0,01,1,24380,2788,N
20251105,M7731,41016902,20251105,41,11,08,41_25293840,2,570,41016902,20251105094621,4177448,20251105102133,4116130,0,01,1,24380,2112,N
20251105,M7731,41016902,20251105,41,11,08,41_25312010,2,570,41016902,20251105101011,4110935,20251105111203,4111588,0,01,1,28710,3712,N
20251105,M7731,41016902,20251105,41,11,08,41_25338613,1,570,41016902,20251105142525,4177532,20251105145808,4111588,0,01,1,22980,1963,N
20251105,M7731,41016902,20251105,41,11,08,41_25338955,2,570,41016902,20251105081404,4110935,20251105090454,4111588,0,01,1,28710,3050,N
20251105,M7731,41016902,20251105,41,11,08,41_25343280,2,570,41016902,20251105152704,4106836,20251105161702,4111588,0,01,1,24330,2998,N
20251105,M7731,41016902,20251105,41,11,08,41_25360277,2,570,41016902,20251105142055,4177532,20251105145547,4111588,0,01,1,22980,2092,N
20251105,M7731,41016902,20251105,41,11,08,41_25402562,2,570,41016902,20251105084709,4177532,20251105093811,4111588,0,01,1,22980,3062,N
20251105,M7731,41016902,20251105,41,11,08,41_25453467,1,570,41016902,20251105142704,4106836,20251105151014,4111588,1,01,1,24330,2590,N
20251105,M7731,41016902,20251105,41,11,08,41_25458845,1,570,41016902,20251105202816,4106836,20251105210114,4111588,0,01,1,24330,1978,N
20251105,M7731,41016902,20251105,41,11,08,41_25494107,1,570,41016902,20251105072003,4106836,20251105075713,4111588,1,01,1,24330,2230,N
20251105,M7731,41016902,20251105,41,11,08,41_25498835,2,570,41016902,20251105160329,4106836,20251105164026,4116126,1,01,1,25350,2217,N
20251105,M7731,41016902,20251105,41,11,08,41_25529533,2,570,41016902,20251105054330,4107446,20251105060947,4116126,1,01,1,28890,1577,N
20251105,M7731,41016902,20251105,41,11,08,41_25534416,1,570,41016902,20251105090910,4177448,20251105092945,4109162,0,01,1,27170,1235,N
20251105,M7731,41016902,20251105,41,11,08,41_25549430,2,570,41016902,20251105105314,4106836,20251105115301,4116126,1,01,1,25350,3587,N
20251105,M7731,41016902,20251105,41,11,08,41_25583902,2,570,41016902,20251105071113,4177510,20251105073405,4111588,0,01,1,29500,1372,N
20251105,M7731,41016902,20251105,41,11,08,41_25588117,2,570,41016902,20251105062831,4106836,20251105071858,4116126,0,01,1,25350,3027,N
20251105,M7731,41016902,20251105,41,11,08,41_25588117,2,570,41016902,20251105164229,4106836,20251105172540,4116126,0,01,1,25350,2591,N
20251105,M7731,41016902,20251105,41,11,08,41_25759421,2,570,41016902,20251105060826,4106836,20251105062716,4116130,0,01,1,26590,1130,N
20251105,M7731,41016902,20251105,41,11,08,41_25791182,1,570,41016902,20251105193325,4106836,20251105200048,4116130,0,01,1,26590,1643,N
20251105,M7731,41016902,20251105,41,11,08,41_25798001,2,570,41016902,20251105175855,4106836,20251105183347,4111588,0,01,1,24330,2092,N
20251105,M7731,41016902,20251105,41,11,08,41_25798001,2,570,41016902,20251105232933,4177637,20251105235244,4111588,0,01,1,25830,1391,N
20251105,M7731,41016902,20251105,41,41,08,41_25809601,2,570,41016902,20251105051935,4177510,20251105054855,4177448,0,01,1,7380,1760,N
20251105,M7731,41016902,20251105,41,11,08,41_25847458,2,570,41016902,20251106003012,4106836,20251106010310,4116126,0,01,1,25350,1978,N
20251105,M7731,41016902,20251105,41,11,08,41_25867060,2,570,41016902,20251105180322,4177448,20251105183018,4111588,0,01,1,22120,1616,N
20251105,M7731,41016902,20251105,41,11,08,41_25876813,2,570,41016902,20251105180322,4177448,20251105183610,4111588,0,01,1,22120,1968,N
20251105,M7731,41016902,20251105,41,11,08,41_25882664,2,570,41016902,20251105180322,4177448,20251105183103,4116126,0,01,1,23140,1661,N
20251105,M7731,41016902,20251105,41,11,08,41_25882664,2,570,41016902,20251105211729,4177448,20251105215233,4116126,0,01,1,23140,2104,N
20251105,M7731,41016902,20251105,41,11,08,41_25908715,1,570,41016902,20251105070337,4107446,20251105074325,4111588,0,01,1,27870,2388,N
20251105,M7731,41016902,20251105,41,11,08,41_26020505,2,570,41016902,20251105132845,4106836,20251105140851,4116126,1,01,1,25350,2406,N
20251105,M7731,41016902,20251105,41,11,08,41_26115293,2,570,41016902,20251105075116,4110868,20251105083746,4116130,0,01,1,29240,2790,N
20251105,M7731,41016902,20251105,41,11,08,41_26124351,2,570,41016902,20251105144210,4177448,20251105150515,4111588,0,01,1,22120,1385,N
20251105,M7731,41016902,20251105,41,11,08,41_26124351,2,570,41016902,20251105190109,4177448,20251105192549,4111588,0,01,1,22120,1480,N
20251105,M7731,41016902,20251105,41,11,08,41_26160926,1,570,41016902,20251105052155,4177637,20251105061055,4111588,0,01,1,25830,2940,N
20251105,M7731,41016902,20251105,41,11,08,41_26200332,1,570,41016902,20251105171500,4177532,20251105180109,4111588,0,01,1,22980,2769,N
20251105,M7731,41016902,20251105,41,11,08,41_26229975,2,570,41016902,20251105110326,4177532,20251105114435,4111588,0,01,1,22980,2469,N
20251105,M7731,41016902,20251105,41,11,08,41_26258681,2,570,41016902,20251105200352,4177532,20251105204508,4111588,0,01,1,22980,2476,N
20251105,M7731,41016902,20251105,41,41,08,41_26262946,2,570,41016902,20251105111055,4110868,20251105112506,4177448,0,01,1,4860,851,N
20251105,M7731,41016902,20251105,41,11,08,41_26312129,2,570,41016902,20251105175601,4177532,20251105182606,4111588,0,01,1,22980,1805,N
20251105,M7731,41016902,20251105,41,11,08,41_26314070,2,570,41016902,20251105232512,4177637,20251105235324,4111588,0,01,1,25830,1692,N
20251105,M7731,41016902,20251105,41,11,08,41_2640796,1,570,41016902,20251105163908,4106836,20251105171833,4111588,0,01,1,24330,2365,N
20251105,M7731,41016902,20251105,41,11,08,41_2641150,2,570,41016902,20251105094632,4106836,20251105101343,4111588,0,01,1,24330,1631,N
20251105,M7731,41016902,20251105,41,11,08,41_2641150,2,570,41016902,20251105151553,4106836,20251105155049,4111588,0,01,1,24330,2096,N
20251105,M7731,41016902,20251105,41,11,08,41_2646982,2,570,41016902,20251105163328,4106836,20251105170259,4116126,0,01,1,25350,1771,N
20251105,M7731,41016902,20251105,41,11,08,41_2646982,2,570,41016902,20251105181843,4106836,20251105184811,4116126,0,01,1,25350,1768,N
20251105,M7731,41016902,20251105,41,11,08,41_2647973,2,570,41016902,20251105213607,4177637,20251105222429,4116126,0,01,1,26850,2902,N
20251105,M7731,41016902,20251105,41,11,08,41_2650746,2,570,41016902,20251105065201,4107446,20251105074643,4111588,0,01,1,27870,3282,N
20251105,M7731,41016902,20251105,41,11,08,41_265177,1,570,41016902,20251105230505,4177448,20251105235918,4111588,0,01,1,22120,3253,N
20251105,M7731,41016902,20251105,41,11,08,41_2663376,1,570,41016902,20251105213230,4177532,20251105221845,4116126,0,01,1,24000,2775,N
20251105,M7731,41016902,20251105,41,11,08,41_266845,1,570,41016902,20251105140149,4177532,20251105143400,4111588,0,01,1,22980,1931,N
20251105,M7731,41016902,20251105,41,11,08,41_268275,2,570,41016902,20251105061511,4177532,20251105064809,4111588,0,01,1,22980,1978,N
20251105,M7731,41016902,20251105,41,11,08,41_2710728,2,570,41016902,20251105185017,4106836,20251105193222,4109162,0,01,1,29380,2525,N
20251105,M7731,41016902,20251105,41,41,08,41_2769821,2,570,41016902,20251105074352,4110935,20251105080722,4177532,0,01,1,5730,1410,N
20251105,M7731,41016902,20251105,41,41,08,41_2769821,2,570,41016902,20251105164303,4177533,20251105171834,4110934,0,01,1,5800,2131,N
20251105,M7731,41016902,20251105,41,11,08,41_2841063,2,570,41016902,20251105141344,4177448,20251105143732,4111598,0,01,2,25410,1428,N
20251105,M7731,41016902,20251105,41,11,08,41_2845239,2,570,41016902,20251105131401,4177448,20251105133629,4111588,0,01,1,22120,1348,N
20251105,M7731,41016902,20251105,41,11,08,41_2893473,2,570,41016902,20251105083628,4177637,20251105090703,4109162,0,01,1,30880,1835,N
20251105,M7731,41016902,20251105,41,41,08,41_2896244,2,570,41016902,20251105083905,4177637,20251105084514,4177448,0,01,1,3710,369,N
20251105,M7731,41016902,20251105,41,11,08,41_2902892,1,570,41016902,20251105042712,4106836,20251105045945,4116126,1,01,1,25350,1953,N
20251105,M7731,41016902,20251105,41,41,08,41_2904218,1,570,41016902,20251105170017,4123056,20251105170714,4106837,2,01,1,1940,417,N
20251105,M7731,41016902,20251105,41,11,08,41_2913788,2,570,41016902,20251105115257,4177637,20251105123724,4116126,0,01,1,26850,2667,N
20251105,M7731,41016902,20251105,41,11,08,41_297866,2,570,41016902,20251105055340,4177637,20251105064053,4111588,0,01,1,25830,2833,N
20251105,M7731,41016902,20251105,41,11,08,41_2978799,2,570,41016902,20251105114828,4177532,20251105121907,4111588,0,01,1,22980,1839,N
20251105,M7731,41016902,20251105,41,41,08,41_2995100,1,570,41016902,20251105131024,4177637,20251105131734,4177448,0,01,1,3710,430,N
20251105,M7731,41016902,20251105,41,11,08,41_2998219,2,570,41016902,20251105075142,4107446,20251105083548,4111588,0,01,2,27870,2646,N
20251105,M7731,41016902,20251105,41,11,08,41_2998219,2,570,41016902,20251105111949,4107446,20251105120947,4111588,0,01,1,27870,2998,N
20251105,M7731,41016902,20251105,41,11,08,41_3001431,2,570,41016902,20251105083220,4106836,20251105090019,4111588,1,01,2,24330,1679,N
20251105,M7731,41016902,20251105,41,11,08,41_3014103,1,570,41016902,20251105072013,4106836,20251105074510,4116130,0,01,1,26590,1497,N
20251105,M7731,41016902,20251105,41,11,08,41_3014103,1,570,41016902,20251105170325,4106836,20251105173014,4116130,0,01,1,26590,1609,N
20251105,M7731,41016902,20251105,41,11,08,41_3029776,1,570,41016902,20251105144000,4177637,20251105150619,4116126,0,01,1,26850,1579,N
20251105,M7731,41016902,20251105,41,11,08,41_3035632,1,570,41016902,20251105170930,4106836,20251105175510,4111588,0,01,1,24330,2740,N
20251105,M7731,41016902,20251105,41,11,08,41_306791,1,570,41016902,20251105201401,4177532,20251105204103,4116126,0,01,1,24000,1622,N
20251105,M7731,41016902,20251105,41,11,08,41_310642,1,570,41016902,20251105164930,4106836,20251105173420,4116126,1,01,1,25350,2690,N
20251105,M7731,41016902,20251105,41,11,08,41_3117345,2,570,41016902,20251105174646,4177448,20251105181430,4111588,0,01,1,22120,1664,N
20251105,M7731,41016902,20251105,41,11,08,41_313292,1,570,41016902,20251105171900,4106836,20251105175307,4111588,0,01,1,24330,2047,N
20251105,M7731,41016902,20251105,41,11,08,41_31347,2,570,41016902,20251105200942,4106836,20251105210402,4116126,0,01,1,25350,3260,N
20251105,M7731,41016902,20251105,41,11,08,41_3160551,2,570,41016902,20251105153825,4177532,20251105160659,4111588,0,01,1,22980,1714,N
20251105,M7731,41016902,20251105,41,11,08,41_3219477,2,570,41016902,20251105102513,4106836,20251105111716,4111588,0,01,1,24330,3123,N
20251105,M7731,41016902,20251105,41,11,08,41_322747,1,570,41016902,20251105130147,4177448,20251105132614,4116126,0,01,1,23140,1467,N
20251105,M7731,41016902,20251105,41,11,08,41_3228503,2,570,41016902,20251105114004,4177448,20251105120743,4116130,0,01,1,24380,1659,N
20251105,M7731,41016902,20251105,41,11,08,41_32306,1,570,41016902,20251105162856,4177532,20251105170519,4111588,0,01,1,22980,2183,N
20251105,M7731,41016902,20251105,41,11,08,41_3241383,2,570,41016902,20251105162952,4177532,20251105165111,4116126,0,01,1,24000,1279,N
20251105,M7731,41016902,20251105,41,11,08,41_3274082,2,570,41016902,20251105180417,4106836,20251105184541,4111588,0,01,1,24330,2484,N
20251105,M7731,41016902,20251105,41,11,08,41_3284899,2,570,41016902,20251105085855,4177448,20251105092425,4116126,0,01,1,23140,1530,N
20251105,M7731,41016902,20251105,41,11,08,41_3287741,2,570,41016902,20251105160212,4106836,20251105165108,4116126,0,01,1,25350,2936,N
20251105,M7731,41016902,20251105,41,11,08,41_3303941,2,570,41016902,20251105070256,4177637,20251105080356,4111588,0,01,1,25830,3660,N
20251105,M7731,41016902,20251105,41,11,08,41_3305185,2,570,41016902,20251105221620,4106836,20251105230401,4116126,0,01,1,25350,2861,N
20251105,M7731,41016902,20251105,41,11,08,41_3317719,2,570,41016902,20251105071008,4177637,20251105074516,4116126,0,01,1,26850,2108,N
20251105,M7731,41016902,20251105,41,11,08,41_3341831,2,570,41016902,20251105054706,4177532,20251105061526,4111588,0,01,1,22980,1700,N
20251105,M7731,41016902,20251105,41,11,08,41_3345867,1,570,41016902,20251105070034,4177448,20251105073716,4111588,0,01,1,22120,2202,N
20251105,M7731,41016902,20251105,41,11,08,41_3347979,1,570,41016902,20251105161001,4177532,20251105164022,4109162,0,01,1,28030,1821,N
20251105,M7731,41016902,20251105,41,41,08,41_3359116,2,570,41016902,20251105171830,4123056,20251105173535,4107447,0,01,1,5480,1025,N
20251105,M7731,41016902,20251105,41,11,08,41_3370305,2,570,41016902,20251105220935,4106836,20251105224230,4116130,0,01,1,26590,1975,N
20251105,M7731,41016902,20251105,41,11,08,41_3401773,1,570,41016902,20251105175138,4177532,20251105183800,4111588,0,01,1,22980,2782,N
20251105,M7731,41016902,20251105,41,41,08,41_3404455,2,570,41016902,20251105224332,4123056,20251105225452,4102447,2,01,1,3320,680,N
20251105,M7731,41016902,20251105,41,41,08,41_3405231,2,570,41016902,20251105074049,4110935,20251105075733,4106836,0,01,1,4380,1004,N
20251105,M7731,41016902,20251105,41,11,08,41_3431956,2,570,41016902,20251105091610,4106836,20251105100216,4111588,0,01,1,24330,2766,N
20251105,M7731,41016902,20251105,41,11,08,41_3431956,2,570,41016902,20251105111324,4106836,20251105115324,4111588,0,01,1,24330,2400,N
20251105,M7731,41016902,20251105,41,11,08,41_343674,1,570,41016902,20251105131258,4177510,20251105133725,4111599,0,01,1,33440,1467,N
20251105,M7731,41016902,20251105,41,11,08,41_3439289,1,570,41016902,20251105071447,4106836,20251105075543,4111588,1,01,1,24330,2456,N
20251105,M7731,41016902,20251105,41,11,08,41_3464398,2,570,41016902,20251105163717,4106836,20251105171039,4116126,1,01,1,25350,2002,N
20251105,M7731,41016902,20251105,41,11,08,41_3464398,2,570,41016902,20251105181524,4106836,20251105185207,4116126,1,01,1,25350,2203,N
20251105,M7731,41016902,20251105,41,11,08,41_3493851,2,570,41016902,20251105121038,4177448,20251105123545,4116126,0,01,1,23140,1507,N
20251105,M7731,41016902,20251105,41,41,08,41_3507917,2,570,41016902,20251105183611,4123056,20251105185620,4107447,0,01,1,5480,1209,N
20251105,M7731,41016902,20251105,41,11,08,41_351428,1,570,41016902,20251105132931,4177448,20251105135410,4109162,0,01,1,27170,1479,N
20251105,M7731,41016902,20251105,41,11,08,41_35625,2,570,41016902,20251105062902,4177448,20251105070924,4111588,0,01,1,22120,2422,N
20251105,M7731,41016902,20251105,41,11,08,41_3580389,2,570,41016902,20251105071320,4106836,20251105074016,4116126,1,01,1,25350,1616,N
20251105,M7731,41016902,20251105,41,11,08,41_359597,2,570,41016902,20251105192017,4106836,20251105195056,4111588,0,01,1,24330,1839,N
20251105,M7731,41016902,20251105,41,11,08,41_3600749,2,570,41016902,20251105173558,4177448,20251105175759,4111588,0,01,1,22120,1321,N
20251105,M7731,41016902,20251105,41,11,08,41_3601573,2,570,41016902,20251105155336,4106836,20251105162223,4111588,0,01,1,24330,1727,N
20251105,M7731,41016902,20251105,41,11,08,41_3613374,2,570,41016902,20251105102220,4110935,20251105110744,4111588,0,01,1,28710,2724,N
20251105,M7731,41016902,20251105,41,11,08,41_3614181,2,570,41016902,20251105085537,4177532,20251105091851,4111588,0,01,1,22980,1394,N
20251105,M7731,41016902,20251105,41,11,08,41_3614181,2,570,41016902,20251105161634,4177532,20251105164748,4111588,0,01,1,22980,1874,N
20251105,M7731,41016902,20251105,41,11,08,41_3625743,2,570,41016902,20251105150948,4177532,20251105154012,4111588,0,01,1,22980,1824,N
20251105,M7731,41016902,20251105,41,11,08,41_3679431,2,570,41016902,20251105065022,4110868,20251105080248,4111588,0,01,1,26980,4346,N
20251105,M7731,41016902,20251105,41,11,08,41_3695951,2,570,41016902,20251105102831,4110935,20251105111421,4111588,0,01,1,28710,2750,N
20251105,M7731,41016902,20251105,41,11,08,41_373481,1,570,41016902,20251105144006,4177532,20251105150308,4111588,0,01,1,22980,1382,N
20251105,M7731,41016902,20251105,41,11,08,41_3790818,2,570,41016902,20251105215020,4106836,20251105222534,4111588,0,01,1,24330,2114,N
20251105,M7731,41016902,20251105,41,11,08,41_3841314,2,570,41016902,20251105061457,4177510,20251105072540,4111588,0,01,1,29500,4243,N
20251105,M7731,41016902,20251105,41,41,08,41_3841437,2,570,41016902,20251105160748,4123056,20251105163641,4177511,0,01,1,7120,1733,N
20251105,M7731,41016902,20251105,41,11,08,41_3868074,2,570,41016902,20251105221821,4106836,20251105231154,4111588,0,01,1,24330,3213,N
20251105,M7731,41016902,20251105,41,11,08,41_389324,2,570,41016902,20251105074736,4106836,20251105082522,4116126,0,01,1,25350,2266,N
20251105,M7731,41016902,20251105,41,11,08,41_389324,2,570,41016902,20251105085135,4106836,20251105093007,4116126,0,01,1,25350,2312,N
20251105,M7731,41016902,20251105,41,11,08,41_389324,2,570,41016902,20251105153100,4106836,20251105161550,4116126,0,01,1,25350,2690,N
20251105,M7731,41016902,20251105,41,41,08,41_3933302,2,570,41016902,20251105153534,4123056,20251105154658,4102447,2,01,1,3320,684,N
20251105,M7731,41016902,20251105,41,41,08,41_3933527,2,570,41016902,20251105074328,4177637,20251105075055,4177448,0,01,1,3710,447,N
20251105,M7731,41016902,20251105,41,41,08,41_3933527,2,570,41016902,20251105225018,4123056,20251105225934,4102447,2,01,1,3320,556,N
20251105,M7731,41016902,20251105,41,11,08,41_3936268,2,570,41016902,20251105190244,4106836,20251105195035,4116126,0,01,1,25350,2871,N
20251105,M7731,41016902,20251105,41,11,08,41_3938982,1,570,41016902,20251105230926,4106836,20251105235445,4111588,0,01,1,24330,2719,N
20251105,M7731,41016902,20251105,41,11,08,41_4025449,2,570,41016902,20251105195434,4177532,20251105202059,4111588,0,01,1,22980,1585,N
20251105,M7731,41016902,20251105,41,11,08,41_4027736,2,570,41016902,20251105161940,4106836,20251105165452,4111588,0,01,1,24330,2112,N
20251105,M7731,41016902,20251105,41,11,08,41_4052450,1,570,41016902,20251105142017,4177637,20251105145104,4116130,0,01,1,28090,1847,N
20251105,M7731,41016902,20251105,41,11,08,41_4056376,2,570,41016902,20251105194928,4177448,20251105202218,4111588,0,01,1,22120,1970,N
20251105,M7731,41016902,20251105,41,41,08,41_4059311,2,570,41016902,20251105070831,4177637,20251105072105,4177448,0,01,1,3710,754,N
20251105,M7731,41016902,20251105,41,41,08,41_4059311,2,570,41016902,20251105135408,4123056,20251105140520,4102447,2,01,2,3320,672,N
20251105,M7731,41016902,20251105,41,41,08,41_4059311,2,570,41016902,20251105183805,4123056,20251105184928,4102447,2,01,1,3320,683,N
20251105,M7731,41016902,20251105,41,11,08,41_4088599,2,570,41016902,20251105194910,4177448,20251105202410,4116126,0,01,1,23140,2100,N
20251105,M7731,41016902,20251105,41,41,08,41_4104705,2,570,41016902,20251105125644,4177637,20251105130447,4177448,0,01,1,3710,483,N
20251105,M7731,41016902,20251105,41,11,08,41_4109006,1,570,41016902,20251105184628,4106836,20251105193301,4116126,1,01,1,25350,2793,N
20251105,M7731,41016902,20251105,41,11,08,41_4109160,1,570,41016902,20251105184608,4177532,20251105190952,4111588,0,01,1,22980,1424,N
20251105,M7731,41016902,20251105,41,11,08,41_4114642,1,570,41016902,20251105100936,4106836,20251105104648,4111588,0,01,1,24330,2232,N
20251105,M7731,41016902,20251105,41,11,08,41_4138353,2,570,41016902,20251105212035,4106836,20251105220354,4111588,0,01,1,24330,2599,N
20251105,M7731,41016902,20251105,41,11,08,41_4161471,2,570,41016902,20251105111924,4177448,20251105121217,4116126,0,01,1,23140,3173,N
20251105,M7731,41016902,20251105,41,11,08,41_4194853,1,570,41016902,20251105193029,4177532,20251105201341,4116126,0,01,1,24000,2592,N
20251105,M7731,41016902,20251105,41,11,08,41_4199405,2,570,41016902,20251105110616,4177448,20251105115909,4111588,0,01,1,22120,3173,N
20251105,M7731,41016902,20251105,41,11,08,41_4199405,2,570,41016902,20251105163745,4177448,20251105172348,4111588,0,01,1,22120,2763,N
20251105,M7731,41016902,20251105,41,11,08,41_4199869,2,570,41016902,20251105114318,4177448,20251105123611,4116126,0,01,1,23140,3173,N
20251105,M7731,41016902,20251105,41,11,08,41_4222849,2,570,41016902,20251105190103,4177637,20251105195643,4111588,0,01,1,25830,3340,N
20251105,M7731,41016902,20251105,41,11,08,41_4244800,2,570,41016902,20251105140804,4177532,20251105144414,4116126,0,01,1,24000,2170,N
20251105,M7731,41016902,20251105,41,11,08,41_4244800,2,570,41016902,20251105162344,4177532,20251105170313,4116126,0,01,1,24000,2369,N
20251105,M7731,41016902,20251105,41,11,08,41_4252412,1,570,41016902,20251105180317,4106836,20251105183534,4111588,0,01,1,24330,1937,N
20251105,M7731,41016902,20251105,41,11,08,41_4255281,2,570,41016902,20251105073506,4177637,20251105083015,4111588,0,01,1,25830,3309,N
20251105,M7731,41016902,20251105,41,11,08,41_4260005,2,570,41016902,20251105141054,4177532,20251105144046,4111588,0,01,1,22980,1792,N
20251105,M7731,41016902,20251105,41,11,08,41_4268988,1,570,41016902,20251105170927,4177532,20251105173401,4111588,0,01,1,22980,1474,N
20251105,M7731,41016902,20251105,41,11,08,41_4294174,2,570,41016902,20251105154550,4177532,20251105161351,4111588,0,01,1,22980,1681,N
20251105,M7731,41016902,20251105,41,11,08,41_4328671,2,570,41016902,20251105185720,4106836,20251105193355,4116126,1,01,1,25350,2195,N
20251105,M7731,41016902,20251105,41,11,08,41_4337670,2,570,41016902,20251105151153,4106836,20251105162104,4116126,0,01,1,25350,4151,N
20251105,M7731,41016902,20251105,41,11,08,41_4337670,2,570,41016902,20251105180438,4106836,20251105183904,4116126,0,01,1,25350,2066,N
20251105,M7731,41016902,20251105,41,11,08,41_4340459,2,570,41016902,20251105170150,4177637,20251105174645,4111588,0,01,1,25830,2695,N
20251105,M7731,41016902,20251105,41,11,08,41_4358259,2,570,41016902,20251105090054,4106836,20251105095221,4116126,0,01,1,25350,3087,N
20251105,M7731,41016902,20251105,41,41,08,41_4373895,2,570,41016902,20251105141032,4123056,20251105142501,4107447,0,01,1,5480,869,N
20251105,M7731,41016902,20251105,41,11,08,41_4414367,2,570,41016902,20251105102116,4177532,20251105104421,4116126,0,01,1,24000,1385,N
20251105,M7731,41016902,20251105,41,11,08,41_4425030,2,570,41016902,20251105200949,4177510,20251105203638,4111588,0,01,1,29500,1609,N
20251105,M7731,41016902,20251105,41,41,08,41_4449249,1,570,41016902,20251105061616,4177637,20251105062431,4177448,0,01,1,3710,495,N
20251105,M7731,41016902,20251105,41,11,08,41_4489998,2,570,41016902,20251105230728,4106836,20251105232855,4111588,0,01,1,24330,1287,N
20251105,M7731,41016902,20251105,41,11,08,41_4496278,2,570,41016902,20251105120032,4177448,20251105122809,4111588,0,01,1,22120,1657,N
20251105,M7731,41016902,20251105,41,11,08,41_4497508,1,570,41016902,20251105191605,4177448,20251105193745,4111588,0,01,1,22120,1300,N
20251105,M7731,41016902,20251105,41,11,08,41_4507420,2,570,41016902,20251105081155,4177448,20251105084701,4111588,0,01,1,22120,2106,N
20251105,M7731,41016902,20251105,41,11,08,41_4507420,2,570,41016902,20251105114218,4177448,20251105120657,4111588,0,01,1,22120,1479,N
20251105,M7731,41016902,20251105,41,11,08,41_4544079,1,570,41016902,20251105162404,4177532,20251105165853,4111588,0,01,1,22980,2089,N
20251105,M7731,41016902,20251105,41,11,08,41_4559095,2,570,41016902,20251105170215,4106836,20251105174217,4111588,0,01,1,24330,2402,N
20251105,M7731,41016902,20251105,41,11,08,41_4559095,2,570,41016902,20251105192125,4106836,20251105194621,4111588,0,01,1,24330,1496,N
20251105,M7731,41016902,20251105,41,11,08,41_4560321,2,570,41016902,20251105200532,4106836,20251105205131,4111588,0,01,1,24330,2759,N
20251105,M7731,41016902,20251105,41,41,08,41_4610800,2,570,41016902,20251105080441,4110935,20251105082103,4106836,0,01,1,4380,982,N
20251105,M7731,41016902,20251105,41,41,08,41_4620455,2,570,41016902,20251105083109,4106836,20251105083808,4177448,0,01,1,2210,419,N
20251105,M7731,41016902,20251105,41,11,08,41_4632457,2,570,41016902,20251105172535,4177448,20251105180337,4111588,0,01,1,22120,2282,N
20251105,M7731,41016902,20251105,41,11,08,41_4651465,2,570,41016902,20251105083107,4106836,20251105091138,4111588,0,01,1,24330,2431,N
20251105,M7731,41016902,20251105,41,11,08,41_4661463,2,570,41016902,20251105092214,4177448,20251105095917,4111588,0,01,1,22120,2223,N
20251105,M7731,41016902,20251105,41,11,08,41_4676387,2,570,41016902,20251105093615,4177448,20251105101318,4111588,0,01,1,22120,2223,N
20251105,M7731,41016902,20251105,41,41,08,41_467723,1,570,41016902,20251105193602,4123056,20251105200905,4177511,2,01,1,7120,1983,N
20251105,M7731,41016902,20251105,41,11,08,41_471347,1,570,41016902,20251105160901,4110935,20251105165028,4116126,0,01,1,29730,2487,N
20251105,M7731,41016902,20251105,41,11,08,41_4715071,2,570,41016902,20251105121952,4177532,20251105124357,4111588,0,01,1,22980,1445,N
20251105,M7731,41016902,20251105,41,11,08,41_4718182,1,570,41016902,20251105173136,4177448,20251105182614,4111588,0,01,1,22120,3278,N
20251105,M7731,41016902,20251105,41,11,08,41_4764338,2,570,41016902,20251105163834,4177448,20251105171828,4111588,0,01,1,22120,2394,N
20251105,M7731,41016902,20251105,41,11,08,41_4765134,2,570,41016902,20251105195324,4106836,20251105202539,4111588,0,01,1,24330,1935,N
20251105,M7731,41016902,20251105,41,11,08,41_480640,1,570,41016902,20251105110038,4106836,20251105113543,4116126,0,01,1,25350,2105,N
20251105,M7731,41016902,20251105,41,11,08,41_4888296,2,570,41016902,20251105171234,4177448,20251105174741,4116126,0,01,1,23140,2107,N
20251105,M7731,41016902,20251105,41,11,08,41_4896324,2,570,41016902,20251105235220,4106836,20251106003627,4111588,0,01,1,24330,2647,N
20251105,M7731,41016902,20251105,41,11,08,41_4928584,2,570,41016902,20251105222354,4177448,20251105225029,4116126,0,01,1,23140,1595,N
20251105,M7731,41016902,20251105,41,11,08,41_4957095,2,570,41016902,20251105101255,4107446,20251105103752,4111588,0,01,1,27870,1497,N
20251105,M7731,41016902,20251105,41,11,08,41_4957095,2,570,41016902,20251105151831,4107446,20251105154404,4111588,0,01,1,27870,1533,N
20251105,M7731,41016902,20251105,41,11,08,41_4995163,2,570,41016902,20251105122802,4106836,20251105125203,4111588,1,01,1,24330,1441,N
20251105,M7731,41016902,20251105,41,11,08,41_5008030,1,570,41016902,20251105090928,4177532,20251105094500,4111588,0,01,1,22980,2132,N
20251105,M7731,41016902,20251105,41,11,08,41_5061713,2,570,41016902,20251105231653,4177448,20251105234347,4116126,0,01,1,23140,1614,N
20251105,M7731,41016902,20251105,41,11,08,41_5066949,2,570,41016902,20251105124430,4177532,20251105131928,4116130,0,01,1,25240,2098,N
20251105,M7731,41016902,20251105,41,11,08,41_507902,2,570,41016902,20251105083641,4177510,20251105091940,4116126,0,01,1,30520,2579,N
20251105,M7731,41016902,20251105,41,11,08,41_507902,2,570,41016902,20251105222623,4177510,20251105230910,4116126,0,01,1,30520,2567,N
20251105,M7731,41016902,20251105,41,11,08,41_5079584,2,570,41016902,20251105232859,4177448,20251105235654,4111588,0,01,1,22120,1675,N
20251105,M7731,41016902,20251105,41,11,08,41_5081058,1,570,41016902,20251105084046,4106836,20251105091549,4111588,0,01,1,24330,2103,N
20251105,M7731,41016902,20251105,41,11,08,41_5097818,2,570,41016902,20251105094018,4177448,20251105101550,4116126,0,01,1,23140,2132,N
20251105,M7731,41016902,20251105,41,11,08,41_5097818,2,570,41016902,20251105113806,4177448,20251105120837,4116126,0,01,1,23140,1831,N
20251105,M7731,41016902,20251105,41,11,08,41_5105062,2,570,41016902,20251105120902,4106836,20251105124150,4111599,1,01,1,28270,1968,N
20251105,M7731,41016902,20251105,41,11,08,41_5110321,2,570,41016902,20251105223658,4106836,20251105231659,4111588,0,01,1,24330,2401,N
20251105,M7731,41016902,20251105,41,11,08,41_5112611,2,570,41016902,20251105071433,4106836,20251105075443,4111598,1,01,1,27620,2410,N
20251105,M7731,41016902,20251105,41,11,08,41_5126810,1,570,41016902,20251105111213,4177532,20251105115412,4111588,0,01,1,22980,2519,N
20251105,M7731,41016902,20251105,41,11,08,41_5126810,1,570,41016902,20251105174241,4177532,20251105181749,4111588,0,01,1,22980,2108,N
20251105,M7731,41016902,20251105,41,11,08,41_5136758,2,570,41016902,20251105174035,4177532,20251105181152,4111588,0,01,1,22980,1877,N
20251105,M7731,41016902,20251105,41,11,08,41_5152778,2,570,41016902,20251105085314,4110935,20251105094506,4111588,0,01,1,28710,3112,N
20251105,M7731,41016902,20251105,41,11,08,41_5159151,1,570,41016902,20251105085644,4106836,20251105093934,4116126,0,01,1,25350,2570,N
20251105,M7731,41016902,20251105,41,11,08,41_5163393,1,570,41016902,20251105164848,4177448,20251105172552,4116126,0,01,1,23140,2224,N
20251105,M7731,41016902,20251105,41,11,08,41_5176893,2,570,41016902,20251105150618,4177532,20251105155428,4111588,0,01,1,22980,2890,N
20251105,M7731,41016902,20251105,41,11,08,41_5236162,2,570,41016902,20251105144016,4177510,20251105150354,4111588,0,01,1,29500,1418,N
20251105,M7731,41016902,20251105,41,11,08,41_5250397,2,570,41016902,20251105071501,4177448,20251105075850,4116126,0,01,1,23140,2629,N
20251105,M7731,41016902,20251105,41,11,08,41_5250397,2,570,41016902,20251105130250,4177448,20251105141445,4116126,0,01,1,23140,4315,N
20251105,M7731,41016902,20251105,41,11,08,41_526935,1,570,41016902,20251105094229,4177448,20251105101922,4111598,0,01,1,25410,2213,N
20251105,M7731,41016902,20251105,41,11,08,41_5285345,1,570,41016902,20251105123745,4177637,20251105130123,4111588,0,01,1,25830,1418,N
20251105,M7731,41016902,20251105,41,11,08,41_52982,2,570,41016902,20251105153727,4177637,20251105163104,4111588,0,01,1,25830,3217,N
20251105,M7731,41016902,20251105,41,11,08,41_5329311,1,570,41016902,20251105202549,4106836,20251105205643,4111588,0,01,1,24330,1854,N
20251105,M7731,41016902,20251105,41,11,08,41_5331130,2,570,41016902,20251105175931,4177532,20251105182419,4111588,0,01,1,22980,1488,N
20251105,M7731,41016902,20251105,41,11,08,41_5366152,1,570,41016902,20251105131146,4177510,20251105133642,4111588,0,01,1,29500,1496,N
20251105,M7731,41016902,20251105,41,11,08,41_5426878,2,570,41016902,20251105221008,4106836,20251105231603,4116126,0,01,1,25350,3955,N
20251105,M7731,41016902,20251105,41,11,08,41_5452709,2,570,41016902,20251105060809,4177637,20251105063833,4111588,0,01,1,25830,1824,N
20251105,M7731,41016902,20251105,41,11,08,41_5469380,2,570,41016902,20251105164932,4177532,20251105173058,4111588,0,01,1,22980,2486,N
20251105,M7731,41016902,20251105,41,11,08,41_5498755,2,570,41016902,20251105070607,4106836,20251105080143,4116126,1,01,1,25350,3336,N
20251105,M7731,41016902,20251105,41,11,08,41_5498755,2,570,41016902,20251105181459,4106836,20251105190503,4116126,1,01,1,25350,3004,N
20251105,M7731,41016902,20251105,41,11,08,41_5511535,2,570,41016902,20251105231946,4177448,20251105235534,4111588,0,01,1,22120,2148,N
20251105,M7731,41016902,20251105,41,11,08,41_5544376,2,570,41016902,20251105131356,4177448,20251105135324,4111588,0,01,1,22120,2368,N
20251105,M7731,41016902,20251105,41,11,08,41_5546340,2,570,41016902,20251105053710,4177448,20251105060349,4111588,0,01,1,22120,1599,N
20251105,M7731,41016902,20251105,41,41,08,41_5550497,2,570,41016902,20251105132637,4110935,20251105135543,4177448,0,01,1,6590,1746,N
20251105,M7731,41016902,20251105,41,11,08,41_5571235,1,570,41016902,20251105131451,4177637,20251105134433,4111588,0,01,1,25830,1782,N
20251105,M7731,41016902,20251105,41,11,08,41_5575078,2,570,41016902,20251105171146,4177532,20251105175417,4111588,0,01,1,22980,2551,N
20251105,M7731,41016902,20251105,41,11,08,41_5607015,2,570,41016902,20251105091558,4106836,20251105095409,4116126,0,01,1,25350,2291,N
20251105,M7731,41016902,20251105,41,11,08,41_561462,2,570,41016902,20251105173031,4106836,20251105181740,4116126,0,01,1,25350,2829,N
20251105,M7731,41016902,20251105,41,11,08,41_561462,2,570,41016902,20251105202609,4106836,20251105211012,4116126,0,01,1,25350,2643,N
20251105,M7731,41016902,20251105,41,11,08,41_563303,2,570,41016902,20251105133543,4106836,20251105140659,4111588,0,01,1,24330,1876,N
20251105,M7731,41016902,20251105,41,11,08,41_5661940,2,570,41016902,20251105193553,4106836,20251105204913,4109162,0,01,1,29380,4400,N
20251105,M7731,41016902,20251105,41,11,08,41_5662903,2,570,41016902,20251105173943,4106836,20251105184225,4109162,0,01,1,29380,3762,N
20251105,M7731,41016902,20251105,41,11,08,41_5662903,2,570,41016902,20251105191037,4106836,20251105200552,4109162,0,01,1,29380,3315,N
20251105,M7731,41016902,20251105,41,41,08,41_5672964,2,570,41016902,20251106000348,4177510,20251106001527,4177637,0,01,1,3670,699,N
20251105,M7731,41016902,20251105,41,11,08,41_5677892,2,570,41016902,20251105113515,4177532,20251105121031,4111588,0,01,1,22980,2116,N
20251105,M7731,41016902,20251105,41,11,08,41_5683814,2,570,41016902,20251105155808,4106836,20251105165709,4111588,1,01,1,24330,3541,N
20251105,M7731,41016902,20251105,41,11,08,41_5695976,2,570,41016902,20251105181433,4177448,20251105184048,4111588,0,01,1,22120,1575,N
20251105,M7731,41016902,20251105,41,11,08,41_572070,2,570,41016902,20251105222322,4177510,20251105230645,4111588,0,01,1,29500,2603,N
20251105,M7731,41016902,20251105,41,11,08,41_5738295,1,570,41016902,20251105064943,4177637,20251105080928,4111588,0,01,1,25830,4785,N
20251105,M7731,41016902,20251105,41,11,08,41_5788621,1,570,41016902,20251105064437,4177448,20251105072938,4111588,0,01,1,22120,2701,N
20251105,M7731,41016902,20251105,41,11,08,41_583115,2,570,41016902,20251105193706,4177637,20251105201945,4111588,0,01,1,25830,2559,N
20251105,M7731,41016902,20251105,41,11,08,41_5836723,1,570,41016902,20251105063147,4106836,20251105073759,4111588,1,01,1,24330,3972,N
20251105,M7731,41016902,20251105,41,11,08,41_5854763,2,570,41016902,20251105101644,4177637,20251105111320,4111588,0,01,1,25830,3396,N
20251105,M7731,41016902,20251105,41,11,08,41_586361,2,570,41016902,20251105142741,4177510,20251105150926,4116126,0,01,1,30520,2505,N
20251105,M7731,41016902,20251105,41,11,08,41_5866864,1,570,41016902,20251105220119,4177448,20251105225958,4111588,0,01,1,22120,3519,N
20251105,M7731,41016902,20251105,41,11,08,41_5891035,2,570,41016902,20251105161215,4177448,20251105165726,4111588,0,01,1,22120,2711,N
20251105,M7731,41016902,20251105,41,11,08,41_5902156,2,570,41016902,20251105223050,4106836,20251105231731,4116126,0,01,1,25350,2801,N
20251105,M7731,41016902,20251105,41,11,08,41_593041,1,570,41016902,20251105071533,4177532,20251105074316,4111588,0,01,1,22980,1663,N
20251105,M7731,41016902,20251105,41,11,08,41_5949606,1,570,41016902,20251105115721,4106836,20251105124301,4111588,1,01,1,24330,2740,N
20251105,M7731,41016902,20251105,41,11,08,41_6004668,2,570,41016902,20251105104205,4177448,20251105112357,4116130,0,01,1,24380,2512,N
20251105,M7731,41016902,20251105,41,11,08,41_6017830,1,570,41016902,20251105155659,4177532,20251105163327,4109162,0,01,1,28030,2188,N
20251105,M7731,41016902,20251105,41,11,08,41_6034039,2,570,41016902,20251105194549,4106836,20251105202549,4116126,0,01,1,25350,2400,N
20251105,M7731,41016902,20251105,41,11,08,41_605874,1,570,41016902,20251105160019,4106836,20251105164205,4116126,0,01,1,25350,2506,N
20251105,M7731,41016902,20251105,41,11,08,41_6120916,2,570,41016902,20251105210648,4177448,20251105213213,4111588,0,01,1,22120,1525,N
20251105,M7731,41016902,20251105,41,11,08,41_612535,2,570,41016902,20251105134217,4106836,20251105140811,4111588,0,01,1,24330,1554,N
20251105,M7731,41016902,20251105,41,41,08,41_6131173,2,570,41016902,20251105080938,4177637,20251105082129,4177448,0,01,1,3710,711,N
20251105,M7731,41016902,20251105,41,11,08,41_6137994,2,570,41016902,20251105151824,4177532,20251105153119,4111588,0,01,1,22980,775,N
20251105,M7731,41016902,20251105,41,11,08,41_6155474,2,570,41016902,20251105082811,4106836,20251105090749,4111588,0,01,1,24330,2378,N
20251105,M7731,41016902,20251105,41,11,08,41_6162109,1,570,41016902,20251105070133,4177532,20251105074215,4111588,0,01,1,22980,2442,N
20251105,M7731,41016902,20251105,41,11,08,41_6204570,2,570,41016902,20251105110827,4106836,20251105114620,4111588,0,01,1,24330,2273,N
20251105,M7731,41016902,20251105,41,11,08,41_6212511,2,570,41016902,20251105220057,4106836,20251105223343,4111588,0,01,1,24330,1966,N
20251105,M7731,41016902,20251105,41,11,08,41_6228875,2,570,41016902,20251105070518,4177448,20251105073025,4111588,0,01,1,22120,1507,N
20251105,M7731,41016902,20251105,41,11,08,41_6232692,2,570,41016902,20251105110836,4106836,20251105114216,4111588,0,01,1,24330,2020,N
20251105,M7731,41016902,20251105,41,11,08,41_6254748,2,570,41016902,20251105151349,4107446,20251105154932,4111588,0,01,1,27870,2143,N
20251105,M7731,41016902,20251105,41,11,08,41_6277049,2,570,41016902,20251105220144,4106836,20251105224743,4116126,0,01,1,25350,2759,N
20251105,M7731,41016902,20251105,41,11,08,41_6288864,2,570,41016902,20251105070309,4177510,20251105073407,4111588,0,01,1,29500,1858,N
20251105,M7731,41016902,20251105,41,11,08,41_6293284,2,570,41016902,20251105090345,4177637,20251105093455,4111588,0,01,1,25830,1870,N
20251105,M7731,41016902,20251105,41,11,08,41_6293873,2,570,41016902,20251105165641,4177448,20251105174812,4111588,0,01,1,22120,3091,N
20251105,M7731,41016902,20251105,41,11,08,41_6339913,1,570,41016902,20251105180409,4177532,20251105182930,4116126,0,01,1,24000,1521,N
20251105,M7731,41016902,20251105,41,11,08,41_6342418,2,570,41016902,20251105111025,4106836,20251105115439,4111588,0,01,1,24330,2654,N
20251105,M7731,41016902,20251105,41,11,08,41_6357763,2,570,41016902,20251105060952,4106836,20251105065815,4111588,0,01,1,24330,2903,N
20251105,M7731,41016902,20251105,41,11,08,41_6367265,1,570,41016902,20251105084224,4106836,20251105092135,4111588,0,01,1,24330,2351,N
20251105,M7731,41016902,20251105,41,11,08,41_6367265,1,570,41016902,20251105184756,4106836,20251105191709,4111588,0,01,1,24330,1753,N
20251105,M7731,41016902,20251105,41,11,08,41_63750,1,570,41016902,20251105063358,4177637,20251105073810,4111588,0,01,1,25830,3852,N
20251105,M7731,41016902,20251105,41,11,08,41_6534766,2,570,41016902,20251105125533,4106836,20251105134052,4116130,0,01,1,26590,2719,N
20251105,M7731,41016902,20251105,41,11,08,41_6534766,2,570,41016902,20251105220143,4106836,20251105231251,4116130,0,01,1,26590,4268,N
20251105,M7731,41016902,20251105,41,11,08,41_6543493,2,570,41016902,20251105090552,4177637,20251105092923,4111598,0,01,1,29120,1411,N
20251105,M7731,41016902,20251105,41,11,08,41_6554923,2,570,41016902,20251105151258,4177448,20251105155421,4116126,0,01,1,23140,2483,N
20251105,M7731,41016902,20251105,41,11,08,41_655677,2,570,41016902,20251105153301,4177448,20251105160413,4116126,0,01,1,23140,1872,N
20251105,M7731,41016902,20251105,41,11,08,41_6574172,2,570,41016902,20251105163005,4177532,20251105171442,4116126,0,01,1,24000,2677,N
20251105,M7731,41016902,20251105,41,41,08,41_6598018,2,570,41016902,20251105221343,4123056,20251105222136,4102447,2,01,1,3320,473,N
20251105,M7731,41016902,20251105,41,11,08,41_6598412,2,570,41016902,20251105090552,4177637,20251105093055,4116126,0,01,1,26850,1503,N
20251105,M7731,41016902,20251105,41,11,08,41_660184,1,570,41016902,20251105101314,4107446,20251105104752,4111598,0,01,1,31160,2078,N
20251105,M7731,41016902,20251105,41,11,08,41_6605392,1,570,41016902,20251105213455,4106836,20251105221502,4116126,0,01,1,25350,2407,N
20251105,M7731,41016902,20251105,41,11,08,41_6605392,1,570,41016902,20251105234517,4106836,20251106003432,4116126,0,01,1,25350,2955,N
20251105,M7731,41016902,20251105,41,11,08,41_6644359,2,570,41016902,20251105172756,4106836,20251105180250,4111598,0,01,1,27620,2094,N
20251105,M7731,41016902,20251105,41,11,08,41_6652399,2,570,41016902,20251105231644,4106836,20251105235254,4111588,0,01,1,24330,2170,N
20251105,M7731,41016902,20251105,41,11,08,41_6660820,2,570,41016902,20251105081206,4177637,20251105084532,4111588,0,01,1,25830,2006,N
20251105,M7731,41016902,20251105,41,11,08,41_6668598,2,570,41016902,20251105143701,4106836,20251105151535,4111588,0,01,1,24330,2314,N
20251105,M7731,41016902,20251105,41,11,08,41_6668598,2,570,41016902,20251105162151,4106836,20251105165240,4111588,0,01,1,24330,1849,N
20251105,M7731,41016902,20251105,41,11,08,41_6712330,2,570,41016902,20251105065108,4177637,20251105071016,4111588,0,01,1,25830,1148,N
20251105,M7731,41016902,20251105,41,11,08,41_6749290,2,570,41016902,20251105154751,4177532,20251105162130,4111588,0,01,1,22980,2019,N
20251105,M7731,41016902,20251105,41,11,08,41_6762088,2,570,41016902,20251105183601,4177448,20251105192200,4111588,0,01,1,22120,2759,N
20251105,M7731,41016902,20251105,41,11,08,41_6763261,2,570,41016902,20251105160810,4177532,20251105164237,4111588,0,01,1,22980,2067,N
20251105,M7731,41016902,20251105,41,11,08,41_6765394,2,570,41016902,20251105163041,4106836,20251105170641,4111588,0,01,1,24330,2160,N
20251105,M7731,41016902,20251105,41,11,08,41_6795696,2,570,41016902,20251105064737,4177637,20251105070645,4109162,0,01,1,30880,1148,N
20251105,M7731,41016902,20251105,41,11,08,41_6842785,2,570,41016902,20251105203127,4177448,20251105211158,4111588,0,01,1,22120,2431,N
20251105,M7731,41016902,20251105,41,11,08,41_6854638,2,570,41016902,20251105234146,4106836,20251106001416,4116126,0,01,2,25350,1950,N
20251105,M7731,41016902,20251105,41,11,08,41_6876337,2,570,41016902,20251105071902,4107446,20251105074501,4116126,0,01,1,28890,1559,N
20251105,M7731,41016902,20251105,41,11,08,41_6896353,2,570,41016902,20251105151951,4177532,20251105155447,4111588,0,01,1,22980,2096,N
20251105,M7731,41016902,20251105,41,11,08,41_6912584,2,570,41016902,20251105122319,4106836,20251105125502,4111588,0,01,1,24330,1903,N
20251105,M7731,41016902,20251105,41,11,08,41_6912584,2,570,41016902,20251105142549,4106836,20251105150224,4111588,0,01,1,24330,2195,N
20251105,M7731,41016902,20251105,41,11,08,41_6962529,2,570,41016902,20251105061427,4110935,20251105065435,4111588,0,01,1,28710,2408,N
20251105,M7731,41016902,20251105,41,41,08,41_6965744,2,570,41016902,20251105214940,4106837,20251105215651,4102447,0,01,1,1380,431,N
20251105,M7731,41016902,20251105,41,11,08,41_6969503,2,570,41016902,20251105231633,4177510,20251105235625,4116130,0,01,1,31760,2392,N
20251105,M7731,41016902,20251105,41,11,08,41_6992688,1,570,41016902,20251105231005,4106836,20251105235150,4116130,0,01,1,26590,2505,N
20251105,M7731,41016902,20251105,41,11,08,41_6996524,2,570,41016902,20251105103150,4106836,20251105111218,4116130,0,01,1,26590,2428,N
20251105,M7731,41016902,20251105,41,11,08,41_7022248,1,570,41016902,20251105061944,4177448,20251105064611,4111588,0,01,1,22120,1587,N
20251105,M7731,41016902,20251105,41,11,08,41_7043764,1,570,41016902,20251105055123,4177448,20251105063046,4111588,0,01,1,22120,2363,N
20251105,M7731,41016902,20251105,41,11,08,41_7044442,2,570,41016902,20251105084720,4177532,20251105093653,4111588,0,01,1,22980,2973,N
20251105,M7731,41016902,20251105,41,11,08,41_7048111,2,570,41016902,20251105172001,4177532,20251105180527,4111598,0,01,1,26270,2726,N
20251105,M7731,41016902,20251105,41,11,08,41_7092054,1,570,41016902,20251105061629,4177448,20251105065714,4111599,1,01,1,26060,2445,N
20251105,M7731,41016902,20251105,41,11,08,41_7094250,1,570,41016902,20251105172003,4177532,20251105180508,4116126,0,01,1,24000,2705,N
20251105,M7731,41016902,20251105,41,41,08,41_7099171,2,570,41016902,20251105110315,4177637,20251105111119,4106836,0,01,1,1500,484,N
20251105,M7731,41016902,20251105,41,41,08,41_7099171,2,570,41016902,20251105224606,4106837,20251105225354,4102447,1,01,1,1380,468,N
20251105,M7731,41016902,20251105,41,11,08,41_71025,1,570,41016902,20251105162221,4106836,20251105171345,4116126,0,01,1,25350,3084,N
20251105,M7731,41016902,20251105,41,11,08,41_7116130,2,570,41016902,20251105124302,4177510,20251105131440,4111588,1,01,1,29500,1898,N
20251105,M7731,41016902,20251105,41,11,08,41_7205013,1,570,41016902,20251105053907,4110935,20251105061725,4111588,0,01,1,28710,2298,N
20251105,M7731,41016902,20251105,41,11,08,41_7214287,2,570,41016902,20251105060105,4110868,20251105070044,4111588,0,01,1,26980,3579,N
20251105,M7731,41016902,20251105,41,11,08,41_7214287,2,570,41016902,20251105090232,4110868,20251105095959,4111588,0,01,1,26980,3447,N
20251105,M7731,41016902,20251105,41,11,08,41_7221204,2,570,41016902,20251105181313,4106836,20251105184257,4111588,0,01,1,24330,1784,N
20251105,M7731,41016902,20251105,41,11,08,41_7228297,2,570,41016902,20251105123408,4106836,20251105131449,4111588,1,01,1,24330,2441,N
20251105,M7731,41016902,20251105,41,11,08,41_7230725,2,570,41016902,20251105094009,4106836,20251105102237,4111588,1,01,1,24330,2548,N
20251105,M7731,41016902,20251105,41,11,08,41_7241040,1,570,41016902,20251105205046,4177532,20251105212811,4111588,0,01,1,22980,2245,N
20251105,M7731,41016902,20251105,41,11,08,41_7258173,2,570,41016902,20251105131220,4177448,20251105135510,4111588,0,01,1,22120,2570,N
20251105,M7731,41016902,20251105,41,11,08,41_7288541,2,570,41016902,20251105070031,4177637,20251105075901,4111588,0,01,1,25830,3510,N
20251105,M7731,41016902,20251105,41,41,08,41_729741,2,570,41016902,20251105052159,4177637,20251105052828,4177448,0,01,1,3710,389,N
20251105,M7731,41016902,20251105,41,11,08,41_7305240,1,570,41016902,20251105072714,4106836,20251105075716,4111588,0,01,1,24330,1802,N
20251105,M7731,41016902,20251105,41,11,08,41_732241,1,570,41016902,20251105150245,4110868,20251105153445,4111588,0,01,1,26980,1920,N
20251105,M7731,41016902,20251105,41,41,08,41_7332185,2,570,41016902,20251105220920,4123056,20251105221521,4106837,2,01,1,1940,361,N
20251105,M7731,41016902,20251105,41,11,08,41_7385106,2,570,41016902,20251105212326,4177448,20251105215244,4111588,0,01,1,22120,1758,N
20251105,M7731,41016902,20251105,41,11,08,41_7433372,2,570,41016902,20251105152728,4177448,20251105160016,4111588,0,01,1,22120,1968,N
20251105,M7731,41016902,20251105,41,11,08,41_7440044,2,570,41016902,20251105094026,4106836,20251105100555,4116126,1,01,1,25350,1529,N
20251105,M7731,41016902,20251105,41,11,08,41_7443359,1,570,41016902,20251105193847,4177637,20251105200348,4111588,0,01,1,25830,1501,N
20251105,M7731,41016902,20251105,41,11,08,41_7451216,2,570,41016902,20251105132228,4107446,20251105135315,4111588,0,01,1,27870,1847,N
20251105,M7731,41016902,20251105,41,41,08,41_7462527,2,570,41016902,20251105091017,4107446,20251105092045,4177532,0,01,1,4890,628,N
20251105,M7731,41016902,20251105,41,41,08,41_7462527,2,570,41016902,20251105171722,4177533,20251105173225,4107447,0,01,1,4900,903,N
20251105,M7731,41016902,20251105,41,41,08,41_7463730,2,570,41016902,20251105214404,4106837,20251105215043,4110934,1,01,1,4440,399,N
20251105,M7731,41016902,20251105,41,11,08,41_7471564,2,570,41016902,20251105192905,4177532,20251105195733,4111588,0,01,1,22980,1708,N
20251105,M7731,41016902,20251105,41,11,08,41_7477527,2,570,41016902,20251105103926,4177532,20251105110932,4116130,0,01,1,25240,1806,N
20251105,M7731,41016902,20251105,41,11,08,41_7477858,2,570,41016902,20251105153056,4177448,20251105160444,4116126,0,01,1,23140,2028,N
20251105,M7731,41016902,20251105,41,11,08,41_7494638,2,570,41016902,20251105123301,4177510,20251105130229,4116130,1,01,1,31760,1768,N
20251105,M7731,41016902,20251105,41,11,08,41_7503544,1,570,41016902,20251105075306,4106836,20251105084431,4116126,1,01,1,25350,3085,N
20251105,M7731,41016902,20251105,41,11,08,41_7523506,1,570,41016902,20251105172010,4106836,20251105175904,4111588,0,01,1,24330,2334,N
20251105,M7731,41016902,20251105,41,11,08,41_759390,2,570,41016902,20251105191248,4106836,20251105195024,4116126,0,01,1,25350,2256,N
20251105,M7731,41016902,20251105,41,11,08,41_7595951,2,570,41016902,20251105213747,4177532,20251105215955,4111588,0,01,1,22980,1328,N
20251105,M7731,41016902,20251105,41,11,08,41_759663,1,570,41016902,20251105155343,4177448,20251105161547,4111588,0,01,1,22120,1324,N
20251105,M7731,41016902,20251105,41,11,08,41_7603973,2,570,41016902,20251105055028,4106836,20251105063155,4116126,1,01,1,25350,2487,N
20251105,M7731,41016902,20251105,41,11,08,41_7603973,2,570,41016902,20251105083504,4106836,20251105090840,4116126,1,01,1,25350,2016,N
20251105,M7731,41016902,20251105,41,11,08,41_7606209,2,570,41016902,20251105082718,4106836,20251105090609,4111588,0,01,1,24330,2331,N
20251105,M7731,41016902,20251105,41,11,08,41_7606209,2,570,41016902,20251105201445,4106836,20251105204628,4111588,0,01,1,24330,1903,N
20251105,M7731,41016902,20251105,41,11,08,41_763118,2,570,41016902,20251105130847,4177532,20251105134108,4111588,0,01,1,22980,1941,N
20251105,M7731,41016902,20251105,41,41,08,41_7631479,2,570,41016902,20251105055025,4106836,20251105055903,4177532,1,01,1,1350,518,N
20251105,M7731,41016902,20251105,41,11,08,41_7695186,2,570,41016902,20251105132247,4106836,20251105140603,4116130,0,01,1,26590,2596,N
20251105,M7731,41016902,20251105,41,11,08,41_7715374,2,570,41016902,20251105202610,4107446,20251105210209,4111588,0,01,1,27870,2159,N
20251105,M7731,41016902,20251105,41,11,08,41_7719659,2,570,41016902,20251105153905,4177448,20251105160831,4111588,0,01,1,22120,1766,N
20251105,M7731,41016902,20251105,41,11,08,41_7737797,2,570,41016902,20251105212204,4177448,20251105214355,4111588,0,01,1,22120,1311,N
20251105,M7731,41016902,20251105,41,11,08,41_7744326,2,570,41016902,20251105071944,4106836,20251105074912,4111599,1,01,1,28270,1768,N
20251105,M7731,41016902,20251105,41,41,08,41_7778838,2,570,41016902,20251105070714,4177637,20251105071233,4177448,0,01,1,3710,319,N
20251105,M7731,41016902,20251105,41,41,08,41_7788951,2,570,41016902,20251105095044,4106837,20251105095654,4107447,1,01,1,3540,370,N
20251105,M7731,41016902,20251105,41,41,08,41_7788951,2,570,41016902,20251105203846,4107446,20251105204657,4106836,0,01,2,3540,491,N
20251105,M7731,41016902,20251105,41,11,08,41_7792135,1,570,41016902,20251105053739,4177510,20251105064111,4116130,0,01,1,31760,3812,N
20251105,M7731,41016902,20251105,41,11,08,41_7809465,2,570,41016902,20251105054635,4177448,20251105061721,4111588,0,01,1,22120,1846,N
20251105,M7731,41016902,20251105,41,11,08,41_7819426,1,570,41016902,20251105161151,4106836,20251105165254,4111599,0,01,1,28270,2463,N
20251105,M7731,41016902,20251105,41,11,08,41_7822146,1,570,41016902,20251105192139,4106836,20251105195753,4111588,0,01,1,24330,2174,N
20251105,M7731,41016902,20251105,41,41,08,41_7854193,2,570,41016902,20251105135933,4123056,20251105140639,4106837,2,01,1,1940,426,N
20251105,M7731,41016902,20251105,41,11,08,41_7960196,1,570,41016902,20251105141230,4177448,20251105144203,4116126,0,01,1,23140,1773,N
20251105,M7731,41016902,20251105,41,11,08,41_7974367,2,570,41016902,20251105121802,4177448,20251105124952,4111588,0,01,1,22120,1910,N
20251105,M7731,41016902,20251105,41,11,08,41_7976585,2,570,41016902,20251105110513,4177532,20251105113519,4111588,0,01,1,22980,1806,N
20251105,M7731,41016902,20251105,41,11,08,41_7993978,1,570,41016902,20251105152148,4106836,20251105154749,4111588,0,01,1,24330,1561,N
20251105,M7731,41016902,20251105,41,11,08,41_8014328,2,570,41016902,20251105053757,4106836,20251105062558,4111588,0,01,1,24330,2881,N
20251105,M7731,41016902,20251105,41,11,08,41_8072515,1,570,41016902,20251105150041,4106836,20251105155342,4111588,0,01,1,24330,3181,N
20251105,M7731,41016902,20251105,41,11,08,41_8117012,2,570,41016902,20251105204857,4177448,20251105211424,4111588,0,01,1,22120,1527,N
20251105,M7731,41016902,20251105,41,41,08,41_812221,1,570,41016902,20251105070042,4110935,20251105072445,4177448,0,01,1,6590,1443,N
20251105,M7731,41016902,20251105,41,11,08,41_8159688,2,570,41016902,20251105123453,4177532,20251105131231,4116126,0,01,1,24000,2258,N
20251105,M7731,41016902,20251105,41,11,08,41_8175505,1,570,41016902,20251105060350,4177510,20251105070010,4111588,0,01,1,29500,3380,N
20251105,M7731,41016902,20251105,41,11,08,41_82473,2,570,41016902,20251105072937,4177448,20251105081650,4111588,0,01,1,22120,2833,N
20251105,M7731,41016902,20251105,41,11,08,41_8254911,2,570,41016902,20251105074449,4177448,20251105082054,4111588,1,01,1,22120,2165,N
20251105,M7731,41016902,20251105,41,11,08,41_8264386,2,570,41016902,20251105132250,4107446,20251105140807,4111598,0,01,1,31160,2717,N
20251105,M7731,41016902,20251105,41,11,08,41_8275129,2,570,41016902,20251105082615,4106836,20251105090356,4116126,0,01,1,25350,2261,N
20251105,M7731,41016902,20251105,41,11,08,41_8275129,2,570,41016902,20251105184105,4106836,20251105191913,4116126,0,01,1,25350,2288,N
20251105,M7731,41016902,20251105,41,11,08,41_8279378,2,570,41016902,20251105131306,4106836,20251105135956,4111588,0,01,1,24330,2810,N
20251105,M7731,41016902,20251105,41,11,08,41_8289951,2,570,41016902,20251105063143,4110868,20251105071909,4109162,0,01,1,32030,2846,N
20251105,M7731,41016902,20251105,41,11,08,41_8320923,2,570,41016902,20251105112615,4177448,20251105115222,4116126,0,01,1,23140,1567,N
20251105,M7731,41016902,20251105,41,11,08,41_832970,1,570,41016902,20251105175718,4177532,20251105182653,4111588,0,01,1,22980,1775,N
20251105,M7731,41016902,20251105,41,11,08,41_8346678,2,570,41016902,20251105181030,4106836,20251105185535,4111588,0,01,1,24330,2705,N
20251105,M7731,41016902,20251105,41,11,08,41_8392741,1,570,41016902,20251105131742,4177532,20251105134352,4116126,0,01,1,24000,1570,N
20251105,M7731,41016902,20251105,41,11,08,41_8401088,2,570,41016902,20251105161118,4177448,20251105164343,4116126,0,01,1,23140,1945,N
20251105,M7731,41016902,20251105,41,11,08,41_8402052,2,570,41016902,20251105100244,4107446,20251105104130,4111588,0,01,1,27870,2326,N
20251105,M7731,41016902,20251105,41,11,08,41_8402052,2,570,41016902,20251105231941,4107446,20251105235559,4111588,0,01,1,27870,2178,N
20251105,M7731,41016902,20251105,41,11,08,41_8405580,1,570,41016902,20251105150744,4177637,20251105155254,4111588,0,01,1,25830,2710,N
20251105,M7731,41016902,20251105,41,11,08,41_8407062,2,570,41016902,20251105200418,4106836,20251105205850,4116126,0,01,1,25350,3272,N
20251105,M7731,41016902,20251105,41,11,08,41_8431521,2,570,41016902,20251105200603,4177448,20251105203420,4111588,0,01,1,22120,1697,N
20251105,M7731,41016902,20251105,41,11,08,41_8443960,2,570,41016902,20251105112010,4177532,20251105114545,4111588,0,01,1,22980,1535,N
20251105,M7731,41016902,20251105,41,11,08,41_844910,2,570,41016902,20251105175936,4177532,20251105183507,4111588,0,01,1,22980,2131,N
20251105,M7731,41016902,20251105,41,11,08,41_8465528,2,570,41016902,20251105161118,4177448,20251105164505,4116126,0,01,1,23140,2027,N
20251105,M7731,41016902,20251105,41,11,08,41_8478446,2,570,41016902,20251105121252,4106836,20251105130628,4116130,1,01,1,26590,3216,N
20251105,M7731,41016902,20251105,41,11,08,41_8501507,2,570,41016902,20251105223005,4177532,20251105225850,4111588,0,01,1,22980,1725,N
20251105,M7731,41016902,20251105,41,11,08,41_8521181,2,570,41016902,20251105190421,4177532,20251105193116,4111588,0,01,1,22980,1615,N
20251105,M7731,41016902,20251105,41,11,08,41_8525523,2,570,41016902,20251105055726,4106836,20251105063331,4111588,0,01,1,24330,2165,N
20251105,M7731,41016902,20251105,41,11,08,41_8530225,2,570,41016902,20251105182454,4177532,20251105184921,4111588,0,01,1,22980,1467,N
20251105,M7731,41016902,20251105,41,11,08,41_8588787,2,570,41016902,20251105210846,4177448,20251105213654,4111588,0,01,1,22120,1688,N
20251105,M7731,41016902,20251105,41,11,08,41_8616732,2,570,41016902,20251105160606,4177532,20251105163235,4111588,0,01,1,22980,1589,N
20251105,M7731,41016902,20251105,41,11,08,41_8646308,2,570,41016902,20251105161434,4106836,20251105170622,4116126,0,01,1,25350,3108,N
20251105,M7731,41016902,20251105,41,11,08,41_8681050,2,570,41016902,20251105074843,4177448,20251105080959,4111588,0,01,1,22120,1276,N
20251105,M7731,41016902,20251105,41,11,08,41_8725863,2,570,41016902,20251105153821,4177637,20251105160407,4111588,0,01,1,25830,1546,N
20251105,M7731,41016902,20251105,41,41,08,41_8767692,2,570,41016902,20251105212315,4123056,20251105212941,4102447,2,01,1,3320,386,N
20251105,M7731,41016902,20251105,41,11,08,41_8831486,2,570,41016902,20251105181012,4177448,20251105183428,4111588,1,01,1,22120,1456,N
20251105,M7731,41016902,20251105,41,11,08,41_8832550,2,570,41016902,20251105072254,4177532,20251105082014,4111588,0,01,1,22980,3440,N
20251105,M7731,41016902,20251105,41,11,08,41_8843254,2,570,41016902,20251105160710,4177532,20251105164556,4116126,0,01,1,24000,2326,N
20251105,M7731,41016902,20251105,41,11,08,41_8866166,2,570,41016902,20251105160710,4177532,20251105163435,4111588,0,01,1,22980,1645,N
20251105,M7731,41016902,20251105,41,11,08,41_8875434,2,570,41016902,20251105081959,4106836,20251105090513,4116130,0,01,1,26590,2714,N
20251105,M7731,41016902,20251105,41,11,08,41_8877979,2,570,41016902,20251105135648,4107446,20251105142408,4111588,0,01,1,27870,1640,N
20251105,M7731,41016902,20251105,41,11,08,41_8879611,2,570,41016902,20251105082027,4106836,20251105091057,4116126,0,01,1,25350,3030,N
20251105,M7731,41016902,20251105,41,11,08,41_8879611,2,570,41016902,20251105143653,4106836,20251105152208,4116126,0,01,1,25350,2715,N
20251105,M7731,41016902,20251105,41,11,08,41_8879611,2,570,41016902,20251105162215,4106836,20251105170525,4116126,0,01,1,25350,2590,N
20251105,M7731,41016902,20251105,41,11,08,41_8879611,2,570,41016902,20251105180538,4106836,20251105185334,4116126,0,01,1,25350,2876,N
20251105,M7731,41016902,20251105,41,11,08,41_8920244,2,570,41016902,20251105170340,4177532,20251105173049,4111588,0,01,1,22980,1629,N
20251105,M7731,41016902,20251105,41,11,08,41_8922460,1,570,41016902,20251105083254,4177510,20251105085836,4111588,0,01,1,29500,1542,N
20251105,M7731,41016902,20251105,41,11,08,41_8930134,1,570,41016902,20251105065020,4110868,20251105072346,4111588,0,01,1,26980,2006,N
20251105,M7731,41016902,20251105,41,11,08,41_8942029,2,570,41016902,20251105170340,4177532,20251105173212,4116126,0,01,1,24000,1712,N
20251105,M7731,41016902,20251105,41,11,08,41_894276,2,570,41016902,20251105170646,4106836,20251105175716,4111588,0,01,1,24330,3030,N
20251105,M7731,41016902,20251105,41,11,08,41_8977425,2,570,41016902,20251105161408,4106836,20251105164812,4111588,0,01,1,24330,2044,N
20251105,M7731,41016902,20251105,41,11,08,41_900558,2,570,41016902,20251105065642,4177448,20251105073711,4111588,0,01,1,22120,2429,N
20251105,M7731,41016902,20251105,41,11,08,41_9008398,2,570,41016902,20251105210145,4177448,20251105212407,4111588,0,01,1,22120,1342,N
20251105,M7731,41016902,20251105,41,11,08,41_9016726,2,570,41016902,20251105192519,4177532,20251105195724,4111588,0,01,1,22980,1925,N
20251105,M7731,41016902,20251105,41,11,08,41_9032275,2,570,41016902,20251105071558,4177510,20251105075101,4111588,0,01,1,29500,2103,N
20251105,M7731,41016902,20251105,41,11,08,41_9034363,2,570,41016902,20251105210148,4177448,20251105212920,4111588,0,01,1,22120,1652,N
20251105,M7731,41016902,20251105,41,11,08,41_9037309,1,570,41016902,20251105183603,4177448,20251105190637,4111588,0,01,1,22120,1834,N
20251105,M7731,41016902,20251105,41,11,08,41_9092233,2,570,41016902,20251105224844,4177532,20251105231320,4116126,0,01,1,24000,1476,N
20251105,M7731,41016902,20251105,41,11,08,41_9095561,2,570,41016902,20251105224818,4177532,20251105231254,4116126,0,01,1,24000,1476,N
20251105,M7731,41016902,20251105,41,11,08,41_9165122,2,570,41016902,20251105073408,4177532,20251105075857,4116126,1,01,1,24000,1489,N
20251105,M7731,41016902,20251105,41,11,08,41_9166089,1,570,41016902,20251105083021,4110868,20251105090015,4116126,0,01,1,28000,1794,N
20251105,M7731,41016902,20251105,41,11,08,41_919062,1,570,41016902,20251105121044,4106836,20251105124552,4116126,0,01,1,25350,2108,N
20251105,M7731,41016902,20251105,41,11,08,41_919062,1,570,41016902,20251105161511,4106836,20251105165133,4116126,0,01,1,25350,2182,N
20251105,M7731,41016902,20251105,41,11,08,41_919062,1,570,41016902,20251105181042,4106836,20251105184800,4116126,0,01,1,25350,2238,N
20251105,M7731,41016902,20251105,41,11,08,41_9195524,1,570,41016902,20251105083652,4177637,20251105091308,4111588,0,01,1,25830,2176,N
20251105,M7731,41016902,20251105,41,11,08,41_9225064,2,570,41016902,20251105135417,4177532,20251105141055,4116126,0,01,1,24000,998,N
20251105,M7731,41016902,20251105,41,11,08,41_9236337,2,570,41016902,20251105154734,4177448,20251105163131,4111598,0,01,1,25410,2637,N
20251105,M7731,41016902,20251105,41,11,08,41_9236337,2,570,41016902,20251105185900,4177448,20251105193126,4111598,0,01,1,25410,1946,N
20251105,M7731,41016902,20251105,41,11,08,41_9249171,2,570,41016902,20251105185859,4177448,20251105193709,4111598,0,01,1,25410,2290,N
20251105,M7731,41016902,20251105,41,41,08,41_9278129,2,570,41016902,20251105101707,4110935,20251105102104,4177637,0,01,1,2880,237,N
20251105,M7731,41016902,20251105,41,41,08,41_9291411,2,570,41016902,20251105073526,4110935,20251105074121,4177637,0,01,1,2880,355,N
20251105,M7731,41016902,20251105,41,11,08,41_9292645,2,570,41016902,20251105192936,4177637,20251105194434,4116126,0,01,1,26850,898,N
20251105,M7731,41016902,20251105,41,11,08,41_9304833,2,570,41016902,20251105153957,4177637,20251105162010,4116126,0,01,1,26850,2413,N
20251105,M7731,41016902,20251105,41,11,08,41_9309735,2,570,41016902,20251105193850,4177448,20251105200735,4111588,0,01,1,22120,1725,N
20251105,M7731,41016902,20251105,41,11,08,41_9327362,2,570,41016902,20251105151322,4177532,20251105154057,4111588,0,01,1,22980,1655,N
20251105,M7731,41016902,20251105,41,11,08,41_9334312,2,570,41016902,20251105153753,4177637,20251105161806,4116126,0,01,1,26850,2413,N
20251105,M7731,41016902,20251105,41,11,08,41_9340038,1,570,41016902,20251105220146,4106836,20251105223835,4111599,0,01,1,28270,2209,N
20251105,M7731,41016902,20251105,41,41,08,41_9344104,2,570,41016902,20251105160719,4177533,20251105163845,4110934,0,01,1,5800,1886,N
20251105,M7731,41016902,20251105,41,11,08,41_9363144,1,570,41016902,20251105055451,4177510,20251105070025,4109162,0,01,1,34550,3934,N
20251105,M7731,41016902,20251105,41,11,08,41_9369507,1,570,41016902,20251105052307,4177448,20251105054609,4111588,0,01,1,22120,1382,N
20251105,M7731,41016902,20251105,41,11,08,41_9369788,2,570,41016902,20251105162118,4106836,20251105170907,4111588,0,01,1,24330,2869,N
20251105,M7731,41016902,20251105,41,11,08,41_9373206,2,570,41016902,20251105221841,4177448,20251105224812,4111588,0,01,1,22120,1771,N
20251105,M7731,41016902,20251105,41,41,08,41_9383249,2,570,41016902,20251105064611,4177637,20251105065633,4177448,0,01,1,3710,622,N
20251105,M7731,41016902,20251105,41,11,08,41_9393413,2,570,41016902,20251105193850,4177532,20251105202553,4111588,0,01,1,22980,2823,N
20251105,M7731,41016902,20251105,41,11,08,41_9420524,1,570,41016902,20251105123811,4177532,20251105131025,4111588,0,01,1,22980,1934,N
20251105,M7731,41016902,20251105,41,11,08,41_9427607,2,570,41016902,20251105194034,4106836,20251105202835,4111588,0,01,1,24330,2881,N
20251105,M7731,41016902,20251105,41,11,08,41_9447037,2,570,41016902,20251105210155,4106836,20251105214018,4111588,0,01,1,24330,2303,N
20251105,M7731,41016902,20251105,41,11,08,41_9455123,2,570,41016902,20251105160559,4106836,20251105163929,4111599,1,01,1,28270,2010,N
20251105,M7731,41016902,20251105,41,11,08,41_9455123,2,570,41016902,20251105225521,4106836,20251105232344,4111599,1,01,1,28270,1703,N
20251105,M7731,41016902,20251105,41,11,08,41_9479054,2,570,41016902,20251105120755,4177532,20251105125316,4111588,0,01,1,22980,2721,N
20251105,M7731,41016902,20251105,41,11,08,41_9486315,2,570,41016902,20251105174705,4106836,20251105184954,4111588,1,01,1,24330,3769,N
20251105,M7731,41016902,20251105,41,11,08,41_9509849,2,570,41016902,20251105150647,4177448,20251105153626,4111599,0,01,1,26060,1779,N
20251105,M7731,41016902,20251105,41,11,08,41_9511091,2,570,41016902,20251105213529,4106836,20251105220940,4111588,0,01,2,24330,2051,N
20251105,M7731,41016902,20251105,41,11,08,41_9520355,2,570,41016902,20251105192001,4177448,20251105195015,4111588,0,01,1,22120,1814,N
20251105,M7731,41016902,20251105,41,41,08,41_9550156,2,570,41016902,20251105214513,4123056,20251105215955,4102447,3,01,1,3320,882,N
20251105,M7731,41016902,20251105,41,11,08,41_9587417,2,570,41016902,20251105124623,4106836,20251105132951,4116126,0,01,1,25350,2608,N
20251105,M7731,41016902,20251105,41,11,08,41_9594408,1,570,41016902,20251105203900,4177532,20251105210732,4111588,0,01,1,22980,1712,N
20251105,M7731,41016902,20251105,41,11,08,41_9616820,2,570,41016902,20251105113729,4106836,20251105120540,4111588,0,01,1,24330,1691,N
20251105,M7731,41016902,20251105,41,11,08,41_9627848,1,570,41016902,20251105220734,4177510,20251105224707,4111588,0,01,1,29500,2373,N
20251105,M7731,41016902,20251105,41,11,08,41_9629973,2,570,41016902,20251105181315,4106836,20251105183521,4116126,0,01,1,25350,1326,N
20251105,M7731,41016902,20251105,41,11,08,41_9685173,1,570,41016902,20251105063152,4107446,20251105075112,4111588,0,01,1,27870,4760,N
20251105,M7731,41016902,20251105,41,11,08,41_9707424,2,570,41016902,20251105072236,4177510,20251105075835,4109162,0,01,1,34550,2159,N
20251105,M7731,41016902,20251105,41,11,08,41_9719339,2,570,41016902,20251105135702,4177448,20251105142041,4111588,0,01,1,22120,1419,N
20251105,M7731,41016902,20251105,41,11,08,41_9720274,2,570,41016902,20251105222340,4177448,20251105230605,4116130,0,01,1,24380,2545,N
20251105,M7731,41016902,20251105,41,11,08,41_9729888,2,570,41016902,20251105070022,4107446,20251105074224,4116126,1,01,1,28890,2522,N
20251105,M7731,41016902,20251105,41,11,08,41_9754330,2,570,41016902,20251105072225,4106836,20251105075553,4111588,0,01,1,24330,2008,N
20251105,M7731,41016902,20251105,41,11,08,41_9767402,2,570,41016902,20251105160900,4106836,20251105164555,4116126,0,01,1,25350,2215,N
20251105,M7731,41016902,20251105,41,11,08,41_9784594,1,570,41016902,20251105085629,4177448,20251105094109,4116130,0,01,1,24380,2680,N
20251105,M7731,41016902,20251105,41,11,08,41_9793537,2,570,41016902,20251105154313,4177448,20251105162402,4116126,0,01,1,23140,2449,N
20251105,M7731,41016902,20251105,41,11,08,41_9811334,1,570,41016902,20251105090550,4177637,20251105092841,4116130,0,01,1,28090,1371,N
20251105,M7731,41016902,20251105,41,11,08,41_9836071,2,570,41016902,20251105161652,4177448,20251105164520,4111588,0,01,1,22120,1708,N
20251105,M7731,41016902,20251105,41,11,08,41_9836071,2,570,41016902,20251105172954,4177448,20251105175859,4111588,0,01,1,22120,1745,N
20251105,M7731,41016902,20251105,41,11,08,41_9846055,2,570,41016902,20251105090550,4177637,20251105092841,4116130,0,01,1,28090,1371,N
20251105,M7731,41016902,20251105,41,11,08,41_9899331,2,570,41016902,20251105144336,4177532,20251105151200,4111588,0,01,1,22980,1704,N
20251105,M7731,41016902,20251105,41,11,08,41_9906621,2,570,41016902,20251105095402,4177637,20251105101700,4111588,0,01,1,25830,1378,N
20251105,M7731,41016902,20251105,41,11,08,41_9912409,2,570,41016902,20251105080511,4177448,20251105083259,4111588,0,01,1,22120,1668,N
20251105,M7731,41016902,20251105,41,11,08,41_9948742,2,570,41016902,20251105142412,4177510,20251105144148,4111588,0,01,1,29500,1056,N
20251105,M7731,41016902,20251105,41,11,08,41_9950531,2,570,41016902,20251105202014,4107446,20251105204240,4111588,0,01,1,27870,1346,N
20251105,M7731,41016902,20251105,41,11,08,41_9963552,2,570,41016902,20251105144737,4177637,20251105150620,4116126,0,01,1,26850,1123,N
20251105,M7731,41016902,20251105,41,11,08,41_9965159,1,570,41016902,20251105152827,4177448,20251105160052,4111588,0,01,1,22120,1945,N
20251105,M7731,41016902,20251105,41,11,08,41_9970944,2,570,41016902,20251105140259,4177448,20251105142035,4116130,0,01,1,24380,1056,N
20251105,M7731,41016902,20251105,41,11,08,41_9981074,2,570,41016902,20251105053307,4110868,20251105060136,4111588,0,01,1,26980,1709,N
20251105,M7731,41016902,20251105,41,11,08,41_9996880,1,570,41016902,20251105050624,4107446,20251105053453,4111588,0,01,1,27870,1709,N
