"routeId","routeNo","routeNm","sttnSeq","sttnId","sttnNm","sdCd","sggCd","emdCd","sdNm","sggNm","emdNm","query_date","query_route_id","query_route_no"
"41003717","9600","위시티3.4단지-위시티3.4단지","0","4177488","위시티3.4단지","41","41285","4128510100","경기도","고양시 일산동구","식사동","20251016","41003717","9600"
"41003717","9600","위시티3.4단지-위시티3.4단지","1","4177481","위시티주상복합단지","41","41285","4128510100","경기도","고양시 일산동구","식사동","20251016","41003717","9600"
"41003717","9600","위시티3.4단지-위시티3.4단지","2","4111082","동국대병원사거리","41","41285","4128510100","경기도","고양시 일산동구","식사동","20251016","41003717","9600"
"41003717","9600","위시티3.4단지-위시티3.4단지","3","4111084","은행마을3단지.일산자이센트리지.일산자이더헤리티지","41","41285","4128510100","경기도","고양시 일산동구","식사동","20251016","41003717","9600"
"41003717","9600","위시티3.4단지-위시티3.4단지","4","4111199","식사동","41","41285","4128510100","경기도","고양시 일산동구","식사동","20251016","41003717","9600"
"41003717","9600","위시티3.4단지-위시티3.4단지","5","4111403","고양시청.덕양구보건소","41","41281","4128110100","경기도","고양시 덕양구","주교동","20251016","41003717","9600"
"41003717","9600","위시티3.4단지-위시티3.4단지","6","4111304","고양시청","41","41281","4128110100","경기도","고양시 덕양구","주교동","20251016","41003717","9600"
"41003717","9600","위시티3.4단지-위시티3.4단지","7","4111302","원릉역","41","41281","4128110100","경기도","고양시 덕양구","주교동","20251016","41003717","9600"
"41003717","9600","위시티3.4단지-위시티3.4단지","8","4177973","성사고등학교","41","41281","4128110600","경기도","고양시 덕양구","성사동","20251016","41003717","9600"
"41003717","9600","위시티3.4단지-위시티3.4단지","9","4178062","원당대림아파트","41","41281","4128110600","경기도","고양시 덕양구","성사동","20251016","41003717","9600"
"41003717","9600","위시티3.4단지-위시티3.4단지","10","4177971","세창짜임아파트","41","41281","4128110100","경기도","고양시 덕양구","주교동","20251016","41003717","9600"
"41003717","9600","위시티3.4단지-위시티3.4단지","11","4177969","원당연세병원","41","41281","4128110100","경기도","고양시 덕양구","주교동","20251016","41003717","9600"
"41003717","9600","위시티3.4단지-위시티3.4단지","12","4111416","어울림마을7단지","41","41281","4128110600","경기도","고양시 덕양구","성사동","20251016","41003717","9600"
"41003717","9600","위시티3.4단지-위시티3.4단지","13","4111306","성사2동행정복지센터","41","41281","4128110100","경기도","고양시 덕양구","주교동","20251016","41003717","9600"
"41003717","9600","위시티3.4단지-위시티3.4단지","14","4111308","고양어울림누리.달빛마을1단지","41","41281","4128112300","경기도","고양시 덕양구","화정동","20251016","41003717","9600"
"41003717","9600","위시티3.4단지-위시티3.4단지","15","4111310","화정1동행정복지센터","41","41281","4128112300","경기도","고양시 덕양구","화정동","20251016","41003717","9600"
"41003717","9600","위시티3.4단지-위시티3.4단지","16","4111313","명지병원.달빛마을3단지","41","41281","4128112300","경기도","고양시 덕양구","화정동","20251016","41003717","9600"
"41003717","9600","위시티3.4단지-위시티3.4단지","17","4111314","화정동단독주택단지","41","41281","4128112300","경기도","고양시 덕양구","화정동","20251016","41003717","9600"
"41003717","9600","위시티3.4단지-위시티3.4단지","18","4111317","화정역.덕양구청","41","41281","4128112300","경기도","고양시 덕양구","화정동","20251016","41003717","9600"
"41003717","9600","위시티3.4단지-위시티3.4단지","19","4111210","별빛마을8단지.롯데마트","41","41281","4128112300","경기도","고양시 덕양구","화정동","20251016","41003717","9600"
"41003717","9600","위시티3.4단지-위시티3.4단지","20","4111208","고양경찰서앞.고양어린이박물관","41","41281","4128112300","경기도","고양시 덕양구","화정동","20251016","41003717","9600"
"41003717","9600","위시티3.4단지-위시티3.4단지","21","4111343","토당고가.별빛마을9단지","41","41281","4128112300","경기도","고양시 덕양구","화정동","20251016","41003717","9600"
"41003717","9600","위시티3.4단지-위시티3.4단지","22","4111213","능곡병원","41","41281","4128112000","경기도","고양시 덕양구","토당동","20251016","41003717","9600"
"41003717","9600","위시티3.4단지-위시티3.4단지","23","4111214","능곡중학교","41","41281","4128112000","경기도","고양시 덕양구","토당동","20251016","41003717","9600"
"41003717","9600","위시티3.4단지-위시티3.4단지","24","4111224","행주동행정복지센터.능곡전화국","41","41281","4128112000","경기도","고양시 덕양구","토당동","20251016","41003717","9600"
"41003717","9600","위시티3.4단지-위시티3.4단지","25","7103489","북로JC(미정차)","41","41281","4128113000","경기도","고양시 덕양구","현천동","20251016","41003717","9600"
"41003717","9600","위시티3.4단지-위시티3.4단지","26","7104677","남고양IC(미정차)","41","41281","4128113100","경기도","고양시 덕양구","덕은동","20251016","41003717","9600"
"41003717","9600","위시티3.4단지-위시티3.4단지","27","7103428","가양대교북단(미정차)","11","11440","1144012700","서울특별시","마포구","상암동","20251016","41003717","9600"
"41003717","9600","위시티3.4단지-위시티3.4단지","28","7104684","난지한강공원(미정차)","11","11440","1144012700","서울특별시","마포구","상암동","20251016","41003717","9600"
"41003717","9600","위시티3.4단지-위시티3.4단지","29","7103426","성산대교북단(미정차)","11","11440","1144012700","서울특별시","마포구","상암동","20251016","41003717","9600"
"41003717","9600","위시티3.4단지-위시티3.4단지","30","7103491","양화대교북단(미정차)","11","11440","1144012200","서울특별시","마포구","합정동","20251016","41003717","9600"
"41003717","9600","위시티3.4단지-위시티3.4단지","31","7103493","서강대교북단(미정차)","11","11440","1144011600","서울특별시","마포구","하중동","20251016","41003717","9600"
"41003717","9600","위시티3.4단지-위시티3.4단지","32","7103495","마포대교북단(미정차)","11","11440","1144010700","서울특별시","마포구","마포동","20251016","41003717","9600"
"41003717","9600","위시티3.4단지-위시티3.4단지","33","7103497","원효대교북단(미정차)","11","11170","1117012900","서울특별시","용산구","이촌동","20251016","41003717","9600"
"41003717","9600","위시티3.4단지-위시티3.4단지","34","7103499","한강대교북단(미정차)","11","11170","1117012900","서울특별시","용산구","이촌동","20251016","41003717","9600"
"41003717","9600","위시티3.4단지-위시티3.4단지","35","7103501","동작대교북단(미정차)","11","11170","1117013500","서울특별시","용산구","용산동6가","20251016","41003717","9600"
"41003717","9600","위시티3.4단지-위시티3.4단지","36","7103503","반포대교북단(미정차)","11","11170","1117013300","서울특별시","용산구","서빙고동","20251016","41003717","9600"
"41003717","9600","위시티3.4단지-위시티3.4단지","37","7103399","한남IC(미정차)","11","11650","1165010600","서울특별시","서초구","잠원동","20251016","41003717","9600"
"41003717","9600","위시티3.4단지-위시티3.4단지","38","4121302","신사역.푸른저축은행(중)","11","11650","1165010600","서울특별시","서초구","잠원동","20251016","41003717","9600"
"41003717","9600","위시티3.4단지-위시티3.4단지","39","4151645","논현역(중)","11","11650","1165010700","서울특별시","서초구","반포동","20251016","41003717","9600"
"41003717","9600","위시티3.4단지-위시티3.4단지","40","4120810","신논현역4번출구","11","11680","1168010100","서울특별시","강남구","역삼동","20251016","41003717","9600"
"41003717","9600","위시티3.4단지-위시티3.4단지","41","4120824","삼정호텔","11","11680","1168010100","서울특별시","강남구","역삼동","20251016","41003717","9600"
"41003717","9600","위시티3.4단지-위시티3.4단지","42","4120819","차병원","11","11680","1168010100","서울특별시","강남구","역삼동","20251016","41003717","9600"
"41003717","9600","위시티3.4단지-위시티3.4단지","43","4120821","역삼역6번출구","11","11680","1168010100","서울특별시","강남구","역삼동","20251016","41003717","9600"
"41003717","9600","위시티3.4단지-위시티3.4단지","44","4199870","강남역12번출구A","11","11680","1168010100","서울특별시","강남구","역삼동","20251016","41003717","9600"
"41003717","9600","위시티3.4단지-위시티3.4단지","45","4105915","신논현역","11","11680","1168010100","서울특별시","강남구","역삼동","20251016","41003717","9600"
"41003717","9600","위시티3.4단지-위시티3.4단지","46","7101814","교보타워사거리(미정차)","11","11680","1168010100","서울특별시","강남구","역삼동","20251016","41003717","9600"
"41003717","9600","위시티3.4단지-위시티3.4단지","47","4151644","논현역(중)","11","11680","1168010800","서울특별시","강남구","논현동","20251016","41003717","9600"
"41003717","9600","위시티3.4단지-위시티3.4단지","48","4151646","신사역(중)","11","11680","1168010800","서울특별시","강남구","논현동","20251016","41003717","9600"
"41003717","9600","위시티3.4단지-위시티3.4단지","49","7103400","한남IC(미정차)","11","11680","1168011000","서울특별시","강남구","압구정동","20251016","41003717","9600"
"41003717","9600","위시티3.4단지-위시티3.4단지","50","7103393","반포대교남단(미정차)","11","11650","1165010600","서울특별시","서초구","잠원동","20251016","41003717","9600"
"41003717","9600","위시티3.4단지-위시티3.4단지","51","7103395","동작대교남단(미정차)","11","11650","1165010700","서울특별시","서초구","반포동","20251016","41003717","9600"
"41003717","9600","위시티3.4단지-위시티3.4단지","52","7103397","한강대교남단(미정차)","11","11590","1159010400","서울특별시","동작구","본동","20251016","41003717","9600"
"41003717","9600","위시티3.4단지-위시티3.4단지","53","7103408","여의상류IC(미정차)","11","11560","1156011000","서울특별시","영등포구","여의도동","20251016","41003717","9600"
"41003717","9600","위시티3.4단지-위시티3.4단지","54","7100138","서울교(미정차)","11","11560","1156011000","서울특별시","영등포구","여의도동","20251016","41003717","9600"
"41003717","9600","위시티3.4단지-위시티3.4단지","55","7103411","여의하류IC(미정차)","11","11560","1156011000","서울특별시","영등포구","여의도동","20251016","41003717","9600"
"41003717","9600","위시티3.4단지-위시티3.4단지","56","7103407","양화대교남단(미정차)","11","11560","1156011700","서울특별시","영등포구","당산동","20251016","41003717","9600"
"41003717","9600","위시티3.4단지-위시티3.4단지","57","7103405","성산대교남단(미정차)","11","11560","1156013100","서울특별시","영등포구","양화동","20251016","41003717","9600"
"41003717","9600","위시티3.4단지-위시티3.4단지","58","7103901","염창교(미정차)","11","11500","1150010100","서울특별시","강서구","염창동","20251016","41003717","9600"
"41003717","9600","위시티3.4단지-위시티3.4단지","59","7103402","가양대교남단(미정차)","11","11500","1150010400","서울특별시","강서구","가양동","20251016","41003717","9600"
"41003717","9600","위시티3.4단지-위시티3.4단지","60","7104624","양천고성지(미정차)","11","11500","1150010400","서울특별시","강서구","가양동","20251016","41003717","9600"
"41003717","9600","위시티3.4단지-위시티3.4단지","61","7103401","88JC(미정차)","11","11500","1150010900","서울특별시","강서구","방화동","20251016","41003717","9600"
"41003717","9600","위시티3.4단지-위시티3.4단지","62","7103488","행주IC(미정차)","41","41281","4128112600","경기도","고양시 덕양구","행주외동","20251016","41003717","9600"
"41003717","9600","위시티3.4단지-위시티3.4단지","63","4111225","행주동행정복지센터.능곡전화국","41","41281","4128112000","경기도","고양시 덕양구","토당동","20251016","41003717","9600"
"41003717","9600","위시티3.4단지-위시티3.4단지","64","4111215","능곡중학교","41","41281","4128112000","경기도","고양시 덕양구","토당동","20251016","41003717","9600"
"41003717","9600","위시티3.4단지-위시티3.4단지","65","4111212","능곡병원","41","41281","4128112000","경기도","고양시 덕양구","토당동","20251016","41003717","9600"
"41003717","9600","위시티3.4단지-위시티3.4단지","66","4111342","토당고가.별빛마을9단지","41","41281","4128112000","경기도","고양시 덕양구","토당동","20251016","41003717","9600"
"41003717","9600","위시티3.4단지-위시티3.4단지","67","4111209","고양경찰서앞.고양어린이박물관","41","41281","4128112300","경기도","고양시 덕양구","화정동","20251016","41003717","9600"
"41003717","9600","위시티3.4단지-위시티3.4단지","68","4111211","화정역.롯데마트","41","41281","4128112300","경기도","고양시 덕양구","화정동","20251016","41003717","9600"
"41003717","9600","위시티3.4단지-위시티3.4단지","69","4111316","덕양구청","41","41281","4128112300","경기도","고양시 덕양구","화정동","20251016","41003717","9600"
"41003717","9600","위시티3.4단지-위시티3.4단지","70","4111315","화정동단독주택단지","41","41281","4128112300","경기도","고양시 덕양구","화정동","20251016","41003717","9600"
"41003717","9600","위시티3.4단지-위시티3.4단지","71","4111312","명지병원.은빛마을5단지","41","41281","4128112300","경기도","고양시 덕양구","화정동","20251016","41003717","9600"
"41003717","9600","위시티3.4단지-위시티3.4단지","72","4111311","화정1동행정복지센터","41","41281","4128112300","경기도","고양시 덕양구","화정동","20251016","41003717","9600"
"41003717","9600","위시티3.4단지-위시티3.4단지","73","4111309","고양어울림누리.달빛마을1단지","41","41281","4128112300","경기도","고양시 덕양구","화정동","20251016","41003717","9600"
"41003717","9600","위시티3.4단지-위시티3.4단지","74","4111307","성사2동행정복지센터","41","41281","4128110600","경기도","고양시 덕양구","성사동","20251016","41003717","9600"
"41003717","9600","위시티3.4단지-위시티3.4단지","75","4111417","어울림마을7단지","41","41281","4128110600","경기도","고양시 덕양구","성사동","20251016","41003717","9600"
"41003717","9600","위시티3.4단지-위시티3.4단지","76","4178061","원당약국.원당시장정문","41","41281","4128110600","경기도","고양시 덕양구","성사동","20251016","41003717","9600"
"41003717","9600","위시티3.4단지-위시티3.4단지","77","4177970","동양쇼핑.원당시장후문","41","41281","4128110600","경기도","고양시 덕양구","성사동","20251016","41003717","9600"
"41003717","9600","위시티3.4단지-위시티3.4단지","78","4177972","원당래미안아파트","41","41281","4128110600","경기도","고양시 덕양구","성사동","20251016","41003717","9600"
"41003717","9600","위시티3.4단지-위시티3.4단지","79","4111301","원릉역","41","41281","4128110100","경기도","고양시 덕양구","주교동","20251016","41003717","9600"
"41003717","9600","위시티3.4단지-위시티3.4단지","80","4111305","고양시청","41","41281","4128110100","경기도","고양시 덕양구","주교동","20251016","41003717","9600"
"41003717","9600","위시티3.4단지-위시티3.4단지","81","4111402","고양시청.덕양구보건소","41","41281","4128110100","경기도","고양시 덕양구","주교동","20251016","41003717","9600"
"41003717","9600","위시티3.4단지-위시티3.4단지","82","4111085","식사삼거리.식사공단","41","41285","4128510100","경기도","고양시 일산동구","식사동","20251016","41003717","9600"
"41003717","9600","위시티3.4단지-위시티3.4단지","83","4111083","은행마을3단지.일산자이센트리지.일산자이더헤리티지","41","41285","4128510100","경기도","고양시 일산동구","식사동","20251016","41003717","9600"
"41003717","9600","위시티3.4단지-위시티3.4단지","84","4111172","동국대병원사거리","41","41285","4128510100","경기도","고양시 일산동구","식사동","20251016","41003717","9600"
"41003717","9600","위시티3.4단지-위시티3.4단지","85","4177480","위시티주상복합단지","41","41285","4128510100","경기도","고양시 일산동구","식사동","20251016","41003717","9600"
"41003717","9600","위시티3.4단지-위시티3.4단지","86","4177483","위시티3.4단지","41","41285","4128510100","경기도","고양시 일산동구","식사동","20251016","41003717","9600"
"41011156","6701","홈플러스.산림조-홈플러스","0","4115322","홈플러스.산림조합","41","41570","4157010500","경기도","김포시","감정동","20251016","41011156","6701"
"41011156","6701","홈플러스.산림조-홈플러스","1","4116348","한국아파트","41","41570","4157010500","경기도","김포시","감정동","20251016","41011156","6701"
"41011156","6701","홈플러스.산림조-홈플러스","2","4116350","산호아파트","41","41570","4157010100","경기도","김포시","북변동","20251016","41011156","6701"
"41011156","6701","홈플러스.산림조-홈플러스","3","4124968","걸포북변역(걸포초교방면)","41","41570","4157010100","경기도","김포시","북변동","20251016","41011156","6701"
"41011156","6701","홈플러스.산림조-홈플러스","4","4171131","걸포공원후문","41","41570","4157010200","경기도","김포시","걸포동","20251016","41011156","6701"
"41011156","6701","홈플러스.산림조-홈플러스","5","7104634","일산대교TG(미정차)","41","41570","4157010200","경기도","김포시","걸포동","20251016","41011156","6701"
"41011156","6701","홈플러스.산림조-홈플러스","6","7103484","자유로출입(미정차)","41","41287","4128710800","경기도","고양시 일산서구","법곳동","20251016","41011156","6701"
"41011156","6701","홈플러스.산림조-홈플러스","7","4177448","킨텍스역.더샵그라비스타.힐스테이트일산","41","41287","4128710400","경기도","고양시 일산서구","대화동","20251016","41011156","6701"
"41011156","6701","홈플러스.산림조-홈플러스","8","7103460","자유로진입(미정차)","41","41287","4128710400","경기도","고양시 일산서구","대화동","20251016","41011156","6701"
"41011156","6701","홈플러스.산림조-홈플러스","9","7103458","장항IC(미정차)","41","41285","4128510400","경기도","고양시 일산동구","장항동","20251016","41011156","6701"
"41011156","6701","홈플러스.산림조-홈플러스","10","7103456","자유로JC(미정차)","41","41281","4128112000","경기도","고양시 덕양구","토당동","20251016","41011156","6701"
"41011156","6701","홈플러스.산림조-홈플러스","11","7103485","행주IC(미정차)","41","41281","4128112600","경기도","고양시 덕양구","행주외동","20251016","41011156","6701"
"41011156","6701","홈플러스.산림조-홈플러스","12","7103489","북로JC(미정차)","41","41281","4128113000","경기도","고양시 덕양구","현천동","20251016","41011156","6701"
"41011156","6701","홈플러스.산림조-홈플러스","13","7104677","남고양IC(미정차)","41","41281","4128113100","경기도","고양시 덕양구","덕은동","20251016","41011156","6701"
"41011156","6701","홈플러스.산림조-홈플러스","14","7104768","구룡사거리(미정차)","41","41281","4128113100","경기도","고양시 덕양구","덕은동","20251016","41011156","6701"
"41011156","6701","홈플러스.산림조-홈플러스","15","4109195","월드컵파크5단지","11","11440","1144012700","서울특별시","마포구","상암동","20251016","41011156","6701"
"41011156","6701","홈플러스.산림조-홈플러스","16","4109193","상암DMC홍보관.YTN","11","11440","1144012700","서울특별시","마포구","상암동","20251016","41011156","6701"
"41011156","6701","홈플러스.산림조-홈플러스","17","7104769","구룡사거리(미정차)","41","41281","4128113100","경기도","고양시 덕양구","덕은동","20251016","41011156","6701"
"41011156","6701","홈플러스.산림조-홈플러스","18","7104676","남고양IC(미정차)","41","41281","4128113100","경기도","고양시 덕양구","덕은동","20251016","41011156","6701"
"41011156","6701","홈플러스.산림조-홈플러스","19","7103490","북로JC(미정차)","41","41281","4128113000","경기도","고양시 덕양구","현천동","20251016","41011156","6701"
"41011156","6701","홈플러스.산림조-홈플러스","20","7103486","행주IC(미정차)","41","41281","4128112600","경기도","고양시 덕양구","행주외동","20251016","41011156","6701"
"41011156","6701","홈플러스.산림조-홈플러스","21","7103457","자유로JC(미정차)","41","41281","4128112000","경기도","고양시 덕양구","토당동","20251016","41011156","6701"
"41011156","6701","홈플러스.산림조-홈플러스","22","7103459","장항IC(미정차)","41","41285","4128510400","경기도","고양시 일산동구","장항동","20251016","41011156","6701"
"41011156","6701","홈플러스.산림조-홈플러스","23","7103461","자유로출입(미정차)","41","41285","4128510400","경기도","고양시 일산동구","장항동","20251016","41011156","6701"
"41011156","6701","홈플러스.산림조-홈플러스","24","4123056","킨텍스역1번출구.현대모터스튜디오고양","41","41287","4128710400","경기도","고양시 일산서구","대화동","20251016","41011156","6701"
"41011156","6701","홈플러스.산림조-홈플러스","25","7103483","자유로진입(미정차)","41","41287","4128710800","경기도","고양시 일산서구","법곳동","20251016","41011156","6701"
"41011156","6701","홈플러스.산림조-홈플러스","26","7104635","일산대교TG(미정차)","41","41570","4157010200","경기도","김포시","걸포동","20251016","41011156","6701"
"41011156","6701","홈플러스.산림조-홈플러스","27","4171130","걸포공원후문","41","41570","4157010200","경기도","김포시","걸포동","20251016","41011156","6701"
"41011156","6701","홈플러스.산림조-홈플러스","28","4171153","걸포북변역.국민연금공단","41","41570","4157010100","경기도","김포시","북변동","20251016","41011156","6701"
"41011156","6701","홈플러스.산림조-홈플러스","29","4116351","대우아파트","41","41570","4157010100","경기도","김포시","북변동","20251016","41011156","6701"
"41011156","6701","홈플러스.산림조-홈플러스","30","4116349","삼환아파트","41","41570","4157010500","경기도","김포시","감정동","20251016","41011156","6701"
"41011156","6701","홈플러스.산림조-홈플러스","31","4115321","홈플러스","41","41570","4157010500","경기도","김포시","감정동","20251016","41011156","6701"
"41016018","1082","명성운수종점-내유동차고지(미","0","4124029","명성운수종점","41","41281","4128111900","경기도","고양시 덕양구","내유동","20251016","41016018","1082"
"41016018","1082","명성운수종점-내유동차고지(미","1","4177996","신성슈퍼앞","41","41281","4128111900","경기도","고양시 덕양구","내유동","20251016","41016018","1082"
"41016018","1082","명성운수종점-내유동차고지(미","2","4115546","내유동","41","41281","4128111900","경기도","고양시 덕양구","내유동","20251016","41016018","1082"
"41016018","1082","명성운수종점-내유동차고지(미","3","4115600","중간내유동","41","41281","4128111900","경기도","고양시 덕양구","내유동","20251016","41016018","1082"
"41016018","1082","명성운수종점-내유동차고지(미","4","4115544","윗내유동.희망양로원","41","41281","4128111900","경기도","고양시 덕양구","내유동","20251016","41016018","1082"
"41016018","1082","명성운수종점-내유동차고지(미","5","4115542","내유초등학교","41","41281","4128111900","경기도","고양시 덕양구","내유동","20251016","41016018","1082"
"41016018","1082","명성운수종점-내유동차고지(미","6","4177691","(임시)서울시립고양병원입구","41","41281","4128111900","경기도","고양시 덕양구","내유동","20251016","41016018","1082"
"41016018","1082","명성운수종점-내유동차고지(미","7","4115539","고골입구","41","41281","4128111800","경기도","고양시 덕양구","관산동","20251016","41016018","1082"
"41016018","1082","명성운수종점-내유동차고지(미","8","4115538","가장동","41","41281","4128111800","경기도","고양시 덕양구","관산동","20251016","41016018","1082"
"41016018","1082","명성운수종점-내유동차고지(미","9","4115535","두포동.관산동성당","41","41281","4128111800","경기도","고양시 덕양구","관산동","20251016","41016018","1082"
"41016018","1082","명성운수종점-내유동차고지(미","10","4111287","벽제교.관산삼거리","41","41281","4128111800","경기도","고양시 덕양구","관산동","20251016","41016018","1082"
"41016018","1082","명성운수종점-내유동차고지(미","11","4111453","벽제교삼거리","41","41285","4128510900","경기도","고양시 일산동구","사리현동","20251016","41016018","1082"
"41016018","1082","명성운수종점-내유동차고지(미","12","4111289","쥬쥬테마동물원","41","41281","4128110200","경기도","고양시 덕양구","원당동","20251016","41016018","1082"
"41016018","1082","명성운수종점-내유동차고지(미","13","4111291","청대골","41","41281","4128110200","경기도","고양시 덕양구","원당동","20251016","41016018","1082"
"41016018","1082","명성운수종점-내유동차고지(미","14","4111293","삼릉역","41","41281","4128110200","경기도","고양시 덕양구","원당동","20251016","41016018","1082"
"41016018","1082","명성운수종점-내유동차고지(미","15","4111295","왕릉골","41","41281","4128110200","경기도","고양시 덕양구","원당동","20251016","41016018","1082"
"41016018","1082","명성운수종점-내유동차고지(미","16","4111297","부대앞","41","41281","4128110600","경기도","고양시 덕양구","성사동","20251016","41016018","1082"
"41016018","1082","명성운수종점-내유동차고지(미","17","4111299","윗배다리","41","41281","4128110600","경기도","고양시 덕양구","성사동","20251016","41016018","1082"
"41016018","1082","명성운수종점-내유동차고지(미","18","4111301","원릉역","41","41281","4128110100","경기도","고양시 덕양구","주교동","20251016","41016018","1082"
"41016018","1082","명성운수종점-내유동차고지(미","19","4178198","주교동.원릉방앗간","41","41281","4128110100","경기도","고양시 덕양구","주교동","20251016","41016018","1082"
"41016018","1082","명성운수종점-내유동차고지(미","20","4111305","고양시청","41","41281","4128110100","경기도","고양시 덕양구","주교동","20251016","41016018","1082"
"41016018","1082","명성운수종점-내유동차고지(미","21","4111306","성사2동행정복지센터","41","41281","4128110100","경기도","고양시 덕양구","주교동","20251016","41016018","1082"
"41016018","1082","명성운수종점-내유동차고지(미","22","4111308","고양어울림누리.달빛마을1단지","41","41281","4128112300","경기도","고양시 덕양구","화정동","20251016","41016018","1082"
"41016018","1082","명성운수종점-내유동차고지(미","23","4111310","화정1동행정복지센터","41","41281","4128112300","경기도","고양시 덕양구","화정동","20251016","41016018","1082"
"41016018","1082","명성운수종점-내유동차고지(미","24","4111313","명지병원.달빛마을3단지","41","41281","4128112300","경기도","고양시 덕양구","화정동","20251016","41016018","1082"
"41016018","1082","명성운수종점-내유동차고지(미","25","4111314","화정동단독주택단지","41","41281","4128112300","경기도","고양시 덕양구","화정동","20251016","41016018","1082"
"41016018","1082","명성운수종점-내유동차고지(미","26","4111317","화정역.덕양구청","41","41281","4128112300","경기도","고양시 덕양구","화정동","20251016","41016018","1082"
"41016018","1082","명성운수종점-내유동차고지(미","27","4111210","별빛마을8단지.롯데마트","41","41281","4128112300","경기도","고양시 덕양구","화정동","20251016","41016018","1082"
"41016018","1082","명성운수종점-내유동차고지(미","28","4111319","근린공원","41","41281","4128112300","경기도","고양시 덕양구","화정동","20251016","41016018","1082"
"41016018","1082","명성운수종점-내유동차고지(미","29","4111322","화정2동행정복지센터","41","41281","4128112300","경기도","고양시 덕양구","화정동","20251016","41016018","1082"
"41016018","1082","명성운수종점-내유동차고지(미","30","4111324","옥빛17단지.롯데마트고양점","41","41281","4128112300","경기도","고양시 덕양구","화정동","20251016","41016018","1082"
"41016018","1082","명성운수종점-내유동차고지(미","31","4111326","행신초등학교.더자인병원","41","41281","4128112800","경기도","고양시 덕양구","행신동","20251016","41016018","1082"
"41016018","1082","명성운수종점-내유동차고지(미","32","4111328","샘터마을2단지","41","41281","4128112800","경기도","고양시 덕양구","행신동","20251016","41016018","1082"
"41016018","1082","명성운수종점-내유동차고지(미","33","4111330","가라뫼.한전앞","41","41281","4128112800","경기도","고양시 덕양구","행신동","20251016","41016018","1082"
"41016018","1082","명성운수종점-내유동차고지(미","34","4111332","무원고교","41","41281","4128112800","경기도","고양시 덕양구","행신동","20251016","41016018","1082"
"41016018","1082","명성운수종점-내유동차고지(미","35","4111334","행신SK뷰아파트","41","41281","4128112800","경기도","고양시 덕양구","행신동","20251016","41016018","1082"
"41016018","1082","명성운수종점-내유동차고지(미","36","4111336","행신동삼거리","41","41281","4128112800","경기도","고양시 덕양구","행신동","20251016","41016018","1082"
"41016018","1082","명성운수종점-내유동차고지(미","37","4111338","토당초등학교.우창프라자","41","41281","4128112000","경기도","고양시 덕양구","토당동","20251016","41016018","1082"
"41016018","1082","명성운수종점-내유동차고지(미","38","4111227","능곡화원","41","41281","4128112500","경기도","고양시 덕양구","행주내동","20251016","41016018","1082"
"41016018","1082","명성운수종점-내유동차고지(미","39","4111229","맨돌","41","41281","4128112500","경기도","고양시 덕양구","행주내동","20251016","41016018","1082"
"41016018","1082","명성운수종점-내유동차고지(미","40","4111230","행주산성입구.행주내동","41","41281","4128112500","경기도","고양시 덕양구","행주내동","20251016","41016018","1082"
"41016018","1082","명성운수종점-내유동차고지(미","41","7103489","북로JC(미정차)","41","41281","4128113000","경기도","고양시 덕양구","현천동","20251016","41016018","1082"
"41016018","1082","명성운수종점-내유동차고지(미","42","7104677","남고양IC(미정차)","41","41281","4128113100","경기도","고양시 덕양구","덕은동","20251016","41016018","1082"
"41016018","1082","명성운수종점-내유동차고지(미","43","7103428","가양대교북단(미정차)","11","11440","1144012700","서울특별시","마포구","상암동","20251016","41016018","1082"
"41016018","1082","명성운수종점-내유동차고지(미","44","7104684","난지한강공원(미정차)","11","11440","1144012700","서울특별시","마포구","상암동","20251016","41016018","1082"
"41016018","1082","명성운수종점-내유동차고지(미","45","7103426","성산대교북단(미정차)","11","11440","1144012700","서울특별시","마포구","상암동","20251016","41016018","1082"
"41016018","1082","명성운수종점-내유동차고지(미","46","7104858","양화대교북단(미정차)","11","11440","1144012200","서울특별시","마포구","합정동","20251016","41016018","1082"
"41016018","1082","명성운수종점-내유동차고지(미","47","4100727","당산역.삼성래미안아파트","11","11560","1156011500","서울특별시","영등포구","당산동5가","20251016","41016018","1082"
"41016018","1082","명성운수종점-내유동차고지(미","48","4100729","삼환아파트","11","11560","1156010900","서울특별시","영등포구","영등포동8가","20251016","41016018","1082"
"41016018","1082","명성운수종점-내유동차고지(미","49","4100733","영등포시장역4번출구","11","11560","1156010700","서울특별시","영등포구","영등포동6가","20251016","41016018","1082"
"41016018","1082","명성운수종점-내유동차고지(미","50","4199061","CM병원","11","11560","1156010500","서울특별시","영등포구","영등포동4가","20251016","41016018","1082"
"41016018","1082","명성운수종점-내유동차고지(미","51","7101945","청과시장교차로(미정차)","11","11560","1156010500","서울특별시","영등포구","영등포동4가","20251016","41016018","1082"
"41016018","1082","명성운수종점-내유동차고지(미","52","4100732","영등포시장역3번출구","11","11560","1156010600","서울특별시","영등포구","영등포동5가","20251016","41016018","1082"
"41016018","1082","명성운수종점-내유동차고지(미","53","4100728","당산푸르지오아파트","11","11560","1156010900","서울특별시","영등포구","영등포동8가","20251016","41016018","1082"
"41016018","1082","명성운수종점-내유동차고지(미","54","4100726","당산역.삼성래미안아파트","11","11560","1156011600","서울특별시","영등포구","당산동6가","20251016","41016018","1082"
"41016018","1082","명성운수종점-내유동차고지(미","55","7103492","양화대교북단(미정차)","11","11440","1144012200","서울특별시","마포구","합정동","20251016","41016018","1082"
"41016018","1082","명성운수종점-내유동차고지(미","56","7103427","성산대교북단(미정차)","11","11440","1144012300","서울특별시","마포구","망원동","20251016","41016018","1082"
"41016018","1082","명성운수종점-내유동차고지(미","57","7104685","난지한강공원(미정차)","11","11440","1144012700","서울특별시","마포구","상암동","20251016","41016018","1082"
"41016018","1082","명성운수종점-내유동차고지(미","58","7103429","가양대교북단(미정차)","11","11440","1144012700","서울특별시","마포구","상암동","20251016","41016018","1082"
"41016018","1082","명성운수종점-내유동차고지(미","59","7104676","남고양IC(미정차)","41","41281","4128113100","경기도","고양시 덕양구","덕은동","20251016","41016018","1082"
"41016018","1082","명성운수종점-내유동차고지(미","60","7103490","북로JC(미정차)","41","41281","4128113000","경기도","고양시 덕양구","현천동","20251016","41016018","1082"
"41016018","1082","명성운수종점-내유동차고지(미","61","4151669","행주산성입구.행주내동","41","41281","4128112500","경기도","고양시 덕양구","행주내동","20251016","41016018","1082"
"41016018","1082","명성운수종점-내유동차고지(미","62","4111228","맨돌","41","41281","4128112500","경기도","고양시 덕양구","행주내동","20251016","41016018","1082"
"41016018","1082","명성운수종점-내유동차고지(미","63","4111226","능곡화원","41","41281","4128112500","경기도","고양시 덕양구","행주내동","20251016","41016018","1082"
"41016018","1082","명성운수종점-내유동차고지(미","64","4111337","토당초등학교.우창프라자","41","41281","4128112000","경기도","고양시 덕양구","토당동","20251016","41016018","1082"
"41016018","1082","명성운수종점-내유동차고지(미","65","4111335","행신동삼거리.무원마을10단지","41","41281","4128112800","경기도","고양시 덕양구","행신동","20251016","41016018","1082"
"41016018","1082","명성운수종점-내유동차고지(미","66","4111333","무원고교","41","41281","4128112800","경기도","고양시 덕양구","행신동","20251016","41016018","1082"
"41016018","1082","명성운수종점-내유동차고지(미","67","4111331","소만초등학교.소만마을8단지","41","41281","4128112800","경기도","고양시 덕양구","행신동","20251016","41016018","1082"
"41016018","1082","명성운수종점-내유동차고지(미","68","4197012","가라뫼","41","41281","4128112800","경기도","고양시 덕양구","행신동","20251016","41016018","1082"
"41016018","1082","명성운수종점-내유동차고지(미","69","4111327","햇빛마을23단지","41","41281","4128112800","경기도","고양시 덕양구","행신동","20251016","41016018","1082"
"41016018","1082","명성운수종점-내유동차고지(미","70","4111325","행신초등학교.더자인병원","41","41281","4128112800","경기도","고양시 덕양구","행신동","20251016","41016018","1082"
"41016018","1082","명성운수종점-내유동차고지(미","71","4111323","햇빛18단지.롯데마트고양점","41","41281","4128112300","경기도","고양시 덕양구","화정동","20251016","41016018","1082"
"41016018","1082","명성운수종점-내유동차고지(미","72","4111321","화정2동행정복지센터","41","41281","4128112300","경기도","고양시 덕양구","화정동","20251016","41016018","1082"
"41016018","1082","명성운수종점-내유동차고지(미","73","4111320","근린공원","41","41281","4128112300","경기도","고양시 덕양구","화정동","20251016","41016018","1082"
"41016018","1082","명성운수종점-내유동차고지(미","74","4111211","화정역.롯데마트","41","41281","4128112300","경기도","고양시 덕양구","화정동","20251016","41016018","1082"
"41016018","1082","명성운수종점-내유동차고지(미","75","4111316","덕양구청","41","41281","4128112300","경기도","고양시 덕양구","화정동","20251016","41016018","1082"
"41016018","1082","명성운수종점-내유동차고지(미","76","4111315","화정동단독주택단지","41","41281","4128112300","경기도","고양시 덕양구","화정동","20251016","41016018","1082"
"41016018","1082","명성운수종점-내유동차고지(미","77","4111312","명지병원.은빛마을5단지","41","41281","4128112300","경기도","고양시 덕양구","화정동","20251016","41016018","1082"
"41016018","1082","명성운수종점-내유동차고지(미","78","4111311","화정1동행정복지센터","41","41281","4128112300","경기도","고양시 덕양구","화정동","20251016","41016018","1082"
"41016018","1082","명성운수종점-내유동차고지(미","79","4111309","고양어울림누리.달빛마을1단지","41","41281","4128112300","경기도","고양시 덕양구","화정동","20251016","41016018","1082"
"41016018","1082","명성운수종점-내유동차고지(미","80","4111307","성사2동행정복지센터","41","41281","4128110600","경기도","고양시 덕양구","성사동","20251016","41016018","1082"
"41016018","1082","명성운수종점-내유동차고지(미","81","4111304","고양시청","41","41281","4128110100","경기도","고양시 덕양구","주교동","20251016","41016018","1082"
"41016018","1082","명성운수종점-내유동차고지(미","82","4111302","원릉역","41","41281","4128110100","경기도","고양시 덕양구","주교동","20251016","41016018","1082"
"41016018","1082","명성운수종점-내유동차고지(미","83","4111300","윗배다리","41","41281","4128110600","경기도","고양시 덕양구","성사동","20251016","41016018","1082"
"41016018","1082","명성운수종점-내유동차고지(미","84","4111298","부대앞","41","41281","4128110600","경기도","고양시 덕양구","성사동","20251016","41016018","1082"
"41016018","1082","명성운수종점-내유동차고지(미","85","4111296","왕릉골","41","41281","4128110200","경기도","고양시 덕양구","원당동","20251016","41016018","1082"
"41016018","1082","명성운수종점-내유동차고지(미","86","4111294","삼릉역","41","41281","4128110200","경기도","고양시 덕양구","원당동","20251016","41016018","1082"
"41016018","1082","명성운수종점-내유동차고지(미","87","4111292","청대골","41","41281","4128110200","경기도","고양시 덕양구","원당동","20251016","41016018","1082"
"41016018","1082","명성운수종점-내유동차고지(미","88","4111290","쥬쥬테마동물원","41","41281","4128110200","경기도","고양시 덕양구","원당동","20251016","41016018","1082"
"41016018","1082","명성운수종점-내유동차고지(미","89","4111452","벽제교삼거리","41","41285","4128510900","경기도","고양시 일산동구","사리현동","20251016","41016018","1082"
"41016018","1082","명성운수종점-내유동차고지(미","90","4115533","관산삼거리","41","41281","4128111800","경기도","고양시 덕양구","관산동","20251016","41016018","1082"
"41016018","1082","명성운수종점-내유동차고지(미","91","4115536","두포동.관산동성당","41","41281","4128111800","경기도","고양시 덕양구","관산동","20251016","41016018","1082"
"41016018","1082","명성운수종점-내유동차고지(미","92","4115537","가장동","41","41281","4128111800","경기도","고양시 덕양구","관산동","20251016","41016018","1082"
"41016018","1082","명성운수종점-내유동차고지(미","93","4115540","고골입구","41","41281","4128111800","경기도","고양시 덕양구","관산동","20251016","41016018","1082"
"41016018","1082","명성운수종점-내유동차고지(미","94","4115541","서울시립고양병원입구","41","41281","4128111900","경기도","고양시 덕양구","내유동","20251016","41016018","1082"
"41016018","1082","명성운수종점-내유동차고지(미","95","4115543","내유초등학교앞","41","41281","4128111900","경기도","고양시 덕양구","내유동","20251016","41016018","1082"
"41016018","1082","명성운수종점-내유동차고지(미","96","4115545","윗내유동.희망양로원","41","41281","4128111900","경기도","고양시 덕양구","내유동","20251016","41016018","1082"
"41016018","1082","명성운수종점-내유동차고지(미","97","4115599","중간내유동","41","41281","4128111900","경기도","고양시 덕양구","내유동","20251016","41016018","1082"
"41016018","1082","명성운수종점-내유동차고지(미","98","4177760","내유동","41","41281","4128111900","경기도","고양시 덕양구","내유동","20251016","41016018","1082"
"41016018","1082","명성운수종점-내유동차고지(미","99","4177998","신성슈퍼앞","41","41281","4128111900","경기도","고양시 덕양구","내유동","20251016","41016018","1082"
"41016018","1082","명성운수종점-내유동차고지(미","100","4124023","명성운수종점","41","41281","4128111900","경기도","고양시 덕양구","내유동","20251016","41016018","1082"
"41016018","1082","명성운수종점-내유동차고지(미","101","7102664","내유동차고지(미정차)","41","41281","4128111900","경기도","고양시 덕양구","내유동","20251016","41016018","1082"
"41016025","1000","대화동-대화동","0","4111002","대화동","41","41287","4128710400","경기도","고양시 일산서구","대화동","20251016","41016025","1000"
"41016025","1000","대화동-대화동","1","7103705","대화7단지사거리(미정차)","41","41287","4128710400","경기도","고양시 일산서구","대화동","20251016","41016025","1000"
"41016025","1000","대화동-대화동","2","4110909","현대파크아파트.양우아파트","41","41287","4128710400","경기도","고양시 일산서구","대화동","20251016","41016025","1000"
"41016025","1000","대화동-대화동","3","4110906","송포파출소.송포농협","41","41287","4128710400","경기도","고양시 일산서구","대화동","20251016","41016025","1000"
"41016025","1000","대화동-대화동","4","4127137","대화역(중)","41","41287","4128710400","경기도","고양시 일산서구","대화동","20251016","41016025","1000"
"41016025","1000","대화동-대화동","5","4106851","문촌마을(중)","41","41287","4128710200","경기도","고양시 일산서구","주엽동","20251016","41016025","1000"
"41016025","1000","대화동-대화동","6","4106852","주엽역(중)","41","41287","4128710200","경기도","고양시 일산서구","주엽동","20251016","41016025","1000"
"41016025","1000","대화동-대화동","7","4110807","강선마을(중)","41","41287","4128710200","경기도","고양시 일산서구","주엽동","20251016","41016025","1000"
"41016025","1000","대화동-대화동","8","4106859","일산동구청(중)","41","41285","4128510400","경기도","고양시 일산동구","장항동","20251016","41016025","1000"
"41016025","1000","대화동-대화동","9","4106821","마두역(중)","41","41285","4128510400","경기도","고양시 일산동구","장항동","20251016","41016025","1000"
"41016025","1000","대화동-대화동","10","4196168","알미공원.일산동구보건소(중)","41","41285","4128510600","경기도","고양시 일산동구","백석동","20251016","41016025","1000"
"41016025","1000","대화동-대화동","11","4110865","백석동.요진와이시티(중)","41","41285","4128510600","경기도","고양시 일산동구","백석동","20251016","41016025","1000"
"41016025","1000","대화동-대화동","12","4111341","고양경찰서.토당청소년수련관(중)","41","41281","4128112300","경기도","고양시 덕양구","화정동","20251016","41016025","1000"
"41016025","1000","대화동-대화동","13","4196170","행신초등학교.더자인병원(중)","41","41281","4128112800","경기도","고양시 덕양구","행신동","20251016","41016025","1000"
"41016025","1000","대화동-대화동","14","4196171","행신동(중)","41","41281","4128112800","경기도","고양시 덕양구","행신동","20251016","41016025","1000"
"41016025","1000","대화동-대화동","15","4111372","소만마을(중)","41","41281","4128112800","경기도","고양시 덕양구","행신동","20251016","41016025","1000"
"41016025","1000","대화동-대화동","16","4178115","서정마을(중)","41","41281","4128112800","경기도","고양시 덕양구","행신동","20251016","41016025","1000"
"41016025","1000","대화동-대화동","17","7103090","화전사거리(미정차)","41","41281","4128112900","경기도","고양시 덕양구","화전동","20251016","41016025","1000"
"41016025","1000","대화동-대화동","18","7104680","덕은교교차로(미정차)","41","41281","4128113100","경기도","고양시 덕양구","덕은동","20251016","41016025","1000"
"41016025","1000","대화동-대화동","19","4151586","디지털미디어시티역(중)","11","11380","1138011000","서울특별시","은평구","증산동","20251016","41016025","1000"
"41016025","1000","대화동-대화동","20","7103096","증산교교차로(미정차)","11","11380","1138011000","서울특별시","은평구","증산동","20251016","41016025","1000"
"41016025","1000","대화동-대화동","21","7104682","사천교(미정차)","11","11410","1141012000","서울특별시","서대문구","남가좌동","20251016","41016025","1000"
"41016025","1000","대화동-대화동","22","4151598","연세대앞(중)","11","11410","1141011600","서울특별시","서대문구","창천동","20251016","41016025","1000"
"41016025","1000","대화동-대화동","23","7101784","신촌역로(미정차)","11","11410","1141011400","서울특별시","서대문구","신촌동","20251016","41016025","1000"
"41016025","1000","대화동-대화동","24","7103098","독립문고가차도(미정차)","11","11410","1141010900","서울특별시","서대문구","현저동","20251016","41016025","1000"
"41016025","1000","대화동-대화동","25","7103099","경복궁역(미정차)","11","11110","1111011400","서울특별시","종로구","내자동","20251016","41016025","1000"
"41016025","1000","대화동-대화동","26","4111612","광화문역6번출구.광화문빌딩","11","11110","1111011900","서울특별시","종로구","세종로","20251016","41016025","1000"
"41016025","1000","대화동-대화동","27","7104283","시청교차로(미정차)","11","11140","1114011400","서울특별시","중구","태평로2가","20251016","41016025","1000"
"41016025","1000","대화동-대화동","28","4111614","신한은행본점","11","11140","1114011400","서울특별시","중구","태평로2가","20251016","41016025","1000"
"41016025","1000","대화동-대화동","29","4108423","숭례문","11","11140","1114011800","서울특별시","중구","남대문로5가","20251016","41016025","1000"
"41016025","1000","대화동-대화동","30","7101885","염천교사거리(미정차)","11","11140","1114016800","서울특별시","중구","순화동","20251016","41016025","1000"
"41016025","1000","대화동-대화동","31","4108486","경찰청.동북아역사재단(중)","11","11140","1114016900","서울특별시","중구","의주로1가","20251016","41016025","1000"
"41016025","1000","대화동-대화동","32","7102320","독립문고가차도(미정차)","11","11110","1111018000","서울특별시","종로구","교북동","20251016","41016025","1000"
"41016025","1000","대화동-대화동","33","7104396","봉원동사거리(미정차)","11","11410","1141011400","서울특별시","서대문구","신촌동","20251016","41016025","1000"
"41016025","1000","대화동-대화동","34","4151599","연세대앞(중)","11","11410","1141011600","서울특별시","서대문구","창천동","20251016","41016025","1000"
"41016025","1000","대화동-대화동","35","7104683","사천교(미정차)","11","11410","1141011700","서울특별시","서대문구","연희동","20251016","41016025","1000"
"41016025","1000","대화동-대화동","36","4151587","디지털미디어시티역(중)","11","11380","1138011000","서울특별시","은평구","증산동","20251016","41016025","1000"
"41016025","1000","대화동-대화동","37","7104681","덕은교교차로(미정차)","41","41281","4128113100","경기도","고양시 덕양구","덕은동","20251016","41016025","1000"
"41016025","1000","대화동-대화동","38","7103091","화전사거리(미정차)","41","41281","4128112900","경기도","고양시 덕양구","화전동","20251016","41016025","1000"
"41016025","1000","대화동-대화동","39","4178112","서정마을(중)","41","41281","4128112800","경기도","고양시 덕양구","행신동","20251016","41016025","1000"
"41016025","1000","대화동-대화동","40","4178046","소만마을(중)","41","41281","4128112800","경기도","고양시 덕양구","행신동","20251016","41016025","1000"
"41016025","1000","대화동-대화동","41","4111329","행신동(중)","41","41281","4128112800","경기도","고양시 덕양구","행신동","20251016","41016025","1000"
"41016025","1000","대화동-대화동","42","4196172","행신초등학교.더자인병원(중)","41","41281","4128112800","경기도","고양시 덕양구","행신동","20251016","41016025","1000"
"41016025","1000","대화동-대화동","43","4196173","고양경찰서.토당청소년수련관(중)","41","41281","4128112300","경기도","고양시 덕양구","화정동","20251016","41016025","1000"
"41016025","1000","대화동-대화동","44","4106815","백석동.요진와이시티(중)","41","41285","4128510600","경기도","고양시 일산동구","백석동","20251016","41016025","1000"
"41016025","1000","대화동-대화동","45","4106817","안산공원.일산동구보건소(중)","41","41285","4128510600","경기도","고양시 일산동구","백석동","20251016","41016025","1000"
"41016025","1000","대화동-대화동","46","4106822","마두역(중)","41","41285","4128510500","경기도","고양시 일산동구","마두동","20251016","41016025","1000"
"41016025","1000","대화동-대화동","47","4110809","일산동구청(중)","41","41285","4128510500","경기도","고양시 일산동구","마두동","20251016","41016025","1000"
"41016025","1000","대화동-대화동","48","4110808","강선마을(중)","41","41287","4128710200","경기도","고양시 일산서구","주엽동","20251016","41016025","1000"
"41016025","1000","대화동-대화동","49","4110806","주엽역(중)","41","41287","4128710200","경기도","고양시 일산서구","주엽동","20251016","41016025","1000"
"41016025","1000","대화동-대화동","50","4110878","문촌마을(중)","41","41287","4128710200","경기도","고양시 일산서구","주엽동","20251016","41016025","1000"
"41016025","1000","대화동-대화동","51","4127138","대화역(중)","41","41287","4128710400","경기도","고양시 일산서구","대화동","20251016","41016025","1000"
"41016025","1000","대화동-대화동","52","4110907","송포파출소.송포농협","41","41287","4128710400","경기도","고양시 일산서구","대화동","20251016","41016025","1000"
"41016025","1000","대화동-대화동","53","4110908","양우아파트.송포청소년문화의집","41","41287","4128710400","경기도","고양시 일산서구","대화동","20251016","41016025","1000"
"41016025","1000","대화동-대화동","54","4111003","대화동","41","41287","4128710400","경기도","고양시 일산서구","대화동","20251016","41016025","1000"
"41016027","1200","고양공영차고지-고양공영차고지","0","4150011","고양공영차고지","41","41287","4128710400","경기도","고양시 일산서구","대화동","20251016","41016027","1200"
"41016027","1200","고양공영차고지-고양공영차고지","1","4123865","일산중심병원입구","41","41287","4128710500","경기도","고양시 일산서구","덕이동","20251016","41016027","1200"
"41016027","1200","고양공영차고지-고양공영차고지","2","4177510","하이파크시티3.5단지","41","41287","4128710500","경기도","고양시 일산서구","덕이동","20251016","41016027","1200"
"41016027","1200","고양공영차고지-고양공영차고지","3","4110936","탄현큰마을.동성아파트","41","41287","4128710300","경기도","고양시 일산서구","탄현동","20251016","41016027","1200"
"41016027","1200","고양공영차고지-고양공영차고지","4","4110818","탄현마을5.6단지","41","41287","4128710300","경기도","고양시 일산서구","탄현동","20251016","41016027","1200"
"41016027","1200","고양공영차고지-고양공영차고지","5","4110822","탄현2단지.삼익아파트","41","41287","4128710300","경기도","고양시 일산서구","탄현동","20251016","41016027","1200"
"41016027","1200","고양공영차고지-고양공영차고지","6","4110824","현산초교","41","41287","4128710300","경기도","고양시 일산서구","탄현동","20251016","41016027","1200"
"41016027","1200","고양공영차고지-고양공영차고지","7","4110828","중산마을2단지.해태쇼핑.코오롱아파트","41","41285","4128510200","경기도","고양시 일산동구","중산동","20251016","41016027","1200"
"41016027","1200","고양공영차고지-고양공영차고지","8","4110830","중산6단지.중산초교.중산중학교","41","41285","4128510200","경기도","고양시 일산동구","중산동","20251016","41016027","1200"
"41016027","1200","고양공영차고지-고양공영차고지","9","4110832","삼성아파트.중산마을8단지","41","41285","4128510200","경기도","고양시 일산동구","중산동","20251016","41016027","1200"
"41016027","1200","고양공영차고지-고양공영차고지","10","4110835","중산마을10단지.동신아파트","41","41285","4128510200","경기도","고양시 일산동구","중산동","20251016","41016027","1200"
"41016027","1200","고양공영차고지-고양공영차고지","11","4110837","중산마을입구.쌍용아파트.실로암병원","41","41287","4128710100","경기도","고양시 일산서구","일산동","20251016","41016027","1200"
"41016027","1200","고양공영차고지-고양공영차고지","12","4110839","산들대림아파트.롯데마트","41","41287","4128710100","경기도","고양시 일산서구","일산동","20251016","41016027","1200"
"41016027","1200","고양공영차고지-고양공영차고지","13","4110891","밤가시마을","41","41285","4128510300","경기도","고양시 일산동구","정발산동","20251016","41016027","1200"
"41016027","1200","고양공영차고지-고양공영차고지","14","4110889","국립암센터","41","41285","4128510500","경기도","고양시 일산동구","마두동","20251016","41016027","1200"
"41016027","1200","고양공영차고지-고양공영차고지","15","4110851","마두1동행정복지센터.마두청소년수련관","41","41285","4128510500","경기도","고양시 일산동구","마두동","20251016","41016027","1200"
"41016027","1200","고양공영차고지-고양공영차고지","16","4111194","백송마을1.2단지","41","41285","4128510600","경기도","고양시 일산동구","백석동","20251016","41016027","1200"
"41016027","1200","고양공영차고지-고양공영차고지","17","4111195","백석도서관.일산병원","41","41285","4128510600","경기도","고양시 일산동구","백석동","20251016","41016027","1200"
"41016027","1200","고양공영차고지-고양공영차고지","18","4110912","백석역.고양종합터미널","41","41285","4128510600","경기도","고양시 일산동구","백석동","20251016","41016027","1200"
"41016027","1200","고양공영차고지-고양공영차고지","19","4110865","백석동.요진와이시티(중)","41","41285","4128510600","경기도","고양시 일산동구","백석동","20251016","41016027","1200"
"41016027","1200","고양공영차고지-고양공영차고지","20","4111216","대곡역(중)","41","41281","4128112200","경기도","고양시 덕양구","대장동","20251016","41016027","1200"
"41016027","1200","고양공영차고지-고양공영차고지","21","4111341","고양경찰서.토당청소년수련관(중)","41","41281","4128112300","경기도","고양시 덕양구","화정동","20251016","41016027","1200"
"41016027","1200","고양공영차고지-고양공영차고지","22","4196170","행신초등학교.더자인병원(중)","41","41281","4128112800","경기도","고양시 덕양구","행신동","20251016","41016027","1200"
"41016027","1200","고양공영차고지-고양공영차고지","23","4196171","행신동(중)","41","41281","4128112800","경기도","고양시 덕양구","행신동","20251016","41016027","1200"
"41016027","1200","고양공영차고지-고양공영차고지","24","4111372","소만마을(중)","41","41281","4128112800","경기도","고양시 덕양구","행신동","20251016","41016027","1200"
"41016027","1200","고양공영차고지-고양공영차고지","25","4178115","서정마을(중)","41","41281","4128112800","경기도","고양시 덕양구","행신동","20251016","41016027","1200"
"41016027","1200","고양공영차고지-고양공영차고지","26","7103090","화전사거리(미정차)","41","41281","4128112900","경기도","고양시 덕양구","화전동","20251016","41016027","1200"
"41016027","1200","고양공영차고지-고양공영차고지","27","4111383","덕은동(중)","41","41281","4128113100","경기도","고양시 덕양구","덕은동","20251016","41016027","1200"
"41016027","1200","고양공영차고지-고양공영차고지","28","4151580","덕은교.은평차고지앞(중)","11","11380","1138010100","서울특별시","은평구","수색동","20251016","41016027","1200"
"41016027","1200","고양공영차고지-고양공영차고지","29","4151586","디지털미디어시티역(중)","11","11380","1138011000","서울특별시","은평구","증산동","20251016","41016027","1200"
"41016027","1200","고양공영차고지-고양공영차고지","30","7103096","증산교교차로(미정차)","11","11380","1138011000","서울특별시","은평구","증산동","20251016","41016027","1200"
"41016027","1200","고양공영차고지-고양공영차고지","31","7104682","사천교(미정차)","11","11410","1141012000","서울특별시","서대문구","남가좌동","20251016","41016027","1200"
"41016027","1200","고양공영차고지-고양공영차고지","32","4151598","연세대앞(중)","11","11410","1141011600","서울특별시","서대문구","창천동","20251016","41016027","1200"
"41016027","1200","고양공영차고지-고양공영차고지","33","7101784","신촌역로(미정차)","11","11410","1141011400","서울특별시","서대문구","신촌동","20251016","41016027","1200"
"41016027","1200","고양공영차고지-고양공영차고지","34","7103098","독립문고가차도(미정차)","11","11410","1141010900","서울특별시","서대문구","현저동","20251016","41016027","1200"
"41016027","1200","고양공영차고지-고양공영차고지","35","7103099","경복궁역(미정차)","11","11110","1111011400","서울특별시","종로구","내자동","20251016","41016027","1200"
"41016027","1200","고양공영차고지-고양공영차고지","36","4111612","광화문역6번출구.광화문빌딩","11","11110","1111011900","서울특별시","종로구","세종로","20251016","41016027","1200"
"41016027","1200","고양공영차고지-고양공영차고지","37","7104283","시청교차로(미정차)","11","11140","1114011400","서울특별시","중구","태평로2가","20251016","41016027","1200"
"41016027","1200","고양공영차고지-고양공영차고지","38","4111614","신한은행본점","11","11140","1114011400","서울특별시","중구","태평로2가","20251016","41016027","1200"
"41016027","1200","고양공영차고지-고양공영차고지","39","4108423","숭례문","11","11140","1114011800","서울특별시","중구","남대문로5가","20251016","41016027","1200"
"41016027","1200","고양공영차고지-고양공영차고지","40","7101885","염천교사거리(미정차)","11","11140","1114016800","서울특별시","중구","순화동","20251016","41016027","1200"
"41016027","1200","고양공영차고지-고양공영차고지","41","7101993","경찰서앞교차로(미정차)","11","11140","1114016800","서울특별시","중구","순화동","20251016","41016027","1200"
"41016027","1200","고양공영차고지-고양공영차고지","42","4108486","경찰청.동북아역사재단(중)","11","11140","1114016900","서울특별시","중구","의주로1가","20251016","41016027","1200"
"41016027","1200","고양공영차고지-고양공영차고지","43","7102320","독립문고가차도(미정차)","11","11110","1111018000","서울특별시","종로구","교북동","20251016","41016027","1200"
"41016027","1200","고양공영차고지-고양공영차고지","44","7104396","봉원동사거리(미정차)","11","11410","1141011400","서울특별시","서대문구","신촌동","20251016","41016027","1200"
"41016027","1200","고양공영차고지-고양공영차고지","45","4151599","연세대앞(중)","11","11410","1141011600","서울특별시","서대문구","창천동","20251016","41016027","1200"
"41016027","1200","고양공영차고지-고양공영차고지","46","7104683","사천교(미정차)","11","11410","1141011700","서울특별시","서대문구","연희동","20251016","41016027","1200"
"41016027","1200","고양공영차고지-고양공영차고지","47","4151587","디지털미디어시티역(중)","11","11380","1138011000","서울특별시","은평구","증산동","20251016","41016027","1200"
"41016027","1200","고양공영차고지-고양공영차고지","48","4151581","덕은교.은평차고지앞(중)","11","11380","1138010100","서울특별시","은평구","수색동","20251016","41016027","1200"
"41016027","1200","고양공영차고지-고양공영차고지","49","4111384","덕은동(중)","41","41281","4128113100","경기도","고양시 덕양구","덕은동","20251016","41016027","1200"
"41016027","1200","고양공영차고지-고양공영차고지","50","7103091","화전사거리(미정차)","41","41281","4128112900","경기도","고양시 덕양구","화전동","20251016","41016027","1200"
"41016027","1200","고양공영차고지-고양공영차고지","51","4178112","서정마을(중)","41","41281","4128112800","경기도","고양시 덕양구","행신동","20251016","41016027","1200"
"41016027","1200","고양공영차고지-고양공영차고지","52","4178046","소만마을(중)","41","41281","4128112800","경기도","고양시 덕양구","행신동","20251016","41016027","1200"
"41016027","1200","고양공영차고지-고양공영차고지","53","4111329","행신동(중)","41","41281","4128112800","경기도","고양시 덕양구","행신동","20251016","41016027","1200"
"41016027","1200","고양공영차고지-고양공영차고지","54","4196172","행신초등학교.더자인병원(중)","41","41281","4128112800","경기도","고양시 덕양구","행신동","20251016","41016027","1200"
"41016027","1200","고양공영차고지-고양공영차고지","55","4196173","고양경찰서.토당청소년수련관(중)","41","41281","4128112300","경기도","고양시 덕양구","화정동","20251016","41016027","1200"
"41016027","1200","고양공영차고지-고양공영차고지","56","4111217","대곡역(중)","41","41281","4128112000","경기도","고양시 덕양구","토당동","20251016","41016027","1200"
"41016027","1200","고양공영차고지-고양공영차고지","57","4106815","백석동.요진와이시티(중)","41","41285","4128510600","경기도","고양시 일산동구","백석동","20251016","41016027","1200"
"41016027","1200","고양공영차고지-고양공영차고지","58","4106865","백석역.고양종합터미널","41","41285","4128510600","경기도","고양시 일산동구","백석동","20251016","41016027","1200"
"41016027","1200","고양공영차고지-고양공영차고지","59","4111197","백석도서관.일산병원","41","41285","4128510600","경기도","고양시 일산동구","백석동","20251016","41016027","1200"
"41016027","1200","고양공영차고지-고양공영차고지","60","4106868","백송마을8.9단지","41","41285","4128510600","경기도","고양시 일산동구","백석동","20251016","41016027","1200"
"41016027","1200","고양공영차고지-고양공영차고지","61","4106870","마두1동행정복지센터.마두청소년수련관","41","41285","4128510500","경기도","고양시 일산동구","마두동","20251016","41016027","1200"
"41016027","1200","고양공영차고지-고양공영차고지","62","4106849","국립암센터","41","41285","4128510500","경기도","고양시 일산동구","마두동","20251016","41016027","1200"
"41016027","1200","고양공영차고지-고양공영차고지","63","4106846","밤가시마을","41","41285","4128510300","경기도","고양시 일산동구","정발산동","20251016","41016027","1200"
"41016027","1200","고양공영차고지-고양공영차고지","64","4110840","산들마을.대림아파트.롯데마트","41","41285","4128510200","경기도","고양시 일산동구","중산동","20251016","41016027","1200"
"41016027","1200","고양공영차고지-고양공영차고지","65","4110838","쌍용아파트.중산마을입구","41","41287","4128710100","경기도","고양시 일산서구","일산동","20251016","41016027","1200"
"41016027","1200","고양공영차고지-고양공영차고지","66","4110836","중산마을10단지.동신아파트","41","41285","4128510200","경기도","고양시 일산동구","중산동","20251016","41016027","1200"
"41016027","1200","고양공영차고지-고양공영차고지","67","4110834","중산마을11단지.현대아파트.삼성아파트","41","41285","4128510200","경기도","고양시 일산동구","중산동","20251016","41016027","1200"
"41016027","1200","고양공영차고지-고양공영차고지","68","4110831","중산중학교.중산마을5단지","41","41285","4128510200","경기도","고양시 일산동구","중산동","20251016","41016027","1200"
"41016027","1200","고양공영차고지-고양공영차고지","69","4110829","중산마을2단지.해태쇼핑.코오롱아파트","41","41285","4128510200","경기도","고양시 일산동구","중산동","20251016","41016027","1200"
"41016027","1200","고양공영차고지-고양공영차고지","70","4110825","탄현마을","41","41287","4128710300","경기도","고양시 일산서구","탄현동","20251016","41016027","1200"
"41016027","1200","고양공영차고지-고양공영차고지","71","4110823","탄현2단지.삼익아파트","41","41287","4128710300","경기도","고양시 일산서구","탄현동","20251016","41016027","1200"
"41016027","1200","고양공영차고지-고양공영차고지","72","4110819","탄현마을5.6단지","41","41287","4128710300","경기도","고양시 일산서구","탄현동","20251016","41016027","1200"
"41016027","1200","고양공영차고지-고양공영차고지","73","4110937","탄현큰마을.동성아파트","41","41287","4128710300","경기도","고양시 일산서구","탄현동","20251016","41016027","1200"
"41016027","1200","고양공영차고지-고양공영차고지","74","4177511","하이파크시티3.5단지","41","41287","4128710500","경기도","고양시 일산서구","덕이동","20251016","41016027","1200"
"41016027","1200","고양공영차고지-고양공영차고지","75","4123864","일산중심병원입구","41","41287","4128710500","경기도","고양시 일산서구","덕이동","20251016","41016027","1200"
"41016027","1200","고양공영차고지-고양공영차고지","76","4150012","고양공영차고지","41","41287","4128710400","경기도","고양시 일산서구","대화동","20251016","41016027","1200"
"41016029","9700","기점진입전(미정-대화역(중)","0","7103703","기점진입전(미정차)","41","41287","4128710400","경기도","고양시 일산서구","대화동","20251016","41016029","9700"
"41016029","9700","기점진입전(미정-대화역(중)","1","4127137","대화역(중)","41","41287","4128710400","경기도","고양시 일산서구","대화동","20251016","41016029","9700"
"41016029","9700","기점진입전(미정-대화역(중)","2","4106840","백병원(중)","41","41287","4128710400","경기도","고양시 일산서구","대화동","20251016","41016029","9700"
"41016029","9700","기점진입전(미정-대화역(중)","3","4106851","문촌마을(중)","41","41287","4128710200","경기도","고양시 일산서구","주엽동","20251016","41016029","9700"
"41016029","9700","기점진입전(미정-대화역(중)","4","4106852","주엽역(중)","41","41287","4128710200","경기도","고양시 일산서구","주엽동","20251016","41016029","9700"
"41016029","9700","기점진입전(미정-대화역(중)","5","4110807","강선마을(중)","41","41287","4128710200","경기도","고양시 일산서구","주엽동","20251016","41016029","9700"
"41016029","9700","기점진입전(미정-대화역(중)","6","4110880","일산동부경찰서(중)","41","41285","4128510300","경기도","고양시 일산동구","정발산동","20251016","41016029","9700"
"41016029","9700","기점진입전(미정-대화역(중)","7","4106859","일산동구청(중)","41","41285","4128510400","경기도","고양시 일산동구","장항동","20251016","41016029","9700"
"41016029","9700","기점진입전(미정-대화역(중)","8","4106821","마두역(중)","41","41285","4128510400","경기도","고양시 일산동구","장항동","20251016","41016029","9700"
"41016029","9700","기점진입전(미정-대화역(중)","9","4196168","알미공원.일산동구보건소(중)","41","41285","4128510600","경기도","고양시 일산동구","백석동","20251016","41016029","9700"
"41016029","9700","기점진입전(미정-대화역(중)","10","4106818","백석역(중)","41","41285","4128510600","경기도","고양시 일산동구","백석동","20251016","41016029","9700"
"41016029","9700","기점진입전(미정-대화역(중)","11","4110865","백석동.요진와이시티(중)","41","41285","4128510600","경기도","고양시 일산동구","백석동","20251016","41016029","9700"
"41016029","9700","기점진입전(미정-대화역(중)","12","4111216","대곡역(중)","41","41281","4128112200","경기도","고양시 덕양구","대장동","20251016","41016029","9700"
"41016029","9700","기점진입전(미정-대화역(중)","13","7103094","토당육교(미정차)","41","41281","4128112000","경기도","고양시 덕양구","토당동","20251016","41016029","9700"
"41016029","9700","기점진입전(미정-대화역(중)","14","4111341","고양경찰서.토당청소년수련관(중)","41","41281","4128112300","경기도","고양시 덕양구","화정동","20251016","41016029","9700"
"41016029","9700","기점진입전(미정-대화역(중)","15","4196170","행신초등학교.더자인병원(중)","41","41281","4128112800","경기도","고양시 덕양구","행신동","20251016","41016029","9700"
"41016029","9700","기점진입전(미정-대화역(중)","16","4196171","행신동(중)","41","41281","4128112800","경기도","고양시 덕양구","행신동","20251016","41016029","9700"
"41016029","9700","기점진입전(미정-대화역(중)","17","4178031","서정마을입구","41","41281","4128112800","경기도","고양시 덕양구","행신동","20251016","41016029","9700"
"41016029","9700","기점진입전(미정-대화역(중)","18","7103761","강매IC(미정차)","41","41281","4128112400","경기도","고양시 덕양구","강매동","20251016","41016029","9700"
"41016029","9700","기점진입전(미정-대화역(중)","19","7104677","남고양IC(미정차)","41","41281","4128113100","경기도","고양시 덕양구","덕은동","20251016","41016029","9700"
"41016029","9700","기점진입전(미정-대화역(중)","20","7103428","가양대교북단(미정차)","11","11440","1144012700","서울특별시","마포구","상암동","20251016","41016029","9700"
"41016029","9700","기점진입전(미정-대화역(중)","21","7104684","난지한강공원(미정차)","11","11440","1144012700","서울특별시","마포구","상암동","20251016","41016029","9700"
"41016029","9700","기점진입전(미정-대화역(중)","22","7103426","성산대교북단(미정차)","11","11440","1144012700","서울특별시","마포구","상암동","20251016","41016029","9700"
"41016029","9700","기점진입전(미정-대화역(중)","23","7103491","양화대교북단(미정차)","11","11440","1144012200","서울특별시","마포구","합정동","20251016","41016029","9700"
"41016029","9700","기점진입전(미정-대화역(중)","24","7103493","서강대교북단(미정차)","11","11440","1144011600","서울특별시","마포구","하중동","20251016","41016029","9700"
"41016029","9700","기점진입전(미정-대화역(중)","25","7103495","마포대교북단(미정차)","11","11440","1144010700","서울특별시","마포구","마포동","20251016","41016029","9700"
"41016029","9700","기점진입전(미정-대화역(중)","26","7103497","원효대교북단(미정차)","11","11170","1117012900","서울특별시","용산구","이촌동","20251016","41016029","9700"
"41016029","9700","기점진입전(미정-대화역(중)","27","7103499","한강대교북단(미정차)","11","11170","1117012900","서울특별시","용산구","이촌동","20251016","41016029","9700"
"41016029","9700","기점진입전(미정-대화역(중)","28","7103501","동작대교북단(미정차)","11","11170","1117013500","서울특별시","용산구","용산동6가","20251016","41016029","9700"
"41016029","9700","기점진입전(미정-대화역(중)","29","7103503","반포대교북단(미정차)","11","11170","1117013300","서울특별시","용산구","서빙고동","20251016","41016029","9700"
"41016029","9700","기점진입전(미정-대화역(중)","30","7103399","한남IC(미정차)","11","11650","1165010600","서울특별시","서초구","잠원동","20251016","41016029","9700"
"41016029","9700","기점진입전(미정-대화역(중)","31","4121302","신사역.푸른저축은행(중)","11","11650","1165010600","서울특별시","서초구","잠원동","20251016","41016029","9700"
"41016029","9700","기점진입전(미정-대화역(중)","32","4151645","논현역(중)","11","11650","1165010700","서울특별시","서초구","반포동","20251016","41016029","9700"
"41016029","9700","기점진입전(미정-대화역(중)","33","4113598","신논현역.씨티은행","11","11650","1165010800","서울특별시","서초구","서초동","20251016","41016029","9700"
"41016029","9700","기점진입전(미정-대화역(중)","34","7103680","강남역.지오다노(미정차)","11","11650","1165010800","서울특별시","서초구","서초동","20251016","41016029","9700"
"41016029","9700","기점진입전(미정-대화역(중)","35","7102911","강남역10번출구(미정차)","11","11650","1165010800","서울특별시","서초구","서초동","20251016","41016029","9700"
"41016029","9700","기점진입전(미정-대화역(중)","36","4121307","강남역티월드","11","11650","1165010800","서울특별시","서초구","서초동","20251016","41016029","9700"
"41016029","9700","기점진입전(미정-대화역(중)","37","4116510","래미안아파트.파이낸셜뉴스","11","11650","1165010800","서울특별시","서초구","서초동","20251016","41016029","9700"
"41016029","9700","기점진입전(미정-대화역(중)","38","4121330","서초문화예술정보학교","11","11650","1165010800","서울특별시","서초구","서초동","20251016","41016029","9700"
"41016029","9700","기점진입전(미정-대화역(중)","39","4101734","양재역신한은행앞","11","11650","1165010200","서울특별시","서초구","양재동","20251016","41016029","9700"
"41016029","9700","기점진입전(미정-대화역(중)","40","4116480","말죽거리공원사거리","11","11650","1165010200","서울특별시","서초구","양재동","20251016","41016029","9700"
"41016029","9700","기점진입전(미정-대화역(중)","41","4151626","말죽거리공원사거리(중)","11","11650","1165010200","서울특별시","서초구","양재동","20251016","41016029","9700"
"41016029","9700","기점진입전(미정-대화역(중)","42","4151629","양재역.서초문화예술회관(중)","11","11650","1165010200","서울특별시","서초구","양재동","20251016","41016029","9700"
"41016029","9700","기점진입전(미정-대화역(중)","43","7102430","양재역사거리(미정차)","11","11680","1168011800","서울특별시","강남구","도곡동","20251016","41016029","9700"
"41016029","9700","기점진입전(미정-대화역(중)","44","4151633","뱅뱅사거리(중)","11","11680","1168011800","서울특별시","강남구","도곡동","20251016","41016029","9700"
"41016029","9700","기점진입전(미정-대화역(중)","45","4151635","래미안아파트.파이낸셜뉴스(중)","11","11680","1168010100","서울특별시","강남구","역삼동","20251016","41016029","9700"
"41016029","9700","기점진입전(미정-대화역(중)","46","4121309","신분당선.강남역4번출구","11","11680","1168010100","서울특별시","강남구","역삼동","20251016","41016029","9700"
"41016029","9700","기점진입전(미정-대화역(중)","47","4105915","신논현역","11","11680","1168010100","서울특별시","강남구","역삼동","20251016","41016029","9700"
"41016029","9700","기점진입전(미정-대화역(중)","48","7101814","교보타워사거리(미정차)","11","11680","1168010100","서울특별시","강남구","역삼동","20251016","41016029","9700"
"41016029","9700","기점진입전(미정-대화역(중)","49","4151644","논현역(중)","11","11680","1168010800","서울특별시","강남구","논현동","20251016","41016029","9700"
"41016029","9700","기점진입전(미정-대화역(중)","50","4151646","신사역(중)","11","11680","1168010800","서울특별시","강남구","논현동","20251016","41016029","9700"
"41016029","9700","기점진입전(미정-대화역(중)","51","7103400","한남IC(미정차)","11","11680","1168011000","서울특별시","강남구","압구정동","20251016","41016029","9700"
"41016029","9700","기점진입전(미정-대화역(중)","52","7103393","반포대교남단(미정차)","11","11650","1165010600","서울특별시","서초구","잠원동","20251016","41016029","9700"
"41016029","9700","기점진입전(미정-대화역(중)","53","7103395","동작대교남단(미정차)","11","11650","1165010700","서울특별시","서초구","반포동","20251016","41016029","9700"
"41016029","9700","기점진입전(미정-대화역(중)","54","7103397","한강대교남단(미정차)","11","11590","1159010400","서울특별시","동작구","본동","20251016","41016029","9700"
"41016029","9700","기점진입전(미정-대화역(중)","55","7103408","여의상류IC(미정차)","11","11560","1156011000","서울특별시","영등포구","여의도동","20251016","41016029","9700"
"41016029","9700","기점진입전(미정-대화역(중)","56","7100138","서울교(미정차)","11","11560","1156011000","서울특별시","영등포구","여의도동","20251016","41016029","9700"
"41016029","9700","기점진입전(미정-대화역(중)","57","7103411","여의하류IC(미정차)","11","11560","1156011000","서울특별시","영등포구","여의도동","20251016","41016029","9700"
"41016029","9700","기점진입전(미정-대화역(중)","58","7103407","양화대교남단(미정차)","11","11560","1156011700","서울특별시","영등포구","당산동","20251016","41016029","9700"
"41016029","9700","기점진입전(미정-대화역(중)","59","7103405","성산대교남단(미정차)","11","11560","1156013100","서울특별시","영등포구","양화동","20251016","41016029","9700"
"41016029","9700","기점진입전(미정-대화역(중)","60","7103901","염창교(미정차)","11","11500","1150010100","서울특별시","강서구","염창동","20251016","41016029","9700"
"41016029","9700","기점진입전(미정-대화역(중)","61","7104686","가양대교북단(미정차)","11","11440","1144012700","서울특별시","마포구","상암동","20251016","41016029","9700"
"41016029","9700","기점진입전(미정-대화역(중)","62","4122002","덕은한강육교","41","41281","4128113100","경기도","고양시 덕양구","덕은동","20251016","41016029","9700"
"41016029","9700","기점진입전(미정-대화역(중)","63","7104676","남고양IC(미정차)","41","41281","4128113100","경기도","고양시 덕양구","덕은동","20251016","41016029","9700"
"41016029","9700","기점진입전(미정-대화역(중)","64","7103762","강매IC(미정차)","41","41281","4128112400","경기도","고양시 덕양구","강매동","20251016","41016029","9700"
"41016029","9700","기점진입전(미정-대화역(중)","65","4178046","소만마을(중)","41","41281","4128112800","경기도","고양시 덕양구","행신동","20251016","41016029","9700"
"41016029","9700","기점진입전(미정-대화역(중)","66","4111329","행신동(중)","41","41281","4128112800","경기도","고양시 덕양구","행신동","20251016","41016029","9700"
"41016029","9700","기점진입전(미정-대화역(중)","67","4196172","행신초등학교.더자인병원(중)","41","41281","4128112800","경기도","고양시 덕양구","행신동","20251016","41016029","9700"
"41016029","9700","기점진입전(미정-대화역(중)","68","4196173","고양경찰서.토당청소년수련관(중)","41","41281","4128112300","경기도","고양시 덕양구","화정동","20251016","41016029","9700"
"41016029","9700","기점진입전(미정-대화역(중)","69","7103095","토당육교(미정차)","41","41281","4128112300","경기도","고양시 덕양구","화정동","20251016","41016029","9700"
"41016029","9700","기점진입전(미정-대화역(중)","70","4111217","대곡역(중)","41","41281","4128112000","경기도","고양시 덕양구","토당동","20251016","41016029","9700"
"41016029","9700","기점진입전(미정-대화역(중)","71","4106815","백석동.요진와이시티(중)","41","41285","4128510600","경기도","고양시 일산동구","백석동","20251016","41016029","9700"
"41016029","9700","기점진입전(미정-대화역(중)","72","4106817","안산공원.일산동구보건소(중)","41","41285","4128510600","경기도","고양시 일산동구","백석동","20251016","41016029","9700"
"41016029","9700","기점진입전(미정-대화역(중)","73","4106822","마두역(중)","41","41285","4128510500","경기도","고양시 일산동구","마두동","20251016","41016029","9700"
"41016029","9700","기점진입전(미정-대화역(중)","74","4110809","일산동구청(중)","41","41285","4128510500","경기도","고양시 일산동구","마두동","20251016","41016029","9700"
"41016029","9700","기점진입전(미정-대화역(중)","75","4110879","일산동부경찰서(중)","41","41285","4128510300","경기도","고양시 일산동구","정발산동","20251016","41016029","9700"
"41016029","9700","기점진입전(미정-대화역(중)","76","4110808","강선마을(중)","41","41287","4128710200","경기도","고양시 일산서구","주엽동","20251016","41016029","9700"
"41016029","9700","기점진입전(미정-대화역(중)","77","4110806","주엽역(중)","41","41287","4128710200","경기도","고양시 일산서구","주엽동","20251016","41016029","9700"
"41016029","9700","기점진입전(미정-대화역(중)","78","4110878","문촌마을(중)","41","41287","4128710200","경기도","고양시 일산서구","주엽동","20251016","41016029","9700"
"41016029","9700","기점진입전(미정-대화역(중)","79","4110876","백병원(중)","41","41287","4128710400","경기도","고양시 일산서구","대화동","20251016","41016029","9700"
"41016029","9700","기점진입전(미정-대화역(중)","80","4127138","대화역(중)","41","41287","4128710400","경기도","고양시 일산서구","대화동","20251016","41016029","9700"
"41016042","1900","고양공영차고지-고양공영차고지","0","4150011","고양공영차고지","41","41287","4128710400","경기도","고양시 일산서구","대화동","20251016","41016042","1900"
"41016042","1900","고양공영차고지-고양공영차고지","1","4111010","일산터미널","41","41287","4128710100","경기도","고양시 일산서구","일산동","20251016","41016042","1900"
"41016042","1900","고양공영차고지-고양공영차고지","2","4111071","북일산전화국.일산2동행정복지센터","41","41287","4128710100","경기도","고양시 일산서구","일산동","20251016","41016042","1900"
"41016042","1900","고양공영차고지-고양공영차고지","3","4111073","일산복음병원.일산하이병원","41","41285","4128510200","경기도","고양시 일산동구","중산동","20251016","41016042","1900"
"41016042","1900","고양공영차고지-고양공영차고지","4","4177599","안곡중고교","41","41285","4128510200","경기도","고양시 일산동구","중산동","20251016","41016042","1900"
"41016042","1900","고양공영차고지-고양공영차고지","5","4196184","세원고교입구.동국대병원사거리","41","41285","4128510100","경기도","고양시 일산동구","식사동","20251016","41016042","1900"
"41016042","1900","고양공영차고지-고양공영차고지","6","4196183","숲속마을7.9단지","41","41285","4128510700","경기도","고양시 일산동구","풍동","20251016","41016042","1900"
"41016042","1900","고양공영차고지-고양공영차고지","7","4196181","숲속마을7.8단지","41","41285","4128510700","경기도","고양시 일산동구","풍동","20251016","41016042","1900"
"41016042","1900","고양공영차고지-고양공영차고지","8","4196179","숲속마을4.5단지","41","41285","4128510700","경기도","고양시 일산동구","풍동","20251016","41016042","1900"
"41016042","1900","고양공영차고지-고양공영차고지","9","4196177","풍동상가단지","41","41285","4128510700","경기도","고양시 일산동구","풍동","20251016","41016042","1900"
"41016042","1900","고양공영차고지-고양공영차고지","10","4196175","풍산동행정복지센터","41","41285","4128510700","경기도","고양시 일산동구","풍동","20251016","41016042","1900"
"41016042","1900","고양공영차고지-고양공영차고지","11","4106831","풍3동","41","41285","4128510700","경기도","고양시 일산동구","풍동","20251016","41016042","1900"
"41016042","1900","고양공영차고지-고양공영차고지","12","4151475","고양시청","41","41281","4128110100","경기도","고양시 덕양구","주교동","20251016","41016042","1900"
"41016042","1900","고양공영차고지-고양공영차고지","13","4111306","성사2동행정복지센터","41","41281","4128110100","경기도","고양시 덕양구","주교동","20251016","41016042","1900"
"41016042","1900","고양공영차고지-고양공영차고지","14","4111308","고양어울림누리.달빛마을1단지","41","41281","4128112300","경기도","고양시 덕양구","화정동","20251016","41016042","1900"
"41016042","1900","고양공영차고지-고양공영차고지","15","4111310","화정1동행정복지센터","41","41281","4128112300","경기도","고양시 덕양구","화정동","20251016","41016042","1900"
"41016042","1900","고양공영차고지-고양공영차고지","16","4111313","명지병원.달빛마을3단지","41","41281","4128112300","경기도","고양시 덕양구","화정동","20251016","41016042","1900"
"41016042","1900","고양공영차고지-고양공영차고지","17","4111314","화정동단독주택단지","41","41281","4128112300","경기도","고양시 덕양구","화정동","20251016","41016042","1900"
"41016042","1900","고양공영차고지-고양공영차고지","18","4111317","화정역.덕양구청","41","41281","4128112300","경기도","고양시 덕양구","화정동","20251016","41016042","1900"
"41016042","1900","고양공영차고지-고양공영차고지","19","4111210","별빛마을8단지.롯데마트","41","41281","4128112300","경기도","고양시 덕양구","화정동","20251016","41016042","1900"
"41016042","1900","고양공영차고지-고양공영차고지","20","4111341","고양경찰서.토당청소년수련관(중)","41","41281","4128112300","경기도","고양시 덕양구","화정동","20251016","41016042","1900"
"41016042","1900","고양공영차고지-고양공영차고지","21","4196170","행신초등학교.더자인병원(중)","41","41281","4128112800","경기도","고양시 덕양구","행신동","20251016","41016042","1900"
"41016042","1900","고양공영차고지-고양공영차고지","22","4196171","행신동(중)","41","41281","4128112800","경기도","고양시 덕양구","행신동","20251016","41016042","1900"
"41016042","1900","고양공영차고지-고양공영차고지","23","4111372","소만마을(중)","41","41281","4128112800","경기도","고양시 덕양구","행신동","20251016","41016042","1900"
"41016042","1900","고양공영차고지-고양공영차고지","24","4178115","서정마을(중)","41","41281","4128112800","경기도","고양시 덕양구","행신동","20251016","41016042","1900"
"41016042","1900","고양공영차고지-고양공영차고지","25","7103090","화전사거리(미정차)","41","41281","4128112900","경기도","고양시 덕양구","화전동","20251016","41016042","1900"
"41016042","1900","고양공영차고지-고양공영차고지","26","4111380","덕은초.덕양중학교(중)","41","41281","4128112900","경기도","고양시 덕양구","화전동","20251016","41016042","1900"
"41016042","1900","고양공영차고지-고양공영차고지","27","7104680","덕은교교차로(미정차)","41","41281","4128113100","경기도","고양시 덕양구","덕은동","20251016","41016042","1900"
"41016042","1900","고양공영차고지-고양공영차고지","28","4151586","디지털미디어시티역(중)","11","11380","1138011000","서울특별시","은평구","증산동","20251016","41016042","1900"
"41016042","1900","고양공영차고지-고양공영차고지","29","7103096","증산교교차로(미정차)","11","11380","1138011000","서울특별시","은평구","증산동","20251016","41016042","1900"
"41016042","1900","고양공영차고지-고양공영차고지","30","7104682","사천교(미정차)","11","11410","1141012000","서울특별시","서대문구","남가좌동","20251016","41016042","1900"
"41016042","1900","고양공영차고지-고양공영차고지","31","4151598","연세대앞(중)","11","11410","1141011600","서울특별시","서대문구","창천동","20251016","41016042","1900"
"41016042","1900","고양공영차고지-고양공영차고지","32","7101784","신촌역로(미정차)","11","11410","1141011400","서울특별시","서대문구","신촌동","20251016","41016042","1900"
"41016042","1900","고양공영차고지-고양공영차고지","33","7103098","독립문고가차도(미정차)","11","11410","1141010900","서울특별시","서대문구","현저동","20251016","41016042","1900"
"41016042","1900","고양공영차고지-고양공영차고지","34","7103099","경복궁역(미정차)","11","11110","1111011400","서울특별시","종로구","내자동","20251016","41016042","1900"
"41016042","1900","고양공영차고지-고양공영차고지","35","4111612","광화문역6번출구.광화문빌딩","11","11110","1111011900","서울특별시","종로구","세종로","20251016","41016042","1900"
"41016042","1900","고양공영차고지-고양공영차고지","36","7104283","시청교차로(미정차)","11","11140","1114011400","서울특별시","중구","태평로2가","20251016","41016042","1900"
"41016042","1900","고양공영차고지-고양공영차고지","37","4111614","신한은행본점","11","11140","1114011400","서울특별시","중구","태평로2가","20251016","41016042","1900"
"41016042","1900","고양공영차고지-고양공영차고지","38","4108423","숭례문","11","11140","1114011800","서울특별시","중구","남대문로5가","20251016","41016042","1900"
"41016042","1900","고양공영차고지-고양공영차고지","39","7101885","염천교사거리(미정차)","11","11140","1114016800","서울특별시","중구","순화동","20251016","41016042","1900"
"41016042","1900","고양공영차고지-고양공영차고지","40","4108486","경찰청.동북아역사재단(중)","11","11140","1114016900","서울특별시","중구","의주로1가","20251016","41016042","1900"
"41016042","1900","고양공영차고지-고양공영차고지","41","7102319","서대문역교차로(미정차)","11","11140","1114016900","서울특별시","중구","의주로1가","20251016","41016042","1900"
"41016042","1900","고양공영차고지-고양공영차고지","42","7102320","독립문고가차도(미정차)","11","11110","1111018000","서울특별시","종로구","교북동","20251016","41016042","1900"
"41016042","1900","고양공영차고지-고양공영차고지","43","7104396","봉원동사거리(미정차)","11","11410","1141011400","서울특별시","서대문구","신촌동","20251016","41016042","1900"
"41016042","1900","고양공영차고지-고양공영차고지","44","4151599","연세대앞(중)","11","11410","1141011600","서울특별시","서대문구","창천동","20251016","41016042","1900"
"41016042","1900","고양공영차고지-고양공영차고지","45","7104683","사천교(미정차)","11","11410","1141011700","서울특별시","서대문구","연희동","20251016","41016042","1900"
"41016042","1900","고양공영차고지-고양공영차고지","46","4151587","디지털미디어시티역(중)","11","11380","1138011000","서울특별시","은평구","증산동","20251016","41016042","1900"
"41016042","1900","고양공영차고지-고양공영차고지","47","7104681","덕은교교차로(미정차)","41","41281","4128113100","경기도","고양시 덕양구","덕은동","20251016","41016042","1900"
"41016042","1900","고양공영차고지-고양공영차고지","48","4111379","덕은초.덕양중학교(중)","41","41281","4128112900","경기도","고양시 덕양구","화전동","20251016","41016042","1900"
"41016042","1900","고양공영차고지-고양공영차고지","49","7103091","화전사거리(미정차)","41","41281","4128112900","경기도","고양시 덕양구","화전동","20251016","41016042","1900"
"41016042","1900","고양공영차고지-고양공영차고지","50","4178112","서정마을(중)","41","41281","4128112800","경기도","고양시 덕양구","행신동","20251016","41016042","1900"
"41016042","1900","고양공영차고지-고양공영차고지","51","4178046","소만마을(중)","41","41281","4128112800","경기도","고양시 덕양구","행신동","20251016","41016042","1900"
"41016042","1900","고양공영차고지-고양공영차고지","52","4111329","행신동(중)","41","41281","4128112800","경기도","고양시 덕양구","행신동","20251016","41016042","1900"
"41016042","1900","고양공영차고지-고양공영차고지","53","4196172","행신초등학교.더자인병원(중)","41","41281","4128112800","경기도","고양시 덕양구","행신동","20251016","41016042","1900"
"41016042","1900","고양공영차고지-고양공영차고지","54","4111340","옥빛마을16단지","41","41281","4128112300","경기도","고양시 덕양구","화정동","20251016","41016042","1900"
"41016042","1900","고양공영차고지-고양공영차고지","55","4111211","화정역.롯데마트","41","41281","4128112300","경기도","고양시 덕양구","화정동","20251016","41016042","1900"
"41016042","1900","고양공영차고지-고양공영차고지","56","4111316","덕양구청","41","41281","4128112300","경기도","고양시 덕양구","화정동","20251016","41016042","1900"
"41016042","1900","고양공영차고지-고양공영차고지","57","4111315","화정동단독주택단지","41","41281","4128112300","경기도","고양시 덕양구","화정동","20251016","41016042","1900"
"41016042","1900","고양공영차고지-고양공영차고지","58","4111312","명지병원.은빛마을5단지","41","41281","4128112300","경기도","고양시 덕양구","화정동","20251016","41016042","1900"
"41016042","1900","고양공영차고지-고양공영차고지","59","4111311","화정1동행정복지센터","41","41281","4128112300","경기도","고양시 덕양구","화정동","20251016","41016042","1900"
"41016042","1900","고양공영차고지-고양공영차고지","60","4111309","고양어울림누리.달빛마을1단지","41","41281","4128112300","경기도","고양시 덕양구","화정동","20251016","41016042","1900"
"41016042","1900","고양공영차고지-고양공영차고지","61","4111307","성사2동행정복지센터","41","41281","4128110600","경기도","고양시 덕양구","성사동","20251016","41016042","1900"
"41016042","1900","고양공영차고지-고양공영차고지","62","4151476","고양시청","41","41281","4128110100","경기도","고양시 덕양구","주교동","20251016","41016042","1900"
"41016042","1900","고양공영차고지-고양공영차고지","63","4106832","풍3동","41","41285","4128510700","경기도","고양시 일산동구","풍동","20251016","41016042","1900"
"41016042","1900","고양공영차고지-고양공영차고지","64","4196174","풍산동행정복지센터","41","41285","4128510700","경기도","고양시 일산동구","풍동","20251016","41016042","1900"
"41016042","1900","고양공영차고지-고양공영차고지","65","4196176","풍동상가단지","41","41285","4128510700","경기도","고양시 일산동구","풍동","20251016","41016042","1900"
"41016042","1900","고양공영차고지-고양공영차고지","66","4196178","숲속마을4단지","41","41285","4128510700","경기도","고양시 일산동구","풍동","20251016","41016042","1900"
"41016042","1900","고양공영차고지-고양공영차고지","67","4196180","숲속마을7.8단지","41","41285","4128510700","경기도","고양시 일산동구","풍동","20251016","41016042","1900"
"41016042","1900","고양공영차고지-고양공영차고지","68","4196182","숲속마을7.9단지","41","41285","4128510700","경기도","고양시 일산동구","풍동","20251016","41016042","1900"
"41016042","1900","고양공영차고지-고양공영차고지","69","4196185","세원고교입구.동국대병원사거리","41","41285","4128510100","경기도","고양시 일산동구","식사동","20251016","41016042","1900"
"41016042","1900","고양공영차고지-고양공영차고지","70","4177601","안곡중고교","41","41285","4128510200","경기도","고양시 일산동구","중산동","20251016","41016042","1900"
"41016042","1900","고양공영차고지-고양공영차고지","71","4111074","일산복음병원.일산하이병원","41","41285","4128510200","경기도","고양시 일산동구","중산동","20251016","41016042","1900"
"41016042","1900","고양공영차고지-고양공영차고지","72","4111072","북일산전화국.일산2동행정복지센터","41","41287","4128710100","경기도","고양시 일산서구","일산동","20251016","41016042","1900"
"41016042","1900","고양공영차고지-고양공영차고지","73","4111011","일산터미널","41","41287","4128710100","경기도","고양시 일산서구","일산동","20251016","41016042","1900"
"41016042","1900","고양공영차고지-고양공영차고지","74","4150012","고양공영차고지","41","41287","4128710400","경기도","고양시 일산서구","대화동","20251016","41016042","1900"
"41016044","1500","차고지대기(미정-차고지대기(미정","0","7104829","차고지대기(미정차)","41","41480","4148011800","경기도","파주시","하지석동","20251016","41016044","1500"
"41016044","1500","차고지대기(미정-차고지대기(미정","1","7102468","오도1리(미정차)","41","41480","4148010700","경기도","파주시","교하동","20251016","41016044","1500"
"41016044","1500","차고지대기(미정-차고지대기(미정","2","4104991","오도1리","41","41480","4148011000","경기도","파주시","오도동","20251016","41016044","1500"
"41016044","1500","차고지대기(미정-차고지대기(미정","3","7103813","오도삼거리(미정차)","41","41480","4148011000","경기도","파주시","오도동","20251016","41016044","1500"
"41016044","1500","차고지대기(미정-차고지대기(미정","4","4196190","난방공사","41","41480","4148010900","경기도","파주시","다율동","20251016","41016044","1500"
"41016044","1500","차고지대기(미정-차고지대기(미정","5","4195587","청석마을8단지","41","41480","4148010900","경기도","파주시","다율동","20251016","41016044","1500"
"41016044","1500","차고지대기(미정-차고지대기(미정","6","4196192","청석마을9단지","41","41480","4148010900","경기도","파주시","다율동","20251016","41016044","1500"
"41016044","1500","차고지대기(미정-차고지대기(미정","7","4195589","숲속길마을7단지","41","41480","4148011300","경기도","파주시","동패동","20251016","41016044","1500"
"41016044","1500","차고지대기(미정-차고지대기(미정","8","4195591","숲속길마을3.6단지","41","41480","4148011300","경기도","파주시","동패동","20251016","41016044","1500"
"41016044","1500","차고지대기(미정-차고지대기(미정","9","7102575","동문굿모닝힐아파트(미정차)","41","41480","4148011300","경기도","파주시","동패동","20251016","41016044","1500"
"41016044","1500","차고지대기(미정-차고지대기(미정","10","7102285","산내교차로(미정차)","41","41480","4148011700","경기도","파주시","목동동","20251016","41016044","1500"
"41016044","1500","차고지대기(미정-차고지대기(미정","11","4105844","해오름중심상가.산내마을1.2단지","41","41480","4148011700","경기도","파주시","목동동","20251016","41016044","1500"
"41016044","1500","차고지대기(미정-차고지대기(미정","12","4111456","산내마을6.8단지","41","41480","4148011700","경기도","파주시","목동동","20251016","41016044","1500"
"41016044","1500","차고지대기(미정-차고지대기(미정","13","4114534","산내마을8.12단지(중)","41","41480","4148011700","경기도","파주시","목동동","20251016","41016044","1500"
"41016044","1500","차고지대기(미정-차고지대기(미정","14","4104713","두레공원(중)","41","41480","4148011700","경기도","파주시","목동동","20251016","41016044","1500"
"41016044","1500","차고지대기(미정-차고지대기(미정","15","4115879","가람마을2.8단지(중)","41","41480","4148012200","경기도","파주시","와동동","20251016","41016044","1500"
"41016044","1500","차고지대기(미정-차고지대기(미정","16","4104731","한길육교","41","41480","4148012200","경기도","파주시","와동동","20251016","41016044","1500"
"41016044","1500","차고지대기(미정-차고지대기(미정","17","4104786","가람마을11단지","41","41480","4148012200","경기도","파주시","와동동","20251016","41016044","1500"
"41016044","1500","차고지대기(미정-차고지대기(미정","18","4105064","해솔마을6.7단지","41","41480","4148011700","경기도","파주시","목동동","20251016","41016044","1500"
"41016044","1500","차고지대기(미정-차고지대기(미정","19","4104995","한빛마을1단지","41","41480","4148011300","경기도","파주시","동패동","20251016","41016044","1500"
"41016044","1500","차고지대기(미정-차고지대기(미정","20","4104782","한빛마을3.6단지","41","41480","4148010800","경기도","파주시","야당동","20251016","41016044","1500"
"41016044","1500","차고지대기(미정-차고지대기(미정","21","4104780","한빛마을4.8단지","41","41480","4148010800","경기도","파주시","야당동","20251016","41016044","1500"
"41016044","1500","차고지대기(미정-차고지대기(미정","22","4177486","앵골.광성교회","41","41287","4128710500","경기도","고양시 일산서구","덕이동","20251016","41016044","1500"
"41016044","1500","차고지대기(미정-차고지대기(미정","23","4177484","일산가구공단","41","41287","4128710500","경기도","고양시 일산서구","덕이동","20251016","41016044","1500"
"41016044","1500","차고지대기(미정-차고지대기(미정","24","4110866","철산아파트.탄현역앞.고양시현충공원","41","41287","4128710500","경기도","고양시 일산서구","덕이동","20251016","41016044","1500"
"41016044","1500","차고지대기(미정-차고지대기(미정","25","4110868","서울도시가스","41","41287","4128710500","경기도","고양시 일산서구","덕이동","20251016","41016044","1500"
"41016044","1500","차고지대기(미정-차고지대기(미정","26","4110873","농수산물센터","41","41287","4128710400","경기도","고양시 일산서구","대화동","20251016","41016044","1500"
"41016044","1500","차고지대기(미정-차고지대기(미정","27","4127137","대화역(중)","41","41287","4128710400","경기도","고양시 일산서구","대화동","20251016","41016044","1500"
"41016044","1500","차고지대기(미정-차고지대기(미정","28","4106840","백병원(중)","41","41287","4128710400","경기도","고양시 일산서구","대화동","20251016","41016044","1500"
"41016044","1500","차고지대기(미정-차고지대기(미정","29","4106851","문촌마을(중)","41","41287","4128710200","경기도","고양시 일산서구","주엽동","20251016","41016044","1500"
"41016044","1500","차고지대기(미정-차고지대기(미정","30","4106852","주엽역(중)","41","41287","4128710200","경기도","고양시 일산서구","주엽동","20251016","41016044","1500"
"41016044","1500","차고지대기(미정-차고지대기(미정","31","4110807","강선마을(중)","41","41287","4128710200","경기도","고양시 일산서구","주엽동","20251016","41016044","1500"
"41016044","1500","차고지대기(미정-차고지대기(미정","32","4110880","일산동부경찰서(중)","41","41285","4128510300","경기도","고양시 일산동구","정발산동","20251016","41016044","1500"
"41016044","1500","차고지대기(미정-차고지대기(미정","33","4106859","일산동구청(중)","41","41285","4128510400","경기도","고양시 일산동구","장항동","20251016","41016044","1500"
"41016044","1500","차고지대기(미정-차고지대기(미정","34","4106821","마두역(중)","41","41285","4128510400","경기도","고양시 일산동구","장항동","20251016","41016044","1500"
"41016044","1500","차고지대기(미정-차고지대기(미정","35","4196168","알미공원.일산동구보건소(중)","41","41285","4128510600","경기도","고양시 일산동구","백석동","20251016","41016044","1500"
"41016044","1500","차고지대기(미정-차고지대기(미정","36","4106818","백석역(중)","41","41285","4128510600","경기도","고양시 일산동구","백석동","20251016","41016044","1500"
"41016044","1500","차고지대기(미정-차고지대기(미정","37","4110865","백석동.요진와이시티(중)","41","41285","4128510600","경기도","고양시 일산동구","백석동","20251016","41016044","1500"
"41016044","1500","차고지대기(미정-차고지대기(미정","38","7103383","일산IC진입(미정차)","41","41281","4128112100","경기도","고양시 덕양구","내곡동","20251016","41016044","1500"
"41016044","1500","차고지대기(미정-차고지대기(미정","39","7103485","행주IC(미정차)","41","41281","4128112600","경기도","고양시 덕양구","행주외동","20251016","41016044","1500"
"41016044","1500","차고지대기(미정-차고지대기(미정","40","7103489","북로JC(미정차)","41","41281","4128113000","경기도","고양시 덕양구","현천동","20251016","41016044","1500"
"41016044","1500","차고지대기(미정-차고지대기(미정","41","7104677","남고양IC(미정차)","41","41281","4128113100","경기도","고양시 덕양구","덕은동","20251016","41016044","1500"
"41016044","1500","차고지대기(미정-차고지대기(미정","42","7103428","가양대교북단(미정차)","11","11440","1144012700","서울특별시","마포구","상암동","20251016","41016044","1500"
"41016044","1500","차고지대기(미정-차고지대기(미정","43","7104684","난지한강공원(미정차)","11","11440","1144012700","서울특별시","마포구","상암동","20251016","41016044","1500"
"41016044","1500","차고지대기(미정-차고지대기(미정","44","7103426","성산대교북단(미정차)","11","11440","1144012700","서울특별시","마포구","상암동","20251016","41016044","1500"
"41016044","1500","차고지대기(미정-차고지대기(미정","45","7104858","양화대교북단(미정차)","11","11440","1144012200","서울특별시","마포구","합정동","20251016","41016044","1500"
"41016044","1500","차고지대기(미정-차고지대기(미정","46","4100727","당산역.삼성래미안아파트","11","11560","1156011500","서울특별시","영등포구","당산동5가","20251016","41016044","1500"
"41016044","1500","차고지대기(미정-차고지대기(미정","47","4100729","삼환아파트","11","11560","1156010900","서울특별시","영등포구","영등포동8가","20251016","41016044","1500"
"41016044","1500","차고지대기(미정-차고지대기(미정","48","4100733","영등포시장역4번출구","11","11560","1156010700","서울특별시","영등포구","영등포동6가","20251016","41016044","1500"
"41016044","1500","차고지대기(미정-차고지대기(미정","49","4199061","CM병원","11","11560","1156010500","서울특별시","영등포구","영등포동4가","20251016","41016044","1500"
"41016044","1500","차고지대기(미정-차고지대기(미정","50","7101945","청과시장교차로(미정차)","11","11560","1156010500","서울특별시","영등포구","영등포동4가","20251016","41016044","1500"
"41016044","1500","차고지대기(미정-차고지대기(미정","51","4100732","영등포시장역3번출구","11","11560","1156010600","서울특별시","영등포구","영등포동5가","20251016","41016044","1500"
"41016044","1500","차고지대기(미정-차고지대기(미정","52","4100728","당산푸르지오아파트","11","11560","1156010900","서울특별시","영등포구","영등포동8가","20251016","41016044","1500"
"41016044","1500","차고지대기(미정-차고지대기(미정","53","4100726","당산역.삼성래미안아파트","11","11560","1156011600","서울특별시","영등포구","당산동6가","20251016","41016044","1500"
"41016044","1500","차고지대기(미정-차고지대기(미정","54","7103492","양화대교북단(미정차)","11","11440","1144012200","서울특별시","마포구","합정동","20251016","41016044","1500"
"41016044","1500","차고지대기(미정-차고지대기(미정","55","7103427","성산대교북단(미정차)","11","11440","1144012300","서울특별시","마포구","망원동","20251016","41016044","1500"
"41016044","1500","차고지대기(미정-차고지대기(미정","56","7104685","난지한강공원(미정차)","11","11440","1144012700","서울특별시","마포구","상암동","20251016","41016044","1500"
"41016044","1500","차고지대기(미정-차고지대기(미정","57","7103429","가양대교북단(미정차)","11","11440","1144012700","서울특별시","마포구","상암동","20251016","41016044","1500"
"41016044","1500","차고지대기(미정-차고지대기(미정","58","7104676","남고양IC(미정차)","41","41281","4128113100","경기도","고양시 덕양구","덕은동","20251016","41016044","1500"
"41016044","1500","차고지대기(미정-차고지대기(미정","59","7103490","북로JC(미정차)","41","41281","4128113000","경기도","고양시 덕양구","현천동","20251016","41016044","1500"
"41016044","1500","차고지대기(미정-차고지대기(미정","60","7103486","행주IC(미정차)","41","41281","4128112600","경기도","고양시 덕양구","행주외동","20251016","41016044","1500"
"41016044","1500","차고지대기(미정-차고지대기(미정","61","7103384","일산IC출입(미정차)","41","41281","4128112100","경기도","고양시 덕양구","내곡동","20251016","41016044","1500"
"41016044","1500","차고지대기(미정-차고지대기(미정","62","4106815","백석동.요진와이시티(중)","41","41285","4128510600","경기도","고양시 일산동구","백석동","20251016","41016044","1500"
"41016044","1500","차고지대기(미정-차고지대기(미정","63","4106817","안산공원.일산동구보건소(중)","41","41285","4128510600","경기도","고양시 일산동구","백석동","20251016","41016044","1500"
"41016044","1500","차고지대기(미정-차고지대기(미정","64","4106822","마두역(중)","41","41285","4128510500","경기도","고양시 일산동구","마두동","20251016","41016044","1500"
"41016044","1500","차고지대기(미정-차고지대기(미정","65","4110809","일산동구청(중)","41","41285","4128510500","경기도","고양시 일산동구","마두동","20251016","41016044","1500"
"41016044","1500","차고지대기(미정-차고지대기(미정","66","4110879","일산동부경찰서(중)","41","41285","4128510300","경기도","고양시 일산동구","정발산동","20251016","41016044","1500"
"41016044","1500","차고지대기(미정-차고지대기(미정","67","4110808","강선마을(중)","41","41287","4128710200","경기도","고양시 일산서구","주엽동","20251016","41016044","1500"
"41016044","1500","차고지대기(미정-차고지대기(미정","68","4110806","주엽역(중)","41","41287","4128710200","경기도","고양시 일산서구","주엽동","20251016","41016044","1500"
"41016044","1500","차고지대기(미정-차고지대기(미정","69","4110878","문촌마을(중)","41","41287","4128710200","경기도","고양시 일산서구","주엽동","20251016","41016044","1500"
"41016044","1500","차고지대기(미정-차고지대기(미정","70","4110876","백병원(중)","41","41287","4128710400","경기도","고양시 일산서구","대화동","20251016","41016044","1500"
"41016044","1500","차고지대기(미정-차고지대기(미정","71","4106836","대화역","41","41287","4128710400","경기도","고양시 일산서구","대화동","20251016","41016044","1500"
"41016044","1500","차고지대기(미정-차고지대기(미정","72","4110872","농수산물센터","41","41287","4128710400","경기도","고양시 일산서구","대화동","20251016","41016044","1500"
"41016044","1500","차고지대기(미정-차고지대기(미정","73","4110869","서울도시가스","41","41287","4128710500","경기도","고양시 일산서구","덕이동","20251016","41016044","1500"
"41016044","1500","차고지대기(미정-차고지대기(미정","74","4110867","철산아파트.탄현역앞.고양시현충공원","41","41287","4128710500","경기도","고양시 일산서구","덕이동","20251016","41016044","1500"
"41016044","1500","차고지대기(미정-차고지대기(미정","75","4177487","일산가구공단","41","41287","4128710500","경기도","고양시 일산서구","덕이동","20251016","41016044","1500"
"41016044","1500","차고지대기(미정-차고지대기(미정","76","4177489","앵골.광성교회","41","41287","4128710500","경기도","고양시 일산서구","덕이동","20251016","41016044","1500"
"41016044","1500","차고지대기(미정-차고지대기(미정","77","4104779","한빛마을4.8단지","41","41480","4148010800","경기도","파주시","야당동","20251016","41016044","1500"
"41016044","1500","차고지대기(미정-차고지대기(미정","78","4104781","한빛마을3.6단지","41","41480","4148010800","경기도","파주시","야당동","20251016","41016044","1500"
"41016044","1500","차고지대기(미정-차고지대기(미정","79","4104703","한빛마을1단지","41","41480","4148010800","경기도","파주시","야당동","20251016","41016044","1500"
"41016044","1500","차고지대기(미정-차고지대기(미정","80","4105131","해솔마을6.7단지","41","41480","4148012200","경기도","파주시","와동동","20251016","41016044","1500"
"41016044","1500","차고지대기(미정-차고지대기(미정","81","4104787","운정행복센터.운정합동주민센터","41","41480","4148012200","경기도","파주시","와동동","20251016","41016044","1500"
"41016044","1500","차고지대기(미정-차고지대기(미정","82","4104785","가람마을11단지","41","41480","4148012200","경기도","파주시","와동동","20251016","41016044","1500"
"41016044","1500","차고지대기(미정-차고지대기(미정","83","4104743","한길육교","41","41480","4148012200","경기도","파주시","와동동","20251016","41016044","1500"
"41016044","1500","차고지대기(미정-차고지대기(미정","84","4115839","가람마을2.8단지(중)","41","41480","4148012200","경기도","파주시","와동동","20251016","41016044","1500"
"41016044","1500","차고지대기(미정-차고지대기(미정","85","4104714","두레공원(중)","41","41480","4148011700","경기도","파주시","목동동","20251016","41016044","1500"
"41016044","1500","차고지대기(미정-차고지대기(미정","86","4114533","산내마을8.12단지(중)","41","41480","4148011700","경기도","파주시","목동동","20251016","41016044","1500"
"41016044","1500","차고지대기(미정-차고지대기(미정","87","4111457","산내마을6.8단지","41","41480","4148011700","경기도","파주시","목동동","20251016","41016044","1500"
"41016044","1500","차고지대기(미정-차고지대기(미정","88","4125717","해오름중심상가.산내마을1.2단지","41","41480","4148010900","경기도","파주시","다율동","20251016","41016044","1500"
"41016044","1500","차고지대기(미정-차고지대기(미정","89","4195592","숲속길마을3.6단지","41","41480","4148011500","경기도","파주시","문발동","20251016","41016044","1500"
"41016044","1500","차고지대기(미정-차고지대기(미정","90","4176012","트리플메디컬타운","41","41480","4148011300","경기도","파주시","동패동","20251016","41016044","1500"
"41016044","1500","차고지대기(미정-차고지대기(미정","91","4195663","청석마을9단지","41","41480","4148010900","경기도","파주시","다율동","20251016","41016044","1500"
"41016044","1500","차고지대기(미정-차고지대기(미정","92","4195596","청석마을8단지","41","41480","4148010900","경기도","파주시","다율동","20251016","41016044","1500"
"41016044","1500","차고지대기(미정-차고지대기(미정","93","4196191","난방공사","41","41480","4148010900","경기도","파주시","다율동","20251016","41016044","1500"
"41016044","1500","차고지대기(미정-차고지대기(미정","94","4111488","오도1리","41","41480","4148010700","경기도","파주시","교하동","20251016","41016044","1500"
"41016044","1500","차고지대기(미정-차고지대기(미정","95","7104829","차고지대기(미정차)","41","41480","4148011800","경기도","파주시","하지석동","20251016","41016044","1500"
"41016045","1100","고양공영차고지-고양공영차고지","0","4150011","고양공영차고지","41","41287","4128710400","경기도","고양시 일산서구","대화동","20251016","41016045","1100"
"41016045","1100","고양공영차고지-고양공영차고지","1","4110983","송포초교","41","41287","4128710600","경기도","고양시 일산서구","가좌동","20251016","41016045","1100"
"41016045","1100","고양공영차고지-고양공영차고지","2","4110988","대송중학교","41","41287","4128710400","경기도","고양시 일산서구","대화동","20251016","41016045","1100"
"41016045","1100","고양공영차고지-고양공영차고지","3","4177532","킨텍스","41","41287","4128710400","경기도","고양시 일산서구","대화동","20251016","41016045","1100"
"41016045","1100","고양공영차고지-고양공영차고지","4","4124052","킨텍스역.원시티1단지","41","41285","4128510400","경기도","고양시 일산동구","장항동","20251016","41016045","1100"
"41016045","1100","고양공영차고지-고양공영차고지","5","4106852","주엽역(중)","41","41287","4128710200","경기도","고양시 일산서구","주엽동","20251016","41016045","1100"
"41016045","1100","고양공영차고지-고양공영차고지","6","4110807","강선마을(중)","41","41287","4128710200","경기도","고양시 일산서구","주엽동","20251016","41016045","1100"
"41016045","1100","고양공영차고지-고양공영차고지","7","4110880","일산동부경찰서(중)","41","41285","4128510300","경기도","고양시 일산동구","정발산동","20251016","41016045","1100"
"41016045","1100","고양공영차고지-고양공영차고지","8","4106859","일산동구청(중)","41","41285","4128510400","경기도","고양시 일산동구","장항동","20251016","41016045","1100"
"41016045","1100","고양공영차고지-고양공영차고지","9","4106821","마두역(중)","41","41285","4128510400","경기도","고양시 일산동구","장항동","20251016","41016045","1100"
"41016045","1100","고양공영차고지-고양공영차고지","10","4196166","호수마을(중)","41","41285","4128510400","경기도","고양시 일산동구","장항동","20251016","41016045","1100"
"41016045","1100","고양공영차고지-고양공영차고지","11","4196168","알미공원.일산동구보건소(중)","41","41285","4128510600","경기도","고양시 일산동구","백석동","20251016","41016045","1100"
"41016045","1100","고양공영차고지-고양공영차고지","12","4106818","백석역(중)","41","41285","4128510600","경기도","고양시 일산동구","백석동","20251016","41016045","1100"
"41016045","1100","고양공영차고지-고양공영차고지","13","4110865","백석동.요진와이시티(중)","41","41285","4128510600","경기도","고양시 일산동구","백석동","20251016","41016045","1100"
"41016045","1100","고양공영차고지-고양공영차고지","14","7103383","일산IC진입(미정차)","41","41281","4128112100","경기도","고양시 덕양구","내곡동","20251016","41016045","1100"
"41016045","1100","고양공영차고지-고양공영차고지","15","7103485","행주IC(미정차)","41","41281","4128112600","경기도","고양시 덕양구","행주외동","20251016","41016045","1100"
"41016045","1100","고양공영차고지-고양공영차고지","16","7103489","북로JC(미정차)","41","41281","4128113000","경기도","고양시 덕양구","현천동","20251016","41016045","1100"
"41016045","1100","고양공영차고지-고양공영차고지","17","7104677","남고양IC(미정차)","41","41281","4128113100","경기도","고양시 덕양구","덕은동","20251016","41016045","1100"
"41016045","1100","고양공영차고지-고양공영차고지","18","7103428","가양대교북단(미정차)","11","11440","1144012700","서울특별시","마포구","상암동","20251016","41016045","1100"
"41016045","1100","고양공영차고지-고양공영차고지","19","7104684","난지한강공원(미정차)","11","11440","1144012700","서울특별시","마포구","상암동","20251016","41016045","1100"
"41016045","1100","고양공영차고지-고양공영차고지","20","7103426","성산대교북단(미정차)","11","11440","1144012700","서울특별시","마포구","상암동","20251016","41016045","1100"
"41016045","1100","고양공영차고지-고양공영차고지","21","7104858","양화대교북단(미정차)","11","11440","1144012200","서울특별시","마포구","합정동","20251016","41016045","1100"
"41016045","1100","고양공영차고지-고양공영차고지","22","4100727","당산역.삼성래미안아파트","11","11560","1156011500","서울특별시","영등포구","당산동5가","20251016","41016045","1100"
"41016045","1100","고양공영차고지-고양공영차고지","23","4100733","영등포시장역4번출구","11","11560","1156010700","서울특별시","영등포구","영등포동6가","20251016","41016045","1100"
"41016045","1100","고양공영차고지-고양공영차고지","24","4199061","CM병원","11","11560","1156010500","서울특별시","영등포구","영등포동4가","20251016","41016045","1100"
"41016045","1100","고양공영차고지-고양공영차고지","25","7101945","청과시장교차로(미정차)","11","11560","1156010500","서울특별시","영등포구","영등포동4가","20251016","41016045","1100"
"41016045","1100","고양공영차고지-고양공영차고지","26","4100732","영등포시장역3번출구","11","11560","1156010600","서울특별시","영등포구","영등포동5가","20251016","41016045","1100"
"41016045","1100","고양공영차고지-고양공영차고지","27","4100726","당산역.삼성래미안아파트","11","11560","1156011600","서울특별시","영등포구","당산동6가","20251016","41016045","1100"
"41016045","1100","고양공영차고지-고양공영차고지","28","7103492","양화대교북단(미정차)","11","11440","1144012200","서울특별시","마포구","합정동","20251016","41016045","1100"
"41016045","1100","고양공영차고지-고양공영차고지","29","7103427","성산대교북단(미정차)","11","11440","1144012300","서울특별시","마포구","망원동","20251016","41016045","1100"
"41016045","1100","고양공영차고지-고양공영차고지","30","7104685","난지한강공원(미정차)","11","11440","1144012700","서울특별시","마포구","상암동","20251016","41016045","1100"
"41016045","1100","고양공영차고지-고양공영차고지","31","7103429","가양대교북단(미정차)","11","11440","1144012700","서울특별시","마포구","상암동","20251016","41016045","1100"
"41016045","1100","고양공영차고지-고양공영차고지","32","7104676","남고양IC(미정차)","41","41281","4128113100","경기도","고양시 덕양구","덕은동","20251016","41016045","1100"
"41016045","1100","고양공영차고지-고양공영차고지","33","7103490","북로JC(미정차)","41","41281","4128113000","경기도","고양시 덕양구","현천동","20251016","41016045","1100"
"41016045","1100","고양공영차고지-고양공영차고지","34","7103486","행주IC(미정차)","41","41281","4128112600","경기도","고양시 덕양구","행주외동","20251016","41016045","1100"
"41016045","1100","고양공영차고지-고양공영차고지","35","7103384","일산IC출입(미정차)","41","41281","4128112100","경기도","고양시 덕양구","내곡동","20251016","41016045","1100"
"41016045","1100","고양공영차고지-고양공영차고지","36","4106815","백석동.요진와이시티(중)","41","41285","4128510600","경기도","고양시 일산동구","백석동","20251016","41016045","1100"
"41016045","1100","고양공영차고지-고양공영차고지","37","4106817","안산공원.일산동구보건소(중)","41","41285","4128510600","경기도","고양시 일산동구","백석동","20251016","41016045","1100"
"41016045","1100","고양공영차고지-고양공영차고지","38","4196167","흰돌마을(중)","41","41285","4128510600","경기도","고양시 일산동구","백석동","20251016","41016045","1100"
"41016045","1100","고양공영차고지-고양공영차고지","39","4106822","마두역(중)","41","41285","4128510500","경기도","고양시 일산동구","마두동","20251016","41016045","1100"
"41016045","1100","고양공영차고지-고양공영차고지","40","4110809","일산동구청(중)","41","41285","4128510500","경기도","고양시 일산동구","마두동","20251016","41016045","1100"
"41016045","1100","고양공영차고지-고양공영차고지","41","4110879","일산동부경찰서(중)","41","41285","4128510300","경기도","고양시 일산동구","정발산동","20251016","41016045","1100"
"41016045","1100","고양공영차고지-고양공영차고지","42","4110808","강선마을(중)","41","41287","4128710200","경기도","고양시 일산서구","주엽동","20251016","41016045","1100"
"41016045","1100","고양공영차고지-고양공영차고지","43","4110806","주엽역(중)","41","41287","4128710200","경기도","고양시 일산서구","주엽동","20251016","41016045","1100"
"41016045","1100","고양공영차고지-고양공영차고지","44","4123056","킨텍스역1번출구.현대모터스튜디오고양","41","41287","4128710400","경기도","고양시 일산서구","대화동","20251016","41016045","1100"
"41016045","1100","고양공영차고지-고양공영차고지","45","4177533","킨텍스","41","41287","4128710400","경기도","고양시 일산서구","대화동","20251016","41016045","1100"
"41016045","1100","고양공영차고지-고양공영차고지","46","4110989","대송중학교","41","41287","4128710400","경기도","고양시 일산서구","대화동","20251016","41016045","1100"
"41016045","1100","고양공영차고지-고양공영차고지","47","4110982","송포초교","41","41287","4128710600","경기도","고양시 일산서구","가좌동","20251016","41016045","1100"
"41016045","1100","고양공영차고지-고양공영차고지","48","4150012","고양공영차고지","41","41287","4128710400","경기도","고양시 일산서구","대화동","20251016","41016045","1100"
"41016045","1100","고양공영차고지-고양공영차고지","59","4106817","안산공원(중)","41","41285","4128510600","경기도","고양시 일산동구","백석동","20251016","41016045","1100"
"41016049","3400","가람마을5단지-가람마을5단지","0","4105902","가람마을5단지","41","41480","4148012200","경기도","파주시","와동동","20251016","41016049","3400"
"41016049","3400","가람마을5단지-가람마을5단지","1","4111454","가람마을3.4.6단지","41","41480","4148012200","경기도","파주시","와동동","20251016","41016049","3400"
"41016049","3400","가람마을5단지-가람마을5단지","2","4104731","한길육교","41","41480","4148012200","경기도","파주시","와동동","20251016","41016049","3400"
"41016049","3400","가람마을5단지-가람마을5단지","3","4105129","한빛마을5단지","41","41480","4148012200","경기도","파주시","와동동","20251016","41016049","3400"
"41016049","3400","가람마을5단지-가람마을5단지","4","4102696","한빛마을1.2단지","41","41480","4148012200","경기도","파주시","와동동","20251016","41016049","3400"
"41016049","3400","가람마을5단지-가람마을5단지","5","4124547","한울도서관","41","41480","4148011700","경기도","파주시","목동동","20251016","41016049","3400"
"41016049","3400","가람마을5단지-가람마을5단지","6","4124545","운정라피아노","41","41480","4148011700","경기도","파주시","목동동","20251016","41016049","3400"
"41016049","3400","가람마을5단지-가람마을5단지","7","4125043","산내마을10단지정문","41","41480","4148011700","경기도","파주시","목동동","20251016","41016049","3400"
"41016049","3400","가람마을5단지-가람마을5단지","8","7103466","송산IC(미정차)","41","41287","4128710700","경기도","고양시 일산서구","구산동","20251016","41016049","3400"
"41016049","3400","가람마을5단지-가람마을5단지","9","7103468","법곳IC(미정차)","41","41287","4128710800","경기도","고양시 일산서구","법곳동","20251016","41016049","3400"
"41016049","3400","가람마을5단지-가람마을5단지","10","7103470","한류월드IC(미정차)","41","41285","4128510400","경기도","고양시 일산동구","장항동","20251016","41016049","3400"
"41016049","3400","가람마을5단지-가람마을5단지","11","7103472","능곡IC(미정차)","41","41281","4128112000","경기도","고양시 덕양구","토당동","20251016","41016049","3400"
"41016049","3400","가람마을5단지-가람마을5단지","12","7103474","강매IC(미정차)","41","41281","4128112400","경기도","고양시 덕양구","강매동","20251016","41016049","3400"
"41016049","3400","가람마을5단지-가람마을5단지","13","7103478","현천IC(미정차)","41","41281","4128113000","경기도","고양시 덕양구","현천동","20251016","41016049","3400"
"41016049","3400","가람마을5단지-가람마을5단지","14","7104400","대덕교(미정차)","41","41281","4128113100","경기도","고양시 덕양구","덕은동","20251016","41016049","3400"
"41016049","3400","가람마을5단지-가람마을5단지","15","4109135","DMC첨단산업센터","11","11440","1144012700","서울특별시","마포구","상암동","20251016","41016049","3400"
"41016049","3400","가람마을5단지-가람마을5단지","16","4151586","디지털미디어시티역(중)","11","11380","1138011000","서울특별시","은평구","증산동","20251016","41016049","3400"
"41016049","3400","가람마을5단지-가람마을5단지","17","7104682","사천교(미정차)","11","11410","1141012000","서울특별시","서대문구","남가좌동","20251016","41016049","3400"
"41016049","3400","가람마을5단지-가람마을5단지","18","4116122","동교동삼거리(중)","11","11440","1144012100","서울특별시","마포구","동교동","20251016","41016049","3400"
"41016049","3400","가람마을5단지-가람마을5단지","19","4111594","신촌역","11","11440","1144011000","서울특별시","마포구","노고산동","20251016","41016049","3400"
"41016049","3400","가람마을5단지-가람마을5단지","20","4109156","대흥역","11","11440","1144010800","서울특별시","마포구","대흥동","20251016","41016049","3400"
"41016049","3400","가람마을5단지-가람마을5단지","21","4109162","공덕역1번출구","11","11440","1144010200","서울특별시","마포구","공덕동","20251016","41016049","3400"
"41016049","3400","가람마을5단지-가람마을5단지","22","4109161","공덕역2번출구","11","11440","1144010200","서울특별시","마포구","공덕동","20251016","41016049","3400"
"41016049","3400","가람마을5단지-가람마을5단지","23","4109157","대흥역","11","11440","1144010800","서울특별시","마포구","대흥동","20251016","41016049","3400"
"41016049","3400","가람마을5단지-가람마을5단지","24","4104614","신촌오거리.현대백화점(중)","11","11410","1141011600","서울특별시","서대문구","창천동","20251016","41016049","3400"
"41016049","3400","가람마을5단지-가람마을5단지","25","4179488","동교동삼거리(중)","11","11440","1144012100","서울특별시","마포구","동교동","20251016","41016049","3400"
"41016049","3400","가람마을5단지-가람마을5단지","26","7104683","사천교(미정차)","11","11410","1141011700","서울특별시","서대문구","연희동","20251016","41016049","3400"
"41016049","3400","가람마을5단지-가람마을5단지","27","4151587","디지털미디어시티역(중)","11","11380","1138011000","서울특별시","은평구","증산동","20251016","41016049","3400"
"41016049","3400","가람마을5단지-가람마을5단지","28","4109136","DMC첨단산업센터","11","11440","1144012700","서울특별시","마포구","상암동","20251016","41016049","3400"
"41016049","3400","가람마을5단지-가람마을5단지","29","7103884","대덕교(미정차)","41","41281","4128113100","경기도","고양시 덕양구","덕은동","20251016","41016049","3400"
"41016049","3400","가람마을5단지-가람마을5단지","30","7103479","현천IC(미정차)","41","41281","4128113000","경기도","고양시 덕양구","현천동","20251016","41016049","3400"
"41016049","3400","가람마을5단지-가람마을5단지","31","7103475","강매IC(미정차)","41","41281","4128112400","경기도","고양시 덕양구","강매동","20251016","41016049","3400"
"41016049","3400","가람마을5단지-가람마을5단지","32","7103473","능곡IC(미정차)","41","41281","4128112000","경기도","고양시 덕양구","토당동","20251016","41016049","3400"
"41016049","3400","가람마을5단지-가람마을5단지","33","7103471","한류월드IC(미정차)","41","41285","4128510400","경기도","고양시 일산동구","장항동","20251016","41016049","3400"
"41016049","3400","가람마을5단지-가람마을5단지","34","7103469","법곳IC(미정차)","41","41287","4128710800","경기도","고양시 일산서구","법곳동","20251016","41016049","3400"
"41016049","3400","가람마을5단지-가람마을5단지","35","7103467","송산IC(미정차)","41","41287","4128710700","경기도","고양시 일산서구","구산동","20251016","41016049","3400"
"41016049","3400","가람마을5단지-가람마을5단지","36","4125044","한울마을1단지정문","41","41480","4148011300","경기도","파주시","동패동","20251016","41016049","3400"
"41016049","3400","가람마을5단지-가람마을5단지","37","4124546","운정라피아노","41","41480","4148011300","경기도","파주시","동패동","20251016","41016049","3400"
"41016049","3400","가람마을5단지-가람마을5단지","38","4124548","한울도서관","41","41480","4148011300","경기도","파주시","동패동","20251016","41016049","3400"
"41016049","3400","가람마을5단지-가람마을5단지","39","4102707","한빛마을1.2단지","41","41480","4148010800","경기도","파주시","야당동","20251016","41016049","3400"
"41016049","3400","가람마을5단지-가람마을5단지","40","4111468","한빛마을5단지","41","41480","4148010800","경기도","파주시","야당동","20251016","41016049","3400"
"41016049","3400","가람마을5단지-가람마을5단지","41","4104743","한길육교","41","41480","4148012200","경기도","파주시","와동동","20251016","41016049","3400"
"41016049","3400","가람마을5단지-가람마을5단지","42","4104723","가람마을3.4.6단지","41","41480","4148012200","경기도","파주시","와동동","20251016","41016049","3400"
"41016049","3400","가람마을5단지-가람마을5단지","43","4113796","가람마을5단지","41","41480","4148012200","경기도","파주시","와동동","20251016","41016049","3400"
"41016050","7101","팜스프링아파트-팜스프링아파트","0","4104905","팜스프링아파트","41","41480","4148010200","경기도","파주시","아동동","20251016","41016050","7101"
"41016050","7101","팜스프링아파트-팜스프링아파트","1","4115814","금촌역","41","41480","4148010200","경기도","파주시","아동동","20251016","41016050","7101"
"41016050","7101","팜스프링아파트-팜스프링아파트","2","4105813","장안아파트","41","41480","4148010100","경기도","파주시","금촌동","20251016","41016050","7101"
"41016050","7101","팜스프링아파트-팜스프링아파트","3","4111499","흰돌아파트","41","41480","4148012300","경기도","파주시","금릉동","20251016","41016050","7101"
"41016050","7101","팜스프링아파트-팜스프링아파트","4","4105808","후곡마을4단지","41","41480","4148010100","경기도","파주시","금촌동","20251016","41016050","7101"
"41016050","7101","팜스프링아파트-팜스프링아파트","5","4104922","금화초교.3단지","41","41480","4148010100","경기도","파주시","금촌동","20251016","41016050","7101"
"41016050","7101","팜스프링아파트-팜스프링아파트","6","7102428","금촌지구교차로(미정차)","41","41480","4148010700","경기도","파주시","교하동","20251016","41016050","7101"
"41016050","7101","팜스프링아파트-팜스프링아파트","7","7102464","와동교차로(미정차)","41","41480","4148011400","경기도","파주시","당하동","20251016","41016050","7101"
"41016050","7101","팜스프링아파트-팜스프링아파트","8","4111454","가람마을3.4.6단지","41","41480","4148012200","경기도","파주시","와동동","20251016","41016050","7101"
"41016050","7101","팜스프링아파트-팜스프링아파트","9","4104731","한길육교","41","41480","4148012200","경기도","파주시","와동동","20251016","41016050","7101"
"41016050","7101","팜스프링아파트-팜스프링아파트","10","4105129","한빛마을5단지","41","41480","4148012200","경기도","파주시","와동동","20251016","41016050","7101"
"41016050","7101","팜스프링아파트-팜스프링아파트","11","4102696","한빛마을1.2단지","41","41480","4148012200","경기도","파주시","와동동","20251016","41016050","7101"
"41016050","7101","팜스프링아파트-팜스프링아파트","12","4124545","운정라피아노","41","41480","4148011700","경기도","파주시","목동동","20251016","41016050","7101"
"41016050","7101","팜스프링아파트-팜스프링아파트","13","4125043","산내마을10단지정문","41","41480","4148011700","경기도","파주시","목동동","20251016","41016050","7101"
"41016050","7101","팜스프링아파트-팜스프링아파트","14","7103466","송산IC(미정차)","41","41287","4128710700","경기도","고양시 일산서구","구산동","20251016","41016050","7101"
"41016050","7101","팜스프링아파트-팜스프링아파트","15","7103468","법곳IC(미정차)","41","41287","4128710800","경기도","고양시 일산서구","법곳동","20251016","41016050","7101"
"41016050","7101","팜스프링아파트-팜스프링아파트","16","7103470","한류월드IC(미정차)","41","41285","4128510400","경기도","고양시 일산동구","장항동","20251016","41016050","7101"
"41016050","7101","팜스프링아파트-팜스프링아파트","17","7103472","능곡IC(미정차)","41","41281","4128112000","경기도","고양시 덕양구","토당동","20251016","41016050","7101"
"41016050","7101","팜스프링아파트-팜스프링아파트","18","7103474","강매IC(미정차)","41","41281","4128112400","경기도","고양시 덕양구","강매동","20251016","41016050","7101"
"41016050","7101","팜스프링아파트-팜스프링아파트","19","7103478","현천IC(미정차)","41","41281","4128113000","경기도","고양시 덕양구","현천동","20251016","41016050","7101"
"41016050","7101","팜스프링아파트-팜스프링아파트","20","7104400","대덕교(미정차)","41","41281","4128113100","경기도","고양시 덕양구","덕은동","20251016","41016050","7101"
"41016050","7101","팜스프링아파트-팜스프링아파트","21","4109193","상암DMC홍보관.YTN","11","11440","1144012700","서울특별시","마포구","상암동","20251016","41016050","7101"
"41016050","7101","팜스프링아파트-팜스프링아파트","22","4116126","홍대입구역(중)","11","11440","1144012100","서울특별시","마포구","동교동","20251016","41016050","7101"
"41016050","7101","팜스프링아파트-팜스프링아파트","23","4116122","동교동삼거리(중)","11","11440","1144012100","서울특별시","마포구","동교동","20251016","41016050","7101"
"41016050","7101","팜스프링아파트-팜스프링아파트","24","4116130","신촌오거리.현대백화점(중)","11","11440","1144011000","서울특별시","마포구","노고산동","20251016","41016050","7101"
"41016050","7101","팜스프링아파트-팜스프링아파트","25","4109211","이대역(중)","11","11440","1144010800","서울특별시","마포구","대흥동","20251016","41016050","7101"
"41016050","7101","팜스프링아파트-팜스프링아파트","26","4108480","서대문역사거리(중)","11","11410","1141010100","서울특별시","서대문구","충정로2가","20251016","41016050","7101"
"41016050","7101","팜스프링아파트-팜스프링아파트","27","4108386","광화문역(중)","11","11110","1111011900","서울특별시","종로구","세종로","20251016","41016050","7101"
"41016050","7101","팜스프링아파트-팜스프링아파트","28","4108397","종로1가(중)","11","11110","1111012600","서울특별시","종로구","종로1가","20251016","41016050","7101"
"41016050","7101","팜스프링아파트-팜스프링아파트","29","4108409","종로2가(중)","11","11110","1111013800","서울특별시","종로구","종로2가","20251016","41016050","7101"
"41016050","7101","팜스프링아파트-팜스프링아파트","30","4108401","종로5가.광장시장(중)","11","11110","1111016100","서울특별시","종로구","종로4가","20251016","41016050","7101"
"41016050","7101","팜스프링아파트-팜스프링아파트","31","7104578","이화사거리(미정차)","11","11110","1111016300","서울특별시","종로구","종로5가","20251016","41016050","7101"
"41016050","7101","팜스프링아파트-팜스프링아파트","32","4108377","혜화역2번출구.마로니에공원","11","11110","1111016800","서울특별시","종로구","동숭동","20251016","41016050","7101"
"41016050","7101","팜스프링아파트-팜스프링아파트","33","4108319","명륜3가.성대입구(중)","11","11110","1111017200","서울특별시","종로구","명륜4가","20251016","41016050","7101"
"41016050","7101","팜스프링아파트-팜스프링아파트","34","4108318","창경궁.서울대학교병원(중)","11","11110","1111016600","서울특별시","종로구","연건동","20251016","41016050","7101"
"41016050","7101","팜스프링아파트-팜스프링아파트","35","7104579","원남동사거리(미정차)","11","11110","1111015700","서울특별시","종로구","인의동","20251016","41016050","7101"
"41016050","7101","팜스프링아파트-팜스프링아파트","36","4108399","종로3가.탑골공원(중)","11","11110","1111015600","서울특별시","종로구","종로3가","20251016","41016050","7101"
"41016050","7101","팜스프링아파트-팜스프링아파트","37","4195934","종로2가","11","11110","1111013800","서울특별시","종로구","종로2가","20251016","41016050","7101"
"41016050","7101","팜스프링아파트-팜스프링아파트","38","4108408","종로1가(중)","11","11110","1111012600","서울특별시","종로구","종로1가","20251016","41016050","7101"
"41016050","7101","팜스프링아파트-팜스프링아파트","39","4108407","광화문역(중)","11","11110","1111012600","서울특별시","종로구","종로1가","20251016","41016050","7101"
"41016050","7101","팜스프링아파트-팜스프링아파트","40","4105644","서대문역사거리(중)","11","11110","1111017700","서울특별시","종로구","평동","20251016","41016050","7101"
"41016050","7101","팜스프링아파트-팜스프링아파트","41","4109209","이대역(중)","11","11440","1144010900","서울특별시","마포구","염리동","20251016","41016050","7101"
"41016050","7101","팜스프링아파트-팜스프링아파트","42","4104614","신촌오거리.현대백화점(중)","11","11410","1141011600","서울특별시","서대문구","창천동","20251016","41016050","7101"
"41016050","7101","팜스프링아파트-팜스프링아파트","43","4179488","동교동삼거리(중)","11","11440","1144012100","서울특별시","마포구","동교동","20251016","41016050","7101"
"41016050","7101","팜스프링아파트-팜스프링아파트","44","4111593","홍대입구역","11","11440","1144012100","서울특별시","마포구","동교동","20251016","41016050","7101"
"41016050","7101","팜스프링아파트-팜스프링아파트","45","4109192","상암DMC홍보관.YTN","11","11440","1144012700","서울특별시","마포구","상암동","20251016","41016050","7101"
"41016050","7101","팜스프링아파트-팜스프링아파트","46","7103884","대덕교(미정차)","41","41281","4128113100","경기도","고양시 덕양구","덕은동","20251016","41016050","7101"
"41016050","7101","팜스프링아파트-팜스프링아파트","47","7103479","현천IC(미정차)","41","41281","4128113000","경기도","고양시 덕양구","현천동","20251016","41016050","7101"
"41016050","7101","팜스프링아파트-팜스프링아파트","48","7103475","강매IC(미정차)","41","41281","4128112400","경기도","고양시 덕양구","강매동","20251016","41016050","7101"
"41016050","7101","팜스프링아파트-팜스프링아파트","49","7103473","능곡IC(미정차)","41","41281","4128112000","경기도","고양시 덕양구","토당동","20251016","41016050","7101"
"41016050","7101","팜스프링아파트-팜스프링아파트","50","7103471","한류월드IC(미정차)","41","41285","4128510400","경기도","고양시 일산동구","장항동","20251016","41016050","7101"
"41016050","7101","팜스프링아파트-팜스프링아파트","51","7103469","법곳IC(미정차)","41","41287","4128710800","경기도","고양시 일산서구","법곳동","20251016","41016050","7101"
"41016050","7101","팜스프링아파트-팜스프링아파트","52","7103467","송산IC(미정차)","41","41287","4128710700","경기도","고양시 일산서구","구산동","20251016","41016050","7101"
"41016050","7101","팜스프링아파트-팜스프링아파트","53","4125044","한울마을1단지정문","41","41480","4148011300","경기도","파주시","동패동","20251016","41016050","7101"
"41016050","7101","팜스프링아파트-팜스프링아파트","54","4124546","운정라피아노","41","41480","4148011300","경기도","파주시","동패동","20251016","41016050","7101"
"41016050","7101","팜스프링아파트-팜스프링아파트","55","4102707","한빛마을1.2단지","41","41480","4148010800","경기도","파주시","야당동","20251016","41016050","7101"
"41016050","7101","팜스프링아파트-팜스프링아파트","56","4111468","한빛마을5단지","41","41480","4148010800","경기도","파주시","야당동","20251016","41016050","7101"
"41016050","7101","팜스프링아파트-팜스프링아파트","57","4104743","한길육교","41","41480","4148012200","경기도","파주시","와동동","20251016","41016050","7101"
"41016050","7101","팜스프링아파트-팜스프링아파트","58","4104723","가람마을3.4.6단지","41","41480","4148012200","경기도","파주시","와동동","20251016","41016050","7101"
"41016050","7101","팜스프링아파트-팜스프링아파트","59","7102566","와동교차로(미정차)","41","41480","4148011400","경기도","파주시","당하동","20251016","41016050","7101"
"41016050","7101","팜스프링아파트-팜스프링아파트","60","7102286","금촌지구교차로(미정차)","41","41480","4148010700","경기도","파주시","교하동","20251016","41016050","7101"
"41016050","7101","팜스프링아파트-팜스프링아파트","61","4104923","금화초등학교","41","41480","4148010100","경기도","파주시","금촌동","20251016","41016050","7101"
"41016050","7101","팜스프링아파트-팜스프링아파트","62","4105807","후곡마을4단지","41","41480","4148010100","경기도","파주시","금촌동","20251016","41016050","7101"
"41016050","7101","팜스프링아파트-팜스프링아파트","63","4115818","흰돌아파트","41","41480","4148012300","경기도","파주시","금릉동","20251016","41016050","7101"
"41016050","7101","팜스프링아파트-팜스프링아파트","64","4105814","장안아파트","41","41480","4148010100","경기도","파주시","금촌동","20251016","41016050","7101"
"41016050","7101","팜스프링아파트-팜스프링아파트","65","4115841","금촌역","41","41480","4148010100","경기도","파주시","금촌동","20251016","41016050","7101"
"41016050","7101","팜스프링아파트-팜스프링아파트","66","4104906","팜스프링아파트","41","41480","4148010200","경기도","파주시","아동동","20251016","41016050","7101"
"41016903","M7111","차고지대기(미정-차고지대기(미정","0","7104829","차고지대기(미정차)","41","41480","4148011800","경기도","파주시","하지석동","20251016","41016903","M7111"
"41016903","M7111","차고지대기(미정-차고지대기(미정","1","7102468","오도1리(미정차)","41","41480","4148010700","경기도","파주시","교하동","20251016","41016903","M7111"
"41016903","M7111","차고지대기(미정-차고지대기(미정","2","7103813","오도삼거리(미정차)","41","41480","4148011000","경기도","파주시","오도동","20251016","41016903","M7111"
"41016903","M7111","차고지대기(미정-차고지대기(미정","3","7102285","산내교차로(미정차)","41","41480","4148011700","경기도","파주시","목동동","20251016","41016903","M7111"
"41016903","M7111","차고지대기(미정-차고지대기(미정","4","4111456","산내마을6.8단지","41","41480","4148011700","경기도","파주시","목동동","20251016","41016903","M7111"
"41016903","M7111","차고지대기(미정-차고지대기(미정","5","4104713","두레공원(중)","41","41480","4148011700","경기도","파주시","목동동","20251016","41016903","M7111"
"41016903","M7111","차고지대기(미정-차고지대기(미정","6","4115749","지산중학교.운정행복센터","41","41480","4148011700","경기도","파주시","목동동","20251016","41016903","M7111"
"41016903","M7111","차고지대기(미정-차고지대기(미정","7","4105064","해솔마을6.7단지","41","41480","4148011700","경기도","파주시","목동동","20251016","41016903","M7111"
"41016903","M7111","차고지대기(미정-차고지대기(미정","8","4104995","한빛마을1단지","41","41480","4148011300","경기도","파주시","동패동","20251016","41016903","M7111"
"41016903","M7111","차고지대기(미정-차고지대기(미정","9","4104784","새암공원","41","41480","4148011300","경기도","파주시","동패동","20251016","41016903","M7111"
"41016903","M7111","차고지대기(미정-차고지대기(미정","10","7104757","삽다리IC진입(미정차)","41","41480","4148011300","경기도","파주시","동패동","20251016","41016903","M7111"
"41016903","M7111","차고지대기(미정-차고지대기(미정","11","7103466","송산IC(미정차)","41","41287","4128710700","경기도","고양시 일산서구","구산동","20251016","41016903","M7111"
"41016903","M7111","차고지대기(미정-차고지대기(미정","12","7103468","법곳IC(미정차)","41","41287","4128710800","경기도","고양시 일산서구","법곳동","20251016","41016903","M7111"
"41016903","M7111","차고지대기(미정-차고지대기(미정","13","7103470","한류월드IC(미정차)","41","41285","4128510400","경기도","고양시 일산동구","장항동","20251016","41016903","M7111"
"41016903","M7111","차고지대기(미정-차고지대기(미정","14","7103472","능곡IC(미정차)","41","41281","4128112000","경기도","고양시 덕양구","토당동","20251016","41016903","M7111"
"41016903","M7111","차고지대기(미정-차고지대기(미정","15","7103474","강매IC(미정차)","41","41281","4128112400","경기도","고양시 덕양구","강매동","20251016","41016903","M7111"
"41016903","M7111","차고지대기(미정-차고지대기(미정","16","7103478","현천IC(미정차)","41","41281","4128113000","경기도","고양시 덕양구","현천동","20251016","41016903","M7111"
"41016903","M7111","차고지대기(미정-차고지대기(미정","17","7104400","대덕교(미정차)","41","41281","4128113100","경기도","고양시 덕양구","덕은동","20251016","41016903","M7111"
"41016903","M7111","차고지대기(미정-차고지대기(미정","18","7103096","증산교교차로(미정차)","11","11380","1138011000","서울특별시","은평구","증산동","20251016","41016903","M7111"
"41016903","M7111","차고지대기(미정-차고지대기(미정","19","7104682","사천교(미정차)","11","11410","1141012000","서울특별시","서대문구","남가좌동","20251016","41016903","M7111"
"41016903","M7111","차고지대기(미정-차고지대기(미정","20","4151598","연세대앞(중)","11","11410","1141011600","서울특별시","서대문구","창천동","20251016","41016903","M7111"
"41016903","M7111","차고지대기(미정-차고지대기(미정","21","4179486","이대후문(중)","11","11410","1141011300","서울특별시","서대문구","대신동","20251016","41016903","M7111"
"41016903","M7111","차고지대기(미정-차고지대기(미정","22","7103098","독립문고가차도(미정차)","11","11410","1141010900","서울특별시","서대문구","현저동","20251016","41016903","M7111"
"41016903","M7111","차고지대기(미정-차고지대기(미정","23","7103099","경복궁역(미정차)","11","11110","1111011400","서울특별시","종로구","내자동","20251016","41016903","M7111"
"41016903","M7111","차고지대기(미정-차고지대기(미정","24","4111612","광화문역6번출구.광화문빌딩","11","11110","1111011900","서울특별시","종로구","세종로","20251016","41016903","M7111"
"41016903","M7111","차고지대기(미정-차고지대기(미정","25","7104283","시청교차로(미정차)","11","11140","1114011400","서울특별시","중구","태평로2가","20251016","41016903","M7111"
"41016903","M7111","차고지대기(미정-차고지대기(미정","26","4111614","신한은행본점","11","11140","1114011400","서울특별시","중구","태평로2가","20251016","41016903","M7111"
"41016903","M7111","차고지대기(미정-차고지대기(미정","27","4108423","숭례문","11","11140","1114011800","서울특별시","중구","남대문로5가","20251016","41016903","M7111"
"41016903","M7111","차고지대기(미정-차고지대기(미정","28","7101885","염천교사거리(미정차)","11","11140","1114016800","서울특별시","중구","순화동","20251016","41016903","M7111"
"41016903","M7111","차고지대기(미정-차고지대기(미정","29","4108486","경찰청.동북아역사재단(중)","11","11140","1114016900","서울특별시","중구","의주로1가","20251016","41016903","M7111"
"41016903","M7111","차고지대기(미정-차고지대기(미정","30","7102319","서대문역교차로(미정차)","11","11140","1114016900","서울특별시","중구","의주로1가","20251016","41016903","M7111"
"41016903","M7111","차고지대기(미정-차고지대기(미정","31","7102320","독립문고가차도(미정차)","11","11110","1111018000","서울특별시","종로구","교북동","20251016","41016903","M7111"
"41016903","M7111","차고지대기(미정-차고지대기(미정","32","7104396","봉원동사거리(미정차)","11","11410","1141011400","서울특별시","서대문구","신촌동","20251016","41016903","M7111"
"41016903","M7111","차고지대기(미정-차고지대기(미정","33","4109066","이대후문(중)","11","11410","1141011300","서울특별시","서대문구","대신동","20251016","41016903","M7111"
"41016903","M7111","차고지대기(미정-차고지대기(미정","34","4151599","연세대앞(중)","11","11410","1141011600","서울특별시","서대문구","창천동","20251016","41016903","M7111"
"41016903","M7111","차고지대기(미정-차고지대기(미정","35","7104683","사천교(미정차)","11","11410","1141011700","서울특별시","서대문구","연희동","20251016","41016903","M7111"
"41016903","M7111","차고지대기(미정-차고지대기(미정","36","7101674","증산교교차로(미정차)","11","11380","1138011000","서울특별시","은평구","증산동","20251016","41016903","M7111"
"41016903","M7111","차고지대기(미정-차고지대기(미정","37","7103884","대덕교(미정차)","41","41281","4128113100","경기도","고양시 덕양구","덕은동","20251016","41016903","M7111"
"41016903","M7111","차고지대기(미정-차고지대기(미정","38","7103479","현천IC(미정차)","41","41281","4128113000","경기도","고양시 덕양구","현천동","20251016","41016903","M7111"
"41016903","M7111","차고지대기(미정-차고지대기(미정","39","7103475","강매IC(미정차)","41","41281","4128112400","경기도","고양시 덕양구","강매동","20251016","41016903","M7111"
"41016903","M7111","차고지대기(미정-차고지대기(미정","40","7103473","능곡IC(미정차)","41","41281","4128112000","경기도","고양시 덕양구","토당동","20251016","41016903","M7111"
"41016903","M7111","차고지대기(미정-차고지대기(미정","41","7103471","한류월드IC(미정차)","41","41285","4128510400","경기도","고양시 일산동구","장항동","20251016","41016903","M7111"
"41016903","M7111","차고지대기(미정-차고지대기(미정","42","7103469","법곳IC(미정차)","41","41287","4128710800","경기도","고양시 일산서구","법곳동","20251016","41016903","M7111"
"41016903","M7111","차고지대기(미정-차고지대기(미정","43","7103467","송산IC(미정차)","41","41287","4128710700","경기도","고양시 일산서구","구산동","20251016","41016903","M7111"
"41016903","M7111","차고지대기(미정-차고지대기(미정","44","7104758","삽다리IC진입(미정차)","41","41480","4148011300","경기도","파주시","동패동","20251016","41016903","M7111"
"41016903","M7111","차고지대기(미정-차고지대기(미정","45","4104783","새암공원","41","41480","4148010800","경기도","파주시","야당동","20251016","41016903","M7111"
"41016903","M7111","차고지대기(미정-차고지대기(미정","46","4104703","한빛마을1단지","41","41480","4148010800","경기도","파주시","야당동","20251016","41016903","M7111"
"41016903","M7111","차고지대기(미정-차고지대기(미정","47","4105131","해솔마을6.7단지","41","41480","4148012200","경기도","파주시","와동동","20251016","41016903","M7111"
"41016903","M7111","차고지대기(미정-차고지대기(미정","48","4115750","지산중학교.운정행복센터","41","41480","4148012200","경기도","파주시","와동동","20251016","41016903","M7111"
"41016903","M7111","차고지대기(미정-차고지대기(미정","49","4104714","두레공원(중)","41","41480","4148011700","경기도","파주시","목동동","20251016","41016903","M7111"
"41016903","M7111","차고지대기(미정-차고지대기(미정","50","4111457","산내마을6.8단지","41","41480","4148011700","경기도","파주시","목동동","20251016","41016903","M7111"
"41016903","M7111","차고지대기(미정-차고지대기(미정","51","7104829","차고지대기(미정차)","41","41480","4148011800","경기도","파주시","하지석동","20251016","41016903","M7111"
"41034123","9710","문산읍행정복지센-문산읍행정복지센","0","4105117","문산읍행정복지센터","41","41480","4148025021","경기도","파주시","문산읍","20251016","41034123","9710"
"41034123","9710","문산읍행정복지센-문산읍행정복지센","1","7104173","행정복지센터출발(미정차)","41","41480","4148025021","경기도","파주시","문산읍","20251016","41034123","9710"
"41034123","9710","문산읍행정복지센-문산읍행정복지센","2","7104174","문산사거리(미정차)","41","41480","4148025023","경기도","파주시","문산읍","20251016","41034123","9710"
"41034123","9710","문산읍행정복지센-문산읍행정복지센","3","4115706","십자약국","41","41480","4148025023","경기도","파주시","문산읍","20251016","41034123","9710"
"41034123","9710","문산읍행정복지센-문산읍행정복지센","4","4115660","북파주농협.구문산터미널","41","41480","4148025021","경기도","파주시","문산읍","20251016","41034123","9710"
"41034123","9710","문산읍행정복지센-문산읍행정복지센","5","4115662","한진1차.문산역","41","41480","4148025021","경기도","파주시","문산읍","20251016","41034123","9710"
"41034123","9710","문산읍행정복지센-문산읍행정복지센","6","4104829","봉서2리.붉은밭","41","41480","4148025321","경기도","파주시","파주읍","20251016","41034123","9710"
"41034123","9710","문산읍행정복지센-문산읍행정복지센","7","4104827","봉서4리","41","41480","4148025321","경기도","파주시","파주읍","20251016","41034123","9710"
"41034123","9710","문산읍행정복지센-문산읍행정복지센","8","4104825","봉서1리.화약골","41","41480","4148025321","경기도","파주시","파주읍","20251016","41034123","9710"
"41034123","9710","문산읍행정복지센-문산읍행정복지센","9","4104822","봉암4리","41","41480","4148025324","경기도","파주시","파주읍","20251016","41034123","9710"
"41034123","9710","문산읍행정복지센-문산읍행정복지센","10","4104821","봉암3리.낚시터","41","41480","4148025324","경기도","파주시","파주읍","20251016","41034123","9710"
"41034123","9710","문산읍행정복지센-문산읍행정복지센","11","4104819","봉암2리","41","41480","4148025324","경기도","파주시","파주읍","20251016","41034123","9710"
"41034123","9710","문산읍행정복지센-문산읍행정복지센","12","4105836","봉암리.구파주역","41","41480","4148025324","경기도","파주시","파주읍","20251016","41034123","9710"
"41034123","9710","문산읍행정복지센-문산읍행정복지센","13","4104816","구파주역","41","41480","4148025324","경기도","파주시","파주읍","20251016","41034123","9710"
"41034123","9710","문산읍행정복지센-문산읍행정복지센","14","4105834","월롱교","41","41480","4148025324","경기도","파주시","파주읍","20251016","41034123","9710"
"41034123","9710","문산읍행정복지센-문산읍행정복지센","15","4175984","월롱역","41","41480","4148031021","경기도","파주시","월롱면","20251016","41034123","9710"
"41034123","9710","문산읍행정복지센-문산읍행정복지센","16","4125697","위전1리","41","41480","4148031021","경기도","파주시","월롱면","20251016","41034123","9710"
"41034123","9710","문산읍행정복지센-문산읍행정복지센","17","4105830","위전3리.신성레미콘","41","41480","4148031025","경기도","파주시","월롱면","20251016","41034123","9710"
"41034123","9710","문산읍행정복지센-문산읍행정복지센","18","4105829","영태1리","41","41480","4148031025","경기도","파주시","월롱면","20251016","41034123","9710"
"41034123","9710","문산읍행정복지센-문산읍행정복지센","19","4105826","영태5리","41","41480","4148031025","경기도","파주시","월롱면","20251016","41034123","9710"
"41034123","9710","문산읍행정복지센-문산읍행정복지센","20","4125107","영태4리.정목고앞","41","41480","4148031025","경기도","파주시","월롱면","20251016","41034123","9710"
"41034123","9710","문산읍행정복지센-문산읍행정복지센","21","4115812","영태3리","41","41480","4148031025","경기도","파주시","월롱면","20251016","41034123","9710"
"41034123","9710","문산읍행정복지센-문산읍행정복지센","22","4115810","영태6리.파주이슬람성원","41","41480","4148010200","경기도","파주시","아동동","20251016","41034123","9710"
"41034123","9710","문산읍행정복지센-문산읍행정복지센","23","4115808","은행마을","41","41480","4148010200","경기도","파주시","아동동","20251016","41034123","9710"
"41034123","9710","문산읍행정복지센-문산읍행정복지센","24","4115806","PX마을","41","41480","4148010200","경기도","파주시","아동동","20251016","41034123","9710"
"41034123","9710","문산읍행정복지센-문산읍행정복지센","25","4115889","낙머리","41","41480","4148026223","경기도","파주시","조리읍","20251016","41034123","9710"
"41034123","9710","문산읍행정복지센-문산읍행정복지센","26","4115890","등원2리","41","41480","4148026223","경기도","파주시","조리읍","20251016","41034123","9710"
"41034123","9710","문산읍행정복지센-문산읍행정복지센","27","4115847","조리읍행정복지센터","41","41480","4148026221","경기도","파주시","조리읍","20251016","41034123","9710"
"41034123","9710","문산읍행정복지센-문산읍행정복지센","28","4111554","봉일천시장","41","41480","4148026221","경기도","파주시","조리읍","20251016","41034123","9710"
"41034123","9710","문산읍행정복지센-문산읍행정복지센","29","4115892","조리농협삼일운동기념비","41","41480","4148026221","경기도","파주시","조리읍","20251016","41034123","9710"
"41034123","9710","문산읍행정복지센-문산읍행정복지센","30","4115894","봉일천4리","41","41480","4148026221","경기도","파주시","조리읍","20251016","41034123","9710"
"41034123","9710","문산읍행정복지센-문산읍행정복지센","31","4115896","파주삼릉","41","41480","4148026221","경기도","파주시","조리읍","20251016","41034123","9710"
"41034123","9710","문산읍행정복지센-문산읍행정복지센","32","4105155","송촌토파즈아파트","41","41480","4148026221","경기도","파주시","조리읍","20251016","41034123","9710"
"41034123","9710","문산읍행정복지센-문산읍행정복지센","33","4125696","한미해병참전비","41","41480","4148026221","경기도","파주시","조리읍","20251016","41034123","9710"
"41034123","9710","문산읍행정복지센-문산읍행정복지센","34","4115898","농협하나로클럽","41","41480","4148026224","경기도","파주시","조리읍","20251016","41034123","9710"
"41034123","9710","문산읍행정복지센-문산읍행정복지센","35","4115900","장곡삼거리","41","41480","4148026224","경기도","파주시","조리읍","20251016","41034123","9710"
"41034123","9710","문산읍행정복지센-문산읍행정복지센","36","4115546","내유동","41","41281","4128111900","경기도","고양시 덕양구","내유동","20251016","41034123","9710"
"41034123","9710","문산읍행정복지센-문산읍행정복지센","37","4115600","중간내유동","41","41281","4128111900","경기도","고양시 덕양구","내유동","20251016","41034123","9710"
"41034123","9710","문산읍행정복지센-문산읍행정복지센","38","4115544","윗내유동.희망양로원","41","41281","4128111900","경기도","고양시 덕양구","내유동","20251016","41034123","9710"
"41034123","9710","문산읍행정복지센-문산읍행정복지센","39","4115542","내유초등학교","41","41281","4128111900","경기도","고양시 덕양구","내유동","20251016","41034123","9710"
"41034123","9710","문산읍행정복지센-문산읍행정복지센","40","4177691","(임시)서울시립고양병원입구","41","41281","4128111900","경기도","고양시 덕양구","내유동","20251016","41034123","9710"
"41034123","9710","문산읍행정복지센-문산읍행정복지센","41","4115539","고골입구","41","41281","4128111800","경기도","고양시 덕양구","관산동","20251016","41034123","9710"
"41034123","9710","문산읍행정복지센-문산읍행정복지센","42","4115538","가장동","41","41281","4128111800","경기도","고양시 덕양구","관산동","20251016","41034123","9710"
"41034123","9710","문산읍행정복지센-문산읍행정복지센","43","4115535","두포동.관산동성당","41","41281","4128111800","경기도","고양시 덕양구","관산동","20251016","41034123","9710"
"41034123","9710","문산읍행정복지센-문산읍행정복지센","44","4115534","관산삼거리","41","41281","4128111800","경기도","고양시 덕양구","관산동","20251016","41034123","9710"
"41034123","9710","문산읍행정복지센-문산읍행정복지센","45","4115531","고양외고.고양제일중학교","41","41281","4128111800","경기도","고양시 덕양구","관산동","20251016","41034123","9710"
"41034123","9710","문산읍행정복지센-문산읍행정복지센","46","4115530","관산주공아파트.관산동행정복지센터","41","41281","4128111800","경기도","고양시 덕양구","관산동","20251016","41034123","9710"
"41034123","9710","문산읍행정복지센-문산읍행정복지센","47","4115528","관산동.벽제시장","41","41281","4128111800","경기도","고양시 덕양구","관산동","20251016","41034123","9710"
"41034123","9710","문산읍행정복지센-문산읍행정복지센","48","4115527","신성아파트","41","41281","4128111800","경기도","고양시 덕양구","관산동","20251016","41034123","9710"
"41034123","9710","문산읍행정복지센-문산읍행정복지센","49","4115524","필리핀참전비","41","41281","4128111700","경기도","고양시 덕양구","대자동","20251016","41034123","9710"
"41034123","9710","문산읍행정복지센-문산읍행정복지센","50","4115522","대자동","41","41281","4128111700","경기도","고양시 덕양구","대자동","20251016","41034123","9710"
"41034123","9710","문산읍행정복지센-문산읍행정복지센","51","4115521","서울시립승화원","41","41281","4128111700","경기도","고양시 덕양구","대자동","20251016","41034123","9710"
"41034123","9710","문산읍행정복지센-문산읍행정복지센","52","4178004","세원마을입구","41","41281","4128111700","경기도","고양시 덕양구","대자동","20251016","41034123","9710"
"41034123","9710","문산읍행정복지센-문산읍행정복지센","53","4115516","신원마을1단지.신원중","41","41281","4128110300","경기도","고양시 덕양구","신원동","20251016","41034123","9710"
"41034123","9710","문산읍행정복지센-문산읍행정복지센","54","4178144","신원마을2.4단지","41","41281","4128110300","경기도","고양시 덕양구","신원동","20251016","41034123","9710"
"41034123","9710","문산읍행정복지센-문산읍행정복지센","55","4115515","신원마을3단지","41","41281","4128110300","경기도","고양시 덕양구","신원동","20251016","41034123","9710"
"41034123","9710","문산읍행정복지센-문산읍행정복지센","56","4177719","삼송주택앞(중)","41","41281","4128111100","경기도","고양시 덕양구","삼송동","20251016","41034123","9710"
"41034123","9710","문산읍행정복지센-문산읍행정복지센","57","4126247","삼송역사거리(중)","41","41281","4128110900","경기도","고양시 덕양구","지축동","20251016","41034123","9710"
"41034123","9710","문산읍행정복지센-문산읍행정복지센","58","4108890","은평뉴타운10단지(중)","11","11380","1138011400","서울특별시","은평구","진관동","20251016","41034123","9710"
"41034123","9710","문산읍행정복지센-문산읍행정복지센","59","4199802","구파발역입구(중)","11","11380","1138011400","서울특별시","은평구","진관동","20251016","41034123","9710"
"41034123","9710","문산읍행정복지센-문산읍행정복지센","60","4104652","박석고개.신도고등학교(중)","11","11380","1138011400","서울특별시","은평구","진관동","20251016","41034123","9710"
"41034123","9710","문산읍행정복지센-문산읍행정복지센","61","4111574","세명컴퓨터고등학교(중)","11","11380","1138010400","서울특별시","은평구","갈현동","20251016","41034123","9710"
"41034123","9710","문산읍행정복지센-문산읍행정복지센","62","4111575","연신내역.연서시장(중)","11","11380","1138010300","서울특별시","은평구","불광동","20251016","41034123","9710"
"41034123","9710","문산읍행정복지센-문산읍행정복지센","63","4111586","동명여고.천주교불광동성당(중)","11","11380","1138010300","서울특별시","은평구","불광동","20251016","41034123","9710"
"41034123","9710","문산읍행정복지센-문산읍행정복지센","64","4115487","불광역3.6호선(중)","11","11380","1138010300","서울특별시","은평구","불광동","20251016","41034123","9710"
"41034123","9710","문산읍행정복지센-문산읍행정복지센","65","4104660","불광역3호선.서울혁신파크(중)","11","11380","1138010600","서울특별시","은평구","대조동","20251016","41034123","9710"
"41034123","9710","문산읍행정복지센-문산읍행정복지센","66","4113364","한전서대문은평.북한산푸르지오(중)","11","11380","1138010200","서울특별시","은평구","녹번동","20251016","41034123","9710"
"41034123","9710","문산읍행정복지센-문산읍행정복지센","67","4113366","녹번역(중)","11","11380","1138010200","서울특별시","은평구","녹번동","20251016","41034123","9710"
"41034123","9710","문산읍행정복지센-문산읍행정복지센","68","4111607","산골고개(중)","11","11410","1141011800","서울특별시","서대문구","홍은동","20251016","41034123","9710"
"41034123","9710","문산읍행정복지센-문산읍행정복지센","69","4104613","홍제역.서대문세무서(중)","11","11410","1141011100","서울특별시","서대문구","홍제동","20251016","41034123","9710"
"41034123","9710","문산읍행정복지센-문산읍행정복지센","70","4104642","홍제삼거리.인왕산한신휴플러스(중)","11","11410","1141011100","서울특별시","서대문구","홍제동","20251016","41034123","9710"
"41034123","9710","문산읍행정복지센-문산읍행정복지센","71","4197258","무악재역(중)","11","11410","1141011100","서울특별시","서대문구","홍제동","20251016","41034123","9710"
"41034123","9710","문산읍행정복지센-문산읍행정복지센","72","4111608","안산초등학교(중)","11","11410","1141011100","서울특별시","서대문구","홍제동","20251016","41034123","9710"
"41034123","9710","문산읍행정복지센-문산읍행정복지센","73","4111609","독립문역.한성과학고(중)","11","11410","1141010900","서울특별시","서대문구","현저동","20251016","41034123","9710"
"41034123","9710","문산읍행정복지센-문산읍행정복지센","74","4197577","영천시장(중)","11","11410","1141010800","서울특별시","서대문구","영천동","20251016","41034123","9710"
"41034123","9710","문산읍행정복지센-문산읍행정복지센","75","4179533","서울역사박물관","11","11110","1111012000","서울특별시","종로구","신문로1가","20251016","41034123","9710"
"41034123","9710","문산읍행정복지센-문산읍행정복지센","76","4108326","광화문역6번출구","11","11110","1111011900","서울특별시","종로구","세종로","20251016","41034123","9710"
"41034123","9710","문산읍행정복지센-문산읍행정복지센","77","7104283","시청교차로(미정차)","11","11140","1114011400","서울특별시","중구","태평로2가","20251016","41034123","9710"
"41034123","9710","문산읍행정복지센-문산읍행정복지센","78","4111614","신한은행본점","11","11140","1114011400","서울특별시","중구","태평로2가","20251016","41034123","9710"
"41034123","9710","문산읍행정복지센-문산읍행정복지센","79","4108423","숭례문","11","11140","1114011800","서울특별시","중구","남대문로5가","20251016","41034123","9710"
"41034123","9710","문산읍행정복지센-문산읍행정복지센","80","7101885","염천교사거리(미정차)","11","11140","1114016800","서울특별시","중구","순화동","20251016","41034123","9710"
"41034123","9710","문산읍행정복지센-문산읍행정복지센","81","7101993","경찰서앞교차로(미정차)","11","11140","1114016800","서울특별시","중구","순화동","20251016","41034123","9710"
"41034123","9710","문산읍행정복지센-문산읍행정복지센","82","4108486","경찰청.동북아역사재단(중)","11","11140","1114016900","서울특별시","중구","의주로1가","20251016","41034123","9710"
"41034123","9710","문산읍행정복지센-문산읍행정복지센","83","7102319","서대문역교차로(미정차)","11","11140","1114016900","서울특별시","중구","의주로1가","20251016","41034123","9710"
"41034123","9710","문산읍행정복지센-문산읍행정복지센","84","4150593","영천시장(중)","11","11110","1111018000","서울특별시","종로구","교북동","20251016","41034123","9710"
"41034123","9710","문산읍행정복지센-문산읍행정복지센","85","4151597","독립문역.한성과학고(중)","11","11110","1111018700","서울특별시","종로구","무악동","20251016","41034123","9710"
"41034123","9710","문산읍행정복지센-문산읍행정복지센","86","4197259","무악재역(중)","11","11410","1141011100","서울특별시","서대문구","홍제동","20251016","41034123","9710"
"41034123","9710","문산읍행정복지센-문산읍행정복지센","87","4104609","인왕산.홍제원아파트(중)","11","11410","1141011100","서울특별시","서대문구","홍제동","20251016","41034123","9710"
"41034123","9710","문산읍행정복지센-문산읍행정복지센","88","4104610","홍제역.서대문세무서(중)","11","11410","1141011100","서울특별시","서대문구","홍제동","20251016","41034123","9710"
"41034123","9710","문산읍행정복지센-문산읍행정복지센","89","4104611","산골고개(중)","11","11410","1141011800","서울특별시","서대문구","홍은동","20251016","41034123","9710"
"41034123","9710","문산읍행정복지센-문산읍행정복지센","90","4113367","녹번역(중)","11","11380","1138010200","서울특별시","은평구","녹번동","20251016","41034123","9710"
"41034123","9710","문산읍행정복지센-문산읍행정복지센","91","4113365","한전서대문은평.북한산푸르지오(중)","11","11380","1138010200","서울특별시","은평구","녹번동","20251016","41034123","9710"
"41034123","9710","문산읍행정복지센-문산읍행정복지센","92","4104659","불광역3호선.서울혁신파크(중)","11","11380","1138010200","서울특별시","은평구","녹번동","20251016","41034123","9710"
"41034123","9710","문산읍행정복지센-문산읍행정복지센","93","4179498","불광역3.6호선(중)","11","11380","1138010300","서울특별시","은평구","불광동","20251016","41034123","9710"
"41034123","9710","문산읍행정복지센-문산읍행정복지센","94","4104662","동명여고.천주교불광동성당(중)","11","11380","1138010300","서울특별시","은평구","불광동","20251016","41034123","9710"
"41034123","9710","문산읍행정복지센-문산읍행정복지센","95","4104644","연신내역.연서시장(중)","11","11380","1138010300","서울특별시","은평구","불광동","20251016","41034123","9710"
"41034123","9710","문산읍행정복지센-문산읍행정복지센","96","4111572","세명컴퓨터고등학교(중)","11","11380","1138010300","서울특별시","은평구","불광동","20251016","41034123","9710"
"41034123","9710","문산읍행정복지센-문산읍행정복지센","97","4115492","박석고개.신도고등학교(중)","11","11380","1138011400","서울특별시","은평구","진관동","20251016","41034123","9710"
"41034123","9710","문산읍행정복지센-문산읍행정복지센","98","4102732","구파발역입구(중)","11","11380","1138011400","서울특별시","은평구","진관동","20251016","41034123","9710"
"41034123","9710","문산읍행정복지센-문산읍행정복지센","99","4115486","은평뉴타운10단지(중)","11","11380","1138011400","서울특별시","은평구","진관동","20251016","41034123","9710"
"41034123","9710","문산읍행정복지센-문산읍행정복지센","100","4115511","삼송역사거리.지축차량기지입구","41","41281","4128110900","경기도","고양시 덕양구","지축동","20251016","41034123","9710"
"41034123","9710","문산읍행정복지센-문산읍행정복지센","101","4115512","삼송주택앞","41","41281","4128111100","경기도","고양시 덕양구","삼송동","20251016","41034123","9710"
"41034123","9710","문산읍행정복지센-문산읍행정복지센","102","4178005","신원마을3단지","41","41281","4128110300","경기도","고양시 덕양구","신원동","20251016","41034123","9710"
"41034123","9710","문산읍행정복지센-문산읍행정복지센","103","4177930","신원마을2.4단지","41","41281","4128110300","경기도","고양시 덕양구","신원동","20251016","41034123","9710"
"41034123","9710","문산읍행정복지센-문산읍행정복지센","104","4115517","신원마을1단지.신원중","41","41281","4128110300","경기도","고양시 덕양구","신원동","20251016","41034123","9710"
"41034123","9710","문산읍행정복지센-문산읍행정복지센","105","4115518","세원마을입구","41","41281","4128110300","경기도","고양시 덕양구","신원동","20251016","41034123","9710"
"41034123","9710","문산읍행정복지센-문산읍행정복지센","106","4115520","서울시립승화원","41","41281","4128111700","경기도","고양시 덕양구","대자동","20251016","41034123","9710"
"41034123","9710","문산읍행정복지센-문산읍행정복지센","107","4115523","대자동","41","41281","4128111700","경기도","고양시 덕양구","대자동","20251016","41034123","9710"
"41034123","9710","문산읍행정복지센-문산읍행정복지센","108","4115525","필리핀참전비","41","41281","4128111700","경기도","고양시 덕양구","대자동","20251016","41034123","9710"
"41034123","9710","문산읍행정복지센-문산읍행정복지센","109","4115526","새서울아파트","41","41281","4128111800","경기도","고양시 덕양구","관산동","20251016","41034123","9710"
"41034123","9710","문산읍행정복지센-문산읍행정복지센","110","4178194","더퍼스트프라임","41","41281","4128111800","경기도","고양시 덕양구","관산동","20251016","41034123","9710"
"41034123","9710","문산읍행정복지센-문산읍행정복지센","111","4115529","관산동.벽제시장","41","41281","4128111800","경기도","고양시 덕양구","관산동","20251016","41034123","9710"
"41034123","9710","문산읍행정복지센-문산읍행정복지센","112","4178034","관산주공아파트.관산동행정복지센터","41","41281","4128111800","경기도","고양시 덕양구","관산동","20251016","41034123","9710"
"41034123","9710","문산읍행정복지센-문산읍행정복지센","113","4115532","고양외고.고양제일중학교","41","41281","4128111800","경기도","고양시 덕양구","관산동","20251016","41034123","9710"
"41034123","9710","문산읍행정복지센-문산읍행정복지센","114","4115533","관산삼거리","41","41281","4128111800","경기도","고양시 덕양구","관산동","20251016","41034123","9710"
"41034123","9710","문산읍행정복지센-문산읍행정복지센","115","4115536","두포동.관산동성당","41","41281","4128111800","경기도","고양시 덕양구","관산동","20251016","41034123","9710"
"41034123","9710","문산읍행정복지센-문산읍행정복지센","116","4115537","가장동","41","41281","4128111800","경기도","고양시 덕양구","관산동","20251016","41034123","9710"
"41034123","9710","문산읍행정복지센-문산읍행정복지센","117","4115540","고골입구","41","41281","4128111800","경기도","고양시 덕양구","관산동","20251016","41034123","9710"
"41034123","9710","문산읍행정복지센-문산읍행정복지센","118","4115541","서울시립고양병원입구","41","41281","4128111900","경기도","고양시 덕양구","내유동","20251016","41034123","9710"
"41034123","9710","문산읍행정복지센-문산읍행정복지센","119","4115543","내유초등학교앞","41","41281","4128111900","경기도","고양시 덕양구","내유동","20251016","41034123","9710"
"41034123","9710","문산읍행정복지센-문산읍행정복지센","120","4115545","윗내유동.희망양로원","41","41281","4128111900","경기도","고양시 덕양구","내유동","20251016","41034123","9710"
"41034123","9710","문산읍행정복지센-문산읍행정복지센","121","4115599","중간내유동","41","41281","4128111900","경기도","고양시 덕양구","내유동","20251016","41034123","9710"
"41034123","9710","문산읍행정복지센-문산읍행정복지센","122","4115547","내유동","41","41281","4128111900","경기도","고양시 덕양구","내유동","20251016","41034123","9710"
"41034123","9710","문산읍행정복지센-문산읍행정복지센","123","4115901","장곡삼거리","41","41480","4148026224","경기도","파주시","조리읍","20251016","41034123","9710"
"41034123","9710","문산읍행정복지센-문산읍행정복지센","124","4115899","농협하나로클럽","41","41480","4148026224","경기도","파주시","조리읍","20251016","41034123","9710"
"41034123","9710","문산읍행정복지센-문산읍행정복지센","125","4122993","한미해병참전비","41","41480","4148026224","경기도","파주시","조리읍","20251016","41034123","9710"
"41034123","9710","문산읍행정복지센-문산읍행정복지센","126","4115897","파주삼릉","41","41480","4148026221","경기도","파주시","조리읍","20251016","41034123","9710"
"41034123","9710","문산읍행정복지센-문산읍행정복지센","127","4115895","봉일천4리","41","41480","4148026221","경기도","파주시","조리읍","20251016","41034123","9710"
"41034123","9710","문산읍행정복지센-문산읍행정복지센","128","4115893","조리농협삼일운동기념비","41","41480","4148026221","경기도","파주시","조리읍","20251016","41034123","9710"
"41034123","9710","문산읍행정복지센-문산읍행정복지센","129","4115850","봉일천시장","41","41480","4148026221","경기도","파주시","조리읍","20251016","41034123","9710"
"41034123","9710","문산읍행정복지센-문산읍행정복지센","130","4115848","조리읍행정복지센터","41","41480","4148026221","경기도","파주시","조리읍","20251016","41034123","9710"
"41034123","9710","문산읍행정복지센-문산읍행정복지센","131","4175883","등원2리","41","41480","4148026223","경기도","파주시","조리읍","20251016","41034123","9710"
"41034123","9710","문산읍행정복지센-문산읍행정복지센","132","4176001","낙머리","41","41480","4148026223","경기도","파주시","조리읍","20251016","41034123","9710"
"41034123","9710","문산읍행정복지센-문산읍행정복지센","133","4115805","PX마을","41","41480","4148010200","경기도","파주시","아동동","20251016","41034123","9710"
"41034123","9710","문산읍행정복지센-문산읍행정복지센","134","4115807","은행마을","41","41480","4148010200","경기도","파주시","아동동","20251016","41034123","9710"
"41034123","9710","문산읍행정복지센-문산읍행정복지센","135","4115809","영태6리.파주이슬람성원","41","41480","4148010200","경기도","파주시","아동동","20251016","41034123","9710"
"41034123","9710","문산읍행정복지센-문산읍행정복지센","136","4115811","영태3리","41","41480","4148031025","경기도","파주시","월롱면","20251016","41034123","9710"
"41034123","9710","문산읍행정복지센-문산읍행정복지센","137","4125106","영태4리.정목고앞","41","41480","4148031025","경기도","파주시","월롱면","20251016","41034123","9710"
"41034123","9710","문산읍행정복지센-문산읍행정복지센","138","4105827","영태5리","41","41480","4148031025","경기도","파주시","월롱면","20251016","41034123","9710"
"41034123","9710","문산읍행정복지센-문산읍행정복지센","139","4105828","영태1리","41","41480","4148031025","경기도","파주시","월롱면","20251016","41034123","9710"
"41034123","9710","문산읍행정복지센-문산읍행정복지센","140","4105831","위전3리.신성레미콘","41","41480","4148031025","경기도","파주시","월롱면","20251016","41034123","9710"
"41034123","9710","문산읍행정복지센-문산읍행정복지센","141","4175725","월롱역","41","41480","4148031021","경기도","파주시","월롱면","20251016","41034123","9710"
"41034123","9710","문산읍행정복지센-문산읍행정복지센","142","4105835","월롱교","41","41480","4148025325","경기도","파주시","파주읍","20251016","41034123","9710"
"41034123","9710","문산읍행정복지센-문산읍행정복지센","143","4104817","구파주역","41","41480","4148025324","경기도","파주시","파주읍","20251016","41034123","9710"
"41034123","9710","문산읍행정복지센-문산읍행정복지센","144","4105837","봉암리.구파주역","41","41480","4148025324","경기도","파주시","파주읍","20251016","41034123","9710"
"41034123","9710","문산읍행정복지센-문산읍행정복지센","145","4104818","봉암2리","41","41480","4148025324","경기도","파주시","파주읍","20251016","41034123","9710"
"41034123","9710","문산읍행정복지센-문산읍행정복지센","146","4104820","봉암3리.낚시터","41","41480","4148025324","경기도","파주시","파주읍","20251016","41034123","9710"
"41034123","9710","문산읍행정복지센-문산읍행정복지센","147","4104823","봉암4리","41","41480","4148025324","경기도","파주시","파주읍","20251016","41034123","9710"
"41034123","9710","문산읍행정복지센-문산읍행정복지센","148","4104824","봉서1리.화약골","41","41480","4148025321","경기도","파주시","파주읍","20251016","41034123","9710"
"41034123","9710","문산읍행정복지센-문산읍행정복지센","149","4104826","봉서4리","41","41480","4148025321","경기도","파주시","파주읍","20251016","41034123","9710"
"41034123","9710","문산읍행정복지센-문산읍행정복지센","150","4104828","봉서2리.붉은밭","41","41480","4148025321","경기도","파주시","파주읍","20251016","41034123","9710"
"41034123","9710","문산읍행정복지센-문산읍행정복지센","151","4115663","한진1차.문산역","41","41480","4148025021","경기도","파주시","문산읍","20251016","41034123","9710"
"41034123","9710","문산읍행정복지센-문산읍행정복지센","152","4115661","문산타워.구문산터미널","41","41480","4148025021","경기도","파주시","문산읍","20251016","41034123","9710"
"41034123","9710","문산읍행정복지센-문산읍행정복지센","153","4115665","십자약국","41","41480","4148025023","경기도","파주시","문산읍","20251016","41034123","9710"
"41034123","9710","문산읍행정복지센-문산읍행정복지센","154","4115759","문산읍행정복지센터","41","41480","4148025021","경기도","파주시","문산읍","20251016","41034123","9710"
"41034145","9710-1","문산읍행정복지센-문산읍행정복지센","0","4105117","문산읍행정복지센터","41","41480","4148025021","경기도","파주시","문산읍","20251016","41034145","9710-1"
"41034145","9710-1","문산읍행정복지센-문산읍행정복지센","1","7104173","행정복지센터출발(미정차)","41","41480","4148025021","경기도","파주시","문산읍","20251016","41034145","9710-1"
"41034145","9710-1","문산읍행정복지센-문산읍행정복지센","2","7104174","문산사거리(미정차)","41","41480","4148025023","경기도","파주시","문산읍","20251016","41034145","9710-1"
"41034145","9710-1","문산읍행정복지센-문산읍행정복지센","3","4104725","어울림.동문디이스트아파트","41","41480","4148025023","경기도","파주시","문산읍","20251016","41034145","9710-1"
"41034145","9710-1","문산읍행정복지센-문산읍행정복지센","4","4122222","힐스테이트2차","41","41480","4148025022","경기도","파주시","문산읍","20251016","41034145","9710-1"
"41034145","9710-1","문산읍행정복지센-문산읍행정복지센","5","4175801","세성아파트","41","41480","4148025022","경기도","파주시","문산읍","20251016","41034145","9710-1"
"41034145","9710-1","문산읍행정복지센-문산읍행정복지센","6","4105824","문산북중.문산고","41","41480","4148025022","경기도","파주시","문산읍","20251016","41034145","9710-1"
"41034145","9710-1","문산읍행정복지센-문산읍행정복지센","7","4175813","당동신원아파트","41","41480","4148025021","경기도","파주시","문산읍","20251016","41034145","9710-1"
"41034145","9710-1","문산읍행정복지센-문산읍행정복지센","8","4175812","당동주공1.2단지","41","41480","4148025022","경기도","파주시","문산읍","20251016","41034145","9710-1"
"41034145","9710-1","문산읍행정복지센-문산읍행정복지센","9","4105901","힐스테이트1차.홈플러스","41","41480","4148025022","경기도","파주시","문산읍","20251016","41034145","9710-1"
"41034145","9710-1","문산읍행정복지센-문산읍행정복지센","10","4115668","휴먼시아3차.CGV.하이마트","41","41480","4148025022","경기도","파주시","문산읍","20251016","41034145","9710-1"
"41034145","9710-1","문산읍행정복지센-문산읍행정복지센","11","4115697","북파주농협.세아아파트","41","41480","4148025022","경기도","파주시","문산읍","20251016","41034145","9710-1"
"41034145","9710-1","문산읍행정복지센-문산읍행정복지센","12","4175749","문산초등학교후문","41","41480","4148025023","경기도","파주시","문산읍","20251016","41034145","9710-1"
"41034145","9710-1","문산읍행정복지센-문산읍행정복지센","13","4104719","삼거리십자약국","41","41480","4148025023","경기도","파주시","문산읍","20251016","41034145","9710-1"
"41034145","9710-1","문산읍행정복지센-문산읍행정복지센","14","4115706","십자약국","41","41480","4148025023","경기도","파주시","문산읍","20251016","41034145","9710-1"
"41034145","9710-1","문산읍행정복지센-문산읍행정복지센","15","4115660","북파주농협.구문산터미널","41","41480","4148025021","경기도","파주시","문산읍","20251016","41034145","9710-1"
"41034145","9710-1","문산읍행정복지센-문산읍행정복지센","16","4115662","한진1차.문산역","41","41480","4148025021","경기도","파주시","문산읍","20251016","41034145","9710-1"
"41034145","9710-1","문산읍행정복지센-문산읍행정복지센","17","4175763","휴먼빌","41","41480","4148025021","경기도","파주시","문산읍","20251016","41034145","9710-1"
"41034145","9710-1","문산읍행정복지센-문산읍행정복지센","18","4104829","봉서2리.붉은밭","41","41480","4148025321","경기도","파주시","파주읍","20251016","41034145","9710-1"
"41034145","9710-1","문산읍행정복지센-문산읍행정복지센","19","4104827","봉서4리","41","41480","4148025321","경기도","파주시","파주읍","20251016","41034145","9710-1"
"41034145","9710-1","문산읍행정복지센-문산읍행정복지센","20","4104825","봉서1리.화약골","41","41480","4148025321","경기도","파주시","파주읍","20251016","41034145","9710-1"
"41034145","9710-1","문산읍행정복지센-문산읍행정복지센","21","4104822","봉암4리","41","41480","4148025324","경기도","파주시","파주읍","20251016","41034145","9710-1"
"41034145","9710-1","문산읍행정복지센-문산읍행정복지센","22","4104821","봉암3리.낚시터","41","41480","4148025324","경기도","파주시","파주읍","20251016","41034145","9710-1"
"41034145","9710-1","문산읍행정복지센-문산읍행정복지센","23","4104819","봉암2리","41","41480","4148025324","경기도","파주시","파주읍","20251016","41034145","9710-1"
"41034145","9710-1","문산읍행정복지센-문산읍행정복지센","24","4105836","봉암리.구파주역","41","41480","4148025324","경기도","파주시","파주읍","20251016","41034145","9710-1"
"41034145","9710-1","문산읍행정복지센-문산읍행정복지센","25","4104816","구파주역","41","41480","4148025324","경기도","파주시","파주읍","20251016","41034145","9710-1"
"41034145","9710-1","문산읍행정복지센-문산읍행정복지센","26","4105834","월롱교","41","41480","4148025324","경기도","파주시","파주읍","20251016","41034145","9710-1"
"41034145","9710-1","문산읍행정복지센-문산읍행정복지센","27","4175984","월롱역","41","41480","4148031021","경기도","파주시","월롱면","20251016","41034145","9710-1"
"41034145","9710-1","문산읍행정복지센-문산읍행정복지센","28","4125697","위전1리","41","41480","4148031021","경기도","파주시","월롱면","20251016","41034145","9710-1"
"41034145","9710-1","문산읍행정복지센-문산읍행정복지센","29","4105830","위전3리.신성레미콘","41","41480","4148031025","경기도","파주시","월롱면","20251016","41034145","9710-1"
"41034145","9710-1","문산읍행정복지센-문산읍행정복지센","30","4105829","영태1리","41","41480","4148031025","경기도","파주시","월롱면","20251016","41034145","9710-1"
"41034145","9710-1","문산읍행정복지센-문산읍행정복지센","31","4105826","영태5리","41","41480","4148031025","경기도","파주시","월롱면","20251016","41034145","9710-1"
"41034145","9710-1","문산읍행정복지센-문산읍행정복지센","32","4125107","영태4리.정목고앞","41","41480","4148031025","경기도","파주시","월롱면","20251016","41034145","9710-1"
"41034145","9710-1","문산읍행정복지센-문산읍행정복지센","33","4115812","영태3리","41","41480","4148031025","경기도","파주시","월롱면","20251016","41034145","9710-1"
"41034145","9710-1","문산읍행정복지센-문산읍행정복지센","34","4115810","영태6리.파주이슬람성원","41","41480","4148010200","경기도","파주시","아동동","20251016","41034145","9710-1"
"41034145","9710-1","문산읍행정복지센-문산읍행정복지센","35","4115808","은행마을","41","41480","4148010200","경기도","파주시","아동동","20251016","41034145","9710-1"
"41034145","9710-1","문산읍행정복지센-문산읍행정복지센","36","4115806","PX마을","41","41480","4148010200","경기도","파주시","아동동","20251016","41034145","9710-1"
"41034145","9710-1","문산읍행정복지센-문산읍행정복지센","37","4115889","낙머리","41","41480","4148026223","경기도","파주시","조리읍","20251016","41034145","9710-1"
"41034145","9710-1","문산읍행정복지센-문산읍행정복지센","38","4115890","등원2리","41","41480","4148026223","경기도","파주시","조리읍","20251016","41034145","9710-1"
"41034145","9710-1","문산읍행정복지센-문산읍행정복지센","39","4115847","조리읍행정복지센터","41","41480","4148026221","경기도","파주시","조리읍","20251016","41034145","9710-1"
"41034145","9710-1","문산읍행정복지센-문산읍행정복지센","40","4111554","봉일천시장","41","41480","4148026221","경기도","파주시","조리읍","20251016","41034145","9710-1"
"41034145","9710-1","문산읍행정복지센-문산읍행정복지센","41","4115892","조리농협삼일운동기념비","41","41480","4148026221","경기도","파주시","조리읍","20251016","41034145","9710-1"
"41034145","9710-1","문산읍행정복지센-문산읍행정복지센","42","4115894","봉일천4리","41","41480","4148026221","경기도","파주시","조리읍","20251016","41034145","9710-1"
"41034145","9710-1","문산읍행정복지센-문산읍행정복지센","43","4115896","파주삼릉","41","41480","4148026221","경기도","파주시","조리읍","20251016","41034145","9710-1"
"41034145","9710-1","문산읍행정복지센-문산읍행정복지센","44","4105155","송촌토파즈아파트","41","41480","4148026221","경기도","파주시","조리읍","20251016","41034145","9710-1"
"41034145","9710-1","문산읍행정복지센-문산읍행정복지센","45","4125696","한미해병참전비","41","41480","4148026221","경기도","파주시","조리읍","20251016","41034145","9710-1"
"41034145","9710-1","문산읍행정복지센-문산읍행정복지센","46","4115898","농협하나로클럽","41","41480","4148026224","경기도","파주시","조리읍","20251016","41034145","9710-1"
"41034145","9710-1","문산읍행정복지센-문산읍행정복지센","47","4115900","장곡삼거리","41","41480","4148026224","경기도","파주시","조리읍","20251016","41034145","9710-1"
"41034145","9710-1","문산읍행정복지센-문산읍행정복지센","48","4115546","내유동","41","41281","4128111900","경기도","고양시 덕양구","내유동","20251016","41034145","9710-1"
"41034145","9710-1","문산읍행정복지센-문산읍행정복지센","49","4115600","중간내유동","41","41281","4128111900","경기도","고양시 덕양구","내유동","20251016","41034145","9710-1"
"41034145","9710-1","문산읍행정복지센-문산읍행정복지센","50","4115544","윗내유동.희망양로원","41","41281","4128111900","경기도","고양시 덕양구","내유동","20251016","41034145","9710-1"
"41034145","9710-1","문산읍행정복지센-문산읍행정복지센","51","4115542","내유초등학교","41","41281","4128111900","경기도","고양시 덕양구","내유동","20251016","41034145","9710-1"
"41034145","9710-1","문산읍행정복지센-문산읍행정복지센","52","4177691","(임시)서울시립고양병원입구","41","41281","4128111900","경기도","고양시 덕양구","내유동","20251016","41034145","9710-1"
"41034145","9710-1","문산읍행정복지센-문산읍행정복지센","53","4115539","고골입구","41","41281","4128111800","경기도","고양시 덕양구","관산동","20251016","41034145","9710-1"
"41034145","9710-1","문산읍행정복지센-문산읍행정복지센","54","4115538","가장동","41","41281","4128111800","경기도","고양시 덕양구","관산동","20251016","41034145","9710-1"
"41034145","9710-1","문산읍행정복지센-문산읍행정복지센","55","4115535","두포동.관산동성당","41","41281","4128111800","경기도","고양시 덕양구","관산동","20251016","41034145","9710-1"
"41034145","9710-1","문산읍행정복지센-문산읍행정복지센","56","4115534","관산삼거리","41","41281","4128111800","경기도","고양시 덕양구","관산동","20251016","41034145","9710-1"
"41034145","9710-1","문산읍행정복지센-문산읍행정복지센","57","4115531","고양외고.고양제일중학교","41","41281","4128111800","경기도","고양시 덕양구","관산동","20251016","41034145","9710-1"
"41034145","9710-1","문산읍행정복지센-문산읍행정복지센","58","4115530","관산주공아파트.관산동행정복지센터","41","41281","4128111800","경기도","고양시 덕양구","관산동","20251016","41034145","9710-1"
"41034145","9710-1","문산읍행정복지센-문산읍행정복지센","59","4115528","관산동.벽제시장","41","41281","4128111800","경기도","고양시 덕양구","관산동","20251016","41034145","9710-1"
"41034145","9710-1","문산읍행정복지센-문산읍행정복지센","60","4115527","신성아파트","41","41281","4128111800","경기도","고양시 덕양구","관산동","20251016","41034145","9710-1"
"41034145","9710-1","문산읍행정복지센-문산읍행정복지센","61","4115524","필리핀참전비","41","41281","4128111700","경기도","고양시 덕양구","대자동","20251016","41034145","9710-1"
"41034145","9710-1","문산읍행정복지센-문산읍행정복지센","62","4115522","대자동","41","41281","4128111700","경기도","고양시 덕양구","대자동","20251016","41034145","9710-1"
"41034145","9710-1","문산읍행정복지센-문산읍행정복지센","63","4115521","서울시립승화원","41","41281","4128111700","경기도","고양시 덕양구","대자동","20251016","41034145","9710-1"
"41034145","9710-1","문산읍행정복지센-문산읍행정복지센","64","4178004","세원마을입구","41","41281","4128111700","경기도","고양시 덕양구","대자동","20251016","41034145","9710-1"
"41034145","9710-1","문산읍행정복지센-문산읍행정복지센","65","4115516","신원마을1단지.신원중","41","41281","4128110300","경기도","고양시 덕양구","신원동","20251016","41034145","9710-1"
"41034145","9710-1","문산읍행정복지센-문산읍행정복지센","66","4178144","신원마을2.4단지","41","41281","4128110300","경기도","고양시 덕양구","신원동","20251016","41034145","9710-1"
"41034145","9710-1","문산읍행정복지센-문산읍행정복지센","67","4115515","신원마을3단지","41","41281","4128110300","경기도","고양시 덕양구","신원동","20251016","41034145","9710-1"
"41034145","9710-1","문산읍행정복지센-문산읍행정복지센","68","4177719","삼송주택앞(중)","41","41281","4128111100","경기도","고양시 덕양구","삼송동","20251016","41034145","9710-1"
"41034145","9710-1","문산읍행정복지센-문산읍행정복지센","69","4126247","삼송역사거리(중)","41","41281","4128110900","경기도","고양시 덕양구","지축동","20251016","41034145","9710-1"
"41034145","9710-1","문산읍행정복지센-문산읍행정복지센","70","4108890","은평뉴타운10단지(중)","11","11380","1138011400","서울특별시","은평구","진관동","20251016","41034145","9710-1"
"41034145","9710-1","문산읍행정복지센-문산읍행정복지센","71","4199802","구파발역입구(중)","11","11380","1138011400","서울특별시","은평구","진관동","20251016","41034145","9710-1"
"41034145","9710-1","문산읍행정복지센-문산읍행정복지센","72","4104652","박석고개.신도고등학교(중)","11","11380","1138011400","서울특별시","은평구","진관동","20251016","41034145","9710-1"
"41034145","9710-1","문산읍행정복지센-문산읍행정복지센","73","4111574","세명컴퓨터고등학교(중)","11","11380","1138010400","서울특별시","은평구","갈현동","20251016","41034145","9710-1"
"41034145","9710-1","문산읍행정복지센-문산읍행정복지센","74","4111575","연신내역.연서시장(중)","11","11380","1138010300","서울특별시","은평구","불광동","20251016","41034145","9710-1"
"41034145","9710-1","문산읍행정복지센-문산읍행정복지센","75","4111586","동명여고.천주교불광동성당(중)","11","11380","1138010300","서울특별시","은평구","불광동","20251016","41034145","9710-1"
"41034145","9710-1","문산읍행정복지센-문산읍행정복지센","76","4115487","불광역3.6호선(중)","11","11380","1138010300","서울특별시","은평구","불광동","20251016","41034145","9710-1"
"41034145","9710-1","문산읍행정복지센-문산읍행정복지센","77","4104660","불광역3호선.서울혁신파크(중)","11","11380","1138010600","서울특별시","은평구","대조동","20251016","41034145","9710-1"
"41034145","9710-1","문산읍행정복지센-문산읍행정복지센","78","4113364","한전서대문은평.북한산푸르지오(중)","11","11380","1138010200","서울특별시","은평구","녹번동","20251016","41034145","9710-1"
"41034145","9710-1","문산읍행정복지센-문산읍행정복지센","79","4113366","녹번역(중)","11","11380","1138010200","서울특별시","은평구","녹번동","20251016","41034145","9710-1"
"41034145","9710-1","문산읍행정복지센-문산읍행정복지센","80","4111607","산골고개(중)","11","11410","1141011800","서울특별시","서대문구","홍은동","20251016","41034145","9710-1"
"41034145","9710-1","문산읍행정복지센-문산읍행정복지센","81","4104613","홍제역.서대문세무서(중)","11","11410","1141011100","서울특별시","서대문구","홍제동","20251016","41034145","9710-1"
"41034145","9710-1","문산읍행정복지센-문산읍행정복지센","82","4104642","홍제삼거리.인왕산한신휴플러스(중)","11","11410","1141011100","서울특별시","서대문구","홍제동","20251016","41034145","9710-1"
"41034145","9710-1","문산읍행정복지센-문산읍행정복지센","83","4197258","무악재역(중)","11","11410","1141011100","서울특별시","서대문구","홍제동","20251016","41034145","9710-1"
"41034145","9710-1","문산읍행정복지센-문산읍행정복지센","84","4111608","안산초등학교(중)","11","11410","1141011100","서울특별시","서대문구","홍제동","20251016","41034145","9710-1"
"41034145","9710-1","문산읍행정복지센-문산읍행정복지센","85","4111609","독립문역.한성과학고(중)","11","11410","1141010900","서울특별시","서대문구","현저동","20251016","41034145","9710-1"
"41034145","9710-1","문산읍행정복지센-문산읍행정복지센","86","4197577","영천시장(중)","11","11410","1141010800","서울특별시","서대문구","영천동","20251016","41034145","9710-1"
"41034145","9710-1","문산읍행정복지센-문산읍행정복지센","87","4179533","서울역사박물관","11","11110","1111012000","서울특별시","종로구","신문로1가","20251016","41034145","9710-1"
"41034145","9710-1","문산읍행정복지센-문산읍행정복지센","88","4108326","광화문역6번출구","11","11110","1111011900","서울특별시","종로구","세종로","20251016","41034145","9710-1"
"41034145","9710-1","문산읍행정복지센-문산읍행정복지센","89","7104283","시청교차로(미정차)","11","11140","1114011400","서울특별시","중구","태평로2가","20251016","41034145","9710-1"
"41034145","9710-1","문산읍행정복지센-문산읍행정복지센","90","4111614","신한은행본점","11","11140","1114011400","서울특별시","중구","태평로2가","20251016","41034145","9710-1"
"41034145","9710-1","문산읍행정복지센-문산읍행정복지센","91","4108423","숭례문","11","11140","1114011800","서울특별시","중구","남대문로5가","20251016","41034145","9710-1"
"41034145","9710-1","문산읍행정복지센-문산읍행정복지센","92","7101885","염천교사거리(미정차)","11","11140","1114016800","서울특별시","중구","순화동","20251016","41034145","9710-1"
"41034145","9710-1","문산읍행정복지센-문산읍행정복지센","93","7101993","경찰서앞교차로(미정차)","11","11140","1114016800","서울특별시","중구","순화동","20251016","41034145","9710-1"
"41034145","9710-1","문산읍행정복지센-문산읍행정복지센","94","4108486","경찰청.동북아역사재단(중)","11","11140","1114016900","서울특별시","중구","의주로1가","20251016","41034145","9710-1"
"41034145","9710-1","문산읍행정복지센-문산읍행정복지센","95","7102319","서대문역교차로(미정차)","11","11140","1114016900","서울특별시","중구","의주로1가","20251016","41034145","9710-1"
"41034145","9710-1","문산읍행정복지센-문산읍행정복지센","96","4150593","영천시장(중)","11","11110","1111018000","서울특별시","종로구","교북동","20251016","41034145","9710-1"
"41034145","9710-1","문산읍행정복지센-문산읍행정복지센","97","4151597","독립문역.한성과학고(중)","11","11110","1111018700","서울특별시","종로구","무악동","20251016","41034145","9710-1"
"41034145","9710-1","문산읍행정복지센-문산읍행정복지센","98","4197259","무악재역(중)","11","11410","1141011100","서울특별시","서대문구","홍제동","20251016","41034145","9710-1"
"41034145","9710-1","문산읍행정복지센-문산읍행정복지센","99","4104609","인왕산.홍제원아파트(중)","11","11410","1141011100","서울특별시","서대문구","홍제동","20251016","41034145","9710-1"
"41034145","9710-1","문산읍행정복지센-문산읍행정복지센","100","4104610","홍제역.서대문세무서(중)","11","11410","1141011100","서울특별시","서대문구","홍제동","20251016","41034145","9710-1"
"41034145","9710-1","문산읍행정복지센-문산읍행정복지센","101","4104611","산골고개(중)","11","11410","1141011800","서울특별시","서대문구","홍은동","20251016","41034145","9710-1"
"41034145","9710-1","문산읍행정복지센-문산읍행정복지센","102","4113367","녹번역(중)","11","11380","1138010200","서울특별시","은평구","녹번동","20251016","41034145","9710-1"
"41034145","9710-1","문산읍행정복지센-문산읍행정복지센","103","4113365","한전서대문은평.북한산푸르지오(중)","11","11380","1138010200","서울특별시","은평구","녹번동","20251016","41034145","9710-1"
"41034145","9710-1","문산읍행정복지센-문산읍행정복지센","104","4104659","불광역3호선.서울혁신파크(중)","11","11380","1138010200","서울특별시","은평구","녹번동","20251016","41034145","9710-1"
"41034145","9710-1","문산읍행정복지센-문산읍행정복지센","105","4179498","불광역3.6호선(중)","11","11380","1138010300","서울특별시","은평구","불광동","20251016","41034145","9710-1"
"41034145","9710-1","문산읍행정복지센-문산읍행정복지센","106","4104662","동명여고.천주교불광동성당(중)","11","11380","1138010300","서울특별시","은평구","불광동","20251016","41034145","9710-1"
"41034145","9710-1","문산읍행정복지센-문산읍행정복지센","107","4104644","연신내역.연서시장(중)","11","11380","1138010300","서울특별시","은평구","불광동","20251016","41034145","9710-1"
"41034145","9710-1","문산읍행정복지센-문산읍행정복지센","108","4111572","세명컴퓨터고등학교(중)","11","11380","1138010300","서울특별시","은평구","불광동","20251016","41034145","9710-1"
"41034145","9710-1","문산읍행정복지센-문산읍행정복지센","109","4115492","박석고개.신도고등학교(중)","11","11380","1138011400","서울특별시","은평구","진관동","20251016","41034145","9710-1"
"41034145","9710-1","문산읍행정복지센-문산읍행정복지센","110","4102732","구파발역입구(중)","11","11380","1138011400","서울특별시","은평구","진관동","20251016","41034145","9710-1"
"41034145","9710-1","문산읍행정복지센-문산읍행정복지센","111","4115486","은평뉴타운10단지(중)","11","11380","1138011400","서울특별시","은평구","진관동","20251016","41034145","9710-1"
"41034145","9710-1","문산읍행정복지센-문산읍행정복지센","112","4115511","삼송역사거리.지축차량기지입구","41","41281","4128110900","경기도","고양시 덕양구","지축동","20251016","41034145","9710-1"
"41034145","9710-1","문산읍행정복지센-문산읍행정복지센","113","4115512","삼송주택앞","41","41281","4128111100","경기도","고양시 덕양구","삼송동","20251016","41034145","9710-1"
"41034145","9710-1","문산읍행정복지센-문산읍행정복지센","114","4178005","신원마을3단지","41","41281","4128110300","경기도","고양시 덕양구","신원동","20251016","41034145","9710-1"
"41034145","9710-1","문산읍행정복지센-문산읍행정복지센","115","4177930","신원마을2.4단지","41","41281","4128110300","경기도","고양시 덕양구","신원동","20251016","41034145","9710-1"
"41034145","9710-1","문산읍행정복지센-문산읍행정복지센","116","4115517","신원마을1단지.신원중","41","41281","4128110300","경기도","고양시 덕양구","신원동","20251016","41034145","9710-1"
"41034145","9710-1","문산읍행정복지센-문산읍행정복지센","117","4115518","세원마을입구","41","41281","4128110300","경기도","고양시 덕양구","신원동","20251016","41034145","9710-1"
"41034145","9710-1","문산읍행정복지센-문산읍행정복지센","118","4115520","서울시립승화원","41","41281","4128111700","경기도","고양시 덕양구","대자동","20251016","41034145","9710-1"
"41034145","9710-1","문산읍행정복지센-문산읍행정복지센","119","4115523","대자동","41","41281","4128111700","경기도","고양시 덕양구","대자동","20251016","41034145","9710-1"
"41034145","9710-1","문산읍행정복지센-문산읍행정복지센","120","4115525","필리핀참전비","41","41281","4128111700","경기도","고양시 덕양구","대자동","20251016","41034145","9710-1"
"41034145","9710-1","문산읍행정복지센-문산읍행정복지센","121","4115526","새서울아파트","41","41281","4128111800","경기도","고양시 덕양구","관산동","20251016","41034145","9710-1"
"41034145","9710-1","문산읍행정복지센-문산읍행정복지센","122","4178194","더퍼스트프라임","41","41281","4128111800","경기도","고양시 덕양구","관산동","20251016","41034145","9710-1"
"41034145","9710-1","문산읍행정복지센-문산읍행정복지센","123","4115529","관산동.벽제시장","41","41281","4128111800","경기도","고양시 덕양구","관산동","20251016","41034145","9710-1"
"41034145","9710-1","문산읍행정복지센-문산읍행정복지센","124","4178034","관산주공아파트.관산동행정복지센터","41","41281","4128111800","경기도","고양시 덕양구","관산동","20251016","41034145","9710-1"
"41034145","9710-1","문산읍행정복지센-문산읍행정복지센","125","4115532","고양외고.고양제일중학교","41","41281","4128111800","경기도","고양시 덕양구","관산동","20251016","41034145","9710-1"
"41034145","9710-1","문산읍행정복지센-문산읍행정복지센","126","4115533","관산삼거리","41","41281","4128111800","경기도","고양시 덕양구","관산동","20251016","41034145","9710-1"
"41034145","9710-1","문산읍행정복지센-문산읍행정복지센","127","4115536","두포동.관산동성당","41","41281","4128111800","경기도","고양시 덕양구","관산동","20251016","41034145","9710-1"
"41034145","9710-1","문산읍행정복지센-문산읍행정복지센","128","4115537","가장동","41","41281","4128111800","경기도","고양시 덕양구","관산동","20251016","41034145","9710-1"
"41034145","9710-1","문산읍행정복지센-문산읍행정복지센","129","4115540","고골입구","41","41281","4128111800","경기도","고양시 덕양구","관산동","20251016","41034145","9710-1"
"41034145","9710-1","문산읍행정복지센-문산읍행정복지센","130","4115541","서울시립고양병원입구","41","41281","4128111900","경기도","고양시 덕양구","내유동","20251016","41034145","9710-1"
"41034145","9710-1","문산읍행정복지센-문산읍행정복지센","131","4115543","내유초등학교앞","41","41281","4128111900","경기도","고양시 덕양구","내유동","20251016","41034145","9710-1"
"41034145","9710-1","문산읍행정복지센-문산읍행정복지센","132","4115545","윗내유동.희망양로원","41","41281","4128111900","경기도","고양시 덕양구","내유동","20251016","41034145","9710-1"
"41034145","9710-1","문산읍행정복지센-문산읍행정복지센","133","4115599","중간내유동","41","41281","4128111900","경기도","고양시 덕양구","내유동","20251016","41034145","9710-1"
"41034145","9710-1","문산읍행정복지센-문산읍행정복지센","134","4115547","내유동","41","41281","4128111900","경기도","고양시 덕양구","내유동","20251016","41034145","9710-1"
"41034145","9710-1","문산읍행정복지센-문산읍행정복지센","135","4115901","장곡삼거리","41","41480","4148026224","경기도","파주시","조리읍","20251016","41034145","9710-1"
"41034145","9710-1","문산읍행정복지센-문산읍행정복지센","136","4115899","농협하나로클럽","41","41480","4148026224","경기도","파주시","조리읍","20251016","41034145","9710-1"
"41034145","9710-1","문산읍행정복지센-문산읍행정복지센","137","4122993","한미해병참전비","41","41480","4148026224","경기도","파주시","조리읍","20251016","41034145","9710-1"
"41034145","9710-1","문산읍행정복지센-문산읍행정복지센","138","4115897","파주삼릉","41","41480","4148026221","경기도","파주시","조리읍","20251016","41034145","9710-1"
"41034145","9710-1","문산읍행정복지센-문산읍행정복지센","139","4115895","봉일천4리","41","41480","4148026221","경기도","파주시","조리읍","20251016","41034145","9710-1"
"41034145","9710-1","문산읍행정복지센-문산읍행정복지센","140","4115893","조리농협삼일운동기념비","41","41480","4148026221","경기도","파주시","조리읍","20251016","41034145","9710-1"
"41034145","9710-1","문산읍행정복지센-문산읍행정복지센","141","4115850","봉일천시장","41","41480","4148026221","경기도","파주시","조리읍","20251016","41034145","9710-1"
"41034145","9710-1","문산읍행정복지센-문산읍행정복지센","142","4115848","조리읍행정복지센터","41","41480","4148026221","경기도","파주시","조리읍","20251016","41034145","9710-1"
"41034145","9710-1","문산읍행정복지센-문산읍행정복지센","143","4175883","등원2리","41","41480","4148026223","경기도","파주시","조리읍","20251016","41034145","9710-1"
"41034145","9710-1","문산읍행정복지센-문산읍행정복지센","144","4176001","낙머리","41","41480","4148026223","경기도","파주시","조리읍","20251016","41034145","9710-1"
"41034145","9710-1","문산읍행정복지센-문산읍행정복지센","145","4115805","PX마을","41","41480","4148010200","경기도","파주시","아동동","20251016","41034145","9710-1"
"41034145","9710-1","문산읍행정복지센-문산읍행정복지센","146","4115807","은행마을","41","41480","4148010200","경기도","파주시","아동동","20251016","41034145","9710-1"
"41034145","9710-1","문산읍행정복지센-문산읍행정복지센","147","4115809","영태6리.파주이슬람성원","41","41480","4148010200","경기도","파주시","아동동","20251016","41034145","9710-1"
"41034145","9710-1","문산읍행정복지센-문산읍행정복지센","148","4115811","영태3리","41","41480","4148031025","경기도","파주시","월롱면","20251016","41034145","9710-1"
"41034145","9710-1","문산읍행정복지센-문산읍행정복지센","149","4125106","영태4리.정목고앞","41","41480","4148031025","경기도","파주시","월롱면","20251016","41034145","9710-1"
"41034145","9710-1","문산읍행정복지센-문산읍행정복지센","150","4105827","영태5리","41","41480","4148031025","경기도","파주시","월롱면","20251016","41034145","9710-1"
"41034145","9710-1","문산읍행정복지센-문산읍행정복지센","151","4105828","영태1리","41","41480","4148031025","경기도","파주시","월롱면","20251016","41034145","9710-1"
"41034145","9710-1","문산읍행정복지센-문산읍행정복지센","152","4105831","위전3리.신성레미콘","41","41480","4148031025","경기도","파주시","월롱면","20251016","41034145","9710-1"
"41034145","9710-1","문산읍행정복지센-문산읍행정복지센","153","4175725","월롱역","41","41480","4148031021","경기도","파주시","월롱면","20251016","41034145","9710-1"
"41034145","9710-1","문산읍행정복지센-문산읍행정복지센","154","4105835","월롱교","41","41480","4148025325","경기도","파주시","파주읍","20251016","41034145","9710-1"
"41034145","9710-1","문산읍행정복지센-문산읍행정복지센","155","4104817","구파주역","41","41480","4148025324","경기도","파주시","파주읍","20251016","41034145","9710-1"
"41034145","9710-1","문산읍행정복지센-문산읍행정복지센","156","4105837","봉암리.구파주역","41","41480","4148025324","경기도","파주시","파주읍","20251016","41034145","9710-1"
"41034145","9710-1","문산읍행정복지센-문산읍행정복지센","157","4104818","봉암2리","41","41480","4148025324","경기도","파주시","파주읍","20251016","41034145","9710-1"
"41034145","9710-1","문산읍행정복지센-문산읍행정복지센","158","4104820","봉암3리.낚시터","41","41480","4148025324","경기도","파주시","파주읍","20251016","41034145","9710-1"
"41034145","9710-1","문산읍행정복지센-문산읍행정복지센","159","4104823","봉암4리","41","41480","4148025324","경기도","파주시","파주읍","20251016","41034145","9710-1"
"41034145","9710-1","문산읍행정복지센-문산읍행정복지센","160","4104824","봉서1리.화약골","41","41480","4148025321","경기도","파주시","파주읍","20251016","41034145","9710-1"
"41034145","9710-1","문산읍행정복지센-문산읍행정복지센","161","4104826","봉서4리","41","41480","4148025321","경기도","파주시","파주읍","20251016","41034145","9710-1"
"41034145","9710-1","문산읍행정복지센-문산읍행정복지센","162","4104828","봉서2리.붉은밭","41","41480","4148025321","경기도","파주시","파주읍","20251016","41034145","9710-1"
"41034145","9710-1","문산읍행정복지센-문산읍행정복지센","163","4102539","휴먼빌","41","41480","4148025021","경기도","파주시","문산읍","20251016","41034145","9710-1"
"41034145","9710-1","문산읍행정복지센-문산읍행정복지센","164","4115663","한진1차.문산역","41","41480","4148025021","경기도","파주시","문산읍","20251016","41034145","9710-1"
"41034145","9710-1","문산읍행정복지센-문산읍행정복지센","165","4115661","문산타워.구문산터미널","41","41480","4148025021","경기도","파주시","문산읍","20251016","41034145","9710-1"
"41034145","9710-1","문산읍행정복지센-문산읍행정복지센","166","4115665","십자약국","41","41480","4148025023","경기도","파주시","문산읍","20251016","41034145","9710-1"
"41034145","9710-1","문산읍행정복지센-문산읍행정복지센","167","4102540","문산초등학교후문","41","41480","4148025023","경기도","파주시","문산읍","20251016","41034145","9710-1"
"41034145","9710-1","문산읍행정복지센-문산읍행정복지센","168","4175951","북파주농협.세아아파트","41","41480","4148025022","경기도","파주시","문산읍","20251016","41034145","9710-1"
"41034145","9710-1","문산읍행정복지센-문산읍행정복지센","169","4113794","휴먼시아3차.CGV.하이마트","41","41480","4148025022","경기도","파주시","문산읍","20251016","41034145","9710-1"
"41034145","9710-1","문산읍행정복지센-문산읍행정복지센","170","4175906","당동주공4단지","41","41480","4148025022","경기도","파주시","문산읍","20251016","41034145","9710-1"
"41034145","9710-1","문산읍행정복지센-문산읍행정복지센","171","4175800","당동자연앤5단지","41","41480","4148025022","경기도","파주시","문산읍","20251016","41034145","9710-1"
"41034145","9710-1","문산읍행정복지센-문산읍행정복지센","172","4105817","문산북중.문산고","41","41480","4148025022","경기도","파주시","문산읍","20251016","41034145","9710-1"
"41034145","9710-1","문산읍행정복지센-문산읍행정복지센","173","4114615","세성아파트","41","41480","4148025022","경기도","파주시","문산읍","20251016","41034145","9710-1"
"41034145","9710-1","문산읍행정복지센-문산읍행정복지센","174","4105833","한양수자인리버팰리스","41","41480","4148025022","경기도","파주시","문산읍","20251016","41034145","9710-1"
"41034145","9710-1","문산읍행정복지센-문산읍행정복지센","175","4115759","문산읍행정복지센터","41","41480","4148025021","경기도","파주시","문산읍","20251016","41034145","9710-1"
"41034153","9709","장터고개.맥금동-맥금동종점","0","4104940","장터고개.맥금동영업소","41","41480","4148010600","경기도","파주시","맥금동","20251016","41034153","9709"
"41034153","9709","장터고개.맥금동-맥금동종점","1","4104941","배무기","41","41480","4148010500","경기도","파주시","검산동","20251016","41034153","9709"
"41034153","9709","장터고개.맥금동-맥금동종점","2","4104793","검산초등학교","41","41480","4148010500","경기도","파주시","검산동","20251016","41034153","9709"
"41034153","9709","장터고개.맥금동-맥금동종점","3","4104796","유승아파트","41","41480","4148010500","경기도","파주시","검산동","20251016","41034153","9709"
"41034153","9709","장터고개.맥금동-맥금동종점","4","4104798","성원아파트","41","41480","4148010500","경기도","파주시","검산동","20251016","41034153","9709"
"41034153","9709","장터고개.맥금동-맥금동종점","5","4104800","대방아파트","41","41480","4148010400","경기도","파주시","야동동","20251016","41034153","9709"
"41034153","9709","장터고개.맥금동-맥금동종점","6","4104801","풀무골","41","41480","4148010400","경기도","파주시","야동동","20251016","41034153","9709"
"41034153","9709","장터고개.맥금동-맥금동종점","7","4175923","문산제일고","41","41480","4148010400","경기도","파주시","야동동","20251016","41034153","9709"
"41034153","9709","장터고개.맥금동-맥금동종점","8","4197575","문산제일고삼거리","41","41480","4148010400","경기도","파주시","야동동","20251016","41034153","9709"
"41034153","9709","장터고개.맥금동-맥금동종점","9","4104904","독점말.대방노블랜드2차아파트","41","41480","4148010100","경기도","파주시","금촌동","20251016","41034153","9709"
"41034153","9709","장터고개.맥금동-맥금동종점","10","4104905","팜스프링아파트","41","41480","4148010200","경기도","파주시","아동동","20251016","41034153","9709"
"41034153","9709","장터고개.맥금동-맥금동종점","11","4115813","금촌농협","41","41480","4148010200","경기도","파주시","아동동","20251016","41034153","9709"
"41034153","9709","장터고개.맥금동-맥금동종점","12","4115814","금촌역","41","41480","4148010200","경기도","파주시","아동동","20251016","41034153","9709"
"41034153","9709","장터고개.맥금동-맥금동종점","13","4175716","금촌사거리","41","41480","4148010100","경기도","파주시","금촌동","20251016","41034153","9709"
"41034153","9709","장터고개.맥금동-맥금동종점","14","4105813","장안아파트","41","41480","4148010100","경기도","파주시","금촌동","20251016","41034153","9709"
"41034153","9709","장터고개.맥금동-맥금동종점","15","4111497","파주시청","41","41480","4148010100","경기도","파주시","금촌동","20251016","41034153","9709"
"41034153","9709","장터고개.맥금동-맥금동종점","16","4111498","교육지원청","41","41480","4148010100","경기도","파주시","금촌동","20251016","41034153","9709"
"41034153","9709","장터고개.맥금동-맥금동종점","17","4111499","흰돌아파트","41","41480","4148012300","경기도","파주시","금릉동","20251016","41034153","9709"
"41034153","9709","장터고개.맥금동-맥금동종점","18","4115843","파주스타디움","41","41480","4148012300","경기도","파주시","금릉동","20251016","41034153","9709"
"41034153","9709","장터고개.맥금동-맥금동종점","19","4115845","대창리","41","41480","4148012300","경기도","파주시","금릉동","20251016","41034153","9709"
"41034153","9709","장터고개.맥금동-맥금동종점","20","4111501","말레이지아교","41","41480","4148026223","경기도","파주시","조리읍","20251016","41034153","9709"
"41034153","9709","장터고개.맥금동-맥금동종점","21","7101746","조리사거리(미정차)","41","41480","4148026221","경기도","파주시","조리읍","20251016","41034153","9709"
"41034153","9709","장터고개.맥금동-맥금동종점","22","4115847","조리읍행정복지센터","41","41480","4148026221","경기도","파주시","조리읍","20251016","41034153","9709"
"41034153","9709","장터고개.맥금동-맥금동종점","23","4111554","봉일천시장","41","41480","4148026221","경기도","파주시","조리읍","20251016","41034153","9709"
"41034153","9709","장터고개.맥금동-맥금동종점","24","4115892","조리농협삼일운동기념비","41","41480","4148026221","경기도","파주시","조리읍","20251016","41034153","9709"
"41034153","9709","장터고개.맥금동-맥금동종점","25","4115894","봉일천4리","41","41480","4148026221","경기도","파주시","조리읍","20251016","41034153","9709"
"41034153","9709","장터고개.맥금동-맥금동종점","26","4115896","파주삼릉","41","41480","4148026221","경기도","파주시","조리읍","20251016","41034153","9709"
"41034153","9709","장터고개.맥금동-맥금동종점","27","4105155","송촌토파즈아파트","41","41480","4148026221","경기도","파주시","조리읍","20251016","41034153","9709"
"41034153","9709","장터고개.맥금동-맥금동종점","28","4125696","한미해병참전비","41","41480","4148026221","경기도","파주시","조리읍","20251016","41034153","9709"
"41034153","9709","장터고개.맥금동-맥금동종점","29","4115898","농협하나로클럽","41","41480","4148026224","경기도","파주시","조리읍","20251016","41034153","9709"
"41034153","9709","장터고개.맥금동-맥금동종점","30","4115900","장곡삼거리","41","41480","4148026224","경기도","파주시","조리읍","20251016","41034153","9709"
"41034153","9709","장터고개.맥금동-맥금동종점","31","4115546","내유동","41","41281","4128111900","경기도","고양시 덕양구","내유동","20251016","41034153","9709"
"41034153","9709","장터고개.맥금동-맥금동종점","32","4115600","중간내유동","41","41281","4128111900","경기도","고양시 덕양구","내유동","20251016","41034153","9709"
"41034153","9709","장터고개.맥금동-맥금동종점","33","4115544","윗내유동.희망양로원","41","41281","4128111900","경기도","고양시 덕양구","내유동","20251016","41034153","9709"
"41034153","9709","장터고개.맥금동-맥금동종점","34","4115542","내유초등학교","41","41281","4128111900","경기도","고양시 덕양구","내유동","20251016","41034153","9709"
"41034153","9709","장터고개.맥금동-맥금동종점","35","4177691","(임시)서울시립고양병원입구","41","41281","4128111900","경기도","고양시 덕양구","내유동","20251016","41034153","9709"
"41034153","9709","장터고개.맥금동-맥금동종점","36","4115539","고골입구","41","41281","4128111800","경기도","고양시 덕양구","관산동","20251016","41034153","9709"
"41034153","9709","장터고개.맥금동-맥금동종점","37","4115538","가장동","41","41281","4128111800","경기도","고양시 덕양구","관산동","20251016","41034153","9709"
"41034153","9709","장터고개.맥금동-맥금동종점","38","4115535","두포동.관산동성당","41","41281","4128111800","경기도","고양시 덕양구","관산동","20251016","41034153","9709"
"41034153","9709","장터고개.맥금동-맥금동종점","39","4115534","관산삼거리","41","41281","4128111800","경기도","고양시 덕양구","관산동","20251016","41034153","9709"
"41034153","9709","장터고개.맥금동-맥금동종점","40","4115531","고양외고.고양제일중학교","41","41281","4128111800","경기도","고양시 덕양구","관산동","20251016","41034153","9709"
"41034153","9709","장터고개.맥금동-맥금동종점","41","4115530","관산주공아파트.관산동행정복지센터","41","41281","4128111800","경기도","고양시 덕양구","관산동","20251016","41034153","9709"
"41034153","9709","장터고개.맥금동-맥금동종점","42","4115528","관산동.벽제시장","41","41281","4128111800","경기도","고양시 덕양구","관산동","20251016","41034153","9709"
"41034153","9709","장터고개.맥금동-맥금동종점","43","4115527","신성아파트","41","41281","4128111800","경기도","고양시 덕양구","관산동","20251016","41034153","9709"
"41034153","9709","장터고개.맥금동-맥금동종점","44","4115524","필리핀참전비","41","41281","4128111700","경기도","고양시 덕양구","대자동","20251016","41034153","9709"
"41034153","9709","장터고개.맥금동-맥금동종점","45","4115522","대자동","41","41281","4128111700","경기도","고양시 덕양구","대자동","20251016","41034153","9709"
"41034153","9709","장터고개.맥금동-맥금동종점","46","4115521","서울시립승화원","41","41281","4128111700","경기도","고양시 덕양구","대자동","20251016","41034153","9709"
"41034153","9709","장터고개.맥금동-맥금동종점","47","4178004","세원마을입구","41","41281","4128111700","경기도","고양시 덕양구","대자동","20251016","41034153","9709"
"41034153","9709","장터고개.맥금동-맥금동종점","48","4115516","신원마을1단지.신원중","41","41281","4128110300","경기도","고양시 덕양구","신원동","20251016","41034153","9709"
"41034153","9709","장터고개.맥금동-맥금동종점","49","4178144","신원마을2.4단지","41","41281","4128110300","경기도","고양시 덕양구","신원동","20251016","41034153","9709"
"41034153","9709","장터고개.맥금동-맥금동종점","50","4115515","신원마을3단지","41","41281","4128110300","경기도","고양시 덕양구","신원동","20251016","41034153","9709"
"41034153","9709","장터고개.맥금동-맥금동종점","51","4177719","삼송주택앞(중)","41","41281","4128111100","경기도","고양시 덕양구","삼송동","20251016","41034153","9709"
"41034153","9709","장터고개.맥금동-맥금동종점","52","4126247","삼송역사거리(중)","41","41281","4128110900","경기도","고양시 덕양구","지축동","20251016","41034153","9709"
"41034153","9709","장터고개.맥금동-맥금동종점","53","4108890","은평뉴타운10단지(중)","11","11380","1138011400","서울특별시","은평구","진관동","20251016","41034153","9709"
"41034153","9709","장터고개.맥금동-맥금동종점","54","4199802","구파발역입구(중)","11","11380","1138011400","서울특별시","은평구","진관동","20251016","41034153","9709"
"41034153","9709","장터고개.맥금동-맥금동종점","55","4104652","박석고개.신도고등학교(중)","11","11380","1138011400","서울특별시","은평구","진관동","20251016","41034153","9709"
"41034153","9709","장터고개.맥금동-맥금동종점","56","4111574","세명컴퓨터고등학교(중)","11","11380","1138010400","서울특별시","은평구","갈현동","20251016","41034153","9709"
"41034153","9709","장터고개.맥금동-맥금동종점","57","4111575","연신내역.연서시장(중)","11","11380","1138010300","서울특별시","은평구","불광동","20251016","41034153","9709"
"41034153","9709","장터고개.맥금동-맥금동종점","58","4111586","동명여고.천주교불광동성당(중)","11","11380","1138010300","서울특별시","은평구","불광동","20251016","41034153","9709"
"41034153","9709","장터고개.맥금동-맥금동종점","59","4115487","불광역3.6호선(중)","11","11380","1138010300","서울특별시","은평구","불광동","20251016","41034153","9709"
"41034153","9709","장터고개.맥금동-맥금동종점","60","4104660","불광역3호선.서울혁신파크(중)","11","11380","1138010600","서울특별시","은평구","대조동","20251016","41034153","9709"
"41034153","9709","장터고개.맥금동-맥금동종점","61","4113364","한전서대문은평.북한산푸르지오(중)","11","11380","1138010200","서울특별시","은평구","녹번동","20251016","41034153","9709"
"41034153","9709","장터고개.맥금동-맥금동종점","62","4113366","녹번역(중)","11","11380","1138010200","서울특별시","은평구","녹번동","20251016","41034153","9709"
"41034153","9709","장터고개.맥금동-맥금동종점","63","4111607","산골고개(중)","11","11410","1141011800","서울특별시","서대문구","홍은동","20251016","41034153","9709"
"41034153","9709","장터고개.맥금동-맥금동종점","64","4104613","홍제역.서대문세무서(중)","11","11410","1141011100","서울특별시","서대문구","홍제동","20251016","41034153","9709"
"41034153","9709","장터고개.맥금동-맥금동종점","65","4104642","홍제삼거리.인왕산한신휴플러스(중)","11","11410","1141011100","서울특별시","서대문구","홍제동","20251016","41034153","9709"
"41034153","9709","장터고개.맥금동-맥금동종점","66","4197258","무악재역(중)","11","11410","1141011100","서울특별시","서대문구","홍제동","20251016","41034153","9709"
"41034153","9709","장터고개.맥금동-맥금동종점","67","4111608","안산초등학교(중)","11","11410","1141011100","서울특별시","서대문구","홍제동","20251016","41034153","9709"
"41034153","9709","장터고개.맥금동-맥금동종점","68","4111609","독립문역.한성과학고(중)","11","11410","1141010900","서울특별시","서대문구","현저동","20251016","41034153","9709"
"41034153","9709","장터고개.맥금동-맥금동종점","69","4197577","영천시장(중)","11","11410","1141010800","서울특별시","서대문구","영천동","20251016","41034153","9709"
"41034153","9709","장터고개.맥금동-맥금동종점","70","4179533","서울역사박물관","11","11110","1111012000","서울특별시","종로구","신문로1가","20251016","41034153","9709"
"41034153","9709","장터고개.맥금동-맥금동종점","71","4108326","광화문역6번출구","11","11110","1111011900","서울특별시","종로구","세종로","20251016","41034153","9709"
"41034153","9709","장터고개.맥금동-맥금동종점","72","7104283","시청교차로(미정차)","11","11140","1114011400","서울특별시","중구","태평로2가","20251016","41034153","9709"
"41034153","9709","장터고개.맥금동-맥금동종점","73","4111614","신한은행본점","11","11140","1114011400","서울특별시","중구","태평로2가","20251016","41034153","9709"
"41034153","9709","장터고개.맥금동-맥금동종점","74","4108423","숭례문","11","11140","1114011800","서울특별시","중구","남대문로5가","20251016","41034153","9709"
"41034153","9709","장터고개.맥금동-맥금동종점","75","7101885","염천교사거리(미정차)","11","11140","1114016800","서울특별시","중구","순화동","20251016","41034153","9709"
"41034153","9709","장터고개.맥금동-맥금동종점","76","7101993","경찰서앞교차로(미정차)","11","11140","1114016800","서울특별시","중구","순화동","20251016","41034153","9709"
"41034153","9709","장터고개.맥금동-맥금동종점","77","4108486","경찰청.동북아역사재단(중)","11","11140","1114016900","서울특별시","중구","의주로1가","20251016","41034153","9709"
"41034153","9709","장터고개.맥금동-맥금동종점","78","7102319","서대문역교차로(미정차)","11","11140","1114016900","서울특별시","중구","의주로1가","20251016","41034153","9709"
"41034153","9709","장터고개.맥금동-맥금동종점","79","4150593","영천시장(중)","11","11110","1111018000","서울특별시","종로구","교북동","20251016","41034153","9709"
"41034153","9709","장터고개.맥금동-맥금동종점","80","4151597","독립문역.한성과학고(중)","11","11110","1111018700","서울특별시","종로구","무악동","20251016","41034153","9709"
"41034153","9709","장터고개.맥금동-맥금동종점","81","4197259","무악재역(중)","11","11410","1141011100","서울특별시","서대문구","홍제동","20251016","41034153","9709"
"41034153","9709","장터고개.맥금동-맥금동종점","82","4104609","인왕산.홍제원아파트(중)","11","11410","1141011100","서울특별시","서대문구","홍제동","20251016","41034153","9709"
"41034153","9709","장터고개.맥금동-맥금동종점","83","4104610","홍제역.서대문세무서(중)","11","11410","1141011100","서울특별시","서대문구","홍제동","20251016","41034153","9709"
"41034153","9709","장터고개.맥금동-맥금동종점","84","4104611","산골고개(중)","11","11410","1141011800","서울특별시","서대문구","홍은동","20251016","41034153","9709"
"41034153","9709","장터고개.맥금동-맥금동종점","85","4113367","녹번역(중)","11","11380","1138010200","서울특별시","은평구","녹번동","20251016","41034153","9709"
"41034153","9709","장터고개.맥금동-맥금동종점","86","4113365","한전서대문은평.북한산푸르지오(중)","11","11380","1138010200","서울특별시","은평구","녹번동","20251016","41034153","9709"
"41034153","9709","장터고개.맥금동-맥금동종점","87","4104659","불광역3호선.서울혁신파크(중)","11","11380","1138010200","서울특별시","은평구","녹번동","20251016","41034153","9709"
"41034153","9709","장터고개.맥금동-맥금동종점","88","4179498","불광역3.6호선(중)","11","11380","1138010300","서울특별시","은평구","불광동","20251016","41034153","9709"
"41034153","9709","장터고개.맥금동-맥금동종점","89","4104662","동명여고.천주교불광동성당(중)","11","11380","1138010300","서울특별시","은평구","불광동","20251016","41034153","9709"
"41034153","9709","장터고개.맥금동-맥금동종점","90","4104644","연신내역.연서시장(중)","11","11380","1138010300","서울특별시","은평구","불광동","20251016","41034153","9709"
"41034153","9709","장터고개.맥금동-맥금동종점","91","4111572","세명컴퓨터고등학교(중)","11","11380","1138010300","서울특별시","은평구","불광동","20251016","41034153","9709"
"41034153","9709","장터고개.맥금동-맥금동종점","92","4115492","박석고개.신도고등학교(중)","11","11380","1138011400","서울특별시","은평구","진관동","20251016","41034153","9709"
"41034153","9709","장터고개.맥금동-맥금동종점","93","4102732","구파발역입구(중)","11","11380","1138011400","서울특별시","은평구","진관동","20251016","41034153","9709"
"41034153","9709","장터고개.맥금동-맥금동종점","94","4115486","은평뉴타운10단지(중)","11","11380","1138011400","서울특별시","은평구","진관동","20251016","41034153","9709"
"41034153","9709","장터고개.맥금동-맥금동종점","95","4115511","삼송역사거리.지축차량기지입구","41","41281","4128110900","경기도","고양시 덕양구","지축동","20251016","41034153","9709"
"41034153","9709","장터고개.맥금동-맥금동종점","96","4115512","삼송주택앞","41","41281","4128111100","경기도","고양시 덕양구","삼송동","20251016","41034153","9709"
"41034153","9709","장터고개.맥금동-맥금동종점","97","4178005","신원마을3단지","41","41281","4128110300","경기도","고양시 덕양구","신원동","20251016","41034153","9709"
"41034153","9709","장터고개.맥금동-맥금동종점","98","4177930","신원마을2.4단지","41","41281","4128110300","경기도","고양시 덕양구","신원동","20251016","41034153","9709"
"41034153","9709","장터고개.맥금동-맥금동종점","99","4115517","신원마을1단지.신원중","41","41281","4128110300","경기도","고양시 덕양구","신원동","20251016","41034153","9709"
"41034153","9709","장터고개.맥금동-맥금동종점","100","4115518","세원마을입구","41","41281","4128110300","경기도","고양시 덕양구","신원동","20251016","41034153","9709"
"41034153","9709","장터고개.맥금동-맥금동종점","101","4115520","서울시립승화원","41","41281","4128111700","경기도","고양시 덕양구","대자동","20251016","41034153","9709"
"41034153","9709","장터고개.맥금동-맥금동종점","102","4115523","대자동","41","41281","4128111700","경기도","고양시 덕양구","대자동","20251016","41034153","9709"
"41034153","9709","장터고개.맥금동-맥금동종점","103","4115525","필리핀참전비","41","41281","4128111700","경기도","고양시 덕양구","대자동","20251016","41034153","9709"
"41034153","9709","장터고개.맥금동-맥금동종점","104","4115526","새서울아파트","41","41281","4128111800","경기도","고양시 덕양구","관산동","20251016","41034153","9709"
"41034153","9709","장터고개.맥금동-맥금동종점","105","4178194","더퍼스트프라임","41","41281","4128111800","경기도","고양시 덕양구","관산동","20251016","41034153","9709"
"41034153","9709","장터고개.맥금동-맥금동종점","106","4115529","관산동.벽제시장","41","41281","4128111800","경기도","고양시 덕양구","관산동","20251016","41034153","9709"
"41034153","9709","장터고개.맥금동-맥금동종점","107","4178034","관산주공아파트.관산동행정복지센터","41","41281","4128111800","경기도","고양시 덕양구","관산동","20251016","41034153","9709"
"41034153","9709","장터고개.맥금동-맥금동종점","108","4115532","고양외고.고양제일중학교","41","41281","4128111800","경기도","고양시 덕양구","관산동","20251016","41034153","9709"
"41034153","9709","장터고개.맥금동-맥금동종점","109","4115533","관산삼거리","41","41281","4128111800","경기도","고양시 덕양구","관산동","20251016","41034153","9709"
"41034153","9709","장터고개.맥금동-맥금동종점","110","4115536","두포동.관산동성당","41","41281","4128111800","경기도","고양시 덕양구","관산동","20251016","41034153","9709"
"41034153","9709","장터고개.맥금동-맥금동종점","111","4115537","가장동","41","41281","4128111800","경기도","고양시 덕양구","관산동","20251016","41034153","9709"
"41034153","9709","장터고개.맥금동-맥금동종점","112","4115540","고골입구","41","41281","4128111800","경기도","고양시 덕양구","관산동","20251016","41034153","9709"
"41034153","9709","장터고개.맥금동-맥금동종점","113","4115541","서울시립고양병원입구","41","41281","4128111900","경기도","고양시 덕양구","내유동","20251016","41034153","9709"
"41034153","9709","장터고개.맥금동-맥금동종점","114","4115543","내유초등학교앞","41","41281","4128111900","경기도","고양시 덕양구","내유동","20251016","41034153","9709"
"41034153","9709","장터고개.맥금동-맥금동종점","115","4115545","윗내유동.희망양로원","41","41281","4128111900","경기도","고양시 덕양구","내유동","20251016","41034153","9709"
"41034153","9709","장터고개.맥금동-맥금동종점","116","4115599","중간내유동","41","41281","4128111900","경기도","고양시 덕양구","내유동","20251016","41034153","9709"
"41034153","9709","장터고개.맥금동-맥금동종점","117","4115547","내유동","41","41281","4128111900","경기도","고양시 덕양구","내유동","20251016","41034153","9709"
"41034153","9709","장터고개.맥금동-맥금동종점","118","4115901","장곡삼거리","41","41480","4148026224","경기도","파주시","조리읍","20251016","41034153","9709"
"41034153","9709","장터고개.맥금동-맥금동종점","119","4115899","농협하나로클럽","41","41480","4148026224","경기도","파주시","조리읍","20251016","41034153","9709"
"41034153","9709","장터고개.맥금동-맥금동종점","120","4122993","한미해병참전비","41","41480","4148026224","경기도","파주시","조리읍","20251016","41034153","9709"
"41034153","9709","장터고개.맥금동-맥금동종점","121","4115897","파주삼릉","41","41480","4148026221","경기도","파주시","조리읍","20251016","41034153","9709"
"41034153","9709","장터고개.맥금동-맥금동종점","122","4115895","봉일천4리","41","41480","4148026221","경기도","파주시","조리읍","20251016","41034153","9709"
"41034153","9709","장터고개.맥금동-맥금동종점","123","4115893","조리농협삼일운동기념비","41","41480","4148026221","경기도","파주시","조리읍","20251016","41034153","9709"
"41034153","9709","장터고개.맥금동-맥금동종점","124","4115850","봉일천시장","41","41480","4148026221","경기도","파주시","조리읍","20251016","41034153","9709"
"41034153","9709","장터고개.맥금동-맥금동종점","125","4115848","조리읍행정복지센터","41","41480","4148026221","경기도","파주시","조리읍","20251016","41034153","9709"
"41034153","9709","장터고개.맥금동-맥금동종점","126","7103898","조리사거리(미정차)","41","41480","4148026221","경기도","파주시","조리읍","20251016","41034153","9709"
"41034153","9709","장터고개.맥금동-맥금동종점","127","4111500","말레이지아교","41","41480","4148026223","경기도","파주시","조리읍","20251016","41034153","9709"
"41034153","9709","장터고개.맥금동-맥금동종점","128","4115846","대창리","41","41480","4148012300","경기도","파주시","금릉동","20251016","41034153","9709"
"41034153","9709","장터고개.맥금동-맥금동종점","129","4115844","파주스타디움","41","41480","4148012300","경기도","파주시","금릉동","20251016","41034153","9709"
"41034153","9709","장터고개.맥금동-맥금동종점","130","4115818","흰돌아파트","41","41480","4148012300","경기도","파주시","금릉동","20251016","41034153","9709"
"41034153","9709","장터고개.맥금동-맥금동종점","131","4115819","교육지원청","41","41480","4148010100","경기도","파주시","금촌동","20251016","41034153","9709"
"41034153","9709","장터고개.맥금동-맥금동종점","132","4115820","파주시청","41","41480","4148010100","경기도","파주시","금촌동","20251016","41034153","9709"
"41034153","9709","장터고개.맥금동-맥금동종점","133","4105814","장안아파트","41","41480","4148010100","경기도","파주시","금촌동","20251016","41034153","9709"
"41034153","9709","장터고개.맥금동-맥금동종점","134","4105816","금촌사거리","41","41480","4148010100","경기도","파주시","금촌동","20251016","41034153","9709"
"41034153","9709","장터고개.맥금동-맥금동종점","135","4115841","금촌역","41","41480","4148010100","경기도","파주시","금촌동","20251016","41034153","9709"
"41034153","9709","장터고개.맥금동-맥금동종점","136","4115840","금촌1동","41","41480","4148010200","경기도","파주시","아동동","20251016","41034153","9709"
"41034153","9709","장터고개.맥금동-맥금동종점","137","4104906","팜스프링아파트","41","41480","4148010200","경기도","파주시","아동동","20251016","41034153","9709"
"41034153","9709","장터고개.맥금동-맥금동종점","138","4104903","독점말.대방노블랜드2차아파트","41","41480","4148010100","경기도","파주시","금촌동","20251016","41034153","9709"
"41034153","9709","장터고개.맥금동-맥금동종점","139","4104805","문산제일고교","41","41480","4148010400","경기도","파주시","야동동","20251016","41034153","9709"
"41034153","9709","장터고개.맥금동-맥금동종점","140","4104803","문산제일고정문","41","41480","4148010400","경기도","파주시","야동동","20251016","41034153","9709"
"41034153","9709","장터고개.맥금동-맥금동종점","141","4104802","야동동","41","41480","4148010400","경기도","파주시","야동동","20251016","41034153","9709"
"41034153","9709","장터고개.맥금동-맥금동종점","142","4104799","대방아파트","41","41480","4148010400","경기도","파주시","야동동","20251016","41034153","9709"
"41034153","9709","장터고개.맥금동-맥금동종점","143","4104797","성원아파트","41","41480","4148010500","경기도","파주시","검산동","20251016","41034153","9709"
"41034153","9709","장터고개.맥금동-맥금동종점","144","4104795","유승아파트","41","41480","4148010500","경기도","파주시","검산동","20251016","41034153","9709"
"41034153","9709","장터고개.맥금동-맥금동종점","145","4104794","검산초등학교","41","41480","4148010500","경기도","파주시","검산동","20251016","41034153","9709"
"41034153","9709","장터고개.맥금동-맥금동종점","146","4104915","배무기","41","41480","4148010500","경기도","파주시","검산동","20251016","41034153","9709"
"41034153","9709","장터고개.맥금동-맥금동종점","147","4104792","맥금동종점","41","41480","4148010600","경기도","파주시","맥금동","20251016","41034153","9709"
"41084001","G7426","당하동-당하동","0","4196628","당하동","41","41480","4148011400","경기도","파주시","당하동","20251016","41084001","G7426"
"41084001","G7426","당하동-당하동","1","4126250","별하람마을4.5단지","41","41480","4148011400","경기도","파주시","당하동","20251016","41084001","G7426"
"41084001","G7426","당하동-당하동","2","4126747","별하람마을1단지","41","41480","4148011400","경기도","파주시","당하동","20251016","41084001","G7426"
"41084001","G7426","당하동-당하동","3","4105902","가람마을5단지","41","41480","4148012200","경기도","파주시","와동동","20251016","41084001","G7426"
"41084001","G7426","당하동-당하동","4","4111454","가람마을3.4.6단지","41","41480","4148012200","경기도","파주시","와동동","20251016","41084001","G7426"
"41084001","G7426","당하동-당하동","5","4104731","한길육교","41","41480","4148012200","경기도","파주시","와동동","20251016","41084001","G7426"
"41084001","G7426","당하동-당하동","6","4104992","야당역.한빛마을5.9단지","41","41480","4148010800","경기도","파주시","야당동","20251016","41084001","G7426"
"41084001","G7426","당하동-당하동","7","4104779","한빛마을4.8단지","41","41480","4148010800","경기도","파주시","야당동","20251016","41084001","G7426"
"41084001","G7426","당하동-당하동","8","4104781","한빛마을3.6단지","41","41480","4148010800","경기도","파주시","야당동","20251016","41084001","G7426"
"41084001","G7426","당하동-당하동","9","4104784","새암공원","41","41480","4148011300","경기도","파주시","동패동","20251016","41084001","G7426"
"41084001","G7426","당하동-당하동","10","7104757","삽다리IC진입(미정차)","41","41480","4148011300","경기도","파주시","동패동","20251016","41084001","G7426"
"41084001","G7426","당하동-당하동","11","7103481","산남IC(미정차)","41","41287","4128710700","경기도","고양시 일산서구","구산동","20251016","41084001","G7426"
"41084001","G7426","당하동-당하동","12","7103462","이산포IC(미정차)","41","41287","4128710800","경기도","고양시 일산서구","법곳동","20251016","41084001","G7426"
"41084001","G7426","당하동-당하동","13","7103458","장항IC(미정차)","41","41285","4128510400","경기도","고양시 일산동구","장항동","20251016","41084001","G7426"
"41084001","G7426","당하동-당하동","14","7103456","자유로JC(미정차)","41","41281","4128112000","경기도","고양시 덕양구","토당동","20251016","41084001","G7426"
"41084001","G7426","당하동-당하동","15","7103485","행주IC(미정차)","41","41281","4128112600","경기도","고양시 덕양구","행주외동","20251016","41084001","G7426"
"41084001","G7426","당하동-당하동","16","7103489","북로JC(미정차)","41","41281","4128113000","경기도","고양시 덕양구","현천동","20251016","41084001","G7426"
"41084001","G7426","당하동-당하동","17","7104677","남고양IC(미정차)","41","41281","4128113100","경기도","고양시 덕양구","덕은동","20251016","41084001","G7426"
"41084001","G7426","당하동-당하동","18","7103428","가양대교북단(미정차)","11","11440","1144012700","서울특별시","마포구","상암동","20251016","41084001","G7426"
"41084001","G7426","당하동-당하동","19","7104684","난지한강공원(미정차)","11","11440","1144012700","서울특별시","마포구","상암동","20251016","41084001","G7426"
"41084001","G7426","당하동-당하동","20","7103426","성산대교북단(미정차)","11","11440","1144012700","서울특별시","마포구","상암동","20251016","41084001","G7426"
"41084001","G7426","당하동-당하동","21","7103491","양화대교북단(미정차)","11","11440","1144012200","서울특별시","마포구","합정동","20251016","41084001","G7426"
"41084001","G7426","당하동-당하동","22","7103493","서강대교북단(미정차)","11","11440","1144011600","서울특별시","마포구","하중동","20251016","41084001","G7426"
"41084001","G7426","당하동-당하동","23","7103495","마포대교북단(미정차)","11","11440","1144010700","서울특별시","마포구","마포동","20251016","41084001","G7426"
"41084001","G7426","당하동-당하동","24","7103497","원효대교북단(미정차)","11","11170","1117012900","서울특별시","용산구","이촌동","20251016","41084001","G7426"
"41084001","G7426","당하동-당하동","25","7103499","한강대교북단(미정차)","11","11170","1117012900","서울특별시","용산구","이촌동","20251016","41084001","G7426"
"41084001","G7426","당하동-당하동","26","7103501","동작대교북단(미정차)","11","11170","1117013500","서울특별시","용산구","용산동6가","20251016","41084001","G7426"
"41084001","G7426","당하동-당하동","27","7103503","반포대교북단(미정차)","11","11170","1117013300","서울특별시","용산구","서빙고동","20251016","41084001","G7426"
"41084001","G7426","당하동-당하동","28","7103399","한남IC(미정차)","11","11650","1165010600","서울특별시","서초구","잠원동","20251016","41084001","G7426"
"41084001","G7426","당하동-당하동","29","4121302","신사역.푸른저축은행(중)","11","11650","1165010600","서울특별시","서초구","잠원동","20251016","41084001","G7426"
"41084001","G7426","당하동-당하동","30","4151645","논현역(중)","11","11650","1165010700","서울특별시","서초구","반포동","20251016","41084001","G7426"
"41084001","G7426","당하동-당하동","31","4113598","신논현역.씨티은행","11","11650","1165010800","서울특별시","서초구","서초동","20251016","41084001","G7426"
"41084001","G7426","당하동-당하동","32","7103680","강남역.지오다노(미정차)","11","11650","1165010800","서울특별시","서초구","서초동","20251016","41084001","G7426"
"41084001","G7426","당하동-당하동","33","7102911","강남역10번출구(미정차)","11","11650","1165010800","서울특별시","서초구","서초동","20251016","41084001","G7426"
"41084001","G7426","당하동-당하동","34","4103258","강남역도시에빛","11","11650","1165010800","서울특별시","서초구","서초동","20251016","41084001","G7426"
"41084001","G7426","당하동-당하동","35","7101867","역삼동.우성아파트(미정차)","11","11650","1165010800","서울특별시","서초구","서초동","20251016","41084001","G7426"
"41084001","G7426","당하동-당하동","36","4121330","서초문화예술정보학교","11","11650","1165010800","서울특별시","서초구","서초동","20251016","41084001","G7426"
"41084001","G7426","당하동-당하동","37","4116500","양재역.양재1동민원분소","11","11680","1168011800","서울특별시","강남구","도곡동","20251016","41084001","G7426"
"41084001","G7426","당하동-당하동","38","4151635","래미안아파트.파이낸셜뉴스(중)","11","11680","1168010100","서울특별시","강남구","역삼동","20251016","41084001","G7426"
"41084001","G7426","당하동-당하동","39","4121309","신분당선.강남역4번출구","11","11680","1168010100","서울특별시","강남구","역삼동","20251016","41084001","G7426"
"41084001","G7426","당하동-당하동","40","4151642","지하철2호선강남역(중)","11","11680","1168010100","서울특별시","강남구","역삼동","20251016","41084001","G7426"
"41084001","G7426","당하동-당하동","41","7101814","교보타워사거리(미정차)","11","11680","1168010100","서울특별시","강남구","역삼동","20251016","41084001","G7426"
"41084001","G7426","당하동-당하동","42","4151644","논현역(중)","11","11680","1168010800","서울특별시","강남구","논현동","20251016","41084001","G7426"
"41084001","G7426","당하동-당하동","43","4151646","신사역(중)","11","11680","1168010800","서울특별시","강남구","논현동","20251016","41084001","G7426"
"41084001","G7426","당하동-당하동","44","7103400","한남IC(미정차)","11","11680","1168011000","서울특별시","강남구","압구정동","20251016","41084001","G7426"
"41084001","G7426","당하동-당하동","45","7103393","반포대교남단(미정차)","11","11650","1165010600","서울특별시","서초구","잠원동","20251016","41084001","G7426"
"41084001","G7426","당하동-당하동","46","7103395","동작대교남단(미정차)","11","11650","1165010700","서울특별시","서초구","반포동","20251016","41084001","G7426"
"41084001","G7426","당하동-당하동","47","7103397","한강대교남단(미정차)","11","11590","1159010400","서울특별시","동작구","본동","20251016","41084001","G7426"
"41084001","G7426","당하동-당하동","48","7103408","여의상류IC(미정차)","11","11560","1156011000","서울특별시","영등포구","여의도동","20251016","41084001","G7426"
"41084001","G7426","당하동-당하동","49","7100138","서울교(미정차)","11","11560","1156011000","서울특별시","영등포구","여의도동","20251016","41084001","G7426"
"41084001","G7426","당하동-당하동","50","7103411","여의하류IC(미정차)","11","11560","1156011000","서울특별시","영등포구","여의도동","20251016","41084001","G7426"
"41084001","G7426","당하동-당하동","51","7103407","양화대교남단(미정차)","11","11560","1156011700","서울특별시","영등포구","당산동","20251016","41084001","G7426"
"41084001","G7426","당하동-당하동","52","7103405","성산대교남단(미정차)","11","11560","1156013100","서울특별시","영등포구","양화동","20251016","41084001","G7426"
"41084001","G7426","당하동-당하동","53","7103901","염창교(미정차)","11","11500","1150010100","서울특별시","강서구","염창동","20251016","41084001","G7426"
"41084001","G7426","당하동-당하동","54","7104686","가양대교북단(미정차)","11","11440","1144012700","서울특별시","마포구","상암동","20251016","41084001","G7426"
"41084001","G7426","당하동-당하동","55","7104676","남고양IC(미정차)","41","41281","4128113100","경기도","고양시 덕양구","덕은동","20251016","41084001","G7426"
"41084001","G7426","당하동-당하동","56","7103490","북로JC(미정차)","41","41281","4128113000","경기도","고양시 덕양구","현천동","20251016","41084001","G7426"
"41084001","G7426","당하동-당하동","57","7103486","행주IC(미정차)","41","41281","4128112600","경기도","고양시 덕양구","행주외동","20251016","41084001","G7426"
"41084001","G7426","당하동-당하동","58","7103457","자유로JC(미정차)","41","41281","4128112000","경기도","고양시 덕양구","토당동","20251016","41084001","G7426"
"41084001","G7426","당하동-당하동","59","7103459","장항IC(미정차)","41","41285","4128510400","경기도","고양시 일산동구","장항동","20251016","41084001","G7426"
"41084001","G7426","당하동-당하동","60","7103463","이산포IC(미정차)","41","41287","4128710800","경기도","고양시 일산서구","법곳동","20251016","41084001","G7426"
"41084001","G7426","당하동-당하동","61","7103482","산남IC(미정차)","41","41287","4128710700","경기도","고양시 일산서구","구산동","20251016","41084001","G7426"
"41084001","G7426","당하동-당하동","62","7104758","삽다리IC진입(미정차)","41","41480","4148011300","경기도","파주시","동패동","20251016","41084001","G7426"
"41084001","G7426","당하동-당하동","63","4104783","새암공원","41","41480","4148010800","경기도","파주시","야당동","20251016","41084001","G7426"
"41084001","G7426","당하동-당하동","64","4104782","한빛마을3.6단지","41","41480","4148010800","경기도","파주시","야당동","20251016","41084001","G7426"
"41084001","G7426","당하동-당하동","65","4104780","한빛마을4.8단지","41","41480","4148010800","경기도","파주시","야당동","20251016","41084001","G7426"
"41084001","G7426","당하동-당하동","66","4111479","야당역.한빛마을5.9단지","41","41480","4148010800","경기도","파주시","야당동","20251016","41084001","G7426"
"41084001","G7426","당하동-당하동","67","4104743","한길육교","41","41480","4148012200","경기도","파주시","와동동","20251016","41084001","G7426"
"41084001","G7426","당하동-당하동","68","4104723","가람마을3.4.6단지","41","41480","4148012200","경기도","파주시","와동동","20251016","41084001","G7426"
"41084001","G7426","당하동-당하동","69","4113796","가람마을5단지","41","41480","4148012200","경기도","파주시","와동동","20251016","41084001","G7426"
"41084001","G7426","당하동-당하동","70","4126250","별하람마을4.5단지","41","41480","4148011400","경기도","파주시","당하동","20251016","41084001","G7426"
"41084001","G7426","당하동-당하동","71","4126747","별하람마을1단지","41","41480","4148011400","경기도","파주시","당하동","20251016","41084001","G7426"
"41084001","G7426","당하동-당하동","72","4196629","당하동","41","41480","4148011400","경기도","파주시","당하동","20251016","41084001","G7426"
"41084002","G7625","당하동-당하동","0","4196628","당하동","41","41480","4148011400","경기도","파주시","당하동","20251016","41084002","G7625"
"41084002","G7625","당하동-당하동","1","4126250","별하람마을4.5단지","41","41480","4148011400","경기도","파주시","당하동","20251016","41084002","G7625"
"41084002","G7625","당하동-당하동","2","4126747","별하람마을1단지","41","41480","4148011400","경기도","파주시","당하동","20251016","41084002","G7625"
"41084002","G7625","당하동-당하동","3","4105902","가람마을5단지","41","41480","4148012200","경기도","파주시","와동동","20251016","41084002","G7625"
"41084002","G7625","당하동-당하동","4","4111454","가람마을3.4.6단지","41","41480","4148012200","경기도","파주시","와동동","20251016","41084002","G7625"
"41084002","G7625","당하동-당하동","5","4104731","한길육교","41","41480","4148012200","경기도","파주시","와동동","20251016","41084002","G7625"
"41084002","G7625","당하동-당하동","6","4104788","운정행복센터.운정합동주민센터","41","41480","4148012200","경기도","파주시","와동동","20251016","41084002","G7625"
"41084002","G7625","당하동-당하동","7","4104804","해솔마을2.5단지","41","41480","4148011700","경기도","파주시","목동동","20251016","41084002","G7625"
"41084002","G7625","당하동-당하동","8","4195595","산내마을11단지","41","41480","4148011700","경기도","파주시","목동동","20251016","41084002","G7625"
"41084002","G7625","당하동-당하동","9","4104737","운정고등학교","41","41480","4148011700","경기도","파주시","목동동","20251016","41084002","G7625"
"41084002","G7625","당하동-당하동","10","4124889","한울마을1단지.LH파주본부","41","41480","4148011300","경기도","파주시","동패동","20251016","41084002","G7625"
"41084002","G7625","당하동-당하동","11","4104705","한울마을2단지","41","41480","4148011300","경기도","파주시","동패동","20251016","41084002","G7625"
"41084002","G7625","당하동-당하동","12","4104784","새암공원","41","41480","4148011300","경기도","파주시","동패동","20251016","41084002","G7625"
"41084002","G7625","당하동-당하동","13","7104757","삽다리IC진입(미정차)","41","41480","4148011300","경기도","파주시","동패동","20251016","41084002","G7625"
"41084002","G7625","당하동-당하동","14","7103481","산남IC(미정차)","41","41287","4128710700","경기도","고양시 일산서구","구산동","20251016","41084002","G7625"
"41084002","G7625","당하동-당하동","15","7103462","이산포IC(미정차)","41","41287","4128710800","경기도","고양시 일산서구","법곳동","20251016","41084002","G7625"
"41084002","G7625","당하동-당하동","16","7103458","장항IC(미정차)","41","41285","4128510400","경기도","고양시 일산동구","장항동","20251016","41084002","G7625"
"41084002","G7625","당하동-당하동","17","7103456","자유로JC(미정차)","41","41281","4128112000","경기도","고양시 덕양구","토당동","20251016","41084002","G7625"
"41084002","G7625","당하동-당하동","18","7103485","행주IC(미정차)","41","41281","4128112600","경기도","고양시 덕양구","행주외동","20251016","41084002","G7625"
"41084002","G7625","당하동-당하동","19","7103489","북로JC(미정차)","41","41281","4128113000","경기도","고양시 덕양구","현천동","20251016","41084002","G7625"
"41084002","G7625","당하동-당하동","20","7104677","남고양IC(미정차)","41","41281","4128113100","경기도","고양시 덕양구","덕은동","20251016","41084002","G7625"
"41084002","G7625","당하동-당하동","21","7103428","가양대교북단(미정차)","11","11440","1144012700","서울특별시","마포구","상암동","20251016","41084002","G7625"
"41084002","G7625","당하동-당하동","22","7104684","난지한강공원(미정차)","11","11440","1144012700","서울특별시","마포구","상암동","20251016","41084002","G7625"
"41084002","G7625","당하동-당하동","23","7103426","성산대교북단(미정차)","11","11440","1144012700","서울특별시","마포구","상암동","20251016","41084002","G7625"
"41084002","G7625","당하동-당하동","24","7104858","양화대교북단(미정차)","11","11440","1144012200","서울특별시","마포구","합정동","20251016","41084002","G7625"
"41084002","G7625","당하동-당하동","25","4100727","당산역.삼성래미안아파트","11","11560","1156011500","서울특별시","영등포구","당산동5가","20251016","41084002","G7625"
"41084002","G7625","당하동-당하동","26","7104386","영등포전화국교차로(미정차)","11","11560","1156010800","서울특별시","영등포구","영등포동7가","20251016","41084002","G7625"
"41084002","G7625","당하동-당하동","27","4111618","국회의사당역5번출구","11","11560","1156011000","서울특별시","영등포구","여의도동","20251016","41084002","G7625"
"41084002","G7625","당하동-당하동","28","4100744","한국거래소","11","11560","1156011000","서울특별시","영등포구","여의도동","20251016","41084002","G7625"
"41084002","G7625","당하동-당하동","29","4100747","KBS별관","11","11560","1156011000","서울특별시","영등포구","여의도동","20251016","41084002","G7625"
"41084002","G7625","당하동-당하동","30","4101339","샛강역1번출구.여의도자이","11","11560","1156011000","서울특별시","영등포구","여의도동","20251016","41084002","G7625"
"41084002","G7625","당하동-당하동","31","4100748","여의도역5번출구","11","11560","1156011000","서울특별시","영등포구","여의도동","20251016","41084002","G7625"
"41084002","G7625","당하동-당하동","32","7101937","여의도공원앞(미정차)","11","11560","1156011000","서울특별시","영등포구","여의도동","20251016","41084002","G7625"
"41084002","G7625","당하동-당하동","33","4199300","국회의사당역.KB국민은행","11","11560","1156011000","서울특별시","영등포구","여의도동","20251016","41084002","G7625"
"41084002","G7625","당하동-당하동","34","7102830","영등포전화국교차로(미정차)","11","11560","1156010900","서울특별시","영등포구","영등포동8가","20251016","41084002","G7625"
"41084002","G7625","당하동-당하동","35","4100726","당산역.삼성래미안아파트","11","11560","1156011600","서울특별시","영등포구","당산동6가","20251016","41084002","G7625"
"41084002","G7625","당하동-당하동","36","7103492","양화대교북단(미정차)","11","11440","1144012200","서울특별시","마포구","합정동","20251016","41084002","G7625"
"41084002","G7625","당하동-당하동","37","7103427","성산대교북단(미정차)","11","11440","1144012300","서울특별시","마포구","망원동","20251016","41084002","G7625"
"41084002","G7625","당하동-당하동","38","7104685","난지한강공원(미정차)","11","11440","1144012700","서울특별시","마포구","상암동","20251016","41084002","G7625"
"41084002","G7625","당하동-당하동","39","7103429","가양대교북단(미정차)","11","11440","1144012700","서울특별시","마포구","상암동","20251016","41084002","G7625"
"41084002","G7625","당하동-당하동","40","7104676","남고양IC(미정차)","41","41281","4128113100","경기도","고양시 덕양구","덕은동","20251016","41084002","G7625"
"41084002","G7625","당하동-당하동","41","7103490","북로JC(미정차)","41","41281","4128113000","경기도","고양시 덕양구","현천동","20251016","41084002","G7625"
"41084002","G7625","당하동-당하동","42","7103486","행주IC(미정차)","41","41281","4128112600","경기도","고양시 덕양구","행주외동","20251016","41084002","G7625"
"41084002","G7625","당하동-당하동","43","7103457","자유로JC(미정차)","41","41281","4128112000","경기도","고양시 덕양구","토당동","20251016","41084002","G7625"
"41084002","G7625","당하동-당하동","44","7103459","장항IC(미정차)","41","41285","4128510400","경기도","고양시 일산동구","장항동","20251016","41084002","G7625"
"41084002","G7625","당하동-당하동","45","7103463","이산포IC(미정차)","41","41287","4128710800","경기도","고양시 일산서구","법곳동","20251016","41084002","G7625"
"41084002","G7625","당하동-당하동","46","7103482","산남IC(미정차)","41","41287","4128710700","경기도","고양시 일산서구","구산동","20251016","41084002","G7625"
"41084002","G7625","당하동-당하동","47","7104758","삽다리IC진입(미정차)","41","41480","4148011300","경기도","파주시","동패동","20251016","41084002","G7625"
"41084002","G7625","당하동-당하동","48","4104783","새암공원","41","41480","4148010800","경기도","파주시","야당동","20251016","41084002","G7625"
"41084002","G7625","당하동-당하동","49","4104706","한울마을2단지","41","41480","4148011300","경기도","파주시","동패동","20251016","41084002","G7625"
"41084002","G7625","당하동-당하동","50","4124890","한울마을1단지.LH파주본부","41","41480","4148011300","경기도","파주시","동패동","20251016","41084002","G7625"
"41084002","G7625","당하동-당하동","51","4104736","운정고등학교","41","41480","4148011700","경기도","파주시","목동동","20251016","41084002","G7625"
"41084002","G7625","당하동-당하동","52","4195588","산내마을11단지","41","41480","4148011700","경기도","파주시","목동동","20251016","41084002","G7625"
"41084002","G7625","당하동-당하동","53","4104708","해솔마을2.5단지","41","41480","4148011700","경기도","파주시","목동동","20251016","41084002","G7625"
"41084002","G7625","당하동-당하동","54","4104787","운정행복센터.운정합동주민센터","41","41480","4148012200","경기도","파주시","와동동","20251016","41084002","G7625"
"41084002","G7625","당하동-당하동","55","4104743","한길육교","41","41480","4148012200","경기도","파주시","와동동","20251016","41084002","G7625"
"41084002","G7625","당하동-당하동","56","4104723","가람마을3.4.6단지","41","41480","4148012200","경기도","파주시","와동동","20251016","41084002","G7625"
"41084002","G7625","당하동-당하동","57","4113796","가람마을5단지","41","41480","4148012200","경기도","파주시","와동동","20251016","41084002","G7625"
"41084002","G7625","당하동-당하동","58","4126250","별하람마을4.5단지","41","41480","4148011400","경기도","파주시","당하동","20251016","41084002","G7625"
"41084002","G7625","당하동-당하동","59","4126747","별하람마을1단지","41","41480","4148011400","경기도","파주시","당하동","20251016","41084002","G7625"
"41084002","G7625","당하동-당하동","60","4196629","당하동","41","41480","4148011400","경기도","파주시","당하동","20251016","41084002","G7625"
"41084003","2200","교하파출소-교하파출소","0","4176040","교하파출소","41","41480","4148010700","경기도","파주시","교하동","20251016","41084003","2200"
"41084003","2200","교하파출소-교하파출소","1","7104896","교하신교(미정차)","41","41480","4148011800","경기도","파주시","하지석동","20251016","41084003","2200"
"41084003","2200","교하파출소-교하파출소","2","7104865","순달교교차로(미정차)","41","41480","4148010100","경기도","파주시","금촌동","20251016","41084003","2200"
"41084003","2200","교하파출소-교하파출소","3","4104803","문산제일고정문","41","41480","4148010400","경기도","파주시","야동동","20251016","41084003","2200"
"41084003","2200","교하파출소-교하파출소","4","4104797","성원아파트","41","41480","4148010500","경기도","파주시","검산동","20251016","41084003","2200"
"41084003","2200","교하파출소-교하파출소","5","4105035","장터고개.맥금동영업소","41","41480","4148010600","경기도","파주시","맥금동","20251016","41084003","2200"
"41084003","2200","교하파출소-교하파출소","6","4104924","갈현농협.파주성모병원","41","41480","4148032023","경기도","파주시","탄현면","20251016","41084003","2200"
"41084003","2200","교하파출소-교하파출소","7","4104929","시그네틱스","41","41480","4148032022","경기도","파주시","탄현면","20251016","41084003","2200"
"41084003","2200","교하파출소-교하파출소","8","4196207","주택단지입구","41","41480","4148032022","경기도","파주시","탄현면","20251016","41084003","2200"
"41084003","2200","교하파출소-교하파출소","9","4175759","유승앙브와즈2단지","41","41480","4148032022","경기도","파주시","탄현면","20251016","41084003","2200"
"41084003","2200","교하파출소-교하파출소","10","4105040","효자그린빌.이주단지","41","41480","4148032022","경기도","파주시","탄현면","20251016","41084003","2200"
"41084003","2200","교하파출소-교하파출소","11","4104849","파주프리미엄아울렛후문","41","41480","4148032022","경기도","파주시","탄현면","20251016","41084003","2200"
"41084003","2200","교하파출소-교하파출소","12","4197502","유승앙브와즈101동","41","41480","4148032022","경기도","파주시","탄현면","20251016","41084003","2200"
"41084003","2200","교하파출소-교하파출소","13","4195647","경기미래교육캠퍼스","41","41480","4148032022","경기도","파주시","탄현면","20251016","41084003","2200"
"41084003","2200","교하파출소-교하파출소","14","4105158","민들레병원","41","41480","4148032022","경기도","파주시","탄현면","20251016","41084003","2200"
"41084003","2200","교하파출소-교하파출소","15","4175733","경모공원앞.헤이리6번게이트","41","41480","4148032022","경기도","파주시","탄현면","20251016","41084003","2200"
"41084003","2200","교하파출소-교하파출소","16","4105154","헤이리1번게이트","41","41480","4148032022","경기도","파주시","탄현면","20251016","41084003","2200"
"41084003","2200","교하파출소-교하파출소","17","4151657","맛고을.국립민속박물관","41","41480","4148032022","경기도","파주시","탄현면","20251016","41084003","2200"
"41084003","2200","교하파출소-교하파출소","18","7102584","성동IC진입(미정차)","41","41480","4148032021","경기도","파주시","탄현면","20251016","41084003","2200"
"41084003","2200","교하파출소-교하파출소","19","7102687","송촌주유소(미정차)","41","41480","4148011600","경기도","파주시","송촌동","20251016","41084003","2200"
"41084003","2200","교하파출소-교하파출소","20","7103544","문발IC출입(미정차)","41","41480","4148011500","경기도","파주시","문발동","20251016","41084003","2200"
"41084003","2200","교하파출소-교하파출소","21","4104959","문발동.아랫말","41","41480","4148011500","경기도","파주시","문발동","20251016","41084003","2200"
"41084003","2200","교하파출소-교하파출소","22","4104776","출판단지삼거리","41","41480","4148011900","경기도","파주시","서패동","20251016","41084003","2200"
"41084003","2200","교하파출소-교하파출소","23","4104952","롯데프리미엄아울렛","41","41480","4148011500","경기도","파주시","문발동","20251016","41084003","2200"
"41084003","2200","교하파출소-교하파출소","24","4105161","이채쇼핑몰","41","41480","4148011500","경기도","파주시","문발동","20251016","41084003","2200"
"41084003","2200","교하파출소-교하파출소","25","4105162","은석교사거리","41","41480","4148011500","경기도","파주시","문발동","20251016","41084003","2200"
"41084003","2200","교하파출소-교하파출소","26","4104046","북센정문","41","41480","4148011500","경기도","파주시","문발동","20251016","41084003","2200"
"41084003","2200","교하파출소-교하파출소","27","7103480","자유로진입(미정차)","41","41287","4128710700","경기도","고양시 일산서구","구산동","20251016","41084003","2200"
"41084003","2200","교하파출소-교하파출소","28","7103462","이산포IC(미정차)","41","41287","4128710800","경기도","고양시 일산서구","법곳동","20251016","41084003","2200"
"41084003","2200","교하파출소-교하파출소","29","7103458","장항IC(미정차)","41","41285","4128510400","경기도","고양시 일산동구","장항동","20251016","41084003","2200"
"41084003","2200","교하파출소-교하파출소","30","7103456","자유로JC(미정차)","41","41281","4128112000","경기도","고양시 덕양구","토당동","20251016","41084003","2200"
"41084003","2200","교하파출소-교하파출소","31","7103485","행주IC(미정차)","41","41281","4128112600","경기도","고양시 덕양구","행주외동","20251016","41084003","2200"
"41084003","2200","교하파출소-교하파출소","32","7103489","북로JC(미정차)","41","41281","4128113000","경기도","고양시 덕양구","현천동","20251016","41084003","2200"
"41084003","2200","교하파출소-교하파출소","33","7104677","남고양IC(미정차)","41","41281","4128113100","경기도","고양시 덕양구","덕은동","20251016","41084003","2200"
"41084003","2200","교하파출소-교하파출소","34","7103428","가양대교북단(미정차)","11","11440","1144012700","서울특별시","마포구","상암동","20251016","41084003","2200"
"41084003","2200","교하파출소-교하파출소","35","7104684","난지한강공원(미정차)","11","11440","1144012700","서울특별시","마포구","상암동","20251016","41084003","2200"
"41084003","2200","교하파출소-교하파출소","36","7103426","성산대교북단(미정차)","11","11440","1144012700","서울특별시","마포구","상암동","20251016","41084003","2200"
"41084003","2200","교하파출소-교하파출소","37","7103491","양화대교북단(미정차)","11","11440","1144012200","서울특별시","마포구","합정동","20251016","41084003","2200"
"41084003","2200","교하파출소-교하파출소","38","4195658","양화진성지공원입구","11","11440","1144012200","서울특별시","마포구","합정동","20251016","41084003","2200"
"41084003","2200","교하파출소-교하파출소","39","4111588","합정역","11","11440","1144012000","서울특별시","마포구","서교동","20251016","41084003","2200"
"41084003","2200","교하파출소-교하파출소","40","7102197","서교동사거리(미정차)","11","11440","1144012000","서울특별시","마포구","서교동","20251016","41084003","2200"
"41084003","2200","교하파출소-교하파출소","41","4121927","홍대입구","11","11440","1144012000","서울특별시","마포구","서교동","20251016","41084003","2200"
"41084003","2200","교하파출소-교하파출소","42","7102198","서교동사거리(미정차)","11","11440","1144012000","서울특별시","마포구","서교동","20251016","41084003","2200"
"41084003","2200","교하파출소-교하파출소","43","4104678","합정역","11","11440","1144012000","서울특별시","마포구","서교동","20251016","41084003","2200"
"41084003","2200","교하파출소-교하파출소","44","4111587","홀트아동복지회","11","11440","1144012200","서울특별시","마포구","합정동","20251016","41084003","2200"
"41084003","2200","교하파출소-교하파출소","45","7103427","성산대교북단(미정차)","11","11440","1144012300","서울특별시","마포구","망원동","20251016","41084003","2200"
"41084003","2200","교하파출소-교하파출소","46","7104685","난지한강공원(미정차)","11","11440","1144012700","서울특별시","마포구","상암동","20251016","41084003","2200"
"41084003","2200","교하파출소-교하파출소","47","7103429","가양대교북단(미정차)","11","11440","1144012700","서울특별시","마포구","상암동","20251016","41084003","2200"
"41084003","2200","교하파출소-교하파출소","48","7104676","남고양IC(미정차)","41","41281","4128113100","경기도","고양시 덕양구","덕은동","20251016","41084003","2200"
"41084003","2200","교하파출소-교하파출소","49","7103490","북로JC(미정차)","41","41281","4128113000","경기도","고양시 덕양구","현천동","20251016","41084003","2200"
"41084003","2200","교하파출소-교하파출소","50","7103486","행주IC(미정차)","41","41281","4128112600","경기도","고양시 덕양구","행주외동","20251016","41084003","2200"
"41084003","2200","교하파출소-교하파출소","51","7103457","자유로JC(미정차)","41","41281","4128112000","경기도","고양시 덕양구","토당동","20251016","41084003","2200"
"41084003","2200","교하파출소-교하파출소","52","7103459","장항IC(미정차)","41","41285","4128510400","경기도","고양시 일산동구","장항동","20251016","41084003","2200"
"41084003","2200","교하파출소-교하파출소","53","7103463","이산포IC(미정차)","41","41287","4128710800","경기도","고양시 일산서구","법곳동","20251016","41084003","2200"
"41084003","2200","교하파출소-교하파출소","54","4105164","파주출판단지.북센","41","41480","4148011500","경기도","파주시","문발동","20251016","41084003","2200"
"41084003","2200","교하파출소-교하파출소","55","4104966","은석교사거리","41","41480","4148011500","경기도","파주시","문발동","20251016","41084003","2200"
"41084003","2200","교하파출소-교하파출소","56","4104968","이채쇼핑몰","41","41480","4148011500","경기도","파주시","문발동","20251016","41084003","2200"
"41084003","2200","교하파출소-교하파출소","57","4176009","롯데프리미엄아울렛","41","41480","4148011900","경기도","파주시","서패동","20251016","41084003","2200"
"41084003","2200","교하파출소-교하파출소","58","4104778","출판단지삼거리","41","41480","4148011900","경기도","파주시","서패동","20251016","41084003","2200"
"41084003","2200","교하파출소-교하파출소","59","4104960","문발동.아랫말","41","41480","4148011500","경기도","파주시","문발동","20251016","41084003","2200"
"41084003","2200","교하파출소-교하파출소","60","7103543","문발IC진입(미정차)","41","41480","4148012000","경기도","파주시","신촌동","20251016","41084003","2200"
"41084003","2200","교하파출소-교하파출소","61","7102686","송촌주유소(미정차)","41","41480","4148011600","경기도","파주시","송촌동","20251016","41084003","2200"
"41084003","2200","교하파출소-교하파출소","62","7102657","성동IC출입(미정차)","41","41480","4148032021","경기도","파주시","탄현면","20251016","41084003","2200"
"41084003","2200","교하파출소-교하파출소","63","4195664","맛고을.국립민속박물관","41","41480","4148032022","경기도","파주시","탄현면","20251016","41084003","2200"
"41084003","2200","교하파출소-교하파출소","64","4105153","헤이리1번게이트","41","41480","4148032022","경기도","파주시","탄현면","20251016","41084003","2200"
"41084003","2200","교하파출소-교하파출소","65","4175925","경모공원앞.헤이리6번게이트","41","41480","4148032022","경기도","파주시","탄현면","20251016","41084003","2200"
"41084003","2200","교하파출소-교하파출소","66","4105157","법흥3리.헤이리커뮤니티하우스","41","41480","4148032022","경기도","파주시","탄현면","20251016","41084003","2200"
"41084003","2200","교하파출소-교하파출소","67","4195648","경기미래교육캠퍼스","41","41480","4148032022","경기도","파주시","탄현면","20251016","41084003","2200"
"41084003","2200","교하파출소-교하파출소","68","4197501","유승아파트","41","41480","4148032022","경기도","파주시","탄현면","20251016","41084003","2200"
"41084003","2200","교하파출소-교하파출소","69","4104848","파주프리미엄아울렛후문","41","41480","4148032022","경기도","파주시","탄현면","20251016","41084003","2200"
"41084003","2200","교하파출소-교하파출소","70","4104939","효자그린빌.이주단지","41","41480","4148032022","경기도","파주시","탄현면","20251016","41084003","2200"
"41084003","2200","교하파출소-교하파출소","71","4104935","유승앙브와즈2단지","41","41480","4148032022","경기도","파주시","탄현면","20251016","41084003","2200"
"41084003","2200","교하파출소-교하파출소","72","4196391","주택단지입구","41","41480","4148032022","경기도","파주시","탄현면","20251016","41084003","2200"
"41084003","2200","교하파출소-교하파출소","73","4104930","시그네틱스.만수대","41","41480","4148032022","경기도","파주시","탄현면","20251016","41084003","2200"
"41084003","2200","교하파출소-교하파출소","74","4104925","갈현농협.파주성모병원","41","41480","4148032023","경기도","파주시","탄현면","20251016","41084003","2200"
"41084003","2200","교하파출소-교하파출소","75","4104940","장터고개.맥금동영업소","41","41480","4148010600","경기도","파주시","맥금동","20251016","41084003","2200"
"41084003","2200","교하파출소-교하파출소","76","4104798","성원아파트","41","41480","4148010500","경기도","파주시","검산동","20251016","41084003","2200"
"41084003","2200","교하파출소-교하파출소","77","4175923","문산제일고","41","41480","4148010400","경기도","파주시","야동동","20251016","41084003","2200"
"41084003","2200","교하파출소-교하파출소","78","4104899","교하파출소","41","41480","4148010700","경기도","파주시","교하동","20251016","41084003","2200"
"41084004","9030","교하파출소-교하파출소","0","4104899","교하파출소","41","41480","4148010700","경기도","파주시","교하동","20251016","41084004","9030"
"41084004","9030","교하파출소-교하파출소","1","4122920","교하차고지","41","41480","4148010700","경기도","파주시","교하동","20251016","41084004","9030"
"41084004","9030","교하파출소-교하파출소","2","4175751","오도삼거리","41","41480","4148011000","경기도","파주시","오도동","20251016","41084004","9030"
"41084004","9030","교하파출소-교하파출소","3","4195661","다락골","41","41480","4148011000","경기도","파주시","오도동","20251016","41084004","9030"
"41084004","9030","교하파출소-교하파출소","4","4196192","청석마을9단지","41","41480","4148010900","경기도","파주시","다율동","20251016","41084004","9030"
"41084004","9030","교하파출소-교하파출소","5","4195589","숲속길마을7단지","41","41480","4148011300","경기도","파주시","동패동","20251016","41084004","9030"
"41084004","9030","교하파출소-교하파출소","6","4195591","숲속길마을3.6단지","41","41480","4148011300","경기도","파주시","동패동","20251016","41084004","9030"
"41084004","9030","교하파출소-교하파출소","7","7102575","동문굿모닝힐아파트(미정차)","41","41480","4148011300","경기도","파주시","동패동","20251016","41084004","9030"
"41084004","9030","교하파출소-교하파출소","8","7102285","산내교차로(미정차)","41","41480","4148011700","경기도","파주시","목동동","20251016","41084004","9030"
"41084004","9030","교하파출소-교하파출소","9","4105844","해오름중심상가.산내마을1.2단지","41","41480","4148011700","경기도","파주시","목동동","20251016","41084004","9030"
"41084004","9030","교하파출소-교하파출소","10","4111456","산내마을6.8단지","41","41480","4148011700","경기도","파주시","목동동","20251016","41084004","9030"
"41084004","9030","교하파출소-교하파출소","11","4104713","두레공원(중)","41","41480","4148011700","경기도","파주시","목동동","20251016","41084004","9030"
"41084004","9030","교하파출소-교하파출소","12","4111469","해솔마을4단지","41","41480","4148011700","경기도","파주시","목동동","20251016","41084004","9030"
"41084004","9030","교하파출소-교하파출소","13","4104804","해솔마을2.5단지","41","41480","4148011700","경기도","파주시","목동동","20251016","41084004","9030"
"41084004","9030","교하파출소-교하파출소","14","4195595","산내마을11단지","41","41480","4148011700","경기도","파주시","목동동","20251016","41084004","9030"
"41084004","9030","교하파출소-교하파출소","15","4104737","운정고등학교","41","41480","4148011700","경기도","파주시","목동동","20251016","41084004","9030"
"41084004","9030","교하파출소-교하파출소","16","4104705","한울마을2단지","41","41480","4148011300","경기도","파주시","동패동","20251016","41084004","9030"
"41084004","9030","교하파출소-교하파출소","17","4104784","새암공원","41","41480","4148011300","경기도","파주시","동패동","20251016","41084004","9030"
"41084004","9030","교하파출소-교하파출소","18","7104757","삽다리IC진입(미정차)","41","41480","4148011300","경기도","파주시","동패동","20251016","41084004","9030"
"41084004","9030","교하파출소-교하파출소","19","7103481","산남IC(미정차)","41","41287","4128710700","경기도","고양시 일산서구","구산동","20251016","41084004","9030"
"41084004","9030","교하파출소-교하파출소","20","7103462","이산포IC(미정차)","41","41287","4128710800","경기도","고양시 일산서구","법곳동","20251016","41084004","9030"
"41084004","9030","교하파출소-교하파출소","21","7103458","장항IC(미정차)","41","41285","4128510400","경기도","고양시 일산동구","장항동","20251016","41084004","9030"
"41084004","9030","교하파출소-교하파출소","22","7103456","자유로JC(미정차)","41","41281","4128112000","경기도","고양시 덕양구","토당동","20251016","41084004","9030"
"41084004","9030","교하파출소-교하파출소","23","7103485","행주IC(미정차)","41","41281","4128112600","경기도","고양시 덕양구","행주외동","20251016","41084004","9030"
"41084004","9030","교하파출소-교하파출소","24","7103489","북로JC(미정차)","41","41281","4128113000","경기도","고양시 덕양구","현천동","20251016","41084004","9030"
"41084004","9030","교하파출소-교하파출소","25","7104677","남고양IC(미정차)","41","41281","4128113100","경기도","고양시 덕양구","덕은동","20251016","41084004","9030"
"41084004","9030","교하파출소-교하파출소","26","7103428","가양대교북단(미정차)","11","11440","1144012700","서울특별시","마포구","상암동","20251016","41084004","9030"
"41084004","9030","교하파출소-교하파출소","27","7104684","난지한강공원(미정차)","11","11440","1144012700","서울특별시","마포구","상암동","20251016","41084004","9030"
"41084004","9030","교하파출소-교하파출소","28","7103426","성산대교북단(미정차)","11","11440","1144012700","서울특별시","마포구","상암동","20251016","41084004","9030"
"41084004","9030","교하파출소-교하파출소","29","7104858","양화대교북단(미정차)","11","11440","1144012200","서울특별시","마포구","합정동","20251016","41084004","9030"
"41084004","9030","교하파출소-교하파출소","30","4109693","당산역9번출구","11","11560","1156011500","서울특별시","영등포구","당산동5가","20251016","41084004","9030"
"41084004","9030","교하파출소-교하파출소","31","4100729","삼환아파트","11","11560","1156010900","서울특별시","영등포구","영등포동8가","20251016","41084004","9030"
"41084004","9030","교하파출소-교하파출소","32","4100733","영등포시장역4번출구","11","11560","1156010700","서울특별시","영등포구","영등포동6가","20251016","41084004","9030"
"41084004","9030","교하파출소-교하파출소","33","4113255","영등포소방서.타임스퀘어","11","11560","1156010500","서울특별시","영등포구","영등포동4가","20251016","41084004","9030"
"41084004","9030","교하파출소-교하파출소","34","7101945","청과시장교차로(미정차)","11","11560","1156010500","서울특별시","영등포구","영등포동4가","20251016","41084004","9030"
"41084004","9030","교하파출소-교하파출소","35","4100732","영등포시장역3번출구","11","11560","1156010600","서울특별시","영등포구","영등포동5가","20251016","41084004","9030"
"41084004","9030","교하파출소-교하파출소","36","4100728","당산푸르지오아파트","11","11560","1156010900","서울특별시","영등포구","영등포동8가","20251016","41084004","9030"
"41084004","9030","교하파출소-교하파출소","37","4100726","당산역.삼성래미안아파트","11","11560","1156011600","서울특별시","영등포구","당산동6가","20251016","41084004","9030"
"41084004","9030","교하파출소-교하파출소","38","7103492","양화대교북단(미정차)","11","11440","1144012200","서울특별시","마포구","합정동","20251016","41084004","9030"
"41084004","9030","교하파출소-교하파출소","39","7103427","성산대교북단(미정차)","11","11440","1144012300","서울특별시","마포구","망원동","20251016","41084004","9030"
"41084004","9030","교하파출소-교하파출소","40","7104685","난지한강공원(미정차)","11","11440","1144012700","서울특별시","마포구","상암동","20251016","41084004","9030"
"41084004","9030","교하파출소-교하파출소","41","7103429","가양대교북단(미정차)","11","11440","1144012700","서울특별시","마포구","상암동","20251016","41084004","9030"
"41084004","9030","교하파출소-교하파출소","42","7104676","남고양IC(미정차)","41","41281","4128113100","경기도","고양시 덕양구","덕은동","20251016","41084004","9030"
"41084004","9030","교하파출소-교하파출소","43","7103490","북로JC(미정차)","41","41281","4128113000","경기도","고양시 덕양구","현천동","20251016","41084004","9030"
"41084004","9030","교하파출소-교하파출소","44","7103486","행주IC(미정차)","41","41281","4128112600","경기도","고양시 덕양구","행주외동","20251016","41084004","9030"
"41084004","9030","교하파출소-교하파출소","45","7103457","자유로JC(미정차)","41","41281","4128112000","경기도","고양시 덕양구","토당동","20251016","41084004","9030"
"41084004","9030","교하파출소-교하파출소","46","7103459","장항IC(미정차)","41","41285","4128510400","경기도","고양시 일산동구","장항동","20251016","41084004","9030"
"41084004","9030","교하파출소-교하파출소","47","7103463","이산포IC(미정차)","41","41287","4128710800","경기도","고양시 일산서구","법곳동","20251016","41084004","9030"
"41084004","9030","교하파출소-교하파출소","48","7103482","산남IC(미정차)","41","41287","4128710700","경기도","고양시 일산서구","구산동","20251016","41084004","9030"
"41084004","9030","교하파출소-교하파출소","49","7104758","삽다리IC진입(미정차)","41","41480","4148011300","경기도","파주시","동패동","20251016","41084004","9030"
"41084004","9030","교하파출소-교하파출소","50","4104783","새암공원","41","41480","4148010800","경기도","파주시","야당동","20251016","41084004","9030"
"41084004","9030","교하파출소-교하파출소","51","4104706","한울마을2단지","41","41480","4148011300","경기도","파주시","동패동","20251016","41084004","9030"
"41084004","9030","교하파출소-교하파출소","52","4104736","운정고등학교","41","41480","4148011700","경기도","파주시","목동동","20251016","41084004","9030"
"41084004","9030","교하파출소-교하파출소","53","4195588","산내마을11단지","41","41480","4148011700","경기도","파주시","목동동","20251016","41084004","9030"
"41084004","9030","교하파출소-교하파출소","54","4104708","해솔마을2.5단지","41","41480","4148011700","경기도","파주시","목동동","20251016","41084004","9030"
"41084004","9030","교하파출소-교하파출소","55","4176007","가람마을9단지","41","41480","4148012200","경기도","파주시","와동동","20251016","41084004","9030"
"41084004","9030","교하파출소-교하파출소","56","4104714","두레공원(중)","41","41480","4148011700","경기도","파주시","목동동","20251016","41084004","9030"
"41084004","9030","교하파출소-교하파출소","57","4111457","산내마을6.8단지","41","41480","4148011700","경기도","파주시","목동동","20251016","41084004","9030"
"41084004","9030","교하파출소-교하파출소","58","4125717","해오름중심상가.산내마을1.2단지","41","41480","4148010900","경기도","파주시","다율동","20251016","41084004","9030"
"41084004","9030","교하파출소-교하파출소","59","4195592","숲속길마을3.6단지","41","41480","4148011500","경기도","파주시","문발동","20251016","41084004","9030"
"41084004","9030","교하파출소-교하파출소","60","4176012","트리플메디컬타운","41","41480","4148011300","경기도","파주시","동패동","20251016","41084004","9030"
"41084004","9030","교하파출소-교하파출소","61","4195663","청석마을9단지","41","41480","4148010900","경기도","파주시","다율동","20251016","41084004","9030"
"41084004","9030","교하파출소-교하파출소","62","4195662","다락골","41","41480","4148010900","경기도","파주시","다율동","20251016","41084004","9030"
"41084004","9030","교하파출소-교하파출소","63","4125740","오도삼거리","41","41480","4148010900","경기도","파주시","다율동","20251016","41084004","9030"
"41084004","9030","교하파출소-교하파출소","64","4116769","교하차고지","41","41480","4148010700","경기도","파주시","교하동","20251016","41084004","9030"
"41084004","9030","교하파출소-교하파출소","65","4175871","교하파출소","41","41480","4148010700","경기도","파주시","교하동","20251016","41084004","9030"
"41084005","9030-1","교하차고지-교하차고지","0","4116769","교하차고지","41","41480","4148010700","경기도","파주시","교하동","20251016","41084005","9030-1"
"41084005","9030-1","교하차고지-교하차고지","1","4175783","가람마을4단지","41","41480","4148012200","경기도","파주시","와동동","20251016","41084005","9030-1"
"41084005","9030-1","교하차고지-교하차고지","2","4115839","가람마을2.8단지(중)","41","41480","4148012200","경기도","파주시","와동동","20251016","41084005","9030-1"
"41084005","9030-1","교하차고지-교하차고지","3","4114533","산내마을8.12단지(중)","41","41480","4148011700","경기도","파주시","목동동","20251016","41084005","9030-1"
"41084005","9030-1","교하차고지-교하차고지","4","4111457","산내마을6.8단지","41","41480","4148011700","경기도","파주시","목동동","20251016","41084005","9030-1"
"41084005","9030-1","교하차고지-교하차고지","5","4125717","해오름중심상가.산내마을1.2단지","41","41480","4148010900","경기도","파주시","다율동","20251016","41084005","9030-1"
"41084005","9030-1","교하차고지-교하차고지","6","4195589","숲속길마을7단지","41","41480","4148011300","경기도","파주시","동패동","20251016","41084005","9030-1"
"41084005","9030-1","교하차고지-교하차고지","7","4195591","숲속길마을3.6단지","41","41480","4148011300","경기도","파주시","동패동","20251016","41084005","9030-1"
"41084005","9030-1","교하차고지-교하차고지","8","4195653","노을빛마을1.2단지","41","41480","4148011500","경기도","파주시","문발동","20251016","41084005","9030-1"
"41084005","9030-1","교하차고지-교하차고지","9","4104957","문발동.윗말","41","41480","4148011500","경기도","파주시","문발동","20251016","41084005","9030-1"
"41084005","9030-1","교하차고지-교하차고지","10","4104959","문발동.아랫말","41","41480","4148011500","경기도","파주시","문발동","20251016","41084005","9030-1"
"41084005","9030-1","교하차고지-교하차고지","11","4195651","돌곶이꽃마을","41","41480","4148011900","경기도","파주시","서패동","20251016","41084005","9030-1"
"41084005","9030-1","교하차고지-교하차고지","12","4104952","롯데프리미엄아울렛","41","41480","4148011500","경기도","파주시","문발동","20251016","41084005","9030-1"
"41084005","9030-1","교하차고지-교하차고지","13","4105161","이채쇼핑몰","41","41480","4148011500","경기도","파주시","문발동","20251016","41084005","9030-1"
"41084005","9030-1","교하차고지-교하차고지","14","4195679","이석사거리","41","41480","4148011500","경기도","파주시","문발동","20251016","41084005","9030-1"
"41084005","9030-1","교하차고지-교하차고지","15","4105162","은석교사거리","41","41480","4148011500","경기도","파주시","문발동","20251016","41084005","9030-1"
"41084005","9030-1","교하차고지-교하차고지","16","4104046","북센정문","41","41480","4148011500","경기도","파주시","문발동","20251016","41084005","9030-1"
"41084005","9030-1","교하차고지-교하차고지","17","7103480","자유로진입(미정차)","41","41287","4128710700","경기도","고양시 일산서구","구산동","20251016","41084005","9030-1"
"41084005","9030-1","교하차고지-교하차고지","18","7103462","이산포IC(미정차)","41","41287","4128710800","경기도","고양시 일산서구","법곳동","20251016","41084005","9030-1"
"41084005","9030-1","교하차고지-교하차고지","19","7103458","장항IC(미정차)","41","41285","4128510400","경기도","고양시 일산동구","장항동","20251016","41084005","9030-1"
"41084005","9030-1","교하차고지-교하차고지","20","7103456","자유로JC(미정차)","41","41281","4128112000","경기도","고양시 덕양구","토당동","20251016","41084005","9030-1"
"41084005","9030-1","교하차고지-교하차고지","21","7103485","행주IC(미정차)","41","41281","4128112600","경기도","고양시 덕양구","행주외동","20251016","41084005","9030-1"
"41084005","9030-1","교하차고지-교하차고지","22","7103489","북로JC(미정차)","41","41281","4128113000","경기도","고양시 덕양구","현천동","20251016","41084005","9030-1"
"41084005","9030-1","교하차고지-교하차고지","23","7104677","남고양IC(미정차)","41","41281","4128113100","경기도","고양시 덕양구","덕은동","20251016","41084005","9030-1"
"41084005","9030-1","교하차고지-교하차고지","24","7103428","가양대교북단(미정차)","11","11440","1144012700","서울특별시","마포구","상암동","20251016","41084005","9030-1"
"41084005","9030-1","교하차고지-교하차고지","25","7104684","난지한강공원(미정차)","11","11440","1144012700","서울특별시","마포구","상암동","20251016","41084005","9030-1"
"41084005","9030-1","교하차고지-교하차고지","26","7103516","성산대교북단(미정차)","11","11440","1144012300","서울특별시","마포구","망원동","20251016","41084005","9030-1"
"41084005","9030-1","교하차고지-교하차고지","27","7103515","성산대교남단(미정차)","11","11560","1156013100","서울특별시","영등포구","양화동","20251016","41084005","9030-1"
"41084005","9030-1","교하차고지-교하차고지","28","4100727","당산역.삼성래미안아파트","11","11560","1156011500","서울특별시","영등포구","당산동5가","20251016","41084005","9030-1"
"41084005","9030-1","교하차고지-교하차고지","29","4100729","삼환아파트","11","11560","1156010900","서울특별시","영등포구","영등포동8가","20251016","41084005","9030-1"
"41084005","9030-1","교하차고지-교하차고지","30","4100733","영등포시장역4번출구","11","11560","1156010700","서울특별시","영등포구","영등포동6가","20251016","41084005","9030-1"
"41084005","9030-1","교하차고지-교하차고지","31","4113255","영등포소방서.타임스퀘어","11","11560","1156010500","서울특별시","영등포구","영등포동4가","20251016","41084005","9030-1"
"41084005","9030-1","교하차고지-교하차고지","32","7101945","청과시장교차로(미정차)","11","11560","1156010500","서울특별시","영등포구","영등포동4가","20251016","41084005","9030-1"
"41084005","9030-1","교하차고지-교하차고지","33","4100732","영등포시장역3번출구","11","11560","1156010600","서울특별시","영등포구","영등포동5가","20251016","41084005","9030-1"
"41084005","9030-1","교하차고지-교하차고지","34","4100728","당산푸르지오아파트","11","11560","1156010900","서울특별시","영등포구","영등포동8가","20251016","41084005","9030-1"
"41084005","9030-1","교하차고지-교하차고지","35","4100726","당산역.삼성래미안아파트","11","11560","1156011600","서울특별시","영등포구","당산동6가","20251016","41084005","9030-1"
"41084005","9030-1","교하차고지-교하차고지","36","7103492","양화대교북단(미정차)","11","11440","1144012200","서울특별시","마포구","합정동","20251016","41084005","9030-1"
"41084005","9030-1","교하차고지-교하차고지","37","7103427","성산대교북단(미정차)","11","11440","1144012300","서울특별시","마포구","망원동","20251016","41084005","9030-1"
"41084005","9030-1","교하차고지-교하차고지","38","7104685","난지한강공원(미정차)","11","11440","1144012700","서울특별시","마포구","상암동","20251016","41084005","9030-1"
"41084005","9030-1","교하차고지-교하차고지","39","7103429","가양대교북단(미정차)","11","11440","1144012700","서울특별시","마포구","상암동","20251016","41084005","9030-1"
"41084005","9030-1","교하차고지-교하차고지","40","7104676","남고양IC(미정차)","41","41281","4128113100","경기도","고양시 덕양구","덕은동","20251016","41084005","9030-1"
"41084005","9030-1","교하차고지-교하차고지","41","7103490","북로JC(미정차)","41","41281","4128113000","경기도","고양시 덕양구","현천동","20251016","41084005","9030-1"
"41084005","9030-1","교하차고지-교하차고지","42","7103486","행주IC(미정차)","41","41281","4128112600","경기도","고양시 덕양구","행주외동","20251016","41084005","9030-1"
"41084005","9030-1","교하차고지-교하차고지","43","7103457","자유로JC(미정차)","41","41281","4128112000","경기도","고양시 덕양구","토당동","20251016","41084005","9030-1"
"41084005","9030-1","교하차고지-교하차고지","44","7103459","장항IC(미정차)","41","41285","4128510400","경기도","고양시 일산동구","장항동","20251016","41084005","9030-1"
"41084005","9030-1","교하차고지-교하차고지","45","7103463","이산포IC(미정차)","41","41287","4128710800","경기도","고양시 일산서구","법곳동","20251016","41084005","9030-1"
"41084005","9030-1","교하차고지-교하차고지","46","4105164","파주출판단지.북센","41","41480","4148011500","경기도","파주시","문발동","20251016","41084005","9030-1"
"41084005","9030-1","교하차고지-교하차고지","47","4104966","은석교사거리","41","41480","4148011500","경기도","파주시","문발동","20251016","41084005","9030-1"
"41084005","9030-1","교하차고지-교하차고지","48","4195649","다산교앞","41","41480","4148011500","경기도","파주시","문발동","20251016","41084005","9030-1"
"41084005","9030-1","교하차고지-교하차고지","49","4104968","이채쇼핑몰","41","41480","4148011500","경기도","파주시","문발동","20251016","41084005","9030-1"
"41084005","9030-1","교하차고지-교하차고지","50","4176009","롯데프리미엄아울렛","41","41480","4148011900","경기도","파주시","서패동","20251016","41084005","9030-1"
"41084005","9030-1","교하차고지-교하차고지","51","4195650","돌곶이꽃마을","41","41480","4148011900","경기도","파주시","서패동","20251016","41084005","9030-1"
"41084005","9030-1","교하차고지-교하차고지","52","4104960","문발동.아랫말","41","41480","4148011500","경기도","파주시","문발동","20251016","41084005","9030-1"
"41084005","9030-1","교하차고지-교하차고지","53","4175743","문발초교","41","41480","4148011500","경기도","파주시","문발동","20251016","41084005","9030-1"
"41084005","9030-1","교하차고지-교하차고지","54","4195652","노을빛마을1.2단지","41","41480","4148011500","경기도","파주시","문발동","20251016","41084005","9030-1"
"41084005","9030-1","교하차고지-교하차고지","55","4195592","숲속길마을3.6단지","41","41480","4148011500","경기도","파주시","문발동","20251016","41084005","9030-1"
"41084005","9030-1","교하차고지-교하차고지","56","4176012","트리플메디컬타운","41","41480","4148011300","경기도","파주시","동패동","20251016","41084005","9030-1"
"41084005","9030-1","교하차고지-교하차고지","57","4122743","물향기마을1단지","41","41480","4148010900","경기도","파주시","다율동","20251016","41084005","9030-1"
"41084005","9030-1","교하차고지-교하차고지","58","4105844","해오름중심상가.산내마을1.2단지","41","41480","4148011700","경기도","파주시","목동동","20251016","41084005","9030-1"
"41084005","9030-1","교하차고지-교하차고지","59","4111456","산내마을6.8단지","41","41480","4148011700","경기도","파주시","목동동","20251016","41084005","9030-1"
"41084005","9030-1","교하차고지-교하차고지","60","4114534","산내마을8.12단지(중)","41","41480","4148011700","경기도","파주시","목동동","20251016","41084005","9030-1"
"41084005","9030-1","교하차고지-교하차고지","61","4115879","가람마을2.8단지(중)","41","41480","4148012200","경기도","파주시","와동동","20251016","41084005","9030-1"
"41084005","9030-1","교하차고지-교하차고지","62","4175786","가람마을4단지","41","41480","4148012200","경기도","파주시","와동동","20251016","41084005","9030-1"
"41084005","9030-1","교하차고지-교하차고지","63","4122920","교하차고지","41","41480","4148010700","경기도","파주시","교하동","20251016","41084005","9030-1"
"41084007","3100","교하차고지-교하차고지","0","4122920","교하차고지","41","41480","4148010700","경기도","파주시","교하동","20251016","41084007","3100"
"41084007","3100","교하차고지-교하차고지","1","7102468","오도1리(미정차)","41","41480","4148010700","경기도","파주시","교하동","20251016","41084007","3100"
"41084007","3100","교하차고지-교하차고지","2","7103813","오도삼거리(미정차)","41","41480","4148011000","경기도","파주시","오도동","20251016","41084007","3100"
"41084007","3100","교하차고지-교하차고지","3","7102285","산내교차로(미정차)","41","41480","4148011700","경기도","파주시","목동동","20251016","41084007","3100"
"41084007","3100","교하차고지-교하차고지","4","4105844","해오름중심상가.산내마을1.2단지","41","41480","4148011700","경기도","파주시","목동동","20251016","41084007","3100"
"41084007","3100","교하차고지-교하차고지","5","4111456","산내마을6.8단지","41","41480","4148011700","경기도","파주시","목동동","20251016","41084007","3100"
"41084007","3100","교하차고지-교하차고지","6","4114534","산내마을8.12단지(중)","41","41480","4148011700","경기도","파주시","목동동","20251016","41084007","3100"
"41084007","3100","교하차고지-교하차고지","7","4104713","두레공원(중)","41","41480","4148011700","경기도","파주시","목동동","20251016","41084007","3100"
"41084007","3100","교하차고지-교하차고지","8","4111469","해솔마을4단지","41","41480","4148011700","경기도","파주시","목동동","20251016","41084007","3100"
"41084007","3100","교하차고지-교하차고지","9","4115749","지산중학교.운정행복센터","41","41480","4148011700","경기도","파주시","목동동","20251016","41084007","3100"
"41084007","3100","교하차고지-교하차고지","10","4104804","해솔마을2.5단지","41","41480","4148011700","경기도","파주시","목동동","20251016","41084007","3100"
"41084007","3100","교하차고지-교하차고지","11","4195595","산내마을11단지","41","41480","4148011700","경기도","파주시","목동동","20251016","41084007","3100"
"41084007","3100","교하차고지-교하차고지","12","4104737","운정고등학교","41","41480","4148011700","경기도","파주시","목동동","20251016","41084007","3100"
"41084007","3100","교하차고지-교하차고지","13","4124889","한울마을1단지.LH파주본부","41","41480","4148011300","경기도","파주시","동패동","20251016","41084007","3100"
"41084007","3100","교하차고지-교하차고지","14","4104705","한울마을2단지","41","41480","4148011300","경기도","파주시","동패동","20251016","41084007","3100"
"41084007","3100","교하차고지-교하차고지","15","4104784","새암공원","41","41480","4148011300","경기도","파주시","동패동","20251016","41084007","3100"
"41084007","3100","교하차고지-교하차고지","16","7104757","삽다리IC진입(미정차)","41","41480","4148011300","경기도","파주시","동패동","20251016","41084007","3100"
"41084007","3100","교하차고지-교하차고지","17","4111569","산남교차로","41","41480","4148011200","경기도","파주시","산남동","20251016","41084007","3100"
"41084007","3100","교하차고지-교하차고지","18","7103462","이산포IC(미정차)","41","41287","4128710800","경기도","고양시 일산서구","법곳동","20251016","41084007","3100"
"41084007","3100","교하차고지-교하차고지","19","7103458","장항IC(미정차)","41","41285","4128510400","경기도","고양시 일산동구","장항동","20251016","41084007","3100"
"41084007","3100","교하차고지-교하차고지","20","7103456","자유로JC(미정차)","41","41281","4128112000","경기도","고양시 덕양구","토당동","20251016","41084007","3100"
"41084007","3100","교하차고지-교하차고지","21","7103485","행주IC(미정차)","41","41281","4128112600","경기도","고양시 덕양구","행주외동","20251016","41084007","3100"
"41084007","3100","교하차고지-교하차고지","22","7103489","북로JC(미정차)","41","41281","4128113000","경기도","고양시 덕양구","현천동","20251016","41084007","3100"
"41084007","3100","교하차고지-교하차고지","23","7104677","남고양IC(미정차)","41","41281","4128113100","경기도","고양시 덕양구","덕은동","20251016","41084007","3100"
"41084007","3100","교하차고지-교하차고지","24","7103428","가양대교북단(미정차)","11","11440","1144012700","서울특별시","마포구","상암동","20251016","41084007","3100"
"41084007","3100","교하차고지-교하차고지","25","7104684","난지한강공원(미정차)","11","11440","1144012700","서울특별시","마포구","상암동","20251016","41084007","3100"
"41084007","3100","교하차고지-교하차고지","26","7103426","성산대교북단(미정차)","11","11440","1144012700","서울특별시","마포구","상암동","20251016","41084007","3100"
"41084007","3100","교하차고지-교하차고지","27","7103491","양화대교북단(미정차)","11","11440","1144012200","서울특별시","마포구","합정동","20251016","41084007","3100"
"41084007","3100","교하차고지-교하차고지","28","4195658","양화진성지공원입구","11","11440","1144012200","서울특별시","마포구","합정동","20251016","41084007","3100"
"41084007","3100","교하차고지-교하차고지","29","4111588","합정역","11","11440","1144012000","서울특별시","마포구","서교동","20251016","41084007","3100"
"41084007","3100","교하차고지-교하차고지","30","7102197","서교동사거리(미정차)","11","11440","1144012000","서울특별시","마포구","서교동","20251016","41084007","3100"
"41084007","3100","교하차고지-교하차고지","31","4116129","서교동(중)","11","11440","1144012000","서울특별시","마포구","서교동","20251016","41084007","3100"
"41084007","3100","교하차고지-교하차고지","32","4116126","홍대입구역(중)","11","11440","1144012100","서울특별시","마포구","동교동","20251016","41084007","3100"
"41084007","3100","교하차고지-교하차고지","33","4179476","홍대입구역(중)","11","11440","1144012100","서울특별시","마포구","동교동","20251016","41084007","3100"
"41084007","3100","교하차고지-교하차고지","34","4116127","서교동(중)","11","11440","1144012000","서울특별시","마포구","서교동","20251016","41084007","3100"
"41084007","3100","교하차고지-교하차고지","35","7102198","서교동사거리(미정차)","11","11440","1144012000","서울특별시","마포구","서교동","20251016","41084007","3100"
"41084007","3100","교하차고지-교하차고지","36","4104678","합정역","11","11440","1144012000","서울특별시","마포구","서교동","20251016","41084007","3100"
"41084007","3100","교하차고지-교하차고지","37","4111587","홀트아동복지회","11","11440","1144012200","서울특별시","마포구","합정동","20251016","41084007","3100"
"41084007","3100","교하차고지-교하차고지","38","7103427","성산대교북단(미정차)","11","11440","1144012300","서울특별시","마포구","망원동","20251016","41084007","3100"
"41084007","3100","교하차고지-교하차고지","39","7104685","난지한강공원(미정차)","11","11440","1144012700","서울특별시","마포구","상암동","20251016","41084007","3100"
"41084007","3100","교하차고지-교하차고지","40","7103429","가양대교북단(미정차)","11","11440","1144012700","서울특별시","마포구","상암동","20251016","41084007","3100"
"41084007","3100","교하차고지-교하차고지","41","7104676","남고양IC(미정차)","41","41281","4128113100","경기도","고양시 덕양구","덕은동","20251016","41084007","3100"
"41084007","3100","교하차고지-교하차고지","42","7103490","북로JC(미정차)","41","41281","4128113000","경기도","고양시 덕양구","현천동","20251016","41084007","3100"
"41084007","3100","교하차고지-교하차고지","43","7103486","행주IC(미정차)","41","41281","4128112600","경기도","고양시 덕양구","행주외동","20251016","41084007","3100"
"41084007","3100","교하차고지-교하차고지","44","7103457","자유로JC(미정차)","41","41281","4128112000","경기도","고양시 덕양구","토당동","20251016","41084007","3100"
"41084007","3100","교하차고지-교하차고지","45","7103459","장항IC(미정차)","41","41285","4128510400","경기도","고양시 일산동구","장항동","20251016","41084007","3100"
"41084007","3100","교하차고지-교하차고지","46","7103463","이산포IC(미정차)","41","41287","4128710800","경기도","고양시 일산서구","법곳동","20251016","41084007","3100"
"41084007","3100","교하차고지-교하차고지","47","4124765","산남교차로","41","41287","4128710700","경기도","고양시 일산서구","구산동","20251016","41084007","3100"
"41084007","3100","교하차고지-교하차고지","48","7104758","삽다리IC진입(미정차)","41","41480","4148011300","경기도","파주시","동패동","20251016","41084007","3100"
"41084007","3100","교하차고지-교하차고지","49","4104783","새암공원","41","41480","4148010800","경기도","파주시","야당동","20251016","41084007","3100"
"41084007","3100","교하차고지-교하차고지","50","4104706","한울마을2단지","41","41480","4148011300","경기도","파주시","동패동","20251016","41084007","3100"
"41084007","3100","교하차고지-교하차고지","51","4124890","한울마을1단지.LH파주본부","41","41480","4148011300","경기도","파주시","동패동","20251016","41084007","3100"
"41084007","3100","교하차고지-교하차고지","52","4104736","운정고등학교","41","41480","4148011700","경기도","파주시","목동동","20251016","41084007","3100"
"41084007","3100","교하차고지-교하차고지","53","4195588","산내마을11단지","41","41480","4148011700","경기도","파주시","목동동","20251016","41084007","3100"
"41084007","3100","교하차고지-교하차고지","54","4104708","해솔마을2.5단지","41","41480","4148011700","경기도","파주시","목동동","20251016","41084007","3100"
"41084007","3100","교하차고지-교하차고지","55","4115750","지산중학교.운정행복센터","41","41480","4148012200","경기도","파주시","와동동","20251016","41084007","3100"
"41084007","3100","교하차고지-교하차고지","56","4176007","가람마을9단지","41","41480","4148012200","경기도","파주시","와동동","20251016","41084007","3100"
"41084007","3100","교하차고지-교하차고지","57","4104714","두레공원(중)","41","41480","4148011700","경기도","파주시","목동동","20251016","41084007","3100"
"41084007","3100","교하차고지-교하차고지","58","4114533","산내마을8.12단지(중)","41","41480","4148011700","경기도","파주시","목동동","20251016","41084007","3100"
"41084007","3100","교하차고지-교하차고지","59","4111457","산내마을6.8단지","41","41480","4148011700","경기도","파주시","목동동","20251016","41084007","3100"
"41084007","3100","교하차고지-교하차고지","60","4125717","해오름중심상가.산내마을1.2단지","41","41480","4148010900","경기도","파주시","다율동","20251016","41084007","3100"
"41084007","3100","교하차고지-교하차고지","61","4116769","교하차고지","41","41480","4148010700","경기도","파주시","교하동","20251016","41084007","3100"
"41084008","7111","해오름마을3.4-해오름마을3.4","0","4126945","해오름마을3.4단지","41","41480","4148010900","경기도","파주시","다율동","20251016","41084008","7111"
"41084008","7111","해오름마을3.4-해오름마을3.4","1","4125070","해오름마을12.14단지","41","41480","4148010900","경기도","파주시","다율동","20251016","41084008","7111"
"41084008","7111","해오름마을3.4-해오름마을3.4","2","4111456","산내마을6.8단지","41","41480","4148011700","경기도","파주시","목동동","20251016","41084008","7111"
"41084008","7111","해오름마을3.4-해오름마을3.4","3","4114534","산내마을8.12단지(중)","41","41480","4148011700","경기도","파주시","목동동","20251016","41084008","7111"
"41084008","7111","해오름마을3.4-해오름마을3.4","4","4104713","두레공원(중)","41","41480","4148011700","경기도","파주시","목동동","20251016","41084008","7111"
"41084008","7111","해오름마을3.4-해오름마을3.4","5","4115749","지산중학교.운정행복센터","41","41480","4148011700","경기도","파주시","목동동","20251016","41084008","7111"
"41084008","7111","해오름마을3.4-해오름마을3.4","6","4105064","해솔마을6.7단지","41","41480","4148011700","경기도","파주시","목동동","20251016","41084008","7111"
"41084008","7111","해오름마을3.4-해오름마을3.4","7","4104995","한빛마을1단지","41","41480","4148011300","경기도","파주시","동패동","20251016","41084008","7111"
"41084008","7111","해오름마을3.4-해오름마을3.4","8","4104784","새암공원","41","41480","4148011300","경기도","파주시","동패동","20251016","41084008","7111"
"41084008","7111","해오름마을3.4-해오름마을3.4","9","7104757","삽다리IC진입(미정차)","41","41480","4148011300","경기도","파주시","동패동","20251016","41084008","7111"
"41084008","7111","해오름마을3.4-해오름마을3.4","10","7103466","송산IC(미정차)","41","41287","4128710700","경기도","고양시 일산서구","구산동","20251016","41084008","7111"
"41084008","7111","해오름마을3.4-해오름마을3.4","11","7103468","법곳IC(미정차)","41","41287","4128710800","경기도","고양시 일산서구","법곳동","20251016","41084008","7111"
"41084008","7111","해오름마을3.4-해오름마을3.4","12","7103470","한류월드IC(미정차)","41","41285","4128510400","경기도","고양시 일산동구","장항동","20251016","41084008","7111"
"41084008","7111","해오름마을3.4-해오름마을3.4","13","7103472","능곡IC(미정차)","41","41281","4128112000","경기도","고양시 덕양구","토당동","20251016","41084008","7111"
"41084008","7111","해오름마을3.4-해오름마을3.4","14","7103474","강매IC(미정차)","41","41281","4128112400","경기도","고양시 덕양구","강매동","20251016","41084008","7111"
"41084008","7111","해오름마을3.4-해오름마을3.4","15","7103478","현천IC(미정차)","41","41281","4128113000","경기도","고양시 덕양구","현천동","20251016","41084008","7111"
"41084008","7111","해오름마을3.4-해오름마을3.4","16","7104400","대덕교(미정차)","41","41281","4128113100","경기도","고양시 덕양구","덕은동","20251016","41084008","7111"
"41084008","7111","해오름마을3.4-해오름마을3.4","17","4109135","DMC첨단산업센터","11","11440","1144012700","서울특별시","마포구","상암동","20251016","41084008","7111"
"41084008","7111","해오름마을3.4-해오름마을3.4","18","4151586","디지털미디어시티역(중)","11","11380","1138011000","서울특별시","은평구","증산동","20251016","41084008","7111"
"41084008","7111","해오름마을3.4-해오름마을3.4","19","7104682","사천교(미정차)","11","11410","1141012000","서울특별시","서대문구","남가좌동","20251016","41084008","7111"
"41084008","7111","해오름마을3.4-해오름마을3.4","20","4151598","연세대앞(중)","11","11410","1141011600","서울특별시","서대문구","창천동","20251016","41084008","7111"
"41084008","7111","해오름마을3.4-해오름마을3.4","21","4179486","이대후문(중)","11","11410","1141011300","서울특별시","서대문구","대신동","20251016","41084008","7111"
"41084008","7111","해오름마을3.4-해오름마을3.4","22","7103098","독립문고가차도(미정차)","11","11410","1141010900","서울특별시","서대문구","현저동","20251016","41084008","7111"
"41084008","7111","해오름마을3.4-해오름마을3.4","23","7103099","경복궁역(미정차)","11","11110","1111011400","서울특별시","종로구","내자동","20251016","41084008","7111"
"41084008","7111","해오름마을3.4-해오름마을3.4","24","4111612","광화문역6번출구.광화문빌딩","11","11110","1111011900","서울특별시","종로구","세종로","20251016","41084008","7111"
"41084008","7111","해오름마을3.4-해오름마을3.4","25","7104283","시청교차로(미정차)","11","11140","1114011400","서울특별시","중구","태평로2가","20251016","41084008","7111"
"41084008","7111","해오름마을3.4-해오름마을3.4","26","4111614","신한은행본점","11","11140","1114011400","서울특별시","중구","태평로2가","20251016","41084008","7111"
"41084008","7111","해오름마을3.4-해오름마을3.4","27","7104537","숭례문(미정차)","11","11140","1114011700","서울특별시","중구","남대문로4가","20251016","41084008","7111"
"41084008","7111","해오름마을3.4-해오름마을3.4","28","4108423","숭례문","11","11140","1114011800","서울특별시","중구","남대문로5가","20251016","41084008","7111"
"41084008","7111","해오름마을3.4-해오름마을3.4","29","7101885","염천교사거리(미정차)","11","11140","1114016800","서울특별시","중구","순화동","20251016","41084008","7111"
"41084008","7111","해오름마을3.4-해오름마을3.4","30","7101993","경찰서앞교차로(미정차)","11","11140","1114016800","서울특별시","중구","순화동","20251016","41084008","7111"
"41084008","7111","해오름마을3.4-해오름마을3.4","31","4108486","경찰청.동북아역사재단(중)","11","11140","1114016900","서울특별시","중구","의주로1가","20251016","41084008","7111"
"41084008","7111","해오름마을3.4-해오름마을3.4","32","7102320","독립문고가차도(미정차)","11","11110","1111018000","서울특별시","종로구","교북동","20251016","41084008","7111"
"41084008","7111","해오름마을3.4-해오름마을3.4","33","7104396","봉원동사거리(미정차)","11","11410","1141011400","서울특별시","서대문구","신촌동","20251016","41084008","7111"
"41084008","7111","해오름마을3.4-해오름마을3.4","34","4109066","이대후문(중)","11","11410","1141011300","서울특별시","서대문구","대신동","20251016","41084008","7111"
"41084008","7111","해오름마을3.4-해오름마을3.4","35","4151599","연세대앞(중)","11","11410","1141011600","서울특별시","서대문구","창천동","20251016","41084008","7111"
"41084008","7111","해오름마을3.4-해오름마을3.4","36","7104683","사천교(미정차)","11","11410","1141011700","서울특별시","서대문구","연희동","20251016","41084008","7111"
"41084008","7111","해오름마을3.4-해오름마을3.4","37","4151587","디지털미디어시티역(중)","11","11380","1138011000","서울특별시","은평구","증산동","20251016","41084008","7111"
"41084008","7111","해오름마을3.4-해오름마을3.4","38","4109136","DMC첨단산업센터","11","11440","1144012700","서울특별시","마포구","상암동","20251016","41084008","7111"
"41084008","7111","해오름마을3.4-해오름마을3.4","39","7103884","대덕교(미정차)","41","41281","4128113100","경기도","고양시 덕양구","덕은동","20251016","41084008","7111"
"41084008","7111","해오름마을3.4-해오름마을3.4","40","7103479","현천IC(미정차)","41","41281","4128113000","경기도","고양시 덕양구","현천동","20251016","41084008","7111"
"41084008","7111","해오름마을3.4-해오름마을3.4","41","7103475","강매IC(미정차)","41","41281","4128112400","경기도","고양시 덕양구","강매동","20251016","41084008","7111"
"41084008","7111","해오름마을3.4-해오름마을3.4","42","7103473","능곡IC(미정차)","41","41281","4128112000","경기도","고양시 덕양구","토당동","20251016","41084008","7111"
"41084008","7111","해오름마을3.4-해오름마을3.4","43","7103471","한류월드IC(미정차)","41","41285","4128510400","경기도","고양시 일산동구","장항동","20251016","41084008","7111"
"41084008","7111","해오름마을3.4-해오름마을3.4","44","7103469","법곳IC(미정차)","41","41287","4128710800","경기도","고양시 일산서구","법곳동","20251016","41084008","7111"
"41084008","7111","해오름마을3.4-해오름마을3.4","45","7103467","송산IC(미정차)","41","41287","4128710700","경기도","고양시 일산서구","구산동","20251016","41084008","7111"
"41084008","7111","해오름마을3.4-해오름마을3.4","46","7104758","삽다리IC진입(미정차)","41","41480","4148011300","경기도","파주시","동패동","20251016","41084008","7111"
"41084008","7111","해오름마을3.4-해오름마을3.4","47","4104783","새암공원","41","41480","4148010800","경기도","파주시","야당동","20251016","41084008","7111"
"41084008","7111","해오름마을3.4-해오름마을3.4","48","4104703","한빛마을1단지","41","41480","4148010800","경기도","파주시","야당동","20251016","41084008","7111"
"41084008","7111","해오름마을3.4-해오름마을3.4","49","4105131","해솔마을6.7단지","41","41480","4148012200","경기도","파주시","와동동","20251016","41084008","7111"
"41084008","7111","해오름마을3.4-해오름마을3.4","50","4115750","지산중학교.운정행복센터","41","41480","4148012200","경기도","파주시","와동동","20251016","41084008","7111"
"41084008","7111","해오름마을3.4-해오름마을3.4","51","4104714","두레공원(중)","41","41480","4148011700","경기도","파주시","목동동","20251016","41084008","7111"
"41084008","7111","해오름마을3.4-해오름마을3.4","52","4114533","산내마을8.12단지(중)","41","41480","4148011700","경기도","파주시","목동동","20251016","41084008","7111"
"41084008","7111","해오름마을3.4-해오름마을3.4","53","4111457","산내마을6.8단지","41","41480","4148011700","경기도","파주시","목동동","20251016","41084008","7111"
"41084008","7111","해오름마을3.4-해오름마을3.4","54","4126853","해오름마을12.14단지","41","41480","4148010900","경기도","파주시","다율동","20251016","41084008","7111"
"41084008","7111","해오름마을3.4-해오름마을3.4","55","4126947","해오름마을3.4단지","41","41480","4148010900","경기도","파주시","다율동","20251016","41084008","7111"
"41084903","M7154","교하차고지(미정-교하차고지(미정","0","7101967","교하차고지(미정차)","41","41480","4148010700","경기도","파주시","교하동","20251016","41084903","M7154"
"41084903","M7154","교하차고지(미정-교하차고지(미정","1","7102468","오도1리(미정차)","41","41480","4148010700","경기도","파주시","교하동","20251016","41084903","M7154"
"41084903","M7154","교하차고지(미정-교하차고지(미정","2","7103813","오도삼거리(미정차)","41","41480","4148011000","경기도","파주시","오도동","20251016","41084903","M7154"
"41084903","M7154","교하차고지(미정-교하차고지(미정","3","7103814","난방공사(미정차)","41","41480","4148010900","경기도","파주시","다율동","20251016","41084903","M7154"
"41084903","M7154","교하차고지(미정-교하차고지(미정","4","4195587","청석마을8단지","41","41480","4148010900","경기도","파주시","다율동","20251016","41084903","M7154"
"41084903","M7154","교하차고지(미정-교하차고지(미정","5","4195589","숲속길마을7단지","41","41480","4148011300","경기도","파주시","동패동","20251016","41084903","M7154"
"41084903","M7154","교하차고지(미정-교하차고지(미정","6","4111473","산내마을9단지","41","41480","4148011700","경기도","파주시","목동동","20251016","41084903","M7154"
"41084903","M7154","교하차고지(미정-교하차고지(미정","7","4104737","운정고등학교","41","41480","4148011700","경기도","파주시","목동동","20251016","41084903","M7154"
"41084903","M7154","교하차고지(미정-교하차고지(미정","8","4104705","한울마을2단지","41","41480","4148011300","경기도","파주시","동패동","20251016","41084903","M7154"
"41084903","M7154","교하차고지(미정-교하차고지(미정","9","4104784","새암공원","41","41480","4148011300","경기도","파주시","동패동","20251016","41084903","M7154"
"41084903","M7154","교하차고지(미정-교하차고지(미정","10","7104757","삽다리IC진입(미정차)","41","41480","4148011300","경기도","파주시","동패동","20251016","41084903","M7154"
"41084903","M7154","교하차고지(미정-교하차고지(미정","11","7103466","송산IC(미정차)","41","41287","4128710700","경기도","고양시 일산서구","구산동","20251016","41084903","M7154"
"41084903","M7154","교하차고지(미정-교하차고지(미정","12","7103468","법곳IC(미정차)","41","41287","4128710800","경기도","고양시 일산서구","법곳동","20251016","41084903","M7154"
"41084903","M7154","교하차고지(미정-교하차고지(미정","13","7103470","한류월드IC(미정차)","41","41285","4128510400","경기도","고양시 일산동구","장항동","20251016","41084903","M7154"
"41084903","M7154","교하차고지(미정-교하차고지(미정","14","7103472","능곡IC(미정차)","41","41281","4128112000","경기도","고양시 덕양구","토당동","20251016","41084903","M7154"
"41084903","M7154","교하차고지(미정-교하차고지(미정","15","7103474","강매IC(미정차)","41","41281","4128112400","경기도","고양시 덕양구","강매동","20251016","41084903","M7154"
"41084903","M7154","교하차고지(미정-교하차고지(미정","16","7103478","현천IC(미정차)","41","41281","4128113000","경기도","고양시 덕양구","현천동","20251016","41084903","M7154"
"41084903","M7154","교하차고지(미정-교하차고지(미정","17","7104400","대덕교(미정차)","41","41281","4128113100","경기도","고양시 덕양구","덕은동","20251016","41084903","M7154"
"41084903","M7154","교하차고지(미정-교하차고지(미정","18","7103096","증산교교차로(미정차)","11","11380","1138011000","서울특별시","은평구","증산동","20251016","41084903","M7154"
"41084903","M7154","교하차고지(미정-교하차고지(미정","19","7104682","사천교(미정차)","11","11410","1141012000","서울특별시","서대문구","남가좌동","20251016","41084903","M7154"
"41084903","M7154","교하차고지(미정-교하차고지(미정","20","4151598","연세대앞(중)","11","11410","1141011600","서울특별시","서대문구","창천동","20251016","41084903","M7154"
"41084903","M7154","교하차고지(미정-교하차고지(미정","21","4179486","이대후문(중)","11","11410","1141011300","서울특별시","서대문구","대신동","20251016","41084903","M7154"
"41084903","M7154","교하차고지(미정-교하차고지(미정","22","7104397","독립문고가차도(미정차)","11","11410","1141010800","서울특별시","서대문구","영천동","20251016","41084903","M7154"
"41084903","M7154","교하차고지(미정-교하차고지(미정","23","4113935","경찰청.동북아역사재단(중)","11","11140","1114016900","서울특별시","중구","의주로1가","20251016","41084903","M7154"
"41084903","M7154","교하차고지(미정-교하차고지(미정","24","4108426","숭례문","11","11140","1114011800","서울특별시","중구","남대문로5가","20251016","41084903","M7154"
"41084903","M7154","교하차고지(미정-교하차고지(미정","25","7102115","숭례문교차로(미정차)","11","11140","1114011700","서울특별시","중구","남대문로4가","20251016","41084903","M7154"
"41084903","M7154","교하차고지(미정-교하차고지(미정","26","4108428","소공동주민센터","11","11140","1114011400","서울특별시","중구","태평로2가","20251016","41084903","M7154"
"41084903","M7154","교하차고지(미정-교하차고지(미정","27","4111612","광화문역6번출구.광화문빌딩","11","11110","1111011900","서울특별시","종로구","세종로","20251016","41084903","M7154"
"41084903","M7154","교하차고지(미정-교하차고지(미정","28","7104283","시청교차로(미정차)","11","11140","1114011400","서울특별시","중구","태평로2가","20251016","41084903","M7154"
"41084903","M7154","교하차고지(미정-교하차고지(미정","29","4111614","신한은행본점","11","11140","1114011400","서울특별시","중구","태평로2가","20251016","41084903","M7154"
"41084903","M7154","교하차고지(미정-교하차고지(미정","30","4108423","숭례문","11","11140","1114011800","서울특별시","중구","남대문로5가","20251016","41084903","M7154"
"41084903","M7154","교하차고지(미정-교하차고지(미정","31","7101993","경찰서앞교차로(미정차)","11","11140","1114016800","서울특별시","중구","순화동","20251016","41084903","M7154"
"41084903","M7154","교하차고지(미정-교하차고지(미정","32","4108486","경찰청.동북아역사재단(중)","11","11140","1114016900","서울특별시","중구","의주로1가","20251016","41084903","M7154"
"41084903","M7154","교하차고지(미정-교하차고지(미정","33","7102320","독립문고가차도(미정차)","11","11110","1111018000","서울특별시","종로구","교북동","20251016","41084903","M7154"
"41084903","M7154","교하차고지(미정-교하차고지(미정","34","7104396","봉원동사거리(미정차)","11","11410","1141011400","서울특별시","서대문구","신촌동","20251016","41084903","M7154"
"41084903","M7154","교하차고지(미정-교하차고지(미정","35","4109066","이대후문(중)","11","11410","1141011300","서울특별시","서대문구","대신동","20251016","41084903","M7154"
"41084903","M7154","교하차고지(미정-교하차고지(미정","36","4151599","연세대앞(중)","11","11410","1141011600","서울특별시","서대문구","창천동","20251016","41084903","M7154"
"41084903","M7154","교하차고지(미정-교하차고지(미정","37","7104683","사천교(미정차)","11","11410","1141011700","서울특별시","서대문구","연희동","20251016","41084903","M7154"
"41084903","M7154","교하차고지(미정-교하차고지(미정","38","7101674","증산교교차로(미정차)","11","11380","1138011000","서울특별시","은평구","증산동","20251016","41084903","M7154"
"41084903","M7154","교하차고지(미정-교하차고지(미정","39","7103884","대덕교(미정차)","41","41281","4128113100","경기도","고양시 덕양구","덕은동","20251016","41084903","M7154"
"41084903","M7154","교하차고지(미정-교하차고지(미정","40","7103479","현천IC(미정차)","41","41281","4128113000","경기도","고양시 덕양구","현천동","20251016","41084903","M7154"
"41084903","M7154","교하차고지(미정-교하차고지(미정","41","7103475","강매IC(미정차)","41","41281","4128112400","경기도","고양시 덕양구","강매동","20251016","41084903","M7154"
"41084903","M7154","교하차고지(미정-교하차고지(미정","42","7103473","능곡IC(미정차)","41","41281","4128112000","경기도","고양시 덕양구","토당동","20251016","41084903","M7154"
"41084903","M7154","교하차고지(미정-교하차고지(미정","43","7103471","한류월드IC(미정차)","41","41285","4128510400","경기도","고양시 일산동구","장항동","20251016","41084903","M7154"
"41084903","M7154","교하차고지(미정-교하차고지(미정","44","7103469","법곳IC(미정차)","41","41287","4128710800","경기도","고양시 일산서구","법곳동","20251016","41084903","M7154"
"41084903","M7154","교하차고지(미정-교하차고지(미정","45","7103467","송산IC(미정차)","41","41287","4128710700","경기도","고양시 일산서구","구산동","20251016","41084903","M7154"
"41084903","M7154","교하차고지(미정-교하차고지(미정","46","7104758","삽다리IC진입(미정차)","41","41480","4148011300","경기도","파주시","동패동","20251016","41084903","M7154"
"41084903","M7154","교하차고지(미정-교하차고지(미정","47","4104783","새암공원","41","41480","4148010800","경기도","파주시","야당동","20251016","41084903","M7154"
"41084903","M7154","교하차고지(미정-교하차고지(미정","48","4104706","한울마을2단지","41","41480","4148011300","경기도","파주시","동패동","20251016","41084903","M7154"
"41084903","M7154","교하차고지(미정-교하차고지(미정","49","4104736","운정고등학교","41","41480","4148011700","경기도","파주시","목동동","20251016","41084903","M7154"
"41084903","M7154","교하차고지(미정-교하차고지(미정","50","4175756","산내마을9단지","41","41480","4148011700","경기도","파주시","목동동","20251016","41084903","M7154"
"41084903","M7154","교하차고지(미정-교하차고지(미정","51","4176012","트리플메디컬타운","41","41480","4148011300","경기도","파주시","동패동","20251016","41084903","M7154"
"41084903","M7154","교하차고지(미정-교하차고지(미정","52","4195596","청석마을8단지","41","41480","4148010900","경기도","파주시","다율동","20251016","41084903","M7154"
"41084903","M7154","교하차고지(미정-교하차고지(미정","53","7102655","교하차고지(미정차)","41","41480","4148010700","경기도","파주시","교하동","20251016","41084903","M7154"
"41003902","M7412","중산마을2단지.-중산마을2단지.","0","4110828","중산마을2단지.해태쇼핑.코오롱아파트","41","41285","4128510200","경기도","고양시 일산동구","중산동","20251016","41003902","M7412"
"41003902","M7412","중산마을2단지.-중산마을2단지.","1","7102552","중산7단지사거리(미정차)","41","41285","4128510200","경기도","고양시 일산동구","중산동","20251016","41003902","M7412"
"41003902","M7412","중산마을2단지.-중산마을2단지.","2","4110835","중산마을10단지.동신아파트","41","41285","4128510200","경기도","고양시 일산동구","중산동","20251016","41003902","M7412"
"41003902","M7412","중산마을2단지.-중산마을2단지.","3","4110839","산들대림아파트.롯데마트","41","41287","4128710100","경기도","고양시 일산서구","일산동","20251016","41003902","M7412"
"41003902","M7412","중산마을2단지.-중산마을2단지.","4","4111061","일산국제컨벤션고교","41","41287","4128710200","경기도","고양시 일산서구","주엽동","20251016","41003902","M7412"
"41003902","M7412","중산마을2단지.-중산마을2단지.","5","4110880","일산동부경찰서(중)","41","41285","4128510300","경기도","고양시 일산동구","정발산동","20251016","41003902","M7412"
"41003902","M7412","중산마을2단지.-중산마을2단지.","6","4106859","일산동구청(중)","41","41285","4128510400","경기도","고양시 일산동구","장항동","20251016","41003902","M7412"
"41003902","M7412","중산마을2단지.-중산마을2단지.","7","4106821","마두역(중)","41","41285","4128510400","경기도","고양시 일산동구","장항동","20251016","41003902","M7412"
"41003902","M7412","중산마을2단지.-중산마을2단지.","8","4106818","백석역(중)","41","41285","4128510600","경기도","고양시 일산동구","백석동","20251016","41003902","M7412"
"41003902","M7412","중산마을2단지.-중산마을2단지.","9","7103383","일산IC진입(미정차)","41","41281","4128112100","경기도","고양시 덕양구","내곡동","20251016","41003902","M7412"
"41003902","M7412","중산마을2단지.-중산마을2단지.","10","7103485","행주IC(미정차)","41","41281","4128112600","경기도","고양시 덕양구","행주외동","20251016","41003902","M7412"
"41003902","M7412","중산마을2단지.-중산마을2단지.","11","7103489","북로JC(미정차)","41","41281","4128113000","경기도","고양시 덕양구","현천동","20251016","41003902","M7412"
"41003902","M7412","중산마을2단지.-중산마을2단지.","12","7104677","남고양IC(미정차)","41","41281","4128113100","경기도","고양시 덕양구","덕은동","20251016","41003902","M7412"
"41003902","M7412","중산마을2단지.-중산마을2단지.","13","7103428","가양대교북단(미정차)","11","11440","1144012700","서울특별시","마포구","상암동","20251016","41003902","M7412"
"41003902","M7412","중산마을2단지.-중산마을2단지.","14","7104684","난지한강공원(미정차)","11","11440","1144012700","서울특별시","마포구","상암동","20251016","41003902","M7412"
"41003902","M7412","중산마을2단지.-중산마을2단지.","15","7103426","성산대교북단(미정차)","11","11440","1144012700","서울특별시","마포구","상암동","20251016","41003902","M7412"
"41003902","M7412","중산마을2단지.-중산마을2단지.","16","7103491","양화대교북단(미정차)","11","11440","1144012200","서울특별시","마포구","합정동","20251016","41003902","M7412"
"41003902","M7412","중산마을2단지.-중산마을2단지.","17","7103493","서강대교북단(미정차)","11","11440","1144011600","서울특별시","마포구","하중동","20251016","41003902","M7412"
"41003902","M7412","중산마을2단지.-중산마을2단지.","18","7103495","마포대교북단(미정차)","11","11440","1144010700","서울특별시","마포구","마포동","20251016","41003902","M7412"
"41003902","M7412","중산마을2단지.-중산마을2단지.","19","7103497","원효대교북단(미정차)","11","11170","1117012900","서울특별시","용산구","이촌동","20251016","41003902","M7412"
"41003902","M7412","중산마을2단지.-중산마을2단지.","20","7103499","한강대교북단(미정차)","11","11170","1117012900","서울특별시","용산구","이촌동","20251016","41003902","M7412"
"41003902","M7412","중산마을2단지.-중산마을2단지.","21","7103501","동작대교북단(미정차)","11","11170","1117013500","서울특별시","용산구","용산동6가","20251016","41003902","M7412"
"41003902","M7412","중산마을2단지.-중산마을2단지.","22","7103503","반포대교북단(미정차)","11","11170","1117013300","서울특별시","용산구","서빙고동","20251016","41003902","M7412"
"41003902","M7412","중산마을2단지.-중산마을2단지.","23","7103399","한남IC(미정차)","11","11650","1165010600","서울특별시","서초구","잠원동","20251016","41003902","M7412"
"41003902","M7412","중산마을2단지.-중산마을2단지.","24","4121302","신사역.푸른저축은행(중)","11","11650","1165010600","서울특별시","서초구","잠원동","20251016","41003902","M7412"
"41003902","M7412","중산마을2단지.-중산마을2단지.","25","4151645","논현역(중)","11","11650","1165010700","서울특별시","서초구","반포동","20251016","41003902","M7412"
"41003902","M7412","중산마을2단지.-중산마을2단지.","26","4113598","신논현역.씨티은행","11","11650","1165010800","서울특별시","서초구","서초동","20251016","41003902","M7412"
"41003902","M7412","중산마을2단지.-중산마을2단지.","27","7103680","강남역.지오다노(미정차)","11","11650","1165010800","서울특별시","서초구","서초동","20251016","41003902","M7412"
"41003902","M7412","중산마을2단지.-중산마을2단지.","28","7102911","강남역10번출구(미정차)","11","11650","1165010800","서울특별시","서초구","서초동","20251016","41003902","M7412"
"41003902","M7412","중산마을2단지.-중산마을2단지.","29","4103159","강남역서초현대타워앞","11","11650","1165010800","서울특별시","서초구","서초동","20251016","41003902","M7412"
"41003902","M7412","중산마을2단지.-중산마을2단지.","30","7101612","우성아파트앞사거리(미정차)","11","11650","1165010800","서울특별시","서초구","서초동","20251016","41003902","M7412"
"41003902","M7412","중산마을2단지.-중산마을2단지.","31","7102178","역삼초교교차로(미정차)","11","11680","1168010100","서울특별시","강남구","역삼동","20251016","41003902","M7412"
"41003902","M7412","중산마을2단지.-중산마을2단지.","32","7102179","구역삼세무서교차로(미정차)","11","11680","1168010100","서울특별시","강남구","역삼동","20251016","41003902","M7412"
"41003902","M7412","중산마을2단지.-중산마을2단지.","33","4199305","역삼럭키아파트.역삼월드메르디앙아파트","11","11680","1168010100","서울특별시","강남구","역삼동","20251016","41003902","M7412"
"41003902","M7412","중산마을2단지.-중산마을2단지.","34","4179443","뱅뱅사거리.역삼동","11","11680","1168010100","서울특별시","강남구","역삼동","20251016","41003902","M7412"
"41003902","M7412","중산마을2단지.-중산마을2단지.","35","4121309","신분당선.강남역4번출구","11","11680","1168010100","서울특별시","강남구","역삼동","20251016","41003902","M7412"
"41003902","M7412","중산마을2단지.-중산마을2단지.","36","4105915","신논현역","11","11680","1168010100","서울특별시","강남구","역삼동","20251016","41003902","M7412"
"41003902","M7412","중산마을2단지.-중산마을2단지.","37","7101814","교보타워사거리(미정차)","11","11680","1168010100","서울특별시","강남구","역삼동","20251016","41003902","M7412"
"41003902","M7412","중산마을2단지.-중산마을2단지.","38","4151644","논현역(중)","11","11680","1168010800","서울특별시","강남구","논현동","20251016","41003902","M7412"
"41003902","M7412","중산마을2단지.-중산마을2단지.","39","4151646","신사역(중)","11","11680","1168010800","서울특별시","강남구","논현동","20251016","41003902","M7412"
"41003902","M7412","중산마을2단지.-중산마을2단지.","40","7103400","한남IC(미정차)","11","11680","1168011000","서울특별시","강남구","압구정동","20251016","41003902","M7412"
"41003902","M7412","중산마을2단지.-중산마을2단지.","41","7103393","반포대교남단(미정차)","11","11650","1165010600","서울특별시","서초구","잠원동","20251016","41003902","M7412"
"41003902","M7412","중산마을2단지.-중산마을2단지.","42","7103395","동작대교남단(미정차)","11","11650","1165010700","서울특별시","서초구","반포동","20251016","41003902","M7412"
"41003902","M7412","중산마을2단지.-중산마을2단지.","43","7103397","한강대교남단(미정차)","11","11590","1159010400","서울특별시","동작구","본동","20251016","41003902","M7412"
"41003902","M7412","중산마을2단지.-중산마을2단지.","44","7103408","여의상류IC(미정차)","11","11560","1156011000","서울특별시","영등포구","여의도동","20251016","41003902","M7412"
"41003902","M7412","중산마을2단지.-중산마을2단지.","45","7100138","서울교(미정차)","11","11560","1156011000","서울특별시","영등포구","여의도동","20251016","41003902","M7412"
"41003902","M7412","중산마을2단지.-중산마을2단지.","46","7103411","여의하류IC(미정차)","11","11560","1156011000","서울특별시","영등포구","여의도동","20251016","41003902","M7412"
"41003902","M7412","중산마을2단지.-중산마을2단지.","47","7103407","양화대교남단(미정차)","11","11560","1156011700","서울특별시","영등포구","당산동","20251016","41003902","M7412"
"41003902","M7412","중산마을2단지.-중산마을2단지.","48","7103405","성산대교남단(미정차)","11","11560","1156013100","서울특별시","영등포구","양화동","20251016","41003902","M7412"
"41003902","M7412","중산마을2단지.-중산마을2단지.","49","7103901","염창교(미정차)","11","11500","1150010100","서울특별시","강서구","염창동","20251016","41003902","M7412"
"41003902","M7412","중산마을2단지.-중산마을2단지.","50","7103402","가양대교남단(미정차)","11","11500","1150010400","서울특별시","강서구","가양동","20251016","41003902","M7412"
"41003902","M7412","중산마을2단지.-중산마을2단지.","51","7104624","양천고성지(미정차)","11","11500","1150010400","서울특별시","강서구","가양동","20251016","41003902","M7412"
"41003902","M7412","중산마을2단지.-중산마을2단지.","52","7103401","88JC(미정차)","11","11500","1150010900","서울특별시","강서구","방화동","20251016","41003902","M7412"
"41003902","M7412","중산마을2단지.-중산마을2단지.","53","7103384","일산IC출입(미정차)","41","41281","4128112100","경기도","고양시 덕양구","내곡동","20251016","41003902","M7412"
"41003902","M7412","중산마을2단지.-중산마을2단지.","54","4106817","안산공원.일산동구보건소(중)","41","41285","4128510600","경기도","고양시 일산동구","백석동","20251016","41003902","M7412"
"41003902","M7412","중산마을2단지.-중산마을2단지.","55","4106822","마두역(중)","41","41285","4128510500","경기도","고양시 일산동구","마두동","20251016","41003902","M7412"
"41003902","M7412","중산마을2단지.-중산마을2단지.","56","4110809","일산동구청(중)","41","41285","4128510500","경기도","고양시 일산동구","마두동","20251016","41003902","M7412"
"41003902","M7412","중산마을2단지.-중산마을2단지.","57","4110879","일산동부경찰서(중)","41","41285","4128510300","경기도","고양시 일산동구","정발산동","20251016","41003902","M7412"
"41003902","M7412","중산마을2단지.-중산마을2단지.","58","4111060","일산국제컨벤션고교","41","41287","4128710100","경기도","고양시 일산서구","일산동","20251016","41003902","M7412"
"41003902","M7412","중산마을2단지.-중산마을2단지.","59","4110840","산들마을.대림아파트.롯데마트","41","41285","4128510200","경기도","고양시 일산동구","중산동","20251016","41003902","M7412"
"41003902","M7412","중산마을2단지.-중산마을2단지.","60","4110836","중산마을10단지.동신아파트","41","41285","4128510200","경기도","고양시 일산동구","중산동","20251016","41003902","M7412"
"41003902","M7412","중산마을2단지.-중산마을2단지.","61","4110829","중산마을2단지.해태쇼핑.코오롱아파트","41","41285","4128510200","경기도","고양시 일산동구","중산동","20251016","41003902","M7412"
"41016902","M7731","하이파크시티3.-하이파크시티3.","0","4177510","하이파크시티3.5단지","41","41287","4128710500","경기도","고양시 일산서구","덕이동","20251016","41016902","M7731"
"41016902","M7731","하이파크시티3.-하이파크시티3.","1","4110935","탄현큰마을.쌍용아파트","41","41287","4128710300","경기도","고양시 일산서구","탄현동","20251016","41016902","M7731"
"41016902","M7731","하이파크시티3.-하이파크시티3.","2","4107446","경남아너스빌.탄현역","41","41287","4128710300","경기도","고양시 일산서구","탄현동","20251016","41016902","M7731"
"41016902","M7731","하이파크시티3.-하이파크시티3.","3","4110868","서울도시가스","41","41287","4128710500","경기도","고양시 일산서구","덕이동","20251016","41016902","M7731"
"41016902","M7731","하이파크시티3.-하이파크시티3.","4","4177637","성저마을14단지","41","41287","4128710400","경기도","고양시 일산서구","대화동","20251016","41016902","M7731"
"41016902","M7731","하이파크시티3.-하이파크시티3.","5","4106836","대화역","41","41287","4128710400","경기도","고양시 일산서구","대화동","20251016","41016902","M7731"
"41016902","M7731","하이파크시티3.-하이파크시티3.","6","4177532","킨텍스","41","41287","4128710400","경기도","고양시 일산서구","대화동","20251016","41016902","M7731"
"41016902","M7731","하이파크시티3.-하이파크시티3.","7","4177448","킨텍스역.더샵그라비스타.힐스테이트일산","41","41287","4128710400","경기도","고양시 일산서구","대화동","20251016","41016902","M7731"
"41016902","M7731","하이파크시티3.-하이파크시티3.","8","7103460","자유로진입(미정차)","41","41287","4128710400","경기도","고양시 일산서구","대화동","20251016","41016902","M7731"
"41016902","M7731","하이파크시티3.-하이파크시티3.","9","7103458","장항IC(미정차)","41","41285","4128510400","경기도","고양시 일산동구","장항동","20251016","41016902","M7731"
"41016902","M7731","하이파크시티3.-하이파크시티3.","10","7103456","자유로JC(미정차)","41","41281","4128112000","경기도","고양시 덕양구","토당동","20251016","41016902","M7731"
"41016902","M7731","하이파크시티3.-하이파크시티3.","11","7103485","행주IC(미정차)","41","41281","4128112600","경기도","고양시 덕양구","행주외동","20251016","41016902","M7731"
"41016902","M7731","하이파크시티3.-하이파크시티3.","12","7103489","북로JC(미정차)","41","41281","4128113000","경기도","고양시 덕양구","현천동","20251016","41016902","M7731"
"41016902","M7731","하이파크시티3.-하이파크시티3.","13","7104677","남고양IC(미정차)","41","41281","4128113100","경기도","고양시 덕양구","덕은동","20251016","41016902","M7731"
"41016902","M7731","하이파크시티3.-하이파크시티3.","14","7103428","가양대교북단(미정차)","11","11440","1144012700","서울특별시","마포구","상암동","20251016","41016902","M7731"
"41016902","M7731","하이파크시티3.-하이파크시티3.","15","7104684","난지한강공원(미정차)","11","11440","1144012700","서울특별시","마포구","상암동","20251016","41016902","M7731"
"41016902","M7731","하이파크시티3.-하이파크시티3.","16","7103426","성산대교북단(미정차)","11","11440","1144012700","서울특별시","마포구","상암동","20251016","41016902","M7731"
"41016902","M7731","하이파크시티3.-하이파크시티3.","17","7103491","양화대교북단(미정차)","11","11440","1144012200","서울특별시","마포구","합정동","20251016","41016902","M7731"
"41016902","M7731","하이파크시티3.-하이파크시티3.","18","4111588","합정역","11","11440","1144012000","서울특별시","마포구","서교동","20251016","41016902","M7731"
"41016902","M7731","하이파크시티3.-하이파크시티3.","19","7102197","서교동사거리(미정차)","11","11440","1144012000","서울특별시","마포구","서교동","20251016","41016902","M7731"
"41016902","M7731","하이파크시티3.-하이파크시티3.","20","4116126","홍대입구역(중)","11","11440","1144012100","서울특별시","마포구","동교동","20251016","41016902","M7731"
"41016902","M7731","하이파크시티3.-하이파크시티3.","21","4116130","신촌오거리.현대백화점(중)","11","11440","1144011000","서울특별시","마포구","노고산동","20251016","41016902","M7731"
"41016902","M7731","하이파크시티3.-하이파크시티3.","22","4111598","이화여대입구","11","11440","1144010800","서울특별시","마포구","대흥동","20251016","41016902","M7731"
"41016902","M7731","하이파크시티3.-하이파크시티3.","23","4111599","서강대후문.마포아트센터","11","11440","1144010800","서울특별시","마포구","대흥동","20251016","41016902","M7731"
"41016902","M7731","하이파크시티3.-하이파크시티3.","24","4109162","공덕역1번출구","11","11440","1144010200","서울특별시","마포구","공덕동","20251016","41016902","M7731"
"41016902","M7731","하이파크시티3.-하이파크시티3.","25","7102323","마포세무서앞(미정차)","11","11440","1144010800","서울특별시","마포구","대흥동","20251016","41016902","M7731"
"41016902","M7731","하이파크시티3.-하이파크시티3.","26","4122976","서강대후문.마포아트센터","11","11440","1144010800","서울특별시","마포구","대흥동","20251016","41016902","M7731"
"41016902","M7731","하이파크시티3.-하이파크시티3.","27","4109086","신촌기차역입구","11","11410","1141011200","서울특별시","서대문구","대현동","20251016","41016902","M7731"
"41016902","M7731","하이파크시티3.-하이파크시티3.","28","4104614","신촌오거리.현대백화점(중)","11","11410","1141011600","서울특별시","서대문구","창천동","20251016","41016902","M7731"
"41016902","M7731","하이파크시티3.-하이파크시티3.","29","4179476","홍대입구역(중)","11","11440","1144012100","서울특별시","마포구","동교동","20251016","41016902","M7731"
"41016902","M7731","하이파크시티3.-하이파크시티3.","30","7102199","홍대입구역사거리(미정차)","11","11440","1144012000","서울특별시","마포구","서교동","20251016","41016902","M7731"
"41016902","M7731","하이파크시티3.-하이파크시티3.","31","7102198","서교동사거리(미정차)","11","11440","1144012000","서울특별시","마포구","서교동","20251016","41016902","M7731"
"41016902","M7731","하이파크시티3.-하이파크시티3.","32","4104678","합정역","11","11440","1144012000","서울특별시","마포구","서교동","20251016","41016902","M7731"
"41016902","M7731","하이파크시티3.-하이파크시티3.","33","7103427","성산대교북단(미정차)","11","11440","1144012300","서울특별시","마포구","망원동","20251016","41016902","M7731"
"41016902","M7731","하이파크시티3.-하이파크시티3.","34","7104685","난지한강공원(미정차)","11","11440","1144012700","서울특별시","마포구","상암동","20251016","41016902","M7731"
"41016902","M7731","하이파크시티3.-하이파크시티3.","35","7103429","가양대교북단(미정차)","11","11440","1144012700","서울특별시","마포구","상암동","20251016","41016902","M7731"
"41016902","M7731","하이파크시티3.-하이파크시티3.","36","7104676","남고양IC(미정차)","41","41281","4128113100","경기도","고양시 덕양구","덕은동","20251016","41016902","M7731"
"41016902","M7731","하이파크시티3.-하이파크시티3.","37","7103490","북로JC(미정차)","41","41281","4128113000","경기도","고양시 덕양구","현천동","20251016","41016902","M7731"
"41016902","M7731","하이파크시티3.-하이파크시티3.","38","7103486","행주IC(미정차)","41","41281","4128112600","경기도","고양시 덕양구","행주외동","20251016","41016902","M7731"
"41016902","M7731","하이파크시티3.-하이파크시티3.","39","7103457","자유로JC(미정차)","41","41281","4128112000","경기도","고양시 덕양구","토당동","20251016","41016902","M7731"
"41016902","M7731","하이파크시티3.-하이파크시티3.","40","7103459","장항IC(미정차)","41","41285","4128510400","경기도","고양시 일산동구","장항동","20251016","41016902","M7731"
"41016902","M7731","하이파크시티3.-하이파크시티3.","41","7103461","자유로출입(미정차)","41","41285","4128510400","경기도","고양시 일산동구","장항동","20251016","41016902","M7731"
"41016902","M7731","하이파크시티3.-하이파크시티3.","42","4123056","킨텍스역1번출구.현대모터스튜디오고양","41","41287","4128710400","경기도","고양시 일산서구","대화동","20251016","41016902","M7731"
"41016902","M7731","하이파크시티3.-하이파크시티3.","43","4177533","킨텍스","41","41287","4128710400","경기도","고양시 일산서구","대화동","20251016","41016902","M7731"
"41016902","M7731","하이파크시티3.-하이파크시티3.","44","4106837","대화역","41","41287","4128710400","경기도","고양시 일산서구","대화동","20251016","41016902","M7731"
"41016902","M7731","하이파크시티3.-하이파크시티3.","45","4102447","문촌마을1단지.성저마을15단지","41","41287","4128710200","경기도","고양시 일산서구","주엽동","20251016","41016902","M7731"
"41016902","M7731","하이파크시티3.-하이파크시티3.","46","4110869","서울도시가스","41","41287","4128710500","경기도","고양시 일산서구","덕이동","20251016","41016902","M7731"
"41016902","M7731","하이파크시티3.-하이파크시티3.","47","4107447","경남아너스빌.탄현역","41","41287","4128710300","경기도","고양시 일산서구","탄현동","20251016","41016902","M7731"
"41016902","M7731","하이파크시티3.-하이파크시티3.","48","4110934","탄현큰마을.쌍용아파트","41","41287","4128710300","경기도","고양시 일산서구","탄현동","20251016","41016902","M7731"
"41016902","M7731","하이파크시티3.-하이파크시티3.","49","4177511","하이파크시티3.5단지","41","41287","4128710500","경기도","고양시 일산서구","덕이동","20251016","41016902","M7731"
